article_id,candidate_id,order,source_witness_id,source_pdf_page,source_printed_page,source_ocr_line_start,source_ocr_line_end,headword_es_ocr,cora_ocr,raw_span_ocr,separator_type,page_alignment_status,extraction_confidence,machine_status,machine_rationale,authority_status,release_eligible,human_verified
ORT1888-art-000001,ORT1888-cand-000001,1,ORTEGA1888-TEPIC-IA,19,15,547,548,"A., denotando la persona que padece","A., hua.","A., denotando la persona que padece. — A., hua.",em_dash,matched_headword,high,machine_accepted,direct_page_headword_match,machine_derived,True,False
ORT1888-art-000002,ORT1888-cand-000002,2,ORTEGA1888-TEPIC-IA,19,15,549,550,Abajar algo,Acátoa. Nete. Acucare. Nete.,Abajar algo. — Acátoa. Nete. Acucare. Nete.,em_dash,matched_headword,high,machine_accepted,direct_page_headword_match,machine_derived,True,False
ORT1888-art-000003,ORT1888-cand-000003,3,ORTEGA1888-TEPIC-IA,19,15,551,552,Abajar alguno,Acátezin Nete. Acahazéme. Nete.,Abajar alguno. — Acátezin Nete. Acahazéme. Nete.,em_dash,matched_headword,high,machine_accepted,direct_page_headword_match,machine_derived,True,False
ORT1888-art-000004,ORT1888-cand-000004,4,ORTEGA1888-TEPIC-IA,19,15,553,554,Abajar la cabeza,Abaútona. Nabántona.,Abajar la cabeza. — Abaútona. Nabántona.,em_dash,matched_headword,high,machine_accepted,direct_page_headword_match,machine_derived,True,False
ORT1888-art-000005,ORT1888-cand-000005,5,ORTEGA1888-TEPIC-IA,19,15,555,556,Abajar ó decender,Acame. N.,Abajar ó decender. — Acame. N.,em_dash,matched_headword,high,machine_accepted,direct_page_headword_match,machine_derived,True,False
ORT1888-art-000006,ORT1888-cand-000006,6,ORTEGA1888-TEPIC-IA,19,15,557,558,Abajar y alzar á menudo la cabeza,Temubá. Ne.,Abajar y alzar á menudo la cabeza. — Temubá. Ne.,em_dash,matched_headword,high,machine_accepted,direct_page_headword_match,machine_derived,True,False
ORT1888-art-000007,ORT1888-cand-000007,7,ORTEGA1888-TEPIC-IA,19,15,559,560,Abajarse inclinándose,Abaútona. Nabántona.,Abajarse inclinándose. — Abaútona. Nabántona.,em_dash,matched_headword,high,machine_accepted,direct_page_headword_match,machine_derived,True,False
ORT1888-art-000008,ORT1888-cand-000008,8,ORTEGA1888-TEPIC-IA,19,15,561,563,"Abajar la rama del árbol, doblegándola",Acahutacá Ne-,"Abajar la rama del árbol, doblegándola. — Acahutacá Ne- | 'te.",em_dash,matched_headword,high,machine_accepted,direct_page_headword_match,machine_derived,True,False
ORT1888-art-000009,ORT1888-cand-000009,9,ORTEGA1888-TEPIC-IA,19,15,564,564,Abajo por donde corre el rio,Iúte Mete.,Abajo por donde corre el rio. — Iúte Mete.,em_dash,matched_headword,high,machine_accepted,direct_page_headword_match,machine_derived,True,False
ORT1888-art-000010,ORT1888-cand-000010,10,ORTEGA1888-TEPIC-IA,19,15,565,565,Abajo respecto de lo alto,Make Muke Ake.,Abajo respecto de lo alto. — Make Muke Ake.,em_dash,matched_headword,high,machine_accepted,direct_page_headword_match,machine_derived,True,False
ORT1888-art-000011,ORT1888-cand-000011,11,ORTEGA1888-TEPIC-IA,19,15,566,566,Abarcar entre los brazos,Bévi. Nete.,Abarcar entre los brazos.— Bévi. Nete.,em_dash,matched_headword,high,machine_accepted,direct_page_headword_match,machine_derived,True,False
ORT1888-art-000012,ORT1888-cand-000012,12,ORTEGA1888-TEPIC-IA,19,15,567,567,Abarcar debajo del sobaco,Vicurétzina. Nete.,Abarcar debajo del sobaco. — Vicurétzina. Nete.,em_dash,matched_headword,high,machine_accepted,direct_page_headword_match,machine_derived,True,False
ORT1888-art-000013,ORT1888-cand-000013,13,ORTEGA1888-TEPIC-IA,19,15,568,568,Abasta adv,Ayápúche. Arepoá.,Abasta adv. — Ayápúche. Arepoá.,em_dash,matched_headword,high,machine_accepted,direct_page_headword_match,machine_derived,True,False
ORT1888-art-000014,ORT1888-cand-000014,14,ORTEGA1888-TEPIC-IA,19,15,569,569,Abeja mansa de colmena,Zearáte. pl. ri.,Abeja mansa de colmena. — Zearáte. pl. ri.,em_dash,matched_headword,high,machine_accepted,direct_page_headword_match,machine_derived,True,False
ORT1888-art-000015,ORT1888-cand-000015,15,ORTEGA1888-TEPIC-IA,19,15,570,575,"Abeja que cria dentro del árbol, y tiene miel",Xumuate.,"Abeja que cria dentro del árbol, y tiene miel. — Xumuate. | pl. ri. | J",em_dash,matched_headword,high,machine_accepted,direct_page_headword_match,machine_derived,True,False
ORT1888-art-000016,ORT1888-cand-000016,16,ORTEGA1888-TEPIC-IA,20,16,580,580,Abeja m'oüteza de color blanco,Tucaixarizt. Caretsing.,Abeja m'oüteza de color blanco. — Tucaixarizt. Caretsing.,em_dash,matched_headword,high,machine_accepted,direct_page_headword_match,machine_derived,True,False
ORT1888-art-000017,ORT1888-cand-000017,17,ORTEGA1888-TEPIC-IA,20,16,581,586,Abeja que cuelga el nido como de un hilo,Tzihcn. \\.,"Abeja que cuelga el nido como de un hilo.- Tzihcn. \\. | Tziheá cariti,",hyphen_variant,matched_headword,medium,machine_accepted,direct_page_headword_match,machine_derived,True,False
ORT1888-art-000018,ORT1888-cand-000018,18,ORTEGA1888-TEPIC-IA,20,16,587,587,Abeja que aun no vuela,Tzinuiate. {>1. ri,Abeja que aun no vuela. — Tzinuiate. {>1. ri,em_dash,matched_headword,high,machine_accepted,direct_page_headword_match,machine_derived,True,False
ORT1888-art-000019,ORT1888-cand-000019,19,ORTEGA1888-TEPIC-IA,20,16,588,588,Abeja que anida en las nenas,Chuarete pl ri,Abeja que anida en las nenas. — Chuarete pl ri,em_dash,matched_headword,high,machine_accepted,direct_page_headword_match,machine_derived,True,False
ORT1888-art-000020,ORT1888-cand-000020,20,ORTEGA1888-TEPIC-IA,20,16,589,592,"Abeja que cria, debajo de la tierra",Iúte. [>l. ri.,"Abeja que cria, debajo de la tierra: — Iúte. [>l. ri. | Abeja pequeñita que cria tambiel) debajo de la tierra, | Ailiqueze. pl. ri.",em_dash,matched_headword,high,machine_accepted,direct_page_headword_match,machine_derived,True,False
ORT1888-art-000021,ORT1888-cand-000021,21,ORTEGA1888-TEPIC-IA,20,16,593,594,Abertura de la boca,Ancáeúne.,Abertura de la boca. — Ancáeúne.,em_dash,matched_headword,high,machine_accepted,direct_page_headword_match,machine_derived,True,False
ORT1888-art-000022,ORT1888-cand-000022,22,ORTEGA1888-TEPIC-IA,20,16,595,596,Abertura de lo serrado,A.ntáruneat.,Abertura de lo serrado. — A.ntáruneat.,em_dash,matched_headword,high,machine_accepted,direct_page_headword_match,machine_derived,True,False
ORT1888-art-000023,ORT1888-cand-000023,23,ORTEGA1888-TEPIC-IA,20,16,597,598,Abertura de la tierra,Aca.ihrliihuatéme.,Abertura de la tierra. — Aca.ihrliihuatéme.,em_dash,matched_headword,high,machine_accepted,direct_page_headword_match,machine_derived,True,False
ORT1888-art-000024,ORT1888-cand-000024,24,ORTEGA1888-TEPIC-IA,20,16,599,600,"Abismo, agua profunda",Ateat>v/.,"Abismo, agua profunda. — Ateat>v/.",em_dash,matched_headword,high,machine_accepted,direct_page_headword_match,machine_derived,True,False
ORT1888-art-000025,ORT1888-cand-000025,25,ORTEGA1888-TEPIC-IA,20,16,601,602,"Abismo, cosa profunda y baja",Vhniuéye.,"Abismo, cosa profunda y baja. — Vhniuéye.",em_dash,matched_headword,high,machine_accepted,direct_page_headword_match,machine_derived,True,False
ORT1888-art-000026,ORT1888-cand-000026,26,ORTEGA1888-TEPIC-IA,20,16,603,604,Abispa que hace su casa de iodo,UMiuái. pl. tzi.,Abispa que hace su casa de iodo. — UMiuái. pl. tzi.,em_dash,matched_headword,high,machine_accepted,direct_page_headword_match,machine_derived,True,False
ORT1888-art-000027,ORT1888-cand-000027,27,ORTEGA1888-TEPIC-IA,20,16,605,606,Abispa grande y ponzoñosa,A^//\acat. pl. t/i.,Abispa grande y ponzoñosa. — A^//\acat. pl. t/i.,em_dash,matched_headword,high,machine_accepted,direct_page_headword_match,machine_derived,True,False
ORT1888-art-000028,ORT1888-cand-000028,28,ORTEGA1888-TEPIC-IA,20,16,607,608,Abivar á otro,Tuca. Neti.,Abivar á otro. — Tuca. Neti.,em_dash,matched_headword,high,machine_accepted,direct_page_headword_match,machine_derived,True,False
ORT1888-art-000029,ORT1888-cand-000029,29,ORTEGA1888-TEPIC-IA,20,16,609,610,Ablandar Jo que está duro como barro,Putna. Neti.,Ablandar Jo que está duro como barro. -Putna. Neti.,hyphen_variant,matched_headword,medium,machine_accepted,direct_page_headword_match,machine_derived,True,False
ORT1888-art-000030,ORT1888-cand-000030,30,ORTEGA1888-TEPIC-IA,20,16,611,612,Ablandar el corazón,Vcácnane. N.,Ablandar el corazón. — Vcácnane. N.,em_dash,matched_headword,high,machine_accepted,direct_page_headword_match,machine_derived,True,False
ORT1888-art-000031,ORT1888-cand-000031,31,ORTEGA1888-TEPIC-IA,20,16,613,614,Abofetear,Vitebéchexe. Neti.,Abofetear. — Vitebéchexe. Neti.,em_dash,matched_headword,high,machine_accepted,direct_page_headword_match,machine_derived,True,False
ORT1888-art-000032,ORT1888-cand-000032,32,ORTEGA1888-TEPIC-IA,20,16,615,616,Aboreteador,Tibeite becheme pl. tzi.,Aboreteador. — Tibeite becheme pl. tzi.,em_dash,matched_headword,high,machine_accepted,direct_page_headword_match,machine_derived,True,False
ORT1888-art-000033,ORT1888-cand-000033,33,ORTEGA1888-TEPIC-IA,20,16,617,618,Abogar por otro,Muecube. Netiucube.,Abogar por otro. — Muecube. Netiucube.,em_dash,matched_headword,high,machine_accepted,direct_page_headword_match,machine_derived,True,False
ORT1888-art-000034,ORT1888-cand-000034,34,ORTEGA1888-TEPIC-IA,20,16,619,620,Abogada,Cubihat.,Abogada. — Cubihat.,em_dash,matched_headword,high,machine_accepted,direct_page_headword_match,machine_derived,True,False
ORT1888-art-000035,ORT1888-cand-000035,35,ORTEGA1888-TEPIC-IA,20,16,621,622,Abogado,Hucabihuáme. pl. tzi.,Abogado. — Hucabihuáme. pl. tzi.,em_dash,matched_headword,high,machine_accepted,direct_page_headword_match,machine_derived,True,False
ORT1888-art-000036,ORT1888-cand-000036,36,ORTEGA1888-TEPIC-IA,20,16,623,624,Abollar,Teáutze. Nete.,Abollar. — Teáutze. Nete.,em_dash,matched_headword,high,machine_accepted,direct_page_headword_match,machine_derived,True,False
ORT1888-art-000037,ORT1888-cand-000037,37,ORTEGA1888-TEPIC-IA,20,16,625,626,"Abordar, salir ;i la orilla",Vtécbeziin. N.,"Abordar, salir ;i la orilla. — Vtécbeziin. N.",em_dash,matched_headword,high,machine_accepted,direct_page_headword_match,machine_derived,True,False
ORT1888-art-000038,ORT1888-cand-000038,38,ORTEGA1888-TEPIC-IA,20,16,627,628,Aborrecer,"Haxéhvia, Neti.","Aborrecer. — Haxéhvia, Neti.",em_dash,matched_headword,high,machine_accepted,direct_page_headword_match,machine_derived,True,False
ORT1888-art-000039,ORT1888-cand-000039,39,ORTEGA1888-TEPIC-IA,20,16,629,630,Aborrecimiento,Haxelmviat.,Aborrecimiento. — Haxelmviat.,em_dash,matched_headword,high,machine_accepted,direct_page_headword_match,machine_derived,True,False
ORT1888-art-000040,ORT1888-cand-000040,40,ORTEGA1888-TEPIC-IA,20,16,631,632,Aborrecedor,Muhaxihvia.,Aborrecedor. — Muhaxihvia.,em_dash,matched_headword,high,machine_accepted,direct_page_headword_match,machine_derived,True,False
ORT1888-art-000041,ORT1888-cand-000041,41,ORTEGA1888-TEPIC-IA,20,16,633,634,Abortar,Ahee. Nete.,Abortar. — Ahee. Nete.,em_dash,matched_headword,high,machine_accepted,direct_page_headword_match,machine_derived,True,False
ORT1888-art-000042,ORT1888-cand-000042,42,ORTEGA1888-TEPIC-IA,20,16,635,640,Abortad ura,tal. A vial.,Abortad ura. — tal. A vial. | wim*,em_dash,matched_headword,high,machine_accepted,direct_page_headword_match,machine_derived,True,False
ORT1888-art-000043,ORT1888-cand-000043,43,ORTEGA1888-TEPIC-IA,21,17,647,648,Abotonarse la flor,Aacáite.,Abotonarse la flor. — Aacáite.,em_dash,matched_headword,high,machine_accepted,direct_page_headword_match,machine_derived,True,False
ORT1888-art-000044,ORT1888-cand-000044,44,ORTEGA1888-TEPIC-IA,21,17,649,650,Abrazar á otro,Vicurechui. Neti.,Abrazar á otro. — Vicurechui. Neti.,em_dash,matched_headword,high,machine_accepted,direct_page_headword_match,machine_derived,True,False
ORT1888-art-000045,ORT1888-cand-000045,45,ORTEGA1888-TEPIC-IA,21,17,651,652,Abrazarse dos,.Muicurá hitipu.,Abrazarse dos.— .Muicurá hitipu.,em_dash,matched_headword,high,machine_accepted,direct_page_headword_match,machine_derived,True,False
ORT1888-art-000046,ORT1888-cand-000046,46,ORTEGA1888-TEPIC-IA,21,17,653,654,Abrazarse de calor interior,Vpuzcheá. n.,Abrazarse de calor interior. — Vpuzcheá. n.,em_dash,matched_headword,high,machine_accepted,direct_page_headword_match,machine_derived,True,False
ORT1888-art-000047,ORT1888-cand-000047,47,ORTEGA1888-TEPIC-IA,21,17,655,656,Abrazarse de sol,Taixe. Ne.,Abrazarse de sol. — Taixe. Ne.,em_dash,matched_headword,high,machine_accepted,direct_page_headword_match,machine_derived,True,False
ORT1888-art-000048,ORT1888-cand-000048,48,ORTEGA1888-TEPIC-IA,21,17,657,658,Abrazarse con fuego,Huantaixe. Nataixe.,Abrazarse con fuego. — Huantaixe. Nataixe.,em_dash,matched_headword,high,machine_accepted,direct_page_headword_match,machine_derived,True,False
ORT1888-art-000049,ORT1888-cand-000049,49,ORTEGA1888-TEPIC-IA,21,17,659,660,Abrigado lugar,Namihua.,Abrigado lugar. — Namihua.,em_dash,matched_headword,high,machine_accepted,direct_page_headword_match,machine_derived,True,False
ORT1888-art-000050,ORT1888-cand-000050,50,ORTEGA1888-TEPIC-IA,21,17,661,662,Abrigar ;í otro con ropa,Baña. Nete.,Abrigar ;í otro con ropa. — Baña. Nete.,em_dash,matched_headword,high,machine_accepted,direct_page_headword_match,machine_derived,True,False
ORT1888-art-000051,ORT1888-cand-000051,51,ORTEGA1888-TEPIC-IA,21,17,663,665,Abrigarse para defenderse del viento,Huateavihcatacá.,Abrigarse para defenderse del viento. — Huateavihcatacá. | Natenihcatacá.,em_dash,matched_headword,high,machine_accepted,direct_page_headword_match,machine_derived,True,False
ORT1888-art-000052,ORT1888-cand-000052,52,ORTEGA1888-TEPIC-IA,21,17,666,667,Abrir como puerta,Antacü. Nete.,Abrir como puerta. — Antacü. Nete.,em_dash,matched_headword,high,machine_accepted,direct_page_headword_match,machine_derived,True,False
ORT1888-art-000053,ORT1888-cand-000053,53,ORTEGA1888-TEPIC-IA,21,17,668,668,Abrir como caja,-Anticú. Nete.,Abrir como caja. — -Anticú. Nete.,em_dash,matched_headword,high,machine_accepted,direct_page_headword_match,machine_derived,True,False
ORT1888-art-000054,ORT1888-cand-000054,54,ORTEGA1888-TEPIC-IA,21,17,669,670,Abril- la boca,Ácacuaxa. N.,Abril- la boca. — Ácacuaxa. N.,em_dash,matched_headword,high,machine_accepted,direct_page_headword_match,machine_derived,True,False
ORT1888-art-000055,ORT1888-cand-000055,55,ORTEGA1888-TEPIC-IA,21,17,671,672,Abrir como libro,A u tacú. Ne.,"Abrir como libro, — A u tacú. Ne.",em_dash,matched_headword,high,machine_accepted,direct_page_headword_match,machine_derived,True,False
ORT1888-art-000056,ORT1888-cand-000056,56,ORTEGA1888-TEPIC-IA,21,17,673,674,Abrir la mano,Atátva. Ne.,Abrir la mano. — Atátva. Ne.,em_dash,matched_headword,high,machine_accepted,direct_page_headword_match,machine_derived,True,False
ORT1888-art-000057,ORT1888-cand-000057,57,ORTEGA1888-TEPIC-IA,21,17,675,676,Abrir zanja 6 cimiento,Aeihché. Ne.,Abrir zanja 6 cimiento. — Aeihché. Ne.,em_dash,matched_headword,high,machine_accepted,direct_page_headword_match,machine_derived,True,False
ORT1888-art-000058,ORT1888-cand-000058,58,ORTEGA1888-TEPIC-IA,21,17,677,678,Abrochar,Ainuaíitéhua. Nea nautéhua.,Abrochar. — Ainuaíitéhua. Nea nautéhua.,em_dash,matched_headword,high,machine_accepted,direct_page_headword_match,machine_derived,True,False
ORT1888-art-000059,ORT1888-cand-000059,59,ORTEGA1888-TEPIC-IA,21,17,679,680,Abrojo,Tzicaréte.,Abrojo. — Tzicaréte.,em_dash,matched_headword,high,machine_accepted,direct_page_headword_match,machine_derived,True,False
ORT1888-art-000060,ORT1888-cand-000060,60,ORTEGA1888-TEPIC-IA,21,17,681,682,Abstenerse,Tapoaketaeá. Neteu.,Abstenerse. — Tapoaketaeá. Neteu.,em_dash,matched_headword,high,machine_accepted,direct_page_headword_match,machine_derived,True,False
ORT1888-art-000061,ORT1888-cand-000061,61,ORTEGA1888-TEPIC-IA,21,17,683,684,Abuela,Tiyácuari. pl. tzi.,Abuela. — Tiyácuari. pl. tzi.,em_dash,matched_headword,high,machine_accepted,direct_page_headword_match,machine_derived,True,False
ORT1888-art-000062,ORT1888-cand-000062,62,ORTEGA1888-TEPIC-IA,21,17,685,686,Abuelo,Tiyaxú. pl tzi.,Abuelo. — Tiyaxú. pl tzi.,em_dash,matched_headword,high,machine_accepted,direct_page_headword_match,machine_derived,True,False
ORT1888-art-000063,ORT1888-cand-000063,63,ORTEGA1888-TEPIC-IA,21,17,687,688,Abundar en riquezas,Tipini. Ne.,Abundar en riquezas. — Tipini. Ne.,em_dash,matched_headword,high,machine_accepted,direct_page_headword_match,machine_derived,True,False
ORT1888-art-000064,ORT1888-cand-000064,64,ORTEGA1888-TEPIC-IA,21,17,689,690,"Abundar la gente, ó el ganado",Ampuéne. Acá. Iye.,"Abundar la gente, ó el ganado. — Ampuéne. Acá. Iye.",em_dash,matched_headword,high,machine_accepted,direct_page_headword_match,machine_derived,True,False
ORT1888-art-000065,ORT1888-cand-000065,65,ORTEGA1888-TEPIC-IA,21,17,691,692,Acabar la obra,Kete. Neteu.,Acabar la obra. — Kete. Neteu.,em_dash,matched_headword,high,machine_accepted,direct_page_headword_match,machine_derived,True,False
ORT1888-art-000066,ORT1888-cand-000066,66,ORTEGA1888-TEPIC-IA,21,17,693,694,Acabarse la cosí»,Huaxé*.,Acabarse la cosí». — Huaxé*.,em_dash,matched_headword,high,machine_accepted,direct_page_headword_match,machine_derived,True,False
ORT1888-art-000067,ORT1888-cand-000067,67,ORTEGA1888-TEPIC-IA,21,17,695,696,Acabarse la vida,Vipuareca. N.,Acabarse la vida. — Vipuareca. N.,em_dash,matched_headword,high,machine_accepted,direct_page_headword_match,machine_derived,True,False
ORT1888-art-000068,ORT1888-cand-000068,68,ORTEGA1888-TEPIC-IA,21,17,697,698,A sacar agua del poso,"Atánehve, Ne.","A sacar agua del poso. — Atánehve, Ne.",em_dash,matched_headword,high,machine_accepted,direct_page_headword_match,machine_derived,True,False
ORT1888-art-000069,ORT1888-cand-000069,69,ORTEGA1888-TEPIC-IA,21,17,699,700,A cada paso,Iya puche.,A cada paso. — Iya puche.,em_dash,matched_headword,high,machine_accepted,direct_page_headword_match,machine_derived,True,False
ORT1888-art-000070,ORT1888-cand-000070,70,ORTEGA1888-TEPIC-IA,21,17,701,703,Acallar al que llora,Ihmoéa. Neti. Taih.-Moaéhri. Ne.,Acallar al que llora.— Ihmoéa. Neti. Taih.-Moaéhri. Ne. | ten.,em_dash,matched_headword,high,machine_accepted,direct_page_headword_match,machine_derived,True,False
ORT1888-art-000071,ORT1888-cand-000071,71,ORTEGA1888-TEPIC-IA,21,17,704,704,Acarrear,Atoatüeca. Nete.,Acarrear.— Atoatüeca. Nete.,em_dash,matched_headword,high,machine_accepted,direct_page_headword_match,machine_derived,True,False
ORT1888-art-000072,ORT1888-cand-000072,72,ORTEGA1888-TEPIC-IA,21,17,705,710,Acarrear de adentro á fuera,NVvátoah Nete.,Acarrear de adentro á fuera.— NVvátoah Nete. | y,em_dash,matched_headword,high,machine_accepted,direct_page_headword_match,machine_derived,True,False
ORT1888-art-000073,ORT1888-cand-000073,73,ORTEGA1888-TEPIC-IA,22,18,714,715,Acarrear de afuera para adentro,Vitátoah. Nete.,Acarrear de afuera para adentro. — Vitátoah. Nete.,em_dash,matched_headword,high,machine_accepted,direct_page_headword_match,machine_derived,True,False
ORT1888-art-000074,ORT1888-cand-000074,74,ORTEGA1888-TEPIC-IA,22,18,716,717,Acarrear de lo alto ni suelo,Acátoah. Nete.,Acarrear de lo alto ni suelo. — Acátoah. Nete.,em_dash,matched_headword,high,machine_accepted,direct_page_headword_match,machine_derived,True,False
ORT1888-art-000075,ORT1888-cand-000075,75,ORTEGA1888-TEPIC-IA,22,18,718,719,Acarrear de abajo á lo alto,Antitoah. Nete.,Acarrear de abajo á lo alto. — Antitoah. Nete.,em_dash,matched_headword,high,machine_accepted,direct_page_headword_match,machine_derived,True,False
ORT1888-art-000076,ORT1888-cand-000076,76,ORTEGA1888-TEPIC-IA,22,18,720,721,Acarrear hacia arriba,Vtatoah. Nete.,Acarrear hacia arriba. — Vtatoah. Nete.,em_dash,matched_headword,high,machine_accepted,direct_page_headword_match,machine_derived,True,False
ORT1888-art-000077,ORT1888-cand-000077,77,ORTEGA1888-TEPIC-IA,22,18,722,723,Acarrear hacia abajo,Vhuátoah. Nete.,Acarrear hacia abajo. — Vhuátoah. Nete.,em_dash,matched_headword,high,machine_accepted,direct_page_headword_match,machine_derived,True,False
ORT1888-art-000078,ORT1888-cand-000078,78,ORTEGA1888-TEPIC-IA,22,18,724,725,Acarrear agua,Heiva. Ne.,Acarrear agua. — Heiva. Ne.,em_dash,matched_headword,high,machine_accepted,direct_page_headword_match,machine_derived,True,False
ORT1888-art-000079,ORT1888-cand-000079,79,ORTEGA1888-TEPIC-IA,22,18,726,727,"Acatar, tener respeto",Tzahuate. Nete.,"Acatar, tener respeto. — Tzahuate. Nete.",em_dash,matched_headword,high,machine_accepted,direct_page_headword_match,machine_derived,True,False
ORT1888-art-000080,ORT1888-cand-000080,80,ORTEGA1888-TEPIC-IA,22,18,728,730,"Acaudalarse, hacerse rijo",Huatahuázezt. Nuhuatancá-,"Acaudalarse, hacerse rijo. — Huatahuázezt. Nuhuatancá- | zezt.",em_dash,matched_headword,high,machine_accepted,direct_page_headword_match,machine_derived,True,False
ORT1888-art-000081,ORT1888-cand-000081,81,ORTEGA1888-TEPIC-IA,22,18,731,731,Acaudillar,Huáxehte. Ne.,Acaudillar. — Huáxehte. Ne.,em_dash,matched_headword,high,machine_accepted,direct_page_headword_match,machine_derived,True,False
ORT1888-art-000082,ORT1888-cand-000082,82,ORTEGA1888-TEPIC-IA,22,18,732,732,Acechar ó espiar,"Miiihin//*"". Neti.","Acechar ó espiar, — Miiihin//*"". Neti.",em_dash,matched_headword,high,machine_accepted,direct_page_headword_match,machine_derived,True,False
ORT1888-art-000083,ORT1888-cand-000083,83,ORTEGA1888-TEPIC-IA,22,18,733,733,"Acelerarse, darse prisa",Vivaba. Néniyéta.,"Acelerarse, darse prisa. — Vivaba. Néniyéta.",em_dash,matched_headword,high,machine_accepted,direct_page_headword_match,machine_derived,True,False
ORT1888-art-000084,ORT1888-cand-000084,84,ORTEGA1888-TEPIC-IA,22,18,734,734,Aceleramiento,Vi yeta t.,Aceleramiento. — Vi yeta t.,em_dash,matched_headword,high,machine_accepted,direct_page_headword_match,machine_derived,True,False
ORT1888-art-000085,ORT1888-cand-000085,85,ORTEGA1888-TEPIC-IA,22,18,735,735,Acepillar,Metné. Neti.,Acepillar.— Metné. Neti.,em_dash,matched_headword,high,machine_accepted,direct_page_headword_match,machine_derived,True,False
ORT1888-art-000086,ORT1888-cand-000086,86,ORTEGA1888-TEPIC-IA,22,18,736,736,"Aceptar, petición",Xé'oe. Neti.,"Aceptar, petición. — Xé'oe. Neti.",em_dash,matched_headword,high,machine_accepted,direct_page_headword_match,machine_derived,True,False
ORT1888-art-000087,ORT1888-cand-000087,87,ORTEGA1888-TEPIC-IA,22,18,737,737,Azequia,Apoanti.,Azequia. — Apoanti.,em_dash,matched_headword,high,machine_accepted,direct_page_headword_match,machine_derived,True,False
ORT1888-art-000088,ORT1888-cand-000088,88,ORTEGA1888-TEPIC-IA,22,18,738,738,Acercarse,Apuxeurizt Manúxeiirizt.,Acercarse ^— Apuxeurizt Manúxeiirizt.,em_dash,matched_headword,high,machine_accepted,direct_page_headword_match,machine_derived,True,False
ORT1888-art-000089,ORT1888-cand-000089,89,ORTEGA1888-TEPIC-IA,22,18,739,739,Acertar al blanco,Ahv/¿otoa. Nahiiautoa.,Acertar al blanco. — Ahv/¿otoa. Nahiiautoa.,em_dash,matched_headword,high,machine_accepted,direct_page_headword_match,machine_derived,True,False
ORT1888-art-000090,ORT1888-cand-000090,90,ORTEGA1888-TEPIC-IA,22,18,740,740,Acezar. r,Yaxuhpua. Ni. Yateu«¿\ Ni. Ye. Ni.,Acezar. r— Yaxuhpua. Ni. Yateu«¿\ Ni. Ye. Ni.,em_dash,matched_headword,high,machine_accepted,direct_page_headword_match,machine_derived,True,False
ORT1888-art-000091,ORT1888-cand-000091,91,ORTEGA1888-TEPIC-IA,22,18,741,741,"Acerrar, cortar con sierra",Ntizizchizt. Nete.,"Acerrar, cortar con sierra. — Ntizizchizt. Nete.",em_dash,matched_headword,high,machine_accepted,direct_page_headword_match,machine_derived,True,False
ORT1888-art-000092,ORT1888-cand-000092,92,ORTEGA1888-TEPIC-IA,22,18,742,742,"Aclarar el tiempo, r",Man xé.,"Aclarar el tiempo, r— Man xé.",em_dash,matched_headword,high,machine_accepted,direct_page_headword_match,machine_derived,True,False
ORT1888-art-000093,ORT1888-cand-000093,93,ORTEGA1888-TEPIC-IA,22,18,743,743,Aclararse lo que está turbio,Huaohcácari.,Aclararse lo que está turbio. — Huaohcácari.,em_dash,matched_headword,high,machine_accepted,direct_page_headword_match,machine_derived,True,False
ORT1888-art-000094,ORT1888-cand-000094,94,ORTEGA1888-TEPIC-IA,22,18,744,744,Acocear á otro,Tachetzina. Neti.,Acocear á otro. — Tachetzina. Neti.,em_dash,matched_headword,high,machine_accepted,direct_page_headword_match,machine_derived,True,False
ORT1888-art-000095,ORT1888-cand-000095,95,ORTEGA1888-TEPIC-IA,22,18,745,747,Acometer valerosamente al enemigo,Huatáhua Nata-,Acometer valerosamente al enemigo. — Huatáhua Nata- | nea.,em_dash,matched_headword,high,machine_accepted,direct_page_headword_match,machine_derived,True,False
ORT1888-art-000096,ORT1888-cand-000096,96,ORTEGA1888-TEPIC-IA,22,18,748,748,Acompañar á otro,Anta neáxcaca. Nete.,Acompañar á otro .-^ Anta neáxcaca. Nete.,hyphen_variant,matched_headword,medium,machine_accepted,direct_page_headword_match,machine_derived,True,False
ORT1888-art-000097,ORT1888-cand-000097,97,ORTEGA1888-TEPIC-IA,22,18,749,749,Aconsejar,^Hebe. Neti.,Aconsejar.— ^Hebe. Neti.,em_dash,matched_headword,high,machine_accepted,direct_page_headword_match,machine_derived,True,False
ORT1888-art-000098,ORT1888-cand-000098,98,ORTEGA1888-TEPIC-IA,22,18,750,750,Acordarse,Vtamuarem/ea Nete.,Acordarse. —Vtamuarem/ea Nete.,em_dash,matched_headword,high,machine_accepted,direct_page_headword_match,machine_derived,True,False
ORT1888-art-000099,ORT1888-cand-000099,99,ORTEGA1888-TEPIC-IA,22,18,751,751,Acostarse,Huateahuzemi. Nateahuizemi.,Acostarse. — Huateahuzemi. Nateahuizemi.,em_dash,matched_headword,high,machine_accepted,direct_page_headword_match,machine_derived,True,False
ORT1888-art-000100,ORT1888-cand-000100,100,ORTEGA1888-TEPIC-IA,22,18,752,752,Acostado estar,Huatwhui. Natetfhui.,Acostado estar. — Huatwhui. Natetfhui.,em_dash,matched_headword,high,machine_accepted,direct_page_headword_match,machine_derived,True,False
ORT1888-art-000101,ORT1888-cand-000101,101,ORTEGA1888-TEPIC-IA,22,18,753,753,Acostar á otro,ATete. Neteu.,Acostar á otro.— ATete. Neteu.,em_dash,matched_headword,high,machine_accepted,direct_page_headword_match,machine_derived,True,False
ORT1888-art-000102,ORT1888-cand-000102,102,ORTEGA1888-TEPIC-IA,22,18,754,759,Azosar,>Amutzi.,Azosar.— >Amutzi. | sirs,em_dash,matched_headword,high,machine_accepted,direct_page_headword_match,machine_derived,True,False
ORT1888-art-000103,ORT1888-cand-000103,103,ORTEGA1888-TEPIC-IA,23,19,764,765,"Azotar con cuero, ó soga",Bé Net i.,"Azotar con cuero, ó soga. — Bé Net i.",em_dash,matched_headword,high,machine_accepted,direct_page_headword_match,machine_derived,True,False
ORT1888-art-000104,ORT1888-cand-000104,104,ORTEGA1888-TEPIC-IA,23,19,766,767,Azotar con vara al caballo,Cureva Neti.,Azotar con vara al caballo. — Cureva Neti.,em_dash,matched_headword,high,machine_accepted,direct_page_headword_match,machine_derived,True,False
ORT1888-art-000105,ORT1888-cand-000105,105,ORTEGA1888-TEPIC-IA,23,19,768,769,"Azote, el acto de azotar",Beyat.,"Azote, el acto de azotar. —Beyat.",em_dash,matched_headword,high,machine_accepted,direct_page_headword_match,machine_derived,True,False
ORT1888-art-000106,ORT1888-cand-000106,106,ORTEGA1888-TEPIC-IA,23,19,770,771,"Azote, con que se azota",NNaviti.,"Azote, con que se azota —NNaviti.",em_dash,matched_headword,high,machine_accepted,direct_page_headword_match,machine_derived,True,False
ORT1888-art-000107,ORT1888-cand-000107,107,ORTEGA1888-TEPIC-IA,23,19,772,773,Acrecentar algo,"NHiiíwiutiéhre. Neii, tearauéhre.","Acrecentar algo.— NHiiíwiutiéhre. Neii, tearauéhre.",em_dash,matched_headword,high,machine_accepted,direct_page_headword_match,machine_derived,True,False
ORT1888-art-000108,ORT1888-cand-000108,108,ORTEGA1888-TEPIC-IA,23,19,774,775,Acucharrarse,NTzúchá Ne,Acucharrarse — NTzúchá Ne,em_dash,matched_headword,high,machine_accepted,direct_page_headword_match,machine_derived,True,False
ORT1888-art-000109,ORT1888-cand-000109,109,ORTEGA1888-TEPIC-IA,23,19,776,777,Acuchillar á otro,Taba Neti.,Acuchillar á otro. — Taba Neti.,em_dash,matched_headword,high,machine_accepted,direct_page_headword_match,machine_derived,True,False
ORT1888-art-000110,ORT1888-cand-000110,110,ORTEGA1888-TEPIC-IA,23,19,778,779,Acullá. /,M«>me. Euk.,Acullá. /— M«>me. Euk.,em_dash,matched_headword,high,machine_accepted,direct_page_headword_match,machine_derived,True,False
ORT1888-art-000111,ORT1888-cand-000111,111,ORTEGA1888-TEPIC-IA,23,19,780,781,Acusar á alguno,xT¡axahtzi-ri,Acusar á alguno. — xT¡axahtzi-ri,em_dash,matched_headword,high,machine_accepted,direct_page_headword_match,machine_derived,True,False
ORT1888-art-000112,ORT1888-cand-000112,112,ORTEGA1888-TEPIC-IA,23,19,782,783,Azúcar,An caca.,"Azúcar. , — An caca. | — Namuáti.",em_dash,matched_headword,high,machine_accepted,direct_page_headword_match,machine_derived,True,False
ORT1888-art-000113,ORT1888-cand-000113,113,ORTEGA1888-TEPIC-IA,23,19,784,785,«e,Teaunamua. Netemamua.,«e. — Teaunamua. Netemamua.,em_dash,anchored_same_page,medium,machine_accepted,same_page_anchor_support,machine_derived,True,False
ORT1888-art-000114,ORT1888-cand-000114,114,ORTEGA1888-TEPIC-IA,23,19,786,787,Adelante,M.ueiuevé.,"Adelante. ,—M.ueiuevé.",em_dash,matched_headword,high,machine_accepted,direct_page_headword_match,machine_derived,True,False
ORT1888-art-000115,ORT1888-cand-000115,115,ORTEGA1888-TEPIC-IA,23,19,788,789,Adelgazar tablas ó piedras,Tazné. Neti.,Adelgazar tablas ó piedras. — Tazné. Neti.,em_dash,matched_headword,high,machine_accepted,direct_page_headword_match,machine_derived,True,False
ORT1888-art-000116,ORT1888-cand-000116,116,ORTEGA1888-TEPIC-IA,23,19,790,791,Adelgazar hilo ó cosas largas,Pitzire. Neti.,Adelgazar hilo ó cosas largas. — Pitzire. Neti.,em_dash,matched_headword,high,machine_accepted,direct_page_headword_match,machine_derived,True,False
ORT1888-art-000117,ORT1888-cand-000117,117,ORTEGA1888-TEPIC-IA,23,19,792,794,Aderezar,/?>/hripent¡ tahua. £#uhrimentitáhua. £fahriti-,"Aderezar. ,— /?>/hripent¡ tahua. £#uhrimentitáhua. £fahriti- | auhve Euhúñtwure.",em_dash,matched_headword,high,machine_accepted,direct_page_headword_match,machine_derived,True,False
ORT1888-art-000118,ORT1888-cand-000118,118,ORTEGA1888-TEPIC-IA,23,19,795,796,Adeudarse tomando prestado,vVnea. Neunca.,Adeudarse tomando prestado. — vVnea. Neunca.,em_dash,matched_headword,high,machine_accepted,direct_page_headword_match,machine_derived,True,False
ORT1888-art-000119,ORT1888-cand-000119,119,ORTEGA1888-TEPIC-IA,23,19,797,797,Adiestrar al ciego./,Teahnane. Neti.,Adiestrar al ciego./— Teahnane. Neti.,em_dash,matched_headword,high,machine_accepted,direct_page_headword_match,machine_derived,True,False
ORT1888-art-000120,ORT1888-cand-000120,120,ORTEGA1888-TEPIC-IA,23,19,798,798,Adive,Huáve. pl. tzi.,Adive. — Huáve. pl. tzi.,em_dash,matched_headword,high,machine_accepted,direct_page_headword_match,machine_derived,True,False
ORT1888-art-000121,ORT1888-cand-000121,121,ORTEGA1888-TEPIC-IA,23,19,799,799,Adivinar,Amuahrere. Net.,Adivinar. — Amuahrere. Net.,em_dash,matched_headword,high,machine_accepted,direct_page_headword_match,machine_derived,True,False
ORT1888-art-000122,ORT1888-cand-000122,122,ORTEGA1888-TEPIC-IA,23,19,800,800,Adivino,Tiéhre. pl. Metühre.,Adivino. — Tiéhre. pl. Metühre.,em_dash,matched_headword,high,machine_accepted,direct_page_headword_match,machine_derived,True,False
ORT1888-art-000123,ORT1888-cand-000123,123,ORTEGA1888-TEPIC-IA,23,19,801,801,Admirarse. r,Atzáhuate. Ne.,Admirarse. r— Atzáhuate. Ne.,em_dash,matched_headword,high,machine_accepted,direct_page_headword_match,machine_derived,True,False
ORT1888-art-000124,ORT1888-cand-000124,124,ORTEGA1888-TEPIC-IA,23,19,802,802,Admitir,At zahuate. Nete.,Admitir. — At zahuate. Nete.,em_dash,matched_headword,high,machine_accepted,direct_page_headword_match,machine_derived,True,False
ORT1888-art-000125,ORT1888-cand-000125,125,ORTEGA1888-TEPIC-IA,23,19,803,803,"Adobar, cueros",Ihua. Neti.,"Adobar, cueros. — Ihua. Neti.",em_dash,matched_headword,high,machine_accepted,direct_page_headword_match,machine_derived,True,False
ORT1888-art-000126,ORT1888-cand-000126,126,ORTEGA1888-TEPIC-IA,23,19,804,804,Adobado asi,Ihuaihua.,Adobado asi. — Ihuaihua.,em_dash,matched_headword,high,machine_accepted,direct_page_headword_match,machine_derived,True,False
ORT1888-art-000127,ORT1888-cand-000127,127,ORTEGA1888-TEPIC-IA,23,19,805,805,Adobe de barro,Xamit.,Adobe de barro. — Xamit.,em_dash,matched_headword,high,machine_accepted,direct_page_headword_match,machine_derived,True,False
ORT1888-art-000128,ORT1888-cand-000128,128,ORTEGA1888-TEPIC-IA,23,19,806,806,"Adobes, hacer",Anáhcona. Ne.,"Adobes, hacer. — Anáhcona. Ne.",em_dash,matched_headword,high,machine_accepted,direct_page_headword_match,machine_derived,True,False
ORT1888-art-000129,ORT1888-cand-000129,129,ORTEGA1888-TEPIC-IA,23,19,807,807,Adonde?,Auné?,Adonde? — Auné?,em_dash,matched_headword,high,machine_accepted,direct_page_headword_match,machine_derived,True,False
ORT1888-art-000130,ORT1888-cand-000130,130,ORTEGA1888-TEPIC-IA,23,19,808,808,Adonde,Aupéhye.,Adonde.— Aupéhye.,em_dash,matched_headword,high,machine_accepted,direct_page_headword_match,machine_derived,True,False
ORT1888-art-000131,ORT1888-cand-000131,131,ORTEGA1888-TEPIC-IA,23,19,809,809,Adorar á Dios,Atzahuate. Ne.,Adorar á Dios. — Atzahuate. Ne.,em_dash,matched_headword,high,machine_accepted,direct_page_headword_match,machine_derived,True,False
ORT1888-art-000132,ORT1888-cand-000132,132,ORTEGA1888-TEPIC-IA,23,19,810,815,Adormecer al niño,Cozté. Neti.,Adormecer al niño. — Cozté. Neti. | ílffti,em_dash,matched_headword,high,machine_accepted,direct_page_headword_match,machine_derived,True,False
ORT1888-art-000133,ORT1888-cand-000133,133,ORTEGA1888-TEPIC-IA,24,20,822,822,Adormecerse los dientes,"Taatzihmoaca, Ne.","Adormecerse los dientes. — Taatzihmoaca, Ne.",em_dash,matched_headword,high,machine_accepted,direct_page_headword_match,machine_derived,True,False
ORT1888-art-000134,ORT1888-cand-000134,134,ORTEGA1888-TEPIC-IA,24,20,823,823,Adormecerse el pié ó la mano,Acáze. Ne.,Adormecerse el pié ó la mano. — Acáze. Ne.,em_dash,matched_headword,high,machine_accepted,direct_page_headword_match,machine_derived,True,False
ORT1888-art-000135,ORT1888-cand-000135,135,ORTEGA1888-TEPIC-IA,24,20,824,824,Adornar,Veá-se aderezar,Adornar — Veá-se aderezar,em_dash,matched_headword,high,machine_accepted,direct_page_headword_match,machine_derived,True,False
ORT1888-art-000136,ORT1888-cand-000136,136,ORTEGA1888-TEPIC-IA,24,20,825,825,Advertir al que hiena,Hebe Nete.,Advertir al que hiena — Hebe Nete.,em_dash,matched_headword,high,machine_accepted,direct_page_headword_match,machine_derived,True,False
ORT1888-art-000137,ORT1888-cand-000137,137,ORTEGA1888-TEPIC-IA,24,20,826,826,"A ello, manos á la obra",Maco.,"A ello, manos á la obra. — Maco.",em_dash,matched_headword,high,machine_accepted,direct_page_headword_match,machine_derived,True,False
ORT1888-art-000138,ORT1888-cand-000138,138,ORTEGA1888-TEPIC-IA,24,20,827,827,"A empujones, hechar","Tatachiácá, Neteu.","A empujones, hechar. — Tatachiácá, Neteu.",em_dash,matched_headword,high,machine_accepted,direct_page_headword_match,machine_derived,True,False
ORT1888-art-000139,ORT1888-cand-000139,139,ORTEGA1888-TEPIC-IA,24,20,828,828,A escondidas,Avitzike.,A escondidas. — Avitzike.,em_dash,matched_headword,high,machine_accepted,direct_page_headword_match,machine_derived,True,False
ORT1888-art-000140,ORT1888-cand-000140,140,ORTEGA1888-TEPIC-IA,24,20,829,829,A esta hora,Iapúc,A esta hora. — Iapúc,em_dash,matched_headword,high,machine_accepted,direct_page_headword_match,machine_derived,True,False
ORT1888-art-000141,ORT1888-cand-000141,141,ORTEGA1888-TEPIC-IA,24,20,830,830,Afable,Euhv\eue. pl. Enhiiméne.,Afable. — Euhv\eue. pl. Enhiiméne.,em_dash,matched_headword,high,machine_accepted,direct_page_headword_match,machine_derived,True,False
ORT1888-art-000142,ORT1888-cand-000142,142,ORTEGA1888-TEPIC-IA,24,20,831,831,Asear alguna cosa,Xana ve Neti.,Asear alguna cosa. — Xana ve Neti.,em_dash,matched_headword,high,machine_accepted,direct_page_headword_match,machine_derived,True,False
ORT1888-art-000143,ORT1888-cand-000143,143,ORTEGA1888-TEPIC-IA,24,20,832,832,Afeitar á otro la barba,Muei/.ipe. Neti.,Afeitar á otro la barba. — Muei/.ipe. Neti.,em_dash,matched_headword,high,machine_accepted,direct_page_headword_match,machine_derived,True,False
ORT1888-art-000144,ORT1888-cand-000144,144,ORTEGA1888-TEPIC-IA,24,20,833,833,"Afeitar á otro la cabeza, quitarle el pelo",Cayezim Neti.,"Afeitar á otro la cabeza, quitarle el pelo. — Cayezim Neti.",em_dash,matched_headword,high,machine_accepted,direct_page_headword_match,machine_derived,True,False
ORT1888-art-000145,ORT1888-cand-000145,145,ORTEGA1888-TEPIC-IA,24,20,834,834,Afeminado,Vitazeupeiie. pl. Vitazeuméne.,Afeminado. — Vitazeupeiie. pl. Vitazeuméne.,em_dash,matched_headword,high,machine_accepted,direct_page_headword_match,machine_derived,True,False
ORT1888-art-000146,ORT1888-cand-000146,146,ORTEGA1888-TEPIC-IA,24,20,835,835,Afilar,Cache. Neti. Pitné. Neti.,Afilar. -Cache. Neti. Pitné. Neti.,hyphen_variant,matched_headword,medium,machine_accepted,direct_page_headword_match,machine_derived,True,False
ORT1888-art-000147,ORT1888-cand-000147,147,ORTEGA1888-TEPIC-IA,24,20,836,836,Afilador,^Tipitnihuame pl. tzi.,Afilador.— ^Tipitnihuame pl. tzi.,em_dash,matched_headword,high,machine_accepted,direct_page_headword_match,machine_derived,True,False
ORT1888-art-000148,ORT1888-cand-000148,148,ORTEGA1888-TEPIC-IA,24,20,837,838,Afligir á otro,Apuaíte. Neti.,Afligir á otro. — Apuaíte. Neti.,em_dash,matched_headword,high,machine_accepted,direct_page_headword_match,machine_derived,True,False
ORT1888-art-000149,ORT1888-cand-000149,149,ORTEGA1888-TEPIC-IA,24,20,839,839,Afligirse,Apurarse. Nemputeamoaté. Neuuteamoaté.,Afligirse. — Apurarse. Nemputeamoaté. Neuuteamoaté.,em_dash,matched_headword,high,machine_accepted,direct_page_headword_match,machine_derived,True,False
ORT1888-art-000150,ORT1888-cand-000150,150,ORTEGA1888-TEPIC-IA,24,20,840,840,Aflojar lo que está apretado,Cuaxe/.tn. Neteu.,Aflojar lo que está apretado. — Cuaxe/.tn. Neteu.,em_dash,matched_headword,high,machine_accepted,direct_page_headword_match,machine_derived,True,False
ORT1888-art-000151,ORT1888-cand-000151,151,ORTEGA1888-TEPIC-IA,24,20,841,844,Aflojar lo que está tirando,"Tacuaxeztn, Neteu. Tacua-","Aflojar lo que está tirando. — Tacuaxeztn, Neteu. Tacua- | ne, Neteu.",em_dash,matched_headword,high,machine_accepted,direct_page_headword_match,machine_derived,True,False
ORT1888-art-000152,ORT1888-cand-000152,152,ORTEGA1888-TEPIC-IA,24,20,845,845,Aflojar la enfermedad,Teúcazt.,Aflojar la enfermedad. — Teúcazt.,em_dash,matched_headword,high,machine_accepted,direct_page_headword_match,machine_derived,True,False
ORT1888-art-000153,ORT1888-cand-000153,153,ORTEGA1888-TEPIC-IA,24,20,846,846,Aforrar algo,Vcurrebi pihua. Nete.,Aforrar algo. — Vcurrebi pihua. Nete.,em_dash,matched_headword,high,machine_accepted,direct_page_headword_match,machine_derived,True,False
ORT1888-art-000154,ORT1888-cand-000154,154,ORTEGA1888-TEPIC-IA,24,20,847,847,Afrentar á otro,Tebea. Kéte. Neti.,Afrentar á otro. — Tebea. Kéte. Neti.,em_dash,matched_headword,high,machine_accepted,direct_page_headword_match,machine_derived,True,False
ORT1888-art-000155,ORT1888-cand-000155,155,ORTEGA1888-TEPIC-IA,24,20,848,848,Afrentadamente,Teben. Kéte.,Afrentadamente. — Teben. Kéte.,em_dash,matched_headword,high,machine_accepted,direct_page_headword_match,machine_derived,True,False
ORT1888-art-000156,ORT1888-cand-000156,156,ORTEGA1888-TEPIC-IA,24,20,849,849,Afrentador,Titebea. Kéte.,Afrentador.-- Titebea. Kéte.,hyphen_variant,matched_headword,medium,machine_accepted,direct_page_headword_match,machine_derived,True,False
ORT1888-art-000157,ORT1888-cand-000157,157,ORTEGA1888-TEPIC-IA,24,20,850,850,Agazaparse,Abaútona. Abántona.,Agazaparse. ^-Abaútona. Abántona.,hyphen_variant,matched_headword,medium,machine_accepted,direct_page_headword_match,machine_derived,True,False
ORT1888-art-000158,ORT1888-cand-000158,158,ORTEGA1888-TEPIC-IA,24,20,851,851,Agacharse,Abaútotze. Abautotze.,Agacharse. — Abaútotze. Abautotze.,em_dash,matched_headword,high,machine_accepted,direct_page_headword_match,machine_derived,True,False
ORT1888-art-000159,ORT1888-cand-000159,159,ORTEGA1888-TEPIC-IA,24,20,852,852,Agarrar,Via. Neti. Tebi. Neteu.,Agarrar.-^ Via. Neti. Tebi. Neteu.,hyphen_variant,matched_headword,medium,machine_accepted,direct_page_headword_match,machine_derived,True,False
ORT1888-art-000160,ORT1888-cand-000160,160,ORTEGA1888-TEPIC-IA,24,20,853,853,Agazajar,"^ Zíwhripoauhii. /""¿/hrinaühre.","Agazajar.— ^ Zíwhripoauhii. /""¿/hrinaühre.",em_dash,matched_headword,high,machine_accepted,direct_page_headword_match,machine_derived,True,False
ORT1888-art-000161,ORT1888-cand-000161,161,ORTEGA1888-TEPIC-IA,24,20,854,859,Agonizar,.. M?^ké. Ne. Vi tzi te Nencavitzite.,"Agonizar,--.. M?^ké. Ne. Vi tzi te Nencavitzite. | *T*fiR1",hyphen_variant,matched_headword,medium,machine_accepted,direct_page_headword_match,machine_derived,True,False
ORT1888-art-000162,ORT1888-cand-000162,162,ORTEGA1888-TEPIC-IA,25,21,866,867,Agora,Ico.,Agora. — Ico.,em_dash,matched_headword,high,machine_accepted,direct_page_headword_match,machine_derived,True,False
ORT1888-art-000163,ORT1888-cand-000163,163,ORTEGA1888-TEPIC-IA,25,21,868,869,Agora un año,Vzi.,Agora un año. — Vzi.,em_dash,matched_headword,high,machine_accepted,direct_page_headword_match,machine_derived,True,False
ORT1888-art-000164,ORT1888-cand-000164,164,ORTEGA1888-TEPIC-IA,25,21,870,871,Acotarse el agua!,Huateahuatziri. Neteahuatziri.,Acotarse el agua! — Huateahuatziri. Neteahuatziri.,em_dash,matched_headword,high,machine_accepted,direct_page_headword_match,machine_derived,True,False
ORT1888-art-000165,ORT1888-cand-000165,165,ORTEGA1888-TEPIC-IA,25,21,872,873,Agra cosa,Antzina.,Agra cosa. — Antzina.,em_dash,matched_headword,high,machine_accepted,direct_page_headword_match,machine_derived,True,False
ORT1888-art-000166,ORT1888-cand-000166,166,ORTEGA1888-TEPIC-IA,25,21,874,877,Agro hacerse,Huatetzinaca.,"Agro hacerse. — Huatetzinaca. | Agradarme lo que veo, ó oigo.",em_dash,matched_headword,high,machine_accepted,direct_page_headword_match,machine_derived,True,False
ORT1888-art-000167,ORT1888-cand-000167,167,ORTEGA1888-TEPIC-IA,25,21,878,879,Agradecer,Atzahuate. Nete.,Agradecer. — Atzahuate. Nete.,em_dash,matched_headword,high,machine_accepted,direct_page_headword_match,machine_derived,True,False
ORT1888-art-000168,ORT1888-cand-000168,168,ORTEGA1888-TEPIC-IA,25,21,880,881,Agraviar á otro,Bene. Neteu.,Agraviar á otro.- Bene. Neteu.,hyphen_variant,matched_headword,medium,machine_accepted,direct_page_headword_match,machine_derived,True,False
ORT1888-art-000169,ORT1888-cand-000169,169,ORTEGA1888-TEPIC-IA,25,21,882,883,Agraviar,Benear.,Agraviar. — Benear.,em_dash,matched_headword,high,machine_accepted,direct_page_headword_match,machine_derived,True,False
ORT1888-art-000170,ORT1888-cand-000170,170,ORTEGA1888-TEPIC-IA,25,21,884,885,Agua,Ah ti.,Agua. — Ah ti.,em_dash,matched_headword,high,machine_accepted,direct_page_headword_match,machine_derived,True,False
ORT1888-art-000171,ORT1888-cand-000171,171,ORTEGA1888-TEPIC-IA,25,21,886,887,"Agua, traer de la pila ó del rio",Yhebme. N.,"Agua, traer de la pila ó del rio — Yhebme. N.",em_dash,matched_headword,high,machine_accepted,direct_page_headword_match,machine_derived,True,False
ORT1888-art-000172,ORT1888-cand-000172,172,ORTEGA1888-TEPIC-IA,25,21,888,889,Agua traer para las manos,Lo mismo que arriba.,Agua traer para las manos. — Lo mismo que arriba.,em_dash,matched_headword,high,machine_accepted,direct_page_headword_match,machine_derived,True,False
ORT1888-art-000173,ORT1888-cand-000173,173,ORTEGA1888-TEPIC-IA,25,21,890,891,"Aguacate, fruta indiana",Yaóhea.,"Aguacate, fruta indiana. — Yaóhea.",em_dash,matched_headword,high,machine_accepted,direct_page_headword_match,machine_derived,True,False
ORT1888-art-000174,ORT1888-cand-000174,174,ORTEGA1888-TEPIC-IA,25,21,892,893,Aguacero,Vi tori.,Aguacero. — Vi tori.,em_dash,matched_headword,high,machine_accepted,direct_page_headword_match,machine_derived,True,False
ORT1888-art-000175,ORT1888-cand-000175,175,ORTEGA1888-TEPIC-IA,25,21,894,895,Agua caliente,Puxcáre.,Agua caliente. — Puxcáre.,em_dash,matched_headword,high,machine_accepted,direct_page_headword_match,machine_derived,True,False
ORT1888-art-000176,ORT1888-cand-000176,176,ORTEGA1888-TEPIC-IA,25,21,896,897,Ag u a< lo esta r,Ai níia v i .,Ag u a< lo esta r. — Ai níia v i .,em_dash,matched_headword,high,machine_accepted,direct_page_headword_match,machine_derived,True,False
ORT1888-art-000177,ORT1888-cand-000177,177,ORTEGA1888-TEPIC-IA,25,21,898,899,Aguar alguna cosa,Háinoarc. Neti.,Aguar alguna cosa. — Háinoarc. Neti.,em_dash,matched_headword,high,machine_accepted,direct_page_headword_match,machine_derived,True,False
ORT1888-art-000178,ORT1888-cand-000178,178,ORTEGA1888-TEPIC-IA,25,21,900,901,Agualdar,Chucve. Neti.,Agualdar. — Chucve. Neti.,em_dash,matched_headword,high,machine_accepted,direct_page_headword_match,machine_derived,True,False
ORT1888-art-000179,ORT1888-cand-000179,179,ORTEGA1888-TEPIC-IA,25,21,902,903,"Aguda cosa, tener buena punta",Antipitné.,"Aguda cosa, tener buena punta. — Antipitné.",em_dash,matched_headword,high,machine_accepted,direct_page_headword_match,machine_derived,True,False
ORT1888-art-000180,ORT1888-cand-000180,180,ORTEGA1888-TEPIC-IA,25,21,904,905,Agujerear con escoplo,Cuna Neti.,Agujerear con escoplo. — Cuna Neti.,em_dash,matched_headword,high,machine_accepted,direct_page_headword_match,machine_derived,True,False
ORT1888-art-000181,ORT1888-cand-000181,181,ORTEGA1888-TEPIC-IA,25,21,906,907,Agujero asi,Anacucúne.,Agujero asi. — Anacucúne.,em_dash,matched_headword,high,machine_accepted,direct_page_headword_match,machine_derived,True,False
ORT1888-art-000182,ORT1888-cand-000182,182,ORTEGA1888-TEPIC-IA,25,21,908,909,Agujerear con barrena,Anamimézim. Nete.,Agujerear con barrena. — Anamimézim. Nete.,em_dash,matched_headword,high,machine_accepted,direct_page_headword_match,machine_derived,True,False
ORT1888-art-000183,ORT1888-cand-000183,183,ORTEGA1888-TEPIC-IA,25,21,910,911,Agujerear con hierro caliente,Anatayáxe. Nete.,Agujerear con hierro caliente. — Anatayáxe. Nete.,em_dash,matched_headword,high,machine_accepted,direct_page_headword_match,machine_derived,True,False
ORT1888-art-000184,ORT1888-cand-000184,184,ORTEGA1888-TEPIC-IA,25,21,912,913,Agujero así,Anacüni.,Agujero así — Anacüni.,em_dash,matched_headword,high,machine_accepted,direct_page_headword_match,machine_derived,True,False
ORT1888-art-000185,ORT1888-cand-000185,185,ORTEGA1888-TEPIC-IA,25,21,914,915,Agujerear pared ó cerro,Anacunazt. Nete.,Agujerear pared ó cerro. — Anacunazt. Nete.,em_dash,matched_headword,high,machine_accepted,direct_page_headword_match,machine_derived,True,False
ORT1888-art-000186,ORT1888-cand-000186,186,ORTEGA1888-TEPIC-IA,25,21,916,917,Aguj e ro asi,V ca c u n i .,Aguj e ro asi . — V ca c u n i .,em_dash,matched_headword,high,machine_accepted,direct_page_headword_match,machine_derived,True,False
ORT1888-art-000187,ORT1888-cand-000187,187,ORTEGA1888-TEPIC-IA,25,21,918,919,Águila grande por su especie,Muaxemét. pl. tzi.,Águila grande por su especie. — Muaxemét. pl. tzi.,em_dash,matched_headword,high,machine_accepted,direct_page_headword_match,machine_derived,True,False
ORT1888-art-000188,ORT1888-cand-000188,188,ORTEGA1888-TEPIC-IA,25,21,920,921,Águila pequeña por su especie,Aihnatame. pl. tzi.,Águila pequeña por su especie. — Aihnatame. pl. tzi.,em_dash,matched_headword,high,machine_accepted,direct_page_headword_match,machine_derived,True,False
ORT1888-art-000189,ORT1888-cand-000189,189,ORTEGA1888-TEPIC-IA,25,21,922,923,"Águila, otra de cabeza blanca",Quáiravet. pl. tzi.,"Águila, otra de cabeza blanca. — Quáiravet. pl. tzi.",em_dash,matched_headword,high,machine_accepted,direct_page_headword_match,machine_derived,True,False
ORT1888-art-000190,ORT1888-cand-000190,190,ORTEGA1888-TEPIC-IA,25,21,924,925,Aguja para trancas,Tanacucúne.,Aguja para trancas — Tanacucúne.,em_dash,matched_headword,high,machine_accepted,direct_page_headword_match,machine_derived,True,False
ORT1888-art-000191,ORT1888-cand-000191,191,ORTEGA1888-TEPIC-IA,25,21,926,927,Ahechar ó limpiar algo,Heácari. Neti.,Ahechar ó limpiar algo. — Heácari. Neti.,em_dash,matched_headword,high,machine_accepted,direct_page_headword_match,machine_derived,True,False
ORT1888-art-000192,ORT1888-cand-000192,192,ORTEGA1888-TEPIC-IA,25,21,928,933,Ahitarse,Huacuaitzá. Nacuaitza.,Ahitarse. — Huacuaitzá. Nacuaitza. | 22—,em_dash,matched_headword,high,machine_accepted,direct_page_headword_match,machine_derived,True,False
ORT1888-art-000193,ORT1888-cand-000193,193,ORTEGA1888-TEPIC-IA,26,22,934,934,Ahogar á otro,Aohamuezfc. Nete.,Ahogar á otro. — Aohamuezfc. Nete.,em_dash,matched_headword,high,machine_accepted,direct_page_headword_match,machine_derived,True,False
ORT1888-art-000194,ORT1888-cand-000194,194,ORTEGA1888-TEPIC-IA,26,22,935,935,Ahogarse coa el bocado,Autácatzi. Is,Ahogarse coa el bocado. — Autácatzi. Is,em_dash,matched_headword,high,machine_accepted,direct_page_headword_match,machine_derived,True,False
ORT1888-art-000195,ORT1888-cand-000195,195,ORTEGA1888-TEPIC-IA,26,22,936,936,Ahorcar,Nteacuáime. Nete.,Ahorcar. — Nteacuáime. Nete.,em_dash,matched_headword,high,machine_accepted,direct_page_headword_match,machine_derived,True,False
ORT1888-art-000196,ORT1888-cand-000196,196,ORTEGA1888-TEPIC-IA,26,22,937,937,Ahumar algo,Ketzimoarite Neteu.,Ahumar algo. — Ketzimoarite Neteu.,em_dash,matched_headword,high,machine_accepted,direct_page_headword_match,machine_derived,True,False
ORT1888-art-000197,ORT1888-cand-000197,197,ORTEGA1888-TEPIC-IA,26,22,938,938,"Ay, donde tú estas",Amaihna.,"Ay, donde tú estas. — Amaihna.",em_dash,matched_headword,high,machine_accepted,direct_page_headword_match,machine_derived,True,False
ORT1888-art-000198,ORT1888-cand-000198,198,ORTEGA1888-TEPIC-IA,26,22,939,939,"Ay, quejándose","Anái, Ahuí, Aipoc.","Ay, quejándose. — Anái, Ahuí, Aipoc.",em_dash,matched_headword,high,machine_accepted,direct_page_headword_match,machine_derived,True,False
ORT1888-art-000199,ORT1888-cand-000199,199,ORTEGA1888-TEPIC-IA,26,22,940,941,Ayer,Tahcai.,Ayer. — Tahcai.,em_dash,matched_headword,high,machine_accepted,direct_page_headword_match,machine_derived,True,False
ORT1888-art-000200,ORT1888-cand-000200,200,ORTEGA1888-TEPIC-IA,26,22,942,942,Ayrar á otro,Haxéihte. Neti.,Ayrar á otro. ^— Haxéihte. Neti.,em_dash,matched_headword,high,machine_accepted,direct_page_headword_match,machine_derived,True,False
ORT1888-art-000201,ORT1888-cand-000201,201,ORTEGA1888-TEPIC-IA,26,22,943,943,Ayre,Acate.,Ayre. — Acate.,em_dash,matched_headword,high,machine_accepted,direct_page_headword_match,machine_derived,True,False
ORT1888-art-000202,ORT1888-cand-000202,202,ORTEGA1888-TEPIC-IA,26,22,944,944,"Ayre, hacer",Huaác.,"Ayre, hacer. — Huaác.",em_dash,matched_headword,high,machine_accepted,direct_page_headword_match,machine_derived,True,False
ORT1888-art-000203,ORT1888-cand-000203,203,ORTEGA1888-TEPIC-IA,26,22,945,945,Ayudar á otro,Vaehre Neti,Ayudar á otro. — Vaehre Neti,em_dash,matched_headword,high,machine_accepted,direct_page_headword_match,machine_derived,True,False
ORT1888-art-000204,ORT1888-cand-000204,204,ORTEGA1888-TEPIC-IA,26,22,946,946,Ayuda asi,Vaehreat.,Ayuda asi. — Vaehreat.,em_dash,matched_headword,high,machine_accepted,direct_page_headword_match,machine_derived,True,False
ORT1888-art-000205,ORT1888-cand-000205,205,ORTEGA1888-TEPIC-IA,26,22,947,947,Ayudado],"asi. ^-Tivaehrel) name, pl. tzi.","Ayudado]- asi. ^-Tivaehrel) name, pl. tzi.",hyphen_variant,matched_headword,medium,machine_accepted,direct_page_headword_match,machine_derived,True,False
ORT1888-art-000206,ORT1888-cand-000206,206,ORTEGA1888-TEPIC-IA,26,22,948,948,Ayudar misa. r,Taihri. Neteu.,Ayudar misa. r— Taihri. Neteu.,em_dash,matched_headword,high,machine_accepted,direct_page_headword_match,machine_derived,True,False
ORT1888-art-000207,ORT1888-cand-000207,207,ORTEGA1888-TEPIC-IA,26,22,949,949,Ayuda asi,Taihriat.,Ayuda asi.^— Taihriat.,em_dash,matched_headword,high,machine_accepted,direct_page_headword_match,machine_derived,True,False
ORT1888-art-000208,ORT1888-cand-000208,208,ORTEGA1888-TEPIC-IA,26,22,950,950,Ayunar,Vitzive. Nénit/íve.,Ayunar. — Vitzive. Nénit/íve.,em_dash,matched_headword,high,machine_accepted,direct_page_headword_match,machine_derived,True,False
ORT1888-art-000209,ORT1888-cand-000209,209,ORTEGA1888-TEPIC-IA,26,22,951,951,Ayuanador,>Vitzivehuame. ]>1. tzi.,Ayuanador — >Vitzivehuame. ]>1. tzi.,em_dash,matched_headword,high,machine_accepted,direct_page_headword_match,machine_derived,True,False
ORT1888-art-000210,ORT1888-cand-000210,210,ORTEGA1888-TEPIC-IA,26,22,952,952,Ayuno,Itziviat.,Ayuno. — Itziviat.,em_dash,matched_headword,high,machine_accepted,direct_page_headword_match,machine_derived,True,False
ORT1888-art-000211,ORT1888-cand-000211,211,ORTEGA1888-TEPIC-IA,26,22,953,953,Ajena cosa,Tipiní. Ticutzí.,Ajena cosa. — Tipiní. Ticutzí.,em_dash,matched_headword,high,machine_accepted,direct_page_headword_match,machine_derived,True,False
ORT1888-art-000212,ORT1888-cand-000212,212,ORTEGA1888-TEPIC-IA,26,22,954,954,Ala de ave,Anáti.,Ala de ave.^— Anáti.,em_dash,matched_headword,high,machine_accepted,direct_page_headword_match,machine_derived,True,False
ORT1888-art-000213,ORT1888-cand-000213,213,ORTEGA1888-TEPIC-IA,26,22,955,955,Alacrán,Tfaxcn. pl. te.,Alacrán. — Tfaxcn. pl. te.,em_dash,matched_headword,high,machine_accepted,direct_page_headword_match,machine_derived,True,False
ORT1888-art-000214,ORT1888-cand-000214,214,ORTEGA1888-TEPIC-IA,26,22,956,956,Alabar á otro,Euhriyaomoara. Euh,Alabar á otro -^Euhriyaomoara. Euh,hyphen_variant,matched_headword,medium,machine_accepted,direct_page_headword_match,machine_derived,True,False
ORT1888-art-000215,ORT1888-cand-000215,215,ORTEGA1888-TEPIC-IA,26,22,957,957,A mi mano derecha,Negrita.,A mi mano derecha. — Negrita.,em_dash,matched_headword,high,machine_accepted,direct_page_headword_match,machine_derived,True,False
ORT1888-art-000216,ORT1888-cand-000216,216,ORTEGA1888-TEPIC-IA,26,22,958,958,A mi mano izquierda,Necutatá.,A mi mano izquierda. ^—Necutatá.,em_dash,matched_headword,high,machine_accepted,direct_page_headword_match,machine_derived,True,False
ORT1888-art-000217,ORT1888-cand-000217,217,ORTEGA1888-TEPIC-IA,26,22,959,959,Alambre,Tepuzti.,Alambre. -^Tepuzti.,hyphen_variant,matched_headword,medium,machine_accepted,direct_page_headword_match,machine_derived,True,False
ORT1888-art-000218,ORT1888-cand-000218,218,ORTEGA1888-TEPIC-IA,26,22,960,960,A la postre,Vbetat.,A la postre. — Vbetat.,em_dash,matched_headword,high,machine_accepted,direct_page_headword_match,machine_derived,True,False
ORT1888-art-000219,ORT1888-cand-000219,219,ORTEGA1888-TEPIC-IA,26,22,961,961,Alargar algo,Taána. Neti.,Alargar algo. — Taána. Neti.,em_dash,matched_headword,high,machine_accepted,direct_page_headword_match,machine_derived,True,False
ORT1888-art-000220,ORT1888-cand-000220,220,ORTEGA1888-TEPIC-IA,26,22,962,963,A la sazón,Tet.,A la sazón. — Tet.,em_dash,matched_headword,high,machine_accepted,direct_page_headword_match,machine_derived,True,False
ORT1888-art-000221,ORT1888-cand-000221,221,ORTEGA1888-TEPIC-IA,26,22,964,964,Alcanzar al que va delante,Teázeca.,Alcanzar al que va delante. — Teázeca.,em_dash,matched_headword,high,machine_accepted,direct_page_headword_match,machine_derived,True,False
ORT1888-art-000222,ORT1888-cand-000222,222,ORTEGA1888-TEPIC-IA,26,22,965,965,Alcanzar lo que está alto,Antiáze. N.,Alcanzar lo que está alto. — Antiáze. N.,em_dash,matched_headword,high,machine_accepted,direct_page_headword_match,machine_derived,True,False
ORT1888-art-000223,ORT1888-cand-000223,223,ORTEGA1888-TEPIC-IA,26,22,966,971,Alzar algo como palo,Téazim. Neti.. Teahpuazt.,Alzar algo como palo.--Téazim. Neti.. Teahpuazt. | ti. | nnyaomóara.,hyphen_variant,matched_headword,medium,machine_accepted,direct_page_headword_match,machine_derived,True,False
ORT1888-art-000224,ORT1888-cand-000224,224,ORTEGA1888-TEPIC-IA,27,23,987,988,Alzar algo como piedra,Tézim. Neti. Tutuizem. Neti.,Alzar algo como piedra. -Tézim. Neti. Tutuizem. Neti.,hyphen_variant,matched_headword,medium,machine_accepted,direct_page_headword_match,machine_derived,True,False
ORT1888-art-000225,ORT1888-cand-000225,225,ORTEGA1888-TEPIC-IA,27,23,989,990,Alzar y bajar continuamente la cabeza,Team uva. Ne.,Alzar y bajar continuamente la cabeza.— Team uva. Ne.,em_dash,matched_headword,high,machine_accepted,direct_page_headword_match,machine_derived,True,False
ORT1888-art-000226,ORT1888-cand-000226,226,ORTEGA1888-TEPIC-IA,27,23,991,992,Alear,Teanava. Ne.,Alear.-Teanava. Ne.,hyphen_variant,matched_headword,medium,machine_accepted,direct_page_headword_match,machine_derived,True,False
ORT1888-art-000227,ORT1888-cand-000227,227,ORTEGA1888-TEPIC-IA,27,23,993,994,A I eorarse,Vtea m un vé;,A I eorarse. — Vtea m un vé;,em_dash,matched_headword,high,machine_accepted,direct_page_headword_match,machine_derived,True,False
ORT1888-art-000228,ORT1888-cand-000228,228,ORTEGA1888-TEPIC-IA,27,23,995,996,Alegre,Uteainuavihnanie. pl. tzi.,Alegre. ^—Uteainuavihnanie. pl. tzi.,em_dash,matched_headword,high,machine_accepted,direct_page_headword_match,machine_derived,True,False
ORT1888-art-000229,ORT1888-cand-000229,229,ORTEGA1888-TEPIC-IA,27,23,997,997,Alegría,Team na via t.,Alegría. — Team na via t.,em_dash,matched_headword,high,machine_accepted,direct_page_headword_match,machine_derived,True,False
ORT1888-art-000230,ORT1888-cand-000230,230,ORTEGA1888-TEPIC-IA,27,23,998,999,• Alentar á otro,Gane Neti.,• Alentar á otro. — Gane Neti.,em_dash,matched_headword,high,machine_accepted,direct_page_headword_match,machine_derived,True,False
ORT1888-art-000231,ORT1888-cand-000231,231,ORTEGA1888-TEPIC-IA,26,22,1000,1001,Algo,v Ti tac.,Algo. — v Ti tac.,em_dash,matched_headword,high,machine_accepted,direct_page_headword_match,machine_derived,True,False
ORT1888-art-000232,ORT1888-cand-000232,232,ORTEGA1888-TEPIC-IA,27,23,1002,1002,Algocln. r,MmíxiUí.,Algocln. r— MmíxiUí.,em_dash,matched_headword,high,machine_accepted,direct_page_headword_match,machine_derived,True,False
ORT1888-art-000233,ORT1888-cand-000233,233,ORTEGA1888-TEPIC-IA,27,23,1003,1004,Alguna cosa,Ti tac.,Alguna cosa. — Ti tac.,em_dash,matched_headword,high,machine_accepted,direct_page_headword_match,machine_derived,True,False
ORT1888-art-000234,ORT1888-cand-000234,234,ORTEGA1888-TEPIC-IA,27,23,1005,1006,Alguna vez,Atzáco.,Alguna vez. — Atzáco.,em_dash,matched_headword,high,machine_accepted,direct_page_headword_match,machine_derived,True,False
ORT1888-art-000235,ORT1888-cand-000235,235,ORTEGA1888-TEPIC-IA,27,23,1007,1008,Algún tanto de tiempo,Muacátá.,Algún tanto de tiempo. — Muacátá.,em_dash,matched_headword,high,machine_accepted,direct_page_headword_match,machine_derived,True,False
ORT1888-art-000236,ORT1888-cand-000236,236,ORTEGA1888-TEPIC-IA,27,23,1009,1010,Alguno ó Alguna,"Atañe, pl, Aténio.","Alguno ó Alguna. — Atañe, pl, Aténio.",em_dash,matched_headword,high,machine_accepted,direct_page_headword_match,machine_derived,True,False
ORT1888-art-000237,ORT1888-cand-000237,237,ORTEGA1888-TEPIC-IA,27,23,1011,1012,Aliento ó liueigo,Yeyeat.,Aliento ó liueigo. — Yeyeat.,em_dash,matched_headword,high,machine_accepted,direct_page_headword_match,machine_derived,True,False
ORT1888-art-000238,ORT1888-cand-000238,238,ORTEGA1888-TEPIC-IA,27,23,1013,1014,Al i m piar algo,Heacari. Neti.,Al i m piar algo. — Heacari. Neti.,em_dash,matched_headword,high,machine_accepted,direct_page_headword_match,machine_derived,True,False
ORT1888-art-000239,ORT1888-cand-000239,239,ORTEGA1888-TEPIC-IA,27,23,1015,1016,Aljaba,Naviti.,Aljaba. — Naviti.,em_dash,matched_headword,high,machine_accepted,direct_page_headword_match,machine_derived,True,False
ORT1888-art-000240,ORT1888-cand-000240,240,ORTEGA1888-TEPIC-IA,27,23,1017,1018,Allá,Uu.,Allá.— Uu.,em_dash,matched_headword,high,machine_accepted,direct_page_headword_match,machine_derived,True,False
ORT1888-art-000241,ORT1888-cand-000241,241,ORTEGA1888-TEPIC-IA,27,23,1019,1020,Allanar el suelo,Temuapoaure Temuanaúre.,Allanar el suelo. — Temuapoaure Temuanaúre.,em_dash,matched_headword,high,machine_accepted,direct_page_headword_match,machine_derived,True,False
ORT1888-art-000242,ORT1888-cand-000242,242,ORTEGA1888-TEPIC-IA,27,23,1021,1022,Allende del rio,Vtabána.,Allende del rio. — Vtabána.,em_dash,matched_headword,high,machine_accepted,direct_page_headword_match,machine_derived,True,False
ORT1888-art-000243,ORT1888-cand-000243,243,ORTEGA1888-TEPIC-IA,27,23,1023,1024,Allí,Mufiue. Eua.,Allí. — Mufiue. Eua.,em_dash,matched_headword,high,machine_accepted,direct_page_headword_match,machine_derived,True,False
ORT1888-art-000244,ORT1888-cand-000244,244,ORTEGA1888-TEPIC-IA,27,23,1025,1026,Alma,Tixaménkare.,Alma. — Tixaménkare.,em_dash,matched_headword,high,machine_accepted,direct_page_headword_match,machine_derived,True,False
ORT1888-art-000245,ORT1888-cand-000245,245,ORTEGA1888-TEPIC-IA,27,23,1027,1028,Almagre,Cea táriti.,Almagre. — Cea táriti.,em_dash,matched_headword,high,machine_accepted,direct_page_headword_match,machine_derived,True,False
ORT1888-art-000246,ORT1888-cand-000246,246,ORTEGA1888-TEPIC-IA,27,23,1029,1030,Almohada,Míiútziti.,Almohada. — Míiútziti.,em_dash,matched_headword,high,machine_accepted,direct_page_headword_match,machine_derived,True,False
ORT1888-art-000247,ORT1888-cand-000247,247,ORTEGA1888-TEPIC-IA,27,23,1031,1032,Almorrana tener,Neuhritzé .N.,Almorrana tener. — Neuhritzé .N.,em_dash,matched_headword,high,machine_accepted,direct_page_headword_match,machine_derived,True,False
ORT1888-art-000248,ORT1888-cand-000248,248,ORTEGA1888-TEPIC-IA,27,23,1033,1034,Alta cosa,An ti te vi.,Alta cosa.— An ti te vi.,em_dash,matched_headword,high,machine_accepted,direct_page_headword_match,machine_derived,True,False
ORT1888-art-000249,ORT1888-cand-000249,249,ORTEGA1888-TEPIC-IA,27,23,1035,1036,Alto a ello,Naco.,Alto a ello. — Naco.,em_dash,matched_headword,high,machine_accepted,direct_page_headword_match,machine_derived,True,False
ORT1888-art-000250,ORT1888-cand-000250,250,ORTEGA1888-TEPIC-IA,27,23,1037,1038,Alto como árbol,Vhuatéte.,Alto como árbol.— Vhuatéte.,em_dash,matched_headword,high,machine_accepted,direct_page_headword_match,machine_derived,True,False
ORT1888-art-000251,ORT1888-cand-000251,251,ORTEGA1888-TEPIC-IA,27,23,1039,1040,Alto de cuerpo,Vhuatévi.,Alto de cuerpo. — Vhuatévi.,em_dash,matched_headword,high,machine_accepted,direct_page_headword_match,machine_derived,True,False
ORT1888-art-000252,ORT1888-cand-000252,252,ORTEGA1888-TEPIC-IA,27,23,1041,1042,Alumbrar con candela,Tatzabé. Ne.,Alumbrar con candela — Tatzabé. Ne.,em_dash,matched_headword,high,machine_accepted,direct_page_headword_match,machine_derived,True,False
ORT1888-art-000253,ORT1888-cand-000253,253,ORTEGA1888-TEPIC-IA,27,23,1043,1044,Alumbrar el sol,"NHuaxeca,","Alumbrar el sol.— NHuaxeca,",em_dash,matched_headword,high,machine_accepted,direct_page_headword_match,machine_derived,True,False
ORT1888-art-000254,ORT1888-cand-000254,254,ORTEGA1888-TEPIC-IA,27,23,1045,1050,Alumbre,Táatzi.,Alumbre. — Táatzi. | 24,em_dash,matched_headword,high,machine_accepted,direct_page_headword_match,machine_derived,True,False
ORT1888-art-000255,ORT1888-cand-000255,255,ORTEGA1888-TEPIC-IA,28,24,1051,1053,Albergarse para defenderse de la lluvia,Vhuavíte Xt.,Albergarse para defenderse de la lluvia. — Vhuavíte Xt. | Neahvite.,em_dash,matched_headword,high,machine_accepted,direct_page_headword_match,machine_derived,True,False
ORT1888-art-000256,ORT1888-cand-000256,256,ORTEGA1888-TEPIC-IA,28,24,1054,1056,Albergarle para defenderse del Sol,Vkéuite. N-eneké-,Albergarle para defenderse del Sol. — Vkéuite. N-eneké- | ni te.,em_dash,matched_headword,high,machine_accepted,direct_page_headword_match,machine_derived,True,False
ORT1888-art-000257,ORT1888-cand-000257,257,ORTEGA1888-TEPIC-IA,28,24,1057,1057,Ama de leche,vTétitzitc.,Ama de leche. — vTétitzitc.,em_dash,matched_headword,high,machine_accepted,direct_page_headword_match,machine_derived,True,False
ORT1888-art-000258,ORT1888-cand-000258,258,ORTEGA1888-TEPIC-IA,28,24,1058,1058,Amador,Timuáchéacáme. pl. tzi.,Amador. — Timuáchéacáme. pl. tzi.,em_dash,matched_headword,high,machine_accepted,direct_page_headword_match,machine_derived,True,False
ORT1888-art-000259,ORT1888-cand-000259,259,ORTEGA1888-TEPIC-IA,28,24,1059,1059,Amaga,Anenéchihua. Nete.,Amaga:. — Anenéchihua. Nete.,em_dash,matched_headword,high,machine_accepted,direct_page_headword_match,machine_derived,True,False
ORT1888-art-000260,ORT1888-cand-000260,260,ORTEGA1888-TEPIC-IA,28,24,1060,1060,Amancebarse hurtando la mtiger,Taunahua. Ni.,Amancebarse hurtando la mtiger. — Taunahua. Ni.,em_dash,matched_headword,high,machine_accepted,direct_page_headword_match,machine_derived,True,False
ORT1888-art-000261,ORT1888-cand-000261,261,ORTEGA1888-TEPIC-IA,28,24,1061,1061,A mano derecha,Taranta.,A mano derecha. — Taranta.,em_dash,matched_headword,high,machine_accepted,direct_page_headword_match,machine_derived,True,False
ORT1888-art-000262,ORT1888-cand-000262,262,ORTEGA1888-TEPIC-IA,28,24,1062,1063,A mano izquierda,Táutatá.,A mano izquierda. — Táutatá.,em_dash,matched_headword,high,machine_accepted,direct_page_headword_match,machine_derived,True,False
ORT1888-art-000263,ORT1888-cand-000263,263,ORTEGA1888-TEPIC-IA,28,24,1064,1064,"Amanecer, empezar á amanecer",Huatanéric. Kerist.,"Amanecer, empezar á amanecer. — Huatanéric. Kerist.",em_dash,matched_headword,high,machine_accepted,direct_page_headword_match,machine_derived,True,False
ORT1888-art-000264,ORT1888-cand-000264,264,ORTEGA1888-TEPIC-IA,28,24,1065,1065,"Amanecer, escl ai .- reí",H iiai fé ri ■. H ■•■■:■■■ ■ oareca.,"Amanecer, escl ai .- reí . — H iiai fé ri ■. H ■•■■:■■■ ■ oareca.",em_dash,matched_headword,high,machine_accepted,direct_page_headword_match,machine_derived,True,False
ORT1888-art-000265,ORT1888-cand-000265,265,ORTEGA1888-TEPIC-IA,28,24,1066,1066,Amanzar animales,M até. Neti.,Amanzar animales.— M até. Neti.,em_dash,matched_headword,high,machine_accepted,direct_page_headword_match,machine_derived,True,False
ORT1888-art-000266,ORT1888-cand-000266,266,ORTEGA1888-TEPIC-IA,28,24,1067,1067,Amar á oti,M íche. Neti.,Amar á oti . — M íche. Neti.,em_dash,matched_headword,high,machine_accepted,direct_page_headword_match,machine_derived,True,False
ORT1888-art-000267,ORT1888-cand-000267,267,ORTEGA1888-TEPIC-IA,28,24,1068,1068,Amarga cosa,Antzihvi.,Amarga cosa — Antzihvi.,em_dash,matched_headword,high,machine_accepted,direct_page_headword_match,machine_derived,True,False
ORT1888-art-000268,ORT1888-cand-000268,268,ORTEGA1888-TEPIC-IA,28,24,1069,1069,Amarillo,Téamuavi.,Amarillo. — Téamuavi.,em_dash,matched_headword,high,machine_accepted,direct_page_headword_match,machine_derived,True,False
ORT1888-art-000269,ORT1888-cand-000269,269,ORTEGA1888-TEPIC-IA,28,24,1070,1070,Amarillo estar,Teáumuá. Ne.,Amarillo estar. — Teáumuá. Ne.,em_dash,matched_headword,high,machine_accepted,direct_page_headword_match,machine_derived,True,False
ORT1888-art-000270,ORT1888-cand-000270,270,ORTEGA1888-TEPIC-IA,28,24,1071,1071,Amasar,Putna. Neti.,Amasar.— Putna. Neti.,em_dash,matched_headword,high,machine_accepted,direct_page_headword_match,machine_derived,True,False
ORT1888-art-000271,ORT1888-cand-000271,271,ORTEGA1888-TEPIC-IA,28,24,1072,1072,Am : „ s,Mahuaf át.,Am : „ s. — Mahuaf át.,em_dash,anchored_same_page,medium,machine_accepted,same_page_anchor_support,machine_derived,True,False
ORT1888-art-000272,ORT1888-cand-000272,272,ORTEGA1888-TEPIC-IA,28,24,1073,1073,A media noche,Aeítapoát. A'itateca.,A media noche. — Aeítapoát. A'itateca.,em_dash,matched_headword,high,machine_accepted,direct_page_headword_match,machine_derived,True,False
ORT1888-art-000273,ORT1888-cand-000273,273,ORTEGA1888-TEPIC-IA,28,24,1074,1074,A medio dia,Tahapoatacáco.,A medio dia. — Tahapoatacáco.,em_dash,matched_headword,high,machine_accepted,direct_page_headword_match,machine_derived,True,False
ORT1888-art-000274,ORT1888-cand-000274,274,ORTEGA1888-TEPIC-IA,28,24,1075,1075,Amo de siervo,Tetecual.,Amo de siervo. — Tetecual.,em_dash,matched_headword,high,machine_accepted,direct_page_headword_match,machine_derived,True,False
ORT1888-art-000275,ORT1888-cand-000275,275,ORTEGA1888-TEPIC-IA,28,24,1076,1076,Amohinar a otro,Haxcihie. Neti.,Amohinar a otro. — Haxcihie. Neti.,em_dash,matched_headword,high,machine_accepted,direct_page_headword_match,machine_derived,True,False
ORT1888-art-000276,ORT1888-cand-000276,276,ORTEGA1888-TEPIC-IA,28,24,1077,1077,Amolar,Véase «filar.,Amolar. — Véase «filar.,em_dash,matched_headword,high,machine_accepted,direct_page_headword_match,machine_derived,True,False
ORT1888-art-000277,ORT1888-cand-000277,277,ORTEGA1888-TEPIC-IA,28,24,1078,1078,Amonestar,Hih e. Neti.,Amonestar. — Hih e. Neti.,em_dash,matched_headword,high,machine_accepted,direct_page_headword_match,machine_derived,True,False
ORT1888-art-000278,ORT1888-cand-000278,278,ORTEGA1888-TEPIC-IA,28,24,1079,1079,Amonestación,Hihhuárití.,Amonestación. — Hihhuárití.,em_dash,matched_headword,high,machine_accepted,direct_page_headword_match,machine_derived,True,False
ORT1888-art-000279,ORT1888-cand-000279,279,ORTEGA1888-TEPIC-IA,28,24,1080,1080,Amontonar,Zewekre. Neti.,"Amontonar. ,— Zewekre. Neti.",em_dash,matched_headword,high,machine_accepted,direct_page_headword_match,machine_derived,True,False
ORT1888-art-000280,ORT1888-cand-000280,280,ORTEGA1888-TEPIC-IA,28,24,1081,1081,Amor,Muáhchiat.,Amor. — Muáhchiat.,em_dash,matched_headword,high,machine_accepted,direct_page_headword_match,machine_derived,True,False
ORT1888-art-000281,ORT1888-cand-000281,281,ORTEGA1888-TEPIC-IA,28,24,1082,1083,Amortajar,Ihche. Xeti.,Amortajar — Ihche. Xeti.,em_dash,matched_headword,high,machine_accepted,direct_page_headword_match,machine_derived,True,False
ORT1888-art-000282,ORT1888-cand-000282,282,ORTEGA1888-TEPIC-IA,28,24,1084,1084,Ampararse detras de algo,V hu a bata. Neneabata.,Ampararse detras de algo. — V hu a bata. Neneabata.,em_dash,matched_headword,high,machine_accepted,direct_page_headword_match,machine_derived,True,False
ORT1888-art-000283,ORT1888-cand-000283,283,ORTEGA1888-TEPIC-IA,27,23,1085,1090,A . - tener,A-inomezchea. N.,A . - tener. — A-inomezchea. N. | mm,em_dash,matched_headword,high,machine_accepted,direct_page_headword_match,machine_derived,True,False
ORT1888-art-000284,ORT1888-cand-000284,284,ORTEGA1888-TEPIC-IA,29,25,1094,1095,Anca ó cuadril,Ketzapoati.,Anca ó cuadril. — Ketzapoati.,em_dash,matched_headword,high,machine_accepted,direct_page_headword_match,machine_derived,True,False
ORT1888-art-000285,ORT1888-cand-000285,285,ORTEGA1888-TEPIC-IA,29,25,1096,1097,Ancha cosa,Yaohhua.,Ancha cosa. — Yaohhua.,em_dash,matched_headword,high,machine_accepted,direct_page_headword_match,machine_derived,True,False
ORT1888-art-000286,ORT1888-cand-000286,286,ORTEGA1888-TEPIC-IA,29,25,1098,1099,Anciana,-Purvearizt. pl. Murvearizi.,Anciana. — -Purvearizt. pl. Murvearizi.,em_dash,matched_headword,high,machine_accepted,direct_page_headword_match,machine_derived,True,False
ORT1888-art-000287,ORT1888-cand-000287,287,ORTEGA1888-TEPIC-IA,29,25,1100,1101,Anciano,Purvaztah. pl. Murb<whzi.,Anciano. — Purvaztah. pl. Murb<whzi.,em_dash,matched_headword,high,machine_accepted,direct_page_headword_match,machine_derived,True,False
ORT1888-art-000288,ORT1888-cand-000288,288,ORTEGA1888-TEPIC-IA,29,25,1102,1103,Andar,Ayeca. N.,Andar — Ayeca. N.,em_dash,matched_headword,high,machine_accepted,direct_page_headword_match,machine_derived,True,False
ORT1888-art-000289,ORT1888-cand-000289,289,ORTEGA1888-TEPIC-IA,29,25,1104,1105,Andar aprisa,Ayihbe.' N.,Andar aprisa. — Ayihbe.' N.,em_dash,matched_headword,high,machine_accepted,direct_page_headword_match,machine_derived,True,False
ORT1888-art-000290,ORT1888-cand-000290,290,ORTEGA1888-TEPIC-IA,29,25,1106,1107,Andar sobre uno de los pies,Titzunáche. Neatzonache.,Andar sobre uno de los pies. — Titzunáche. Neatzonache.,em_dash,matched_headword,high,machine_accepted,direct_page_headword_match,machine_derived,True,False
ORT1888-art-000291,ORT1888-cand-000291,291,ORTEGA1888-TEPIC-IA,29,25,1108,1109,Andar perdido en camino,Áubet. Ne.,Andar perdido en camino. — Áubet. Ne.,em_dash,matched_headword,high,machine_accepted,direct_page_headword_match,machine_derived,True,False
ORT1888-art-000292,ORT1888-cand-000292,292,ORTEGA1888-TEPIC-IA,29,25,1110,1111,Andas,Vtátziti.,Andas.— Vtátziti.,em_dash,matched_headword,high,machine_accepted,direct_page_headword_match,machine_derived,True,False
ORT1888-art-000293,ORT1888-cand-000293,293,ORTEGA1888-TEPIC-IA,29,25,1112,1113,Andas de muertos,Muechitvtátzi.,Andas de muertos. — Muechitvtátzi.,em_dash,matched_headword,high,machine_accepted,direct_page_headword_match,machine_derived,True,False
ORT1888-art-000294,ORT1888-cand-000294,294,ORTEGA1888-TEPIC-IA,29,25,1114,1115,Aligarse algo,Huacura Money ecá.,Aligarse algo. — Huacura Money ecá.,em_dash,matched_headword,high,machine_accepted,direct_page_headword_match,machine_derived,True,False
ORT1888-art-000295,ORT1888-cand-000295,295,ORTEGA1888-TEPIC-IA,29,25,1116,1117,"Angarilla, donde llevan la carga",Cacázti.,"Angarilla, donde llevan la carga. — Cacázti.",em_dash,matched_headword,high,machine_accepted,direct_page_headword_match,machine_derived,True,False
ORT1888-art-000296,ORT1888-cand-000296,296,ORTEGA1888-TEPIC-IA,29,25,1118,1119,Angosta cosa,At'úpuyaóhhua.,Angosta cosa. — At'úpuyaóhhua.,em_dash,matched_headword,high,machine_accepted,direct_page_headword_match,machine_derived,True,False
ORT1888-art-000297,ORT1888-cand-000297,297,ORTEGA1888-TEPIC-IA,29,25,1120,1121,Angosto camino,A tzüpu yánteme.,Angosto camino. — A tzüpu yánteme.,em_dash,matched_headword,high,machine_accepted,direct_page_headword_match,machine_derived,True,False
ORT1888-art-000298,ORT1888-cand-000298,298,ORTEGA1888-TEPIC-IA,29,25,1122,1123,Anguilla,^Vánacaé. pl. tzi.,Anguilla.— ^Vánacaé. pl. tzi.,em_dash,matched_headword,high,machine_accepted,direct_page_headword_match,machine_derived,True,False
ORT1888-art-000299,ORT1888-cand-000299,299,ORTEGA1888-TEPIC-IA,29,25,1124,1125,Angustiarse,Busca afligirse.,Angustiarse. — Busca afligirse.,em_dash,matched_headword,high,machine_accepted,direct_page_headword_match,machine_derived,True,False
ORT1888-art-000300,ORT1888-cand-000300,300,ORTEGA1888-TEPIC-IA,29,25,1126,1127,Angustia,Xamuéhreat.,Angustia. — Xamuéhreat.,em_dash,matched_headword,high,machine_accepted,direct_page_headword_match,machine_derived,True,False
ORT1888-art-000301,ORT1888-cand-000301,301,ORTEGA1888-TEPIC-IA,29,25,1128,1129,Angustiar á otro,Busca afligir.,Angustiar á otro — Busca afligir.,em_dash,matched_headword,high,machine_accepted,direct_page_headword_match,machine_derived,True,False
ORT1888-art-000302,ORT1888-cand-000302,302,ORTEGA1888-TEPIC-IA,29,25,1130,1131,"Anidar, hacer nido",Tevitoate. Netinitoaté.,"Anidar, hacer nido. — Tevitoate. Netinitoaté.",em_dash,matched_headword,high,machine_accepted,direct_page_headword_match,machine_derived,True,False
ORT1888-art-000303,ORT1888-cand-000303,303,ORTEGA1888-TEPIC-IA,29,25,1132,1133,"Animar, esforzar",Cañe. Neti.,"Animar, esforzar. ,— Cañe. Neti.",em_dash,matched_headword,high,machine_accepted,direct_page_headword_match,machine_derived,True,False
ORT1888-art-000304,ORT1888-cand-000304,304,ORTEGA1888-TEPIC-IA,29,25,1134,1135,Animoso,^CaptitzWhne.,Animoso.— ^CaptitzWhne.,em_dash,matched_headword,high,machine_accepted,direct_page_headword_match,machine_derived,True,False
ORT1888-art-000305,ORT1888-cand-000305,305,ORTEGA1888-TEPIC-IA,28,24,1136,1137,Anoche,Tahcaitecá.,Anoche. — Tahcaitecá.,em_dash,matched_headword,high,machine_accepted,direct_page_headword_match,machine_derived,True,False
ORT1888-art-000306,ORT1888-cand-000306,306,ORTEGA1888-TEPIC-IA,29,25,1138,1139,Anochecer,Huácánacá.,Anochecer. — Huácánacá.,em_dash,matched_headword,high,machine_accepted,direct_page_headword_match,machine_derived,True,False
ORT1888-art-000307,ORT1888-cand-000307,307,ORTEGA1888-TEPIC-IA,29,25,1140,1141,An tiei,Antahacai.,An tiei-. — Antahacai.,em_dash,matched_headword,high,machine_accepted,direct_page_headword_match,machine_derived,True,False
ORT1888-art-000308,ORT1888-cand-000308,308,ORTEGA1888-TEPIC-IA,29,25,1142,1143,Ante alguna persona,T'úiauzé. Tinericmetzé.,"Ante alguna persona, — T'úiauzé. Tinericmetzé.",em_dash,matched_headword,high,machine_accepted,direct_page_headword_match,machine_derived,True,False
ORT1888-art-000309,ORT1888-cand-000309,309,ORTEGA1888-TEPIC-IA,29,25,1144,1145,Anteceder o guiar,Anahcate. Ne.,Anteceder o guiar. -Anahcate. Ne.,hyphen_variant,matched_headword,medium,machine_accepted,direct_page_headword_match,machine_derived,True,False
ORT1888-art-000310,ORT1888-cand-000310,310,ORTEGA1888-TEPIC-IA,29,25,1146,1147,Antenado de varón,Tinaozi.,Antenado de varón. — Tinaozi.,em_dash,matched_headword,high,machine_accepted,direct_page_headword_match,machine_derived,True,False
ORT1888-art-000311,ORT1888-cand-000311,311,ORTEGA1888-TEPIC-IA,29,25,1148,1149,Antenado de muger,Tiyaoxahuari.,Antenado de muger. — Tiyaoxahuari.,em_dash,matched_headword,high,machine_accepted,direct_page_headword_match,machine_derived,True,False
ORT1888-art-000312,ORT1888-cand-000312,312,ORTEGA1888-TEPIC-IA,29,25,1150,1151,Antes ó primero,Ahcuazt.,Antes ó primero.— Ahcuazt.,em_dash,matched_headword,high,machine_accepted,direct_page_headword_match,machine_derived,True,False
ORT1888-art-000313,ORT1888-cand-000313,313,ORTEGA1888-TEPIC-IA,29,25,1152,1153,Antiguamente,Armita. Purmi. Mimacam.,Antiguamente. — Armita. Purmi. Mimacam.,em_dash,matched_headword,high,machine_accepted,direct_page_headword_match,machine_derived,True,False
ORT1888-art-000314,ORT1888-cand-000314,314,ORTEGA1888-TEPIC-IA,29,25,1154,1159,Anzuelo,"Quaitzepoari,","Anzuelo. — Quaitzepoari, | 26",em_dash,matched_headword,high,machine_accepted,direct_page_headword_match,machine_derived,True,False
ORT1888-art-000315,ORT1888-cand-000315,315,ORTEGA1888-TEPIC-IA,30,26,1160,1161,"Anzuelo, echar para pezcar",IJpequaitzépo.' Unequaitzé-,"Anzuelo, echar para pezcar. — IJpequaitzépo.' Unequaitzé-",em_dash,matched_headword,high,machine_accepted,direct_page_headword_match,machine_derived,True,False
ORT1888-art-000316,ORT1888-cand-000316,316,ORTEGA1888-TEPIC-IA,30,26,1162,1164,Añadir algo á lo que está falto,Ntibite. Nete. tbihpoaca,"Añadir algo á lo que está falto. — Ntibite. Nete. tbihpoaca | Nete""",em_dash,matched_headword,high,machine_accepted,direct_page_headword_match,machine_derived,True,False
ORT1888-art-000317,ORT1888-cand-000317,317,ORTEGA1888-TEPIC-IA,30,26,1165,1166,"Añublado, estar todo el cielo",Muabebé.,"Añublado, estar todo el cielo. — Muabebé. | Añublado, estar eu partes el cielo. Huaháita.",em_dash,matched_headword,high,machine_accepted,direct_page_headword_match,machine_derived,True,False
ORT1888-art-000318,ORT1888-cand-000318,318,ORTEGA1888-TEPIC-IA,30,26,1167,1167,Añudar algo,Ntitápe. Nete.,Añudar algo. — Ntitápe. Nete.,em_dash,matched_headword,high,machine_accepted,direct_page_headword_match,machine_derived,True,False
ORT1888-art-000319,ORT1888-cand-000319,319,ORTEGA1888-TEPIC-IA,30,26,1168,1168,Apacentar ganado,Huacuáite. Neti.,Apacentar ganado.— Huacuáite. Neti.,em_dash,matched_headword,high,machine_accepted,direct_page_headword_match,machine_derived,True,False
ORT1888-art-000320,ORT1888-cand-000320,320,ORTEGA1888-TEPIC-IA,30,26,1169,1169,Apagar fuego,Átiiátza. Ne.,Apagar fuego. — Átiiátza. Ne.,em_dash,matched_headword,high,machine_accepted,direct_page_headword_match,machine_derived,True,False
ORT1888-art-000321,ORT1888-cand-000321,321,ORTEGA1888-TEPIC-IA,30,26,1170,1170,Apagar la luz,Ak/itza. Ne. Ahéicata. Ne.,Apagar la luz. — Ak/itza. Ne. Ahéicata. Ne.,em_dash,matched_headword,high,machine_accepted,direct_page_headword_match,machine_derived,True,False
ORT1888-art-000322,ORT1888-cand-000322,322,ORTEGA1888-TEPIC-IA,30,26,1171,1172,Apalear,Teva. Neti.,Apalear. — Teva. Neti.,em_dash,matched_headword,high,machine_accepted,direct_page_headword_match,machine_derived,True,False
ORT1888-art-000323,ORT1888-cand-000323,323,ORTEGA1888-TEPIC-IA,30,26,1173,1173,Aparejarse para hacer algo,Timoátze. Ne.,Aparejarse para hacer algo.— Timoátze. Ne.,em_dash,matched_headword,high,machine_accepted,direct_page_headword_match,machine_derived,True,False
ORT1888-art-000324,ORT1888-cand-000324,324,ORTEGA1888-TEPIC-IA,30,26,1174,1174,Aparejar muías,Tezeáromaté. Neti.,Aparejar muías. — Tezeáromaté. Neti.,em_dash,matched_headword,high,machine_accepted,direct_page_headword_match,machine_derived,True,False
ORT1888-art-000325,ORT1888-cand-000325,325,ORTEGA1888-TEPIC-IA,30,26,1175,1175,Aparejo asi,Zearomoa.,Aparejo asi. — Zearomoa.,em_dash,matched_headword,high,machine_accepted,direct_page_headword_match,machine_derived,True,False
ORT1888-art-000326,ORT1888-cand-000326,326,ORTEGA1888-TEPIC-IA,30,26,1176,1176,Apartar algo,Báhuana. Nete.,"Apartar algo.,— Báhuana. Nete.",em_dash,matched_headword,high,machine_accepted,direct_page_headword_match,machine_derived,True,False
ORT1888-art-000327,ORT1888-cand-000327,327,ORTEGA1888-TEPIC-IA,30,26,1177,1180,Apartamiento así,Abáhuáueat.,Apartamiento así. — Abáhuáueat. | Apartar la gente para abrir camino. Uhuhuáhtache. | Unahuahtacbe.,em_dash,matched_headword,high,machine_accepted,direct_page_headword_match,machine_derived,True,False
ORT1888-art-000328,ORT1888-cand-000328,328,ORTEGA1888-TEPIC-IA,30,26,1181,1181,Apartar ganado,Auatáliuana. Nebuan tahua na.,Apartar ganado. — Auatáliuana. Nebuan tahua na.,em_dash,matched_headword,high,machine_accepted,direct_page_headword_match,machine_derived,True,False
ORT1888-art-000329,ORT1888-cand-000329,329,ORTEGA1888-TEPIC-IA,30,26,1182,1182,Apartarse dos caminos,Antacáte.,Apartarse dos caminos. — Antacáte.,em_dash,matched_headword,high,machine_accepted,direct_page_headword_match,machine_derived,True,False
ORT1888-art-000330,ORT1888-cand-000330,330,ORTEGA1888-TEPIC-IA,30,26,1183,1183,Aparte,Qea. Kémáeame.,"Aparte.,— Qea. Kémáeame.",em_dash,matched_headword,high,machine_accepted,direct_page_headword_match,machine_derived,True,False
ORT1888-art-000331,ORT1888-cand-000331,331,ORTEGA1888-TEPIC-IA,30,26,1184,1184,Apartarse del Caballo,Acamé. N.,Apartarse del Caballo. — Acamé. N.,em_dash,matched_headword,high,machine_accepted,direct_page_headword_match,machine_derived,True,False
ORT1888-art-000332,ORT1888-cand-000332,332,ORTEGA1888-TEPIC-IA,30,26,1185,1185,Apedrear á otro,Titoáxe. Neti.,Apedrear á otro. — Titoáxe. Neti.,em_dash,matched_headword,high,machine_accepted,direct_page_headword_match,machine_derived,True,False
ORT1888-art-000333,ORT1888-cand-000333,333,ORTEGA1888-TEPIC-IA,30,26,1186,1186,Apercibirse para hacer algo,Busca aparejarse.,Apercibirse para hacer algo. — Busca aparejarse.,em_dash,matched_headword,high,machine_accepted,direct_page_headword_match,machine_derived,True,False
ORT1888-art-000334,ORT1888-cand-000334,334,ORTEGA1888-TEPIC-IA,30,26,1187,1187,Apetecer algo,Xebé. Neti.,Apetecer algo. — Xebé. Neti.,em_dash,matched_headword,high,machine_accepted,direct_page_headword_match,machine_derived,True,False
ORT1888-art-000335,ORT1888-cand-000335,335,ORTEGA1888-TEPIC-IA,30,26,1188,1188,Aplacar a alguno,Taihmowhri. Neteu.,Aplacar a alguno. — Taihmowhri. Neteu.,em_dash,matched_headword,high,machine_accepted,direct_page_headword_match,machine_derived,True,False
ORT1888-art-000336,ORT1888-cand-000336,336,ORTEGA1888-TEPIC-IA,30,26,1189,1189,Aporrear con tierra alguna cosa,"Chuáma. Neti,","Aporrear con tierra alguna cosa. — Chuáma. Neti,",em_dash,matched_headword,high,machine_accepted,direct_page_headword_match,machine_derived,True,False
ORT1888-art-000337,ORT1888-cand-000337,337,ORTEGA1888-TEPIC-IA,30,26,1190,1190,Aporrear á alguno,Meé. Neti.,Aporrear á alguno. — Meé. Neti.,em_dash,matched_headword,high,machine_accepted,direct_page_headword_match,machine_derived,True,False
ORT1888-art-000338,ORT1888-cand-000338,338,ORTEGA1888-TEPIC-IA,30,26,1191,1191,Apostar en el juego,Tea. Neti.,Apostar en el juego. — Tea. Neti.,em_dash,matched_headword,high,machine_accepted,direct_page_headword_match,machine_derived,True,False
ORT1888-art-000339,ORT1888-cand-000339,339,ORTEGA1888-TEPIC-IA,30,26,1192,1192,Aprensar,Tache. Neti.,Aprensar. — Tache. Neti.,em_dash,matched_headword,high,machine_accepted,direct_page_headword_match,machine_derived,True,False
ORT1888-art-000340,ORT1888-cand-000340,340,ORTEGA1888-TEPIC-IA,30,26,1193,1193,Aprensadora,Táchehat.,"Aprensadora, — Táchehat.",em_dash,matched_headword,high,machine_accepted,direct_page_headword_match,machine_derived,True,False
ORT1888-art-000341,ORT1888-cand-000341,341,ORTEGA1888-TEPIC-IA,30,26,1194,1196,Apresurarse,Viyéta. Neniyeta.,"Apresurarse, — Viyéta. Neniyeta.",em_dash,matched_headword,high,machine_accepted,direct_page_headword_match,machine_derived,True,False
,ORT1888-cand-000342,342,ORTEGA1888-TEPIC-IA,30,26,1197,1202,mu,*n,mu-*n | 27,hyphen_variant,inferred_sequence,low,machine_rejected,prefolio_noise_between_consecutive_direct_page_anchors,machine_derived,False,False
ORT1888-art-000343,ORT1888-cand-000343,343,ORTEGA1888-TEPIC-IA,31,27,1203,1204,Apresuramiento,V.iyéfcat:,Apresuramiento. — V.iyéfcat:,em_dash,matched_headword,high,machine_accepted,direct_page_headword_match,machine_derived,True,False
ORT1888-art-000344,ORT1888-cand-000344,344,ORTEGA1888-TEPIC-IA,31,27,1205,1206,Apretar algo con los brazos,Caté. Neti.,Apretar algo con los brazos. — Caté. Neti.,em_dash,matched_headword,high,machine_accepted,direct_page_headword_match,machine_derived,True,False
ORT1888-art-000345,ORT1888-cand-000345,345,ORTEGA1888-TEPIC-IA,31,27,1207,1208,Apretar la reata por medio de la carga,Á\¿ean&. Ne.,Apretar la reata por medio de la carga. — Á\¿ean&. Ne.,em_dash,matched_headword,high,machine_accepted,direct_page_headword_match,machine_derived,True,False
ORT1888-art-000346,ORT1888-cand-000346,346,ORTEGA1888-TEPIC-IA,31,27,1209,1211,Apretar por detras ó delante de la mida,Acurarahuána.,Apretar por detras ó delante de la mida. — Acurarahuána. | Ne. Acuracáne. Ne.,em_dash,matched_headword,high,machine_accepted,direct_page_headword_match,machine_derived,True,False
ORT1888-art-000347,ORT1888-cand-000347,347,ORTEGA1888-TEPIC-IA,31,27,1212,1213,Apretar como el tercio,Acurahékehua. Nete.,"Apretar como el tercio. ,— Acurahékehua. Nete.",em_dash,matched_headword,high,machine_accepted,direct_page_headword_match,machine_derived,True,False
ORT1888-art-000348,ORT1888-cand-000348,348,ORTEGA1888-TEPIC-IA,31,27,1214,1215,Apretar algo como la mano,Nteácate. Nete.,Apretar algo como la mano. — Nteácate. Nete.,em_dash,matched_headword,high,machine_accepted,direct_page_headword_match,machine_derived,True,False
ORT1888-art-000349,ORT1888-cand-000349,349,ORTEGA1888-TEPIC-IA,31,27,1216,1217,Apretar los dientes,s Aheche. Nebeche.,Apretar los dientes.— s Aheche. Nebeche.,em_dash,matched_headword,high,machine_accepted,direct_page_headword_match,machine_derived,True,False
ORT1888-art-000350,ORT1888-cand-000350,350,ORTEGA1888-TEPIC-IA,31,27,1218,1219,Apriesa,Viyetat.,Apriesa. — Viyetat.,em_dash,matched_headword,high,machine_accepted,direct_page_headword_match,machine_derived,True,False
ORT1888-art-000351,ORT1888-cand-000351,351,ORTEGA1888-TEPIC-IA,31,27,1220,1222,Apropiarse alguna cosa,Huateuacórtzite. Neteutancórt-,Apropiarse alguna cosa — Huateuacórtzite. Neteutancórt- | zite.,em_dash,matched_headword,high,machine_accepted,direct_page_headword_match,machine_derived,True,False
ORT1888-art-000352,ORT1888-cand-000352,352,ORTEGA1888-TEPIC-IA,31,27,1223,1224,Aprobar alguna cosa por buena,Taxébe. Neteu.,Aprobar alguna cosa por buena. — Taxébe. Neteu.,em_dash,matched_headword,high,machine_accepted,direct_page_headword_match,machine_derived,True,False
ORT1888-art-000353,ORT1888-cand-000353,353,ORTEGA1888-TEPIC-IA,31,27,1225,1226,Apuntar á otro,Gurebechi. Neti.,Apuntar á otro. — Gurebechi. Neti.,em_dash,matched_headword,high,machine_accepted,direct_page_headword_match,machine_derived,True,False
ORT1888-art-000354,ORT1888-cand-000354,354,ORTEGA1888-TEPIC-IA,31,27,1227,1228,Apuntalar algo,fttzit/é Neteu.,Apuntalar algo. — fttzit/é Neteu.,em_dash,matched_headword,high,machine_accepted,direct_page_headword_match,machine_derived,True,False
ORT1888-art-000355,ORT1888-cand-000355,355,ORTEGA1888-TEPIC-IA,31,27,1229,1231,Apuntar con el dedo a alguna parte,Vpauxeté. Vnauxe-,Apuntar con el dedo a alguna parte. -Vpauxeté. Vnauxe- | té.,hyphen_variant,matched_headword,medium,machine_accepted,direct_page_headword_match,machine_derived,True,False
ORT1888-art-000356,ORT1888-cand-000356,356,ORTEGA1888-TEPIC-IA,31,27,1232,1233,Arpié hora?,Atzatue?,Arpié hora? — Atzatue?,em_dash,matched_headword,high,machine_accepted,direct_page_headword_match,machine_derived,True,False
ORT1888-art-000357,ORT1888-cand-000357,357,ORTEGA1888-TEPIC-IA,31,27,1234,1235,Aquel,Aehpu.,Aquel. -^Aehpu.,hyphen_variant,matched_headword,medium,machine_accepted,direct_page_headword_match,machine_derived,True,False
ORT1888-art-000358,ORT1888-cand-000358,358,ORTEGA1888-TEPIC-IA,31,27,1236,1237,Aquellos,A ehmo.,Aquellos. — A ehmo.,em_dash,matched_headword,high,machine_accepted,direct_page_headword_match,machine_derived,True,False
ORT1888-art-000359,ORT1888-cand-000359,359,ORTEGA1888-TEPIC-IA,31,27,1238,1239,Aquello,Etnie. Mtf^inuec.,Aquello. — Etnie. Mtf^inuec.,em_dash,matched_headword,high,machine_accepted,direct_page_headword_match,machine_derived,True,False
ORT1888-art-000360,ORT1888-cand-000360,360,ORTEGA1888-TEPIC-IA,31,27,1240,1241,Aqueso mismo,Amuéhca.,Aqueso mismo. — Amuéhca.,em_dash,matched_headword,high,machine_accepted,direct_page_headword_match,machine_derived,True,False
ORT1888-art-000361,ORT1888-cand-000361,361,ORTEGA1888-TEPIC-IA,31,27,1242,1243,Aqueste mismo,Tic.,Aqueste mismo. — Tic.,em_dash,matched_headword,high,machine_accepted,direct_page_headword_match,machine_derived,True,False
ORT1888-art-000362,ORT1888-cand-000362,362,ORTEGA1888-TEPIC-IA,31,27,1244,1245,A qué tiempo?,Anatuc?,A qué tiempo? — Anatuc?,em_dash,matched_headword,high,machine_accepted,direct_page_headword_match,machine_derived,True,False
ORT1888-art-000363,ORT1888-cand-000363,363,ORTEGA1888-TEPIC-IA,31,27,1246,1247,Aquí,Iye.,Aquí. — Iye.,em_dash,matched_headword,high,machine_accepted,direct_page_headword_match,machine_derived,True,False
ORT1888-art-000364,ORT1888-cand-000364,364,ORTEGA1888-TEPIC-IA,31,27,1248,1249,A quien?,Atac?,A quien?; — Atac?,em_dash,matched_headword,high,machine_accepted,direct_page_headword_match,machine_derived,True,False
ORT1888-art-000365,ORT1888-cand-000365,365,ORTEGA1888-TEPIC-IA,31,27,1250,1251,Arar con bueyes,Taceáhua. Ne.,Arar con bueyes. — Taceáhua. Ne.,em_dash,matched_headword,high,machine_accepted,direct_page_headword_match,machine_derived,True,False
ORT1888-art-000366,ORT1888-cand-000366,366,ORTEGA1888-TEPIC-IA,31,27,1252,1253,Araña,"Tucati. pl. Tu cate i,","Araña. — Tucati. pl. Tu cate i,",em_dash,matched_headword,high,machine_accepted,direct_page_headword_match,machine_derived,True,False
ORT1888-art-000367,ORT1888-cand-000367,367,ORTEGA1888-TEPIC-IA,31,27,1254,1256,"Árbol, generalmente palo ó madero",^Couyet.,"Árbol, generalmente palo ó madero.— ^Couyet. | Árbol cuya raiz tomada en la boca es muy eficaz para do-",em_dash,matched_headword,high,machine_accepted,direct_page_headword_match,machine_derived,True,False
ORT1888-art-000368,ORT1888-cand-000368,368,ORTEGA1888-TEPIC-IA,31,27,1257,1259,lor de muelas,Tamaehhuoa.,lor de muelas. — Tamaehhuoa. | Árbol cuya corteza sirve para ínchasones de golpe y para,em_dash,matched_headword,high,machine_accepted,direct_page_headword_match,machine_derived,True,False
ORT1888-art-000369,ORT1888-cand-000369,369,ORTEGA1888-TEPIC-IA,31,27,1260,1265,encarnar mataduras de Caballo,Hunuaxá.,encarnar mataduras de Caballo. — Hunuaxá. | BÍírea*'^,em_dash,matched_headword,high,machine_accepted,direct_page_headword_match,machine_derived,True,False
ORT1888-art-000370,ORT1888-cand-000370,370,ORTEGA1888-TEPIC-IA,32,28,1269,1272,matar los piojos,Umuás-,"matar los piojos. — Umuás- | í las mujeres, que pa-",em_dash,matched_headword,high,machine_accepted,direct_page_headword_match,machine_derived,True,False
ORT1888-art-000371,ORT1888-cand-000371,371,ORTEGA1888-TEPIC-IA,32,28,1273,1278,em peines,Aitzü-,"em peines. — Aitzü- | ani males, como Le.o- | Arbol cuya corteza sirve para",em_dash,matched_headword,high,machine_accepted,direct_page_headword_match,machine_derived,True,False
ORT1888-art-000372,ORT1888-cand-000372,372,ORTEGA1888-TEPIC-IA,32,28,1282,1287,decen de las caderas,Muaxa.,decen de las caderas. — Muaxa. | Árbol cuya leche es buena para cu raí | ri. | Árbol cuya raiz es eficaz para matar,em_dash,matched_headword,high,machine_accepted,direct_page_headword_match,machine_derived,True,False
ORT1888-art-000373,ORT1888-cand-000373,373,ORTEGA1888-TEPIC-IA,32,28,1288,1290,"nes, Caimanes, etc",Cayechi.,"nes, Caimanes, etc. — Cayechi. | Árbol cuyas hojas y cáscalas hervidas, y bebida el agua",em_dash,matched_headword,high,machine_accepted,direct_page_headword_match,machine_derived,True,False
ORT1888-art-000374,ORT1888-cand-000374,374,ORTEGA1888-TEPIC-IA,32,28,1291,1295,dicen ser eficaz para el que tiene cursos,Euvn.,dicen ser eficaz para el que tiene cursos. — Euvn. | Árbol cuya corteza suele servir de jabón á los pobres. — | Quanixa. | Árbol cuya raiz es eficaz para soldar cualquier hueso que-,em_dash,matched_headword,high,machine_accepted,direct_page_headword_match,machine_derived,True,False
ORT1888-art-000375,ORT1888-cand-000375,375,ORTEGA1888-TEPIC-IA,32,28,1296,1296,brado,Náchiabhua.,brado.— Náchiabhua.,em_dash,matched_headword,high,machine_accepted,direct_page_headword_match,machine_derived,True,False
ORT1888-art-000376,ORT1888-cand-000376,376,ORTEGA1888-TEPIC-IA,32,28,1297,1297,Arboleda,Cóuyetzahta,Arboleda. — Cóuyetzahta,em_dash,matched_headword,high,machine_accepted,direct_page_headword_match,machine_derived,True,False
ORT1888-art-000377,ORT1888-cand-000377,377,ORTEGA1888-TEPIC-IA,32,28,1298,1298,Arco para tirar flecha,Tunamoati.,Arco para tirar flecha. — Tunamoati.,em_dash,matched_headword,high,machine_accepted,direct_page_headword_match,machine_derived,True,False
ORT1888-art-000378,ORT1888-cand-000378,378,ORTEGA1888-TEPIC-IA,32,28,1299,1299,Arco del cielo,Cuuxat.,Arco del cielo. — Cuuxat.,em_dash,matched_headword,high,machine_accepted,direct_page_headword_match,machine_derived,True,False
ORT1888-art-000379,ORT1888-cand-000379,379,ORTEGA1888-TEPIC-IA,31,27,1300,1300,Arco,Tot u a ri.,Arco. — Tot u a ri.,em_dash,matched_headword,high,machine_accepted,direct_page_headword_match,machine_derived,True,False
ORT1888-art-000380,ORT1888-cand-000380,380,ORTEGA1888-TEPIC-IA,32,28,1301,1301,Arcos poner,Titotna. Ne.,Arcos poner.— Titotna. Ne.,em_dash,matched_headword,high,machine_accepted,direct_page_headword_match,machine_derived,True,False
ORT1888-art-000381,ORT1888-cand-000381,381,ORTEGA1888-TEPIC-IA,32,28,1302,1302,Arderse algo,Taa Nea.,Arderse algo — Taa Nea.,em_dash,matched_headword,high,machine_accepted,direct_page_headword_match,machine_derived,True,False
ORT1888-art-000382,ORT1888-cand-000382,382,ORTEGA1888-TEPIC-IA,32,28,1303,1303,Arder la lumbre,Ata.,Arder la lumbre. — Ata.,em_dash,matched_headword,high,machine_accepted,direct_page_headword_match,machine_derived,True,False
ORT1888-art-000383,ORT1888-cand-000383,383,ORTEGA1888-TEPIC-IA,32,28,1304,1304,Arder la candela,Antitá.,Arder la candela. — Antitá.,em_dash,matched_headword,high,machine_accepted,direct_page_headword_match,machine_derived,True,False
ORT1888-art-000384,ORT1888-cand-000384,384,ORTEGA1888-TEPIC-IA,32,28,1305,1305,Arena,Cehti.,Arena. — Cehti.,em_dash,matched_headword,high,machine_accepted,direct_page_headword_match,machine_derived,True,False
ORT1888-art-000385,ORT1888-cand-000385,385,ORTEGA1888-TEPIC-IA,32,28,1306,1306,Arenal. r,Ceáta.,Arenal. r-Ceáta.,hyphen_variant,matched_headword,medium,machine_accepted,direct_page_headword_match,machine_derived,True,False
ORT1888-art-000386,ORT1888-cand-000386,386,ORTEGA1888-TEPIC-IA,32,28,1307,1307,Arenosa cosa,Ceamuavi.,Arenosa cosa. — Ceamuavi.,em_dash,matched_headword,high,machine_accepted,direct_page_headword_match,machine_derived,True,False
ORT1888-art-000387,ORT1888-cand-000387,387,ORTEGA1888-TEPIC-IA,32,28,1308,1309,Arina,Maa/^wziti.,Arina. — Maa/^wziti.,em_dash,matched_headword,high,machine_accepted,direct_page_headword_match,machine_derived,True,False
ORT1888-art-000388,ORT1888-cand-000388,388,ORTEGA1888-TEPIC-IA,32,28,1310,1310,Armarse para batalla,Utahua. Nean tahua.,Armarse para batalla.-- Utahua. Nean tahua.,hyphen_variant,matched_headword,medium,machine_accepted,direct_page_headword_match,machine_derived,True,False
ORT1888-art-000389,ORT1888-cand-000389,389,ORTEGA1888-TEPIC-IA,32,28,1311,1311,"Armadillo, animal",X^wyet. pl. tzi,"Armadillo, animal. — X^wyet. pl. tzi",em_dash,matched_headword,high,machine_accepted,direct_page_headword_match,machine_derived,True,False
ORT1888-art-000390,ORT1888-cand-000390,390,ORTEGA1888-TEPIC-IA,32,28,1312,1312,Arraigarse algo ó hechar raices,Ahuaobauate. N.,Arraigarse algo ó hechar raices. — Ahuaobauate. N.,em_dash,matched_headword,high,machine_accepted,direct_page_headword_match,machine_derived,True,False
ORT1888-art-000391,ORT1888-cand-000391,391,ORTEGA1888-TEPIC-IA,32,28,1313,1313,Arrancar algo de raiz,", Tacú pí. Nete.","Arrancar algo de raiz.— , Tacú pí. Nete.",em_dash,matched_headword,high,machine_accepted,direct_page_headword_match,machine_derived,True,False
ORT1888-art-000392,ORT1888-cand-000392,392,ORTEGA1888-TEPIC-IA,32,28,1314,1319,Arrancar lo que está hincado,"Tana, Nete.","Arrancar lo que está hincado. — Tana, Nete. | 29",em_dash,matched_headword,high,machine_accepted,direct_page_headword_match,machine_derived,True,False
ORT1888-art-000393,ORT1888-cand-000393,393,ORTEGA1888-TEPIC-IA,33,29,1320,1321,Arrancar pelos,Tacupi. Nete._,Arrancar pelos --Tacupi. Nete._,hyphen_variant,matched_headword,medium,machine_accepted,direct_page_headword_match,machine_derived,True,False
ORT1888-art-000394,ORT1888-cand-000394,394,ORTEGA1888-TEPIC-IA,33,29,1322,1323,Arrastrar algo,Teahánane. Neti.,Arrastrar algo. — Teahánane. Neti.,em_dash,matched_headword,high,machine_accepted,direct_page_headword_match,machine_derived,True,False
ORT1888-art-000395,ORT1888-cand-000395,395,ORTEGA1888-TEPIC-IA,33,29,1324,1325,Arrastrar el Caballo á alguno,Tzftrazte. Neten.,Arrastrar el Caballo á alguno. — Tzftrazte. Neten.,em_dash,matched_headword,high,machine_accepted,direct_page_headword_match,machine_derived,True,False
ORT1888-art-000396,ORT1888-cand-000396,396,ORTEGA1888-TEPIC-IA,33,29,1326,1327,Arrastrar de los cabellos,".Cancona, Neti.","Arrastrar de los cabellos.— .Cancona, Neti.",em_dash,matched_headword,high,machine_accepted,direct_page_headword_match,machine_derived,True,False
ORT1888-art-000397,ORT1888-cand-000397,397,ORTEGA1888-TEPIC-IA,33,29,1328,1329,Arrebatar algo,Ahueanahuári. Nete.,"Arrebatar algo. ,— Ahueanahuári. Nete.",em_dash,matched_headword,high,machine_accepted,direct_page_headword_match,machine_derived,True,False
ORT1888-art-000398,ORT1888-cand-000398,398,ORTEGA1888-TEPIC-IA,33,29,1330,1331,Arremangar á la muger,Vhyeuhpata. Nete.,Arremangar á la muger. — Vhyeuhpata. Nete.,em_dash,matched_headword,high,machine_accepted,direct_page_headword_match,machine_derived,True,False
ORT1888-art-000399,ORT1888-cand-000399,399,ORTEGA1888-TEPIC-IA,33,29,1332,1333,Arrendar algo á renta,Tte Neten.,Arrendar algo á renta. — Tte Neten.,em_dash,matched_headword,high,machine_accepted,direct_page_headword_match,machine_derived,True,False
ORT1888-art-000400,ORT1888-cand-000400,400,ORTEGA1888-TEPIC-IA,33,29,1334,1335,Arrepentirse de lo hecho,.Autaumuarercaca. N.,Arrepentirse de lo hecho. — .Autaumuarercaca. N.,em_dash,matched_headword,high,machine_accepted,direct_page_headword_match,machine_derived,True,False
ORT1888-art-000401,ORT1888-cand-000401,401,ORTEGA1888-TEPIC-IA,33,29,1336,1337,Anesgarse á hacer algo. r,Veanheiyete. Nucaneiyete.,Anesgarse á hacer algo. r-Veanheiyete. Nucaneiyete.,hyphen_variant,matched_headword,medium,machine_accepted,direct_page_headword_match,machine_derived,True,False
ORT1888-art-000402,ORT1888-cand-000402,402,ORTEGA1888-TEPIC-IA,33,29,1338,1339,Arriba,Méhtevi.,Arriba.— Méhtevi.,em_dash,matched_headword,high,machine_accepted,direct_page_headword_match,machine_derived,True,False
ORT1888-art-000403,ORT1888-cand-000403,403,ORTEGA1888-TEPIC-IA,33,29,1340,1341,Arriba no lejos,Mehtivéhiri.,Arriba no lejos. — Mehtivéhiri.,em_dash,matched_headword,high,machine_accepted,direct_page_headword_match,machine_derived,True,False
ORT1888-art-000404,ORT1888-cand-000404,404,ORTEGA1888-TEPIC-IA,33,29,1342,1343,Arriba lejos y alto conn» el cerro,Vhtevicühmoa.,Arriba lejos y alto conn» el cerro. ^-Vhtevicühmoa.,hyphen_variant,matched_headword,medium,machine_accepted,direct_page_headword_match,machine_derived,True,False
ORT1888-art-000405,ORT1888-cand-000405,405,ORTEGA1888-TEPIC-IA,33,29,1344,1345,Ai riba por donde viene el rio,Yuhtepoa. Mehtepoa.,Ai riba por donde viene el rio. — Yuhtepoa. Mehtepoa.,em_dash,matched_headword,high,machine_accepted,direct_page_headword_match,machine_derived,True,False
ORT1888-art-000406,ORT1888-cand-000406,406,ORTEGA1888-TEPIC-IA,33,29,1346,1347,Arriba como en la azotea,Méntevi.,Arriba como en la azotea. — Méntevi.,em_dash,matched_headword,high,machine_accepted,direct_page_headword_match,machine_derived,True,False
ORT1888-art-000407,ORT1888-cand-000407,407,ORTEGA1888-TEPIC-IA,33,29,1348,1350,Animarse á alguna cosa,Etzanpuhaxcuhre. Etzanuá,Animarse á alguna cosa. — Etzanpuhaxcuhre. Etzanuá | xenliere.,em_dash,matched_headword,high,machine_accepted,direct_page_headword_match,machine_derived,True,False
ORT1888-art-000408,ORT1888-cand-000408,408,ORTEGA1888-TEPIC-IA,33,29,1351,1351,Arrodillarse,Ti ton 6'. Neatonó.,Arrodillarse. — Ti ton 6'. Neatonó.,em_dash,matched_headword,high,machine_accepted,direct_page_headword_match,machine_derived,True,False
ORT1888-art-000409,ORT1888-cand-000409,409,ORTEGA1888-TEPIC-IA,33,29,1352,1352,Atrojar algo,Tae. Neten.,Atrojar algo. — Tae. Neten.,em_dash,matched_headword,high,machine_accepted,direct_page_headword_match,machine_derived,True,False
ORT1888-art-000410,ORT1888-cand-000410,410,ORTEGA1888-TEPIC-IA,33,29,1353,1354,Arroyo,A<hit.,Arroyo. — A<hit.,em_dash,matched_headword,high,machine_accepted,direct_page_headword_match,machine_derived,True,False
ORT1888-art-000411,ORT1888-cand-000411,411,ORTEGA1888-TEPIC-IA,33,29,1355,1355,"Arrollar manta, estera, etc",Tahiií. Neten.,"Arrollar manta, estera, etc. — Tahiií. Neten.",em_dash,matched_headword,high,machine_accepted,direct_page_headword_match,machine_derived,True,False
ORT1888-art-000412,ORT1888-cand-000412,412,ORTEGA1888-TEPIC-IA,33,29,1356,1356,Arropai',Bánamoa. Nete.,Arropai'. — Bánamoa. Nete.,em_dash,matched_headword,high,machine_accepted,direct_page_headword_match,machine_derived,True,False
ORT1888-art-000413,ORT1888-cand-000413,413,ORTEGA1888-TEPIC-IA,33,29,1357,1357,Arrugar ó plegar,Auxütaí. Neti.,Arrugar ó plegar. — Auxütaí. Neti.,em_dash,matched_headword,high,machine_accepted,direct_page_headword_match,machine_derived,True,False
ORT1888-art-000414,ORT1888-cand-000414,414,ORTEGA1888-TEPIC-IA,33,29,1358,1358,Arrugada tener la cara,Viteahuaini Ne.,"Arrugada tener la cara, — Viteahuaini Ne.",em_dash,matched_headword,high,machine_accepted,direct_page_headword_match,machine_derived,True,False
ORT1888-art-000415,ORT1888-cand-000415,415,ORTEGA1888-TEPIC-IA,33,29,1359,1359,Altarse por comer mucho,Huatahuxái. Natahuaxai.,Altarse por comer mucho. — Huatahuxái. Natahuaxai.,em_dash,matched_headword,high,machine_accepted,direct_page_headword_match,machine_derived,True,False
ORT1888-art-000416,ORT1888-cand-000416,416,ORTEGA1888-TEPIC-IA,33,29,1360,1360,Asaetear,Tamui. Neten.,Asaetear. — Tamui. Neten.,em_dash,matched_headword,high,machine_accepted,direct_page_headword_match,machine_derived,True,False
ORT1888-art-000417,ORT1888-cand-000417,417,ORTEGA1888-TEPIC-IA,33,29,1361,1361,Asco tener de algo,Xanavi Neti.,"Asco tener de algo. ,— Xanavi Neti.",em_dash,matched_headword,high,machine_accepted,direct_page_headword_match,machine_derived,True,False
ORT1888-art-000418,ORT1888-cand-000418,418,ORTEGA1888-TEPIC-IA,33,29,1362,1362,Asir algo,Té vi. Neten.,Asir algo. — Té vi. Neten.,em_dash,matched_headword,high,machine_accepted,direct_page_headword_match,machine_derived,True,False
ORT1888-art-000419,ORT1888-cand-000419,419,ORTEGA1888-TEPIC-IA,33,29,1363,1363,Asirse de algo,Tiatévi. Tinatévi.,Asirse de algo — Tiatévi. Tinatévi.,em_dash,matched_headword,high,machine_accepted,direct_page_headword_match,machine_derived,True,False
ORT1888-art-000420,ORT1888-cand-000420,420,ORTEGA1888-TEPIC-IA,33,29,1364,1364,Asma tener,Iaxuhpua. Ne.,Asma tener. — Iaxuhpua. Ne.,em_dash,matched_headword,high,machine_accepted,direct_page_headword_match,machine_derived,True,False
ORT1888-art-000421,ORT1888-cand-000421,421,ORTEGA1888-TEPIC-IA,33,29,1365,1365,Asolear algo,"Hatzia, Neti.","Asolear algo. — Hatzia, Neti.",em_dash,matched_headword,high,machine_accepted,direct_page_headword_match,machine_derived,True,False
ORT1888-art-000422,ORT1888-cand-000422,422,ORTEGA1888-TEPIC-IA,33,29,1366,1371,Áspera cosa,Cachea Ceauehiá.,Áspera cosa. — Cachea Ceauehiá. | 30,em_dash,matched_headword,high,machine_accepted,direct_page_headword_match,machine_derived,True,False
ORT1888-art-000423,ORT1888-cand-000423,423,ORTEGA1888-TEPIC-IA,34,30,1372,1373,Asena ó brasa,Teuxcuárit.,Asena ó brasa.-^Teuxcuárit.,hyphen_variant,matched_headword,medium,machine_accepted,direct_page_headword_match,machine_derived,True,False
ORT1888-art-000424,ORT1888-cand-000424,424,ORTEGA1888-TEPIC-IA,34,30,1374,1375,Asar,Huarácca. Neti.,Asar. — Huarácca. Neti.,em_dash,matched_headword,high,machine_accepted,direct_page_headword_match,machine_derived,True,False
ORT1888-art-000425,ORT1888-cand-000425,425,ORTEGA1888-TEPIC-IA,34,30,1376,1377,Asador en que se asa,Hua^'xcamet.,Asador en que se asa. — Hua^'xcamet.,em_dash,matched_headword,high,machine_accepted,direct_page_headword_match,machine_derived,True,False
ORT1888-art-000426,ORT1888-cand-000426,426,ORTEGA1888-TEPIC-IA,34,30,1378,1379,Asentarse las heces,Vhuateyeux. Vhuáteaoceaehri.,Asentarse las heces.— Vhuateyeux. Vhuáteaoceaehri.,em_dash,matched_headword,high,machine_accepted,direct_page_headword_match,machine_derived,True,False
ORT1888-art-000427,ORT1888-cand-000427,427,ORTEGA1888-TEPIC-IA,34,30,1380,1381,Asi,Ayahna.,Asi. — Ayahna.,em_dash,matched_headword,high,machine_accepted,direct_page_headword_match,machine_derived,True,False
ORT1888-art-000428,ORT1888-cand-000428,428,ORTEGA1888-TEPIC-IA,34,30,1382,1384,"Así, de ests manera",leí Iteupi. Iescu. Iteupene. Iete-,"Así, de ests manera. — leí Iteupi. Iescu. Iteupene. Iete- | vi.",em_dash,matched_headword,high,machine_accepted,direct_page_headword_match,machine_derived,True,False
ORT1888-art-000429,ORT1888-cand-000429,429,ORTEGA1888-TEPIC-IA,34,30,1385,1385,"Asiento, donde se sientan",Eupuarr.,"Asiento, donde se sientan. — Eupuarr.",em_dash,matched_headword,high,machine_accepted,direct_page_headword_match,machine_derived,True,False
ORT1888-art-000430,ORT1888-cand-000430,430,ORTEGA1888-TEPIC-IA,34,30,1386,1386,Asolar ó destruir,"Xeux, Neti.","Asolar ó destruir. — Xeux, Neti.",em_dash,matched_headword,high,machine_accepted,direct_page_headword_match,machine_derived,True,False
ORT1888-art-000431,ORT1888-cand-000431,431,ORTEGA1888-TEPIC-IA,34,30,1387,1387,Asomar la cabeza,Amoaneri. N.,Asomar la cabeza.— Amoaneri. N.,em_dash,matched_headword,high,machine_accepted,direct_page_headword_match,machine_derived,True,False
ORT1888-art-000432,ORT1888-cand-000432,432,ORTEGA1888-TEPIC-IA,34,30,1388,1388,Asombrarse,Viten xa bu a. N.,Asombrarse.— Viten xa bu a. N.,em_dash,matched_headword,high,machine_accepted,direct_page_headword_match,machine_derived,True,False
ORT1888-art-000433,ORT1888-cand-000433,433,ORTEGA1888-TEPIC-IA,34,30,1389,1389,Astillas,"Tzatzái lit,","Astillas. — Tzatzái lit,",em_dash,matched_headword,high,machine_accepted,direct_page_headword_match,machine_derived,True,False
ORT1888-art-000434,ORT1888-cand-000434,434,ORTEGA1888-TEPIC-IA,34,30,1390,1390,Asta cuando?,Anaene?,Asta cuando?— Anaene?,em_dash,matched_headword,high,machine_accepted,direct_page_headword_match,machine_derived,True,False
ORT1888-art-000435,ORT1888-cand-000435,435,ORTEGA1888-TEPIC-IA,34,30,1391,1391,Asta que,Anah.,Asta que. — Anah.,em_dash,matched_headword,high,machine_accepted,direct_page_headword_match,machine_derived,True,False
ORT1888-art-000436,ORT1888-cand-000436,436,ORTEGA1888-TEPIC-IA,33,29,1392,1392,Atar algo,"., Tape. Neti.","Atar algo.-., Tape. Neti.",hyphen_variant,matched_headword,medium,machine_accepted,direct_page_headword_match,machine_derived,True,False
ORT1888-art-000437,ORT1888-cand-000437,437,ORTEGA1888-TEPIC-IA,34,30,1393,1393,Atar las manos,Amúaheca. Nete,Atar las manos. — Amúaheca. Nete,em_dash,matched_headword,high,machine_accepted,direct_page_headword_match,machine_derived,True,False
ORT1888-art-000438,ORT1888-cand-000438,438,ORTEGA1888-TEPIC-IA,34,30,1394,1394,Atar del cuello,Neteáheca. Nete.,Atar del cuello. — Neteáheca. Nete.,em_dash,matched_headword,high,machine_accepted,direct_page_headword_match,machine_derived,True,False
ORT1888-art-000439,ORT1888-cand-000439,439,ORTEGA1888-TEPIC-IA,34,30,1395,1395,Atar manos y pies,Teáheca. Neteu,Atar manos y pies. — Teáheca. Neteu,em_dash,matched_headword,high,machine_accepted,direct_page_headword_match,machine_derived,True,False
ORT1888-art-000440,ORT1888-cand-000440,440,ORTEGA1888-TEPIC-IA,34,30,1396,1396,Atar los pies,Amuáheca: Nete.,Atar los pies. — Amuáheca: Nete.,em_dash,matched_headword,high,machine_accepted,direct_page_headword_match,machine_derived,True,False
ORT1888-art-000441,ORT1888-cand-000441,441,ORTEGA1888-TEPIC-IA,34,30,1397,1397,Atar por medio del cuerpo,"Báheca, Nete.","Atar por medio del cuerpo. — Báheca, Nete.",em_dash,matched_headword,high,machine_accepted,direct_page_headword_match,machine_derived,True,False
ORT1888-art-000442,ORT1888-cand-000442,442,ORTEGA1888-TEPIC-IA,34,30,1398,1398,Atarse el pelo,Vbaúheke. Nubehneke.,Atarse el pelo. — Vbaúheke. Nubehneke.,em_dash,matched_headword,high,machine_accepted,direct_page_headword_match,machine_derived,True,False
ORT1888-art-000443,ORT1888-cand-000443,443,ORTEGA1888-TEPIC-IA,34,30,1399,1400,Atajar á otro,Teaii. Neteu.,Atajar á otro. — Teaii. Neteu.,em_dash,matched_headword,high,machine_accepted,direct_page_headword_match,machine_derived,True,False
ORT1888-art-000444,ORT1888-cand-000444,444,ORTEGA1888-TEPIC-IA,34,30,1401,1401,Atajar ir por camino mas breve,Ancurehey^tá. N.,Atajar ir por camino mas breve.— Ancurehey^tá. N.,em_dash,matched_headword,high,machine_accepted,direct_page_headword_match,machine_derived,True,False
ORT1888-art-000445,ORT1888-cand-000445,445,ORTEGA1888-TEPIC-IA,34,30,1402,1402,Ataviarse,Fuhvipouhve. Eubrincaóure.,Ataviarse. — Fuhvipouhve. Eubrincaóure.,em_dash,matched_headword,high,machine_accepted,direct_page_headword_match,machine_derived,True,False
ORT1888-art-000446,ORT1888-cand-000446,446,ORTEGA1888-TEPIC-IA,34,30,1403,1403,Atemorisar á alguno,Amuarite. Neti.,Atemorisar á alguno. — Amuarite. Neti.,em_dash,matched_headword,high,machine_accepted,direct_page_headword_match,machine_derived,True,False
ORT1888-art-000447,ORT1888-cand-000447,447,ORTEGA1888-TEPIC-IA,34,30,1404,1406,"Atento, estar á lo que se dice",Temuapuanamoá. Temua-,"Atento, estar á lo que se dice. — Temuapuanamoá. Temua- | n an moa,",em_dash,matched_headword,high,machine_accepted,direct_page_headword_match,machine_derived,True,False
ORT1888-art-000448,ORT1888-cand-000448,448,ORTEGA1888-TEPIC-IA,34,30,1407,1407,Atestiguar,Ti moaré re. Nete.,Atestiguar. — Ti moaré re. Nete.,em_dash,matched_headword,high,machine_accepted,direct_page_headword_match,machine_derived,True,False
ORT1888-art-000449,ORT1888-cand-000449,449,ORTEGA1888-TEPIC-IA,34,30,1408,1408,Atizar el fuego,Aiíáá. N.,Atizar el fuego. — Aiíáá. N.,em_dash,matched_headword,high,machine_accepted,direct_page_headword_match,machine_derived,True,False
ORT1888-art-000450,ORT1888-cand-000450,450,ORTEGA1888-TEPIC-IA,34,30,1409,1409,Atollarse,Huaopi. Naopi.,Atollarse. — Huaopi. Naopi.,em_dash,matched_headword,high,machine_accepted,direct_page_headword_match,machine_derived,True,False
ORT1888-art-000451,ORT1888-cand-000451,451,ORTEGA1888-TEPIC-IA,34,30,1410,1410,Aturdido estar,Tecaihre. Ne.,Aturdido estar. — Tecaihre. Ne.,em_dash,matched_headword,high,machine_accepted,direct_page_headword_match,machine_derived,True,False
ORT1888-art-000452,ORT1888-cand-000452,452,ORTEGA1888-TEPIC-IA,34,30,1411,1416,Atormentar,Poaihte Neti.,Atormentar. ^-Poaihte Neti. | r^*^/1 **,hyphen_variant,matched_headword,medium,machine_accepted,direct_page_headword_match,machine_derived,True,False
ORT1888-art-000453,ORT1888-cand-000453,453,ORTEGA1888-TEPIC-IA,35,31,1420,1421,Atrancar puerta desde el suelo,Aetzitzé. Ne.,Atrancar puerta desde el suelo.— Aetzitzé. Ne.,em_dash,matched_headword,high,machine_accepted,direct_page_headword_match,machine_derived,True,False
ORT1888-art-000454,ORT1888-cand-000454,454,ORTEGA1888-TEPIC-IA,35,31,1422,1423,"Atravesar la flecha, al blanco",Atne.,"Atravesar la flecha, al blanco. — Atne.",em_dash,matched_headword,high,machine_accepted,direct_page_headword_match,machine_derived,True,False
ORT1888-art-000455,ORT1888-cand-000455,455,ORTEGA1888-TEPIC-IA,35,31,1424,1425,Atravesar y pasar toda la flecha,Anáhoa.,Atravesar y pasar toda la flecha. — Anáhoa.,em_dash,matched_headword,high,machine_accepted,direct_page_headword_match,machine_derived,True,False
ORT1888-art-000456,ORT1888-cand-000456,456,ORTEGA1888-TEPIC-IA,35,31,1426,1427,Atropellar,"Ntitacheaea, Nete.","Atropellar. — Ntitacheaea, Nete.",em_dash,matched_headword,high,machine_accepted,direct_page_headword_match,machine_derived,True,False
ORT1888-art-000457,ORT1888-cand-000457,457,ORTEGA1888-TEPIC-IA,35,31,1428,1429,"Atole, bebida de Indias","Puztéri, Zeüneare»","Atole, bebida de Indias. — Puztéri, Zeüneare»",em_dash,matched_headword,high,machine_accepted,direct_page_headword_match,machine_derived,True,False
ORT1888-art-000458,ORT1888-cand-000458,458,ORTEGA1888-TEPIC-IA,35,31,1430,1431,Avaro,Nempntzamoaté.,Avaro. — Nempntzamoaté.,em_dash,matched_headword,high,machine_accepted,direct_page_headword_match,machine_derived,True,False
ORT1888-art-000459,ORT1888-cand-000459,459,ORTEGA1888-TEPIC-IA,35,31,1432,1433,Ave,Pinazt. pl. Pinazéri.,Ave. — Pinazt. pl. Pinazéri.,em_dash,matched_headword,high,machine_accepted,direct_page_headword_match,machine_derived,True,False
ORT1888-art-000460,ORT1888-cand-000460,460,ORTEGA1888-TEPIC-IA,35,31,1434,1435,Avecindarse,Ichhnátahuá. lenhuataneá.,Avecindarse. — Ichhnátahuá. lenhuataneá.,em_dash,matched_headword,high,machine_accepted,direct_page_headword_match,machine_derived,True,False
ORT1888-art-000461,ORT1888-cand-000461,461,ORTEGA1888-TEPIC-IA,35,31,1436,1437,Aventajar,Amuaéhyetc Nete.,Aventajar. — Amuaéhyetc Nete.,em_dash,matched_headword,high,machine_accepted,direct_page_headword_match,machine_derived,True,False
ORT1888-art-000462,ORT1888-cand-000462,462,ORTEGA1888-TEPIC-IA,35,31,1438,1439,Aventar como trigo,Neatze. Neti.,Aventar como trigo. — Neatze. Neti.,em_dash,matched_headword,high,machine_accepted,direct_page_headword_match,machine_derived,True,False
ORT1888-art-000463,ORT1888-cand-000463,463,ORTEGA1888-TEPIC-IA,35,31,1440,1441,Añilar el adive,Ktfaxa.,Añilar el adive. — Ktfaxa.,em_dash,matched_headword,high,machine_accepted,direct_page_headword_match,machine_derived,True,False
ORT1888-art-000464,ORT1888-cand-000464,464,ORTEGA1888-TEPIC-IA,35,31,1442,1443,Ann no,Cexepó.,Ann no. — Cexepó.,em_dash,matched_headword,high,machine_accepted,direct_page_headword_match,machine_derived,True,False
ORT1888-art-000465,ORT1888-cand-000465,465,ORTEGA1888-TEPIC-IA,35,31,1444,1445,Anni|iie,Teinneri.,Anni|iie. — Teinneri.,em_dash,matched_headword,high,machine_accepted,direct_page_headword_match,machine_derived,True,False
ORT1888-art-000466,ORT1888-cand-000466,466,ORTEGA1888-TEPIC-IA,35,31,1446,1447,"Avenir, ó salir de madre e! rio",Me,"Avenir, ó salir de madre e! rio. — Me",em_dash,matched_headword,high,machine_accepted,direct_page_headword_match,machine_derived,True,False
ORT1888-art-000467,ORT1888-cand-000467,467,ORTEGA1888-TEPIC-IA,35,31,1448,1449,"Aventar, hacer aire","Ahnttzé. Ne,","Aventar, hacer aire. — Ahnttzé. Ne,",em_dash,matched_headword,high,machine_accepted,direct_page_headword_match,machine_derived,True,False
ORT1888-art-000468,ORT1888-cand-000468,468,ORTEGA1888-TEPIC-IA,35,31,1450,1453,Aventador así,TiheaUlhw-Mna.,Aventador así. — TiheaUlhw-Mna. | Aventarse el vientre. Cnnztna.,em_dash,matched_headword,high,machine_accepted,direct_page_headword_match,machine_derived,True,False
ORT1888-art-000469,ORT1888-cand-000469,469,ORTEGA1888-TEPIC-IA,35,31,1454,1455,Avergonzar á otro,Te via. Kete Neti.,Avergonzar á otro. ^-Te via. Kete Neti.,hyphen_variant,matched_headword,medium,machine_accepted,direct_page_headword_match,machine_derived,True,False
ORT1888-art-000470,ORT1888-cand-000470,470,ORTEGA1888-TEPIC-IA,35,31,1456,1457,Aver ambre,Tülirixo.,Aver ambre. — Tülirixo.,em_dash,matched_headword,high,machine_accepted,direct_page_headword_match,machine_derived,True,False
ORT1888-art-000471,ORT1888-cand-000471,471,ORTEGA1888-TEPIC-IA,35,31,1458,1459,Axi ó pimentón,Cncniit.,Axi ó pimentón. — Cncniit.,em_dash,matched_headword,high,machine_accepted,direct_page_headword_match,machine_derived,True,False
ORT1888-art-000472,ORT1888-cand-000472,472,ORTEGA1888-TEPIC-IA,35,31,1460,1461,Axi de los cerros,..Purái.,Axi de los cerros. — ..Purái.,em_dash,matched_headword,high,machine_accepted,direct_page_headword_match,machine_derived,True,False
ORT1888-art-000473,ORT1888-cand-000473,473,ORTEGA1888-TEPIC-IA,35,31,1462,1467,Aceederse alofo,Hnatetzinaca.,Aceederse alofo. — Hnatetzinaca. | v^ve.,em_dash,matched_headword,high,machine_accepted,direct_page_headword_match,machine_derived,True,False
ORT1888-art-000474,ORT1888-cand-000474,474,ORTEGA1888-TEPIC-IA,35,31,1468,1473,tener el estomago,Tatareáhna. N<,"tener el estomago. — Tatareáhna. N< | Acedo, | Azero, lo mismo.",em_dash,matched_headword,high,machine_accepted,direct_page_headword_match,machine_derived,True,False
ORT1888-art-000475,ORT1888-cand-000475,475,ORTEGA1888-TEPIC-IA,35,31,1475,1476,"Azul, color",Hnarávi,"Azul, color. — Hnarávi",em_dash,matched_headword,high,machine_accepted,direct_page_headword_match,machine_derived,True,False
ORT1888-art-000476,ORT1888-cand-000476,476,ORTEGA1888-TEPIC-IA,35,31,1477,1478,Ambre,Tzürit.,Ambre. -Tzürit.,hyphen_variant,matched_headword,medium,machine_accepted,direct_page_headword_match,machine_derived,True,False
ORT1888-art-000477,ORT1888-cand-000477,477,ORTEGA1888-TEPIC-IA,35,31,1479,1480,Ambre tener,Icuatn. Ne.,Ambre tener. — Icuatn. Ne.,em_dash,matched_headword,high,machine_accepted,direct_page_headword_match,machine_derived,True,False
ORT1888-art-000478,ORT1888-cand-000478,478,ORTEGA1888-TEPIC-IA,35,31,1481,1482,Ardilla por su especie pequeña,"Cahtzai. pl,","Ardilla por su especie pequeña. — Cahtzai. pl,",em_dash,matched_headword,high,machine_accepted,direct_page_headword_match,machine_derived,True,False
ORT1888-art-000479,ORT1888-cand-000479,479,ORTEGA1888-TEPIC-IA,35,31,1483,1484,Ardilla por su especie grande,Teake. pl. ri.,Ardilla por su especie grande. — Teake. pl. ri.,em_dash,matched_headword,high,machine_accepted,direct_page_headword_match,machine_derived,True,False
ORT1888-art-000480,ORT1888-cand-000480,480,ORTEGA1888-TEPIC-IA,35,31,1485,1486,Ardilla que suele bajar al rio,Cheaehni. pl. tzi.,Ardilla que suele bajar al rio.— Cheaehni. pl. tzi.,em_dash,matched_headword,high,machine_accepted,direct_page_headword_match,machine_derived,True,False
ORT1888-art-000481,ORT1888-cand-000481,481,ORTEGA1888-TEPIC-IA,35,31,1487,1492,Átomo,Cnrúi. pl. tzi.,Átomo. — Cnrúi. pl. tzi. | tzi.,em_dash,matched_headword,high,machine_accepted,direct_page_headword_match,machine_derived,True,False
ORT1888-art-000482,ORT1888-cand-000482,482,ORTEGA1888-TEPIC-IA,36,32,1498,1499,Baba,Eu n c ai &,Baba . - — Eu n c ai &,em_dash,matched_headword,high,machine_accepted,direct_page_headword_match,machine_derived,True,False
ORT1888-art-000483,ORT1888-cand-000483,483,ORTEGA1888-TEPIC-IA,36,32,1500,1501,Babear,Vbachrieá N.,Babear. -^Vbachrieá N.,hyphen_variant,matched_headword,medium,machine_accepted,direct_page_headword_match,machine_derived,True,False
ORT1888-art-000484,ORT1888-cand-000484,484,ORTEGA1888-TEPIC-IA,36,32,1502,1503,Baso para coser las tortillas,Xakéti.,"Baso para coser las tortillas. ,— Xakéti.",em_dash,matched_headword,high,machine_accepted,direct_page_headword_match,machine_derived,True,False
ORT1888-art-000485,ORT1888-cand-000485,485,ORTEGA1888-TEPIC-IA,36,32,1504,1505,"Baso, parte interior",sVz-neam.,"Baso, parte interior.— sVz-neam.",em_dash,matched_headword,high,machine_accepted,direct_page_headword_match,machine_derived,True,False
ORT1888-art-000486,ORT1888-cand-000486,486,ORTEGA1888-TEPIC-IA,36,32,1506,1507,Bagre,Mucizit.,Bagre. — Mucizit.,em_dash,matched_headword,high,machine_accepted,direct_page_headword_match,machine_derived,True,False
ORT1888-art-000487,ORT1888-cand-000487,487,ORTEGA1888-TEPIC-IA,36,32,1508,1509,Bahcar,Tayeye. Ne.,"Bahcar, — Tayeye. Ne.",em_dash,matched_headword,high,machine_accepted,direct_page_headword_match,machine_derived,True,False
ORT1888-art-000488,ORT1888-cand-000488,488,ORTEGA1888-TEPIC-IA,36,32,1510,1511,Baho que sale de la boca,"Yuexu&ii,","Baho que sale de la boca — Yuexu&ii,",em_dash,matched_headword,high,machine_accepted,direct_page_headword_match,machine_derived,True,False
ORT1888-art-000489,ORT1888-cand-000489,489,ORTEGA1888-TEPIC-IA,36,32,1512,1513,Baho que sale tie la tíerra,-Keutzitú,Baho que sale tie la tíerra.-^-Keutzitú,hyphen_variant,matched_headword,medium,machine_accepted,direct_page_headword_match,machine_derived,True,False
ORT1888-art-000490,ORT1888-cand-000490,490,ORTEGA1888-TEPIC-IA,36,32,1514,1515,Bailar algún son,Ne. Neti.,Bailar algún son. — Ne. Neti.,em_dash,matched_headword,high,machine_accepted,direct_page_headword_match,machine_derived,True,False
ORT1888-art-000491,ORT1888-cand-000491,491,ORTEGA1888-TEPIC-IA,36,32,1516,1517,Bajar uno de lo alto,Acame. N.,Bajar uno de lo alto. — Acame. N.,em_dash,matched_headword,high,machine_accepted,direct_page_headword_match,machine_derived,True,False
ORT1888-art-000492,ORT1888-cand-000492,492,ORTEGA1888-TEPIC-IA,36,32,1518,1519,Bajo de cuerpo,Atzutetévi. Ateupuliuatebé.,Bajo de cuerpo. — Atzutetévi. Ateupuliuatebé.,em_dash,matched_headword,high,machine_accepted,direct_page_headword_match,machine_derived,True,False
ORT1888-art-000493,ORT1888-cand-000493,493,ORTEGA1888-TEPIC-IA,36,32,1520,1521,Balza para pasar el rio,Vtát/.iti.,Balza para pasar el rio. — Vtát/.iti.,em_dash,matched_headword,high,machine_accepted,direct_page_headword_match,machine_derived,True,False
ORT1888-art-000494,ORT1888-cand-000494,494,ORTEGA1888-TEPIC-IA,36,32,1522,1523,Bañar á otro,Eiya. Neti.,Bañar á otro. — Eiya. Neti.,em_dash,matched_headword,high,machine_accepted,direct_page_headword_match,machine_derived,True,False
ORT1888-art-000495,ORT1888-cand-000495,495,ORTEGA1888-TEPIC-IA,36,32,1524,1525,"Baño, el acto de bañarse",Ehiyat.,"Baño, el acto de bañarse.,— Ehiyat.",em_dash,matched_headword,high,machine_accepted,direct_page_headword_match,machine_derived,True,False
ORT1888-art-000496,ORT1888-cand-000496,496,ORTEGA1888-TEPIC-IA,36,32,1526,1527,Bañarsa,EÍiua. Ne.,Bañarsa. — EÍiua. Ne.,em_dash,matched_headword,high,machine_accepted,direct_page_headword_match,machine_derived,True,False
ORT1888-art-000497,ORT1888-cand-000497,497,ORTEGA1888-TEPIC-IA,36,32,1528,1529,"Barata, darse la cosa",Capuachuanáhshi.,"Barata, darse la cosa. — Capuachuanáhshi.",em_dash,matched_headword,high,machine_accepted,direct_page_headword_match,machine_derived,True,False
ORT1888-art-000498,ORT1888-cand-000498,498,ORTEGA1888-TEPIC-IA,36,32,1530,1531,Barbero,Titemwtfeizi. Pehuanie pl. tzi.,Barbero. — Titemwtfeizi. Pehuanie pl. tzi.,em_dash,matched_headword,high,machine_accepted,direct_page_headword_match,machine_derived,True,False
ORT1888-art-000499,ORT1888-cand-000499,499,ORTEGA1888-TEPIC-IA,36,32,1532,1533,Barbo,"Busca, Bagre.","Barbo. — Busca, Bagre.",em_dash,matched_headword,high,machine_accepted,direct_page_headword_match,machine_derived,True,False
ORT1888-art-000500,ORT1888-cand-000500,500,ORTEGA1888-TEPIC-IA,36,32,1534,1535,"Barniz, que ponen a las bateas",Zeatárit.,"Barniz, que ponen a las bateas. — Zeatárit.",em_dash,matched_headword,high,machine_accepted,direct_page_headword_match,machine_derived,True,False
ORT1888-art-000501,ORT1888-cand-000501,501,ORTEGA1888-TEPIC-IA,36,32,1536,1537,Barnizar asi,Ewhnua. Neti.,Barnizar asi. — Ewhnua. Neti.,em_dash,matched_headword,high,machine_accepted,direct_page_headword_match,machine_derived,True,False
ORT1888-art-000502,ORT1888-cand-000502,502,ORTEGA1888-TEPIC-IA,36,32,1538,1539,Barranca,Xaiiáké,Barranca. — Xaiiáké,em_dash,matched_headword,high,machine_accepted,direct_page_headword_match,machine_derived,True,False
ORT1888-art-000503,ORT1888-cand-000503,503,ORTEGA1888-TEPIC-IA,36,32,1540,1541,Barranca aver,Hun xana.,Barranca aver. — Hun xana.,em_dash,matched_headword,high,machine_accepted,direct_page_headword_match,machine_derived,True,False
ORT1888-art-000504,ORT1888-cand-000504,504,ORTEGA1888-TEPIC-IA,36,32,1542,1543,Barrenar,Busca agujerar con barrena.,Barrenar. — Busca agujerar con barrena.,em_dash,matched_headword,high,machine_accepted,direct_page_headword_match,machine_derived,True,False
ORT1888-art-000505,ORT1888-cand-000505,505,ORTEGA1888-TEPIC-IA,36,32,1544,1545,Barrer,Techaoufa. Neti.,Barrer. — Techaoufa. Neti.,em_dash,matched_headword,high,machine_accepted,direct_page_headword_match,machine_derived,True,False
ORT1888-art-000506,ORT1888-cand-000506,506,ORTEGA1888-TEPIC-IA,36,32,1546,1547,Barriga,Húacáti.,Barriga. — Húacáti.,em_dash,matched_headword,high,machine_accepted,direct_page_headword_match,machine_derived,True,False
ORT1888-art-000507,ORT1888-cand-000507,507,ORTEGA1888-TEPIC-IA,36,32,1548,1549,Barro,Xarit.,Barro. — Xarit.,em_dash,matched_headword,high,machine_accepted,direct_page_headword_match,machine_derived,True,False
ORT1888-art-000508,ORT1888-cand-000508,508,ORTEGA1888-TEPIC-IA,36,32,1550,1551,"Barba, parte de la cara",Ayaéhrit.,"Barba, parte de la cara. — Ayaéhrit.",em_dash,matched_headword,high,machine_accepted,direct_page_headword_match,machine_derived,True,False
ORT1888-art-000509,ORT1888-cand-000509,509,ORTEGA1888-TEPIC-IA,36,32,1552,1553,"Barba, pelos de la cara",Mucizit.,"Barba, pelos de la cara. — Mucizit.",em_dash,matched_headword,high,machine_accepted,direct_page_headword_match,machine_derived,True,False
ORT1888-art-000510,ORT1888-cand-000510,510,ORTEGA1888-TEPIC-IA,36,32,1554,1559,"Basta, cosa sin pulir",Cacutzápé.,"Basta, cosa sin pulir. — Cacutzápé. | Basta, mandando cesas de la obra, Arepoá. | che.",em_dash,matched_headword,high,machine_accepted,direct_page_headword_match,machine_derived,True,False
ORT1888-art-000511,ORT1888-cand-000511,511,ORTEGA1888-TEPIC-IA,37,33,1576,1577,Bastecer al que va ele camino,Aínete. Neti.,Bastecer al que va ele camino. — Aínete. Neti.,em_dash,matched_headword,high,machine_accepted,direct_page_headword_match,machine_derived,True,False
ORT1888-art-000512,ORT1888-cand-000512,512,ORTEGA1888-TEPIC-IA,37,33,1578,1579,Bastimento tal,sYuéti.,Bastimento tal. — sYuéti.,em_dash,matched_headword,high,machine_accepted,direct_page_headword_match,machine_derived,True,False
ORT1888-art-000513,ORT1888-cand-000513,513,ORTEGA1888-TEPIC-IA,37,33,1580,1581,Bastón,Uz^/hti.,Bastón. — Uz^/hti.,em_dash,matched_headword,high,machine_accepted,direct_page_headword_match,machine_derived,True,False
ORT1888-art-000514,ORT1888-cand-000514,514,ORTEGA1888-TEPIC-IA,37,33,1582,1583,Batallar los exércitos,Míwcuhuáhta,Batallar los exércitos. — Míwcuhuáhta,em_dash,matched_headword,high,machine_accepted,direct_page_headword_match,machine_derived,True,False
ORT1888-art-000515,ORT1888-cand-000515,515,ORTEGA1888-TEPIC-IA,37,33,1584,1585,Batea de la tierra,Tüxat.,Batea de la tierra. — Tüxat.,em_dash,matched_headword,high,machine_accepted,direct_page_headword_match,machine_derived,True,False
ORT1888-art-000516,ORT1888-cand-000516,516,ORTEGA1888-TEPIC-IA,37,33,1586,1587,Bautizar,Euhiya.,Bautizar. — Euhiya.,em_dash,matched_headword,high,machine_accepted,direct_page_headword_match,machine_derived,True,False
ORT1888-art-000517,ORT1888-cand-000517,517,ORTEGA1888-TEPIC-IA,37,33,1588,1589,Bautismo,Euhriat.,Bautismo. — Euhriat.,em_dash,matched_headword,high,machine_accepted,direct_page_headword_match,machine_derived,True,False
ORT1888-art-000518,ORT1888-cand-000518,518,ORTEGA1888-TEPIC-IA,37,33,1590,1591,Bautistei'ío,Mehteu acare.,Bautistei'ío. — Mehteu acare.,em_dash,matched_headword,high,machine_accepted,direct_page_headword_match,machine_derived,True,False
ORT1888-art-000519,ORT1888-cand-000519,519,ORTEGA1888-TEPIC-IA,36,32,1592,1593,Bajo,Nado — Taheté.,Bajo. — Nado — Taheté.,em_dash,matched_headword,medium,machine_accepted,direct_page_headword_match,machine_derived,True,False
ORT1888-art-000520,ORT1888-cand-000520,520,ORTEGA1888-TEPIC-IA,37,33,1594,1595,Beber,Ye. Neti.,Beber. —Ye. Neti.,em_dash,matched_headword,high,machine_accepted,direct_page_headword_match,machine_derived,True,False
ORT1888-art-000521,ORT1888-cand-000521,521,ORTEGA1888-TEPIC-IA,37,33,1596,1597,Beber llevando el agua a la boca,Ucáye. Nete.,Beber llevando el agua a la boca.- — Ucáye. Nete.,em_dash,matched_headword,high,machine_accepted,direct_page_headword_match,machine_derived,True,False
ORT1888-art-000522,ORT1888-cand-000522,522,ORTEGA1888-TEPIC-IA,37,33,1598,1599,Begiga,Zixúriti.,Begiga. — Zixúriti.,em_dash,matched_headword,high,machine_accepted,direct_page_headword_match,machine_derived,True,False
ORT1888-art-000523,ORT1888-cand-000523,523,ORTEGA1888-TEPIC-IA,37,33,1600,1601,Bellota de encino,Zeuhatacái.,Bellota de encino. — Zeuhatacái.,em_dash,matched_headword,high,machine_accepted,direct_page_headword_match,machine_derived,True,False
ORT1888-art-000524,ORT1888-cand-000524,524,ORTEGA1888-TEPIC-IA,37,33,1602,1603,Beodo,Tahua. [>1. Meta rúa.,Beodo. — Tahua. [>1. Meta rúa.,em_dash,matched_headword,high,machine_accepted,direct_page_headword_match,machine_derived,True,False
ORT1888-art-000525,ORT1888-cand-000525,525,ORTEGA1888-TEPIC-IA,37,33,1604,1605,Berdolagas,Naca ri xa.,Berdolagas — Naca ri xa.,em_dash,matched_headword,high,machine_accepted,direct_page_headword_match,machine_derived,True,False
ORT1888-art-000526,ORT1888-cand-000526,526,ORTEGA1888-TEPIC-IA,37,33,1606,1607,Berraco,Tuixo. pl. ri.,Berraco. — Tuixo. pl. ri.,em_dash,matched_headword,high,machine_accepted,direct_page_headword_match,machine_derived,True,False
ORT1888-art-000527,ORT1888-cand-000527,527,ORTEGA1888-TEPIC-IA,37,33,1608,1609,Berruga,Teaxkeriti.,Berruga. — Teaxkeriti.,em_dash,matched_headword,high,machine_accepted,direct_page_headword_match,machine_derived,True,False
ORT1888-art-000528,ORT1888-cand-000528,528,ORTEGA1888-TEPIC-IA,37,33,1610,1611,Besar á otro,Ancateniemoa. Nete.,Besar á otro. — Ancateniemoa. Nete.,em_dash,matched_headword,high,machine_accepted,direct_page_headword_match,machine_derived,True,False
ORT1888-art-000529,ORT1888-cand-000529,529,ORTEGA1888-TEPIC-IA,37,33,1612,1617,"Baso, tal",^Téncat.,"Baso, tal.— ^Téncat. | Besar las manos ó pies.- | Beber agua con la mam",em_dash,matched_headword,high,machine_accepted,direct_page_headword_match,machine_derived,True,False
ORT1888-art-000530,ORT1888-cand-000530,530,ORTEGA1888-TEPIC-IA,37,33,1620,1620,Bebida de maiz tostado,Atuxari.,Bebida de maiz tostado. — Atuxari.,em_dash,matched_headword,high,machine_accepted,direct_page_headword_match,machine_derived,True,False
ORT1888-art-000531,ORT1888-cand-000531,531,ORTEGA1888-TEPIC-IA,37,33,1621,1621,Bebida de chia y maiz tostado,Quamehrit.,Bebida de chia y maiz tostado. — Quamehrit.,em_dash,matched_headword,high,machine_accepted,direct_page_headword_match,machine_derived,True,False
ORT1888-art-000532,ORT1888-cand-000532,532,ORTEGA1888-TEPIC-IA,37,33,1622,1624,"Bebida, otra de maiz",Tzinácateri.,"Bebida, otra de maiz — Tzinácateri. | Bibora.^Xayéti. pl. Xayetzi.",em_dash,matched_headword,high,machine_accepted,direct_page_headword_match,machine_derived,True,False
ORT1888-art-000533,ORT1888-cand-000533,533,ORTEGA1888-TEPIC-IA,37,33,1625,1625,Bibora otra que llaman coralillo,Tetapohuitme,Bibora otra que llaman coralillo. — Tetapohuitme,em_dash,matched_headword,high,machine_accepted,direct_page_headword_match,machine_derived,True,False
ORT1888-art-000534,ORT1888-cand-000534,534,ORTEGA1888-TEPIC-IA,37,33,1626,1626,Bien está ado,"Xapoé, Xápoená.","Bien está ado. — Xapoé, Xápoená.",em_dash,matched_headword,high,machine_accepted,direct_page_headword_match,machine_derived,True,False
ORT1888-art-000535,ORT1888-cand-000535,535,ORTEGA1888-TEPIC-IA,37,33,1627,1628,B i u d a,Té m n a v i .,B i u d a . — Té m n a v i .,em_dash,matched_headword,high,machine_accepted,direct_page_headword_match,machine_derived,True,False
ORT1888-art-000536,ORT1888-cand-000536,536,ORTEGA1888-TEPIC-IA,37,33,1629,1629,Blanco de color,Quamá. pl. Meaquainavi.,Blanco de color. — Quamá. pl. Meaquainavi.,em_dash,matched_headword,high,machine_accepted,direct_page_headword_match,machine_derived,True,False
ORT1888-art-000537,ORT1888-cand-000537,537,ORTEGA1888-TEPIC-IA,37,33,1630,1630,"Blanco, hacer blanquear",Quáinarimoa. Neti.,"Blanco, hacer blanquear. — Quáinarimoa. Neti.",em_dash,matched_headword,high,machine_accepted,direct_page_headword_match,machine_derived,True,False
ORT1888-art-000538,ORT1888-cand-000538,538,ORTEGA1888-TEPIC-IA,37,33,1631,1636,Blanda cosa,Huamuáini.,Blanda cosa. — Huamuáini. | Nalichi. Neti. | arrojándola á,em_dash,matched_headword,high,machine_accepted,direct_page_headword_match,machine_derived,True,False
ORT1888-art-000539,ORT1888-cand-000539,539,ORTEGA1888-TEPIC-IA,36,32,1638,1643,boca,Ahyé.,boca. — Ahyé. | 34,em_dash,matched_headword,high,machine_accepted,direct_page_headword_match,machine_derived,True,False
ORT1888-art-000540,ORT1888-cand-000540,540,ORTEGA1888-TEPIC-IA,38,34,1644,1645,Bledos,Aguauhtle. Va vét.,Bledos. — Aguauhtle. Va vét.,em_dash,matched_headword,high,machine_accepted,direct_page_headword_match,machine_derived,True,False
ORT1888-art-000541,ORT1888-cand-000541,541,ORTEGA1888-TEPIC-IA,38,34,1646,1647,Bledos negros,Chíxreu.,Bledos negros. — Chíxreu.,em_dash,matched_headword,high,machine_accepted,direct_page_headword_match,machine_derived,True,False
ORT1888-art-000542,ORT1888-cand-000542,542,ORTEGA1888-TEPIC-IA,38,34,1648,1649,Bledos amarillos,Veúte.,Bledos amarillos. — Veúte.,em_dash,matched_headword,high,machine_accepted,direct_page_headword_match,machine_derived,True,False
ORT1888-art-000543,ORT1888-cand-000543,543,ORTEGA1888-TEPIC-IA,38,34,1650,1651,Bledos blancos,Moatzetfbiwíme.,Bledos blancos. — Moatzetfbiwíme.,em_dash,matched_headword,high,machine_accepted,direct_page_headword_match,machine_derived,True,False
ORT1888-art-000544,ORT1888-cand-000544,544,ORTEGA1888-TEPIC-IA,37,33,1652,1653,Boca,N Ten ni ti.,Boca.— N Ten ni ti.,em_dash,matched_headword,high,machine_accepted,direct_page_headword_match,machine_derived,True,False
ORT1888-art-000545,ORT1888-cand-000545,545,ORTEGA1888-TEPIC-IA,38,34,1654,1655,Bofe,Neámoat.,Bofe. — Neámoat.,em_dash,matched_headword,high,machine_accepted,direct_page_headword_match,machine_derived,True,False
ORT1888-art-000546,ORT1888-cand-000546,546,ORTEGA1888-TEPIC-IA,38,34,1656,1657,Bofetadas dar. r,Vífcebechéxe. Neti.,Bofetadas dar. r— Vífcebechéxe. Neti.,em_dash,matched_headword,high,machine_accepted,direct_page_headword_match,machine_derived,True,False
ORT1888-art-000547,ORT1888-cand-000547,547,ORTEGA1888-TEPIC-IA,38,34,1658,1659,Bola,Vrá.,Bola.— Vrá.,em_dash,matched_headword,high,machine_accepted,direct_page_headword_match,machine_derived,True,False
ORT1888-art-000548,ORT1888-cand-000548,548,ORTEGA1888-TEPIC-IA,38,34,1660,1661,Bolar,Huataá. Nataa.,Bolar.— Huataá. Nataa.,em_dash,matched_headword,high,machine_accepted,direct_page_headword_match,machine_derived,True,False
ORT1888-art-000549,ORT1888-cand-000549,549,ORTEGA1888-TEPIC-IA,38,34,1662,1663,Bol ver de donde fué,Huacuréme. Nacuréme.,Bol ver de donde fué. — Huacuréme. Nacuréme.,em_dash,matched_headword,high,machine_accepted,direct_page_headword_match,machine_derived,True,False
ORT1888-art-000550,ORT1888-cand-000550,550,ORTEGA1888-TEPIC-IA,38,34,1664,1666,Bolver lo dentro á fuera,Puhmanpuhuateahpüa. Puh-,Bolver lo dentro á fuera.. — Puhmanpuhuateahpüa. Puh- | mannuhuteahpua.,em_dash,matched_headword,high,machine_accepted,direct_page_headword_match,machine_derived,True,False
ORT1888-art-000551,ORT1888-cand-000551,551,ORTEGA1888-TEPIC-IA,38,34,1667,1667,Bordón,Busca bastón.,Bordón. — Busca bastón.,em_dash,matched_headword,high,machine_accepted,direct_page_headword_match,machine_derived,True,False
ORT1888-art-000552,ORT1888-cand-000552,552,ORTEGA1888-TEPIC-IA,38,34,1668,1668,Borracho,Busca beodo.,Borracho. — Busca beodo.,em_dash,matched_headword,high,machine_accepted,direct_page_headword_match,machine_derived,True,False
ORT1888-art-000553,ORT1888-cand-000553,553,ORTEGA1888-TEPIC-IA,38,34,1669,1669,Borrachera,Tahua riat.,Borrachera. — Tahua riat.,em_dash,matched_headword,high,machine_accepted,direct_page_headword_match,machine_derived,True,False
ORT1888-art-000554,ORT1888-cand-000554,554,ORTEGA1888-TEPIC-IA,38,34,1670,1670,Borrar,Tea n. Neteu.,"Borrar,-^ Tea n. Neteu.",hyphen_variant,matched_headword,medium,machine_accepted,direct_page_headword_match,machine_derived,True,False
ORT1888-art-000555,ORT1888-cand-000555,555,ORTEGA1888-TEPIC-IA,38,34,1671,1671,Bossar ó bomitar,Ha;i. Ne.,Bossar ó bomitar. — Ha;i. Ne.,em_dash,matched_headword,high,machine_accepted,direct_page_headword_match,machine_derived,True,False
ORT1888-art-000556,ORT1888-cand-000556,556,ORTEGA1888-TEPIC-IA,38,34,1672,1672,Bossadura tal,Iíaárit.,Bossadura tal. — Iíaárit.,em_dash,matched_headword,high,machine_accepted,direct_page_headword_match,machine_derived,True,False
ORT1888-art-000557,ORT1888-cand-000557,557,ORTEGA1888-TEPIC-IA,38,34,1673,1673,Bostessar,Ateahua. Ne.,Bostessar.- Ateahua. Ne.,hyphen_variant,matched_headword,medium,machine_accepted,direct_page_headword_match,machine_derived,True,False
ORT1888-art-000558,ORT1888-cand-000558,558,ORTEGA1888-TEPIC-IA,38,34,1674,1674,Botón de la flor,Háeéaíhte.,Botón de la flor. — Háeéaíhte.,em_dash,matched_headword,high,machine_accepted,direct_page_headword_match,machine_derived,True,False
ORT1888-art-000559,ORT1888-cand-000559,559,ORTEGA1888-TEPIC-IA,38,34,1675,1675,"Braza, una, midiendo",Cemoamat.,"Braza, una, midiendo. — Cemoamat.",em_dash,matched_headword,high,machine_accepted,direct_page_headword_match,machine_derived,True,False
ORT1888-art-000560,ORT1888-cand-000560,560,ORTEGA1888-TEPIC-IA,38,34,1676,1676,"Bracear, menear los brazos",Muamabé. Ne.,"Bracear, menear los brazos. — Muamabé. Ne.",em_dash,matched_headword,high,machine_accepted,direct_page_headword_match,machine_derived,True,False
ORT1888-art-000561,ORT1888-cand-000561,561,ORTEGA1888-TEPIC-IA,38,34,1677,1677,Brazo,Moamati.,Brazo. — Moamati.,em_dash,matched_headword,high,machine_accepted,direct_page_headword_match,machine_derived,True,False
ORT1888-art-000562,ORT1888-cand-000562,562,ORTEGA1888-TEPIC-IA,38,34,1678,1678,Braza,Busca ascua.,Braza. — Busca ascua.,em_dash,matched_headword,high,machine_accepted,direct_page_headword_match,machine_derived,True,False
ORT1888-art-000563,ORT1888-cand-000563,563,ORTEGA1888-TEPIC-IA,38,34,1679,1679,Brasil,Eutzati.,Brasil.^-Eutzati.,hyphen_variant,matched_headword,medium,machine_accepted,direct_page_headword_match,machine_derived,True,False
ORT1888-art-000564,ORT1888-cand-000564,564,ORTEGA1888-TEPIC-IA,38,34,1680,1680,Bramar los toros,Vyéin ni.,"Bramar los toros. ,—Vyéin ni.",em_dash,matched_headword,high,machine_accepted,direct_page_headword_match,machine_derived,True,False
ORT1888-art-000565,ORT1888-cand-000565,565,ORTEGA1888-TEPIC-IA,38,34,1681,1681,Bramar los siervos,Mumxe.,Bramar los siervos. — Mumxe.,em_dash,matched_headword,high,machine_accepted,direct_page_headword_match,machine_derived,True,False
ORT1888-art-000566,ORT1888-cand-000566,566,ORTEGA1888-TEPIC-IA,38,34,1682,1682,Bravo,Veat/.n. pl. Mean cha tza.,Bravo — Veat/.n. pl. Mean cha tza.,em_dash,matched_headword,high,machine_accepted,direct_page_headword_match,machine_derived,True,False
ORT1888-art-000567,ORT1888-cand-000567,567,ORTEGA1888-TEPIC-IA,38,34,1683,1683,"Brincar de alto, abajo",Acahtzocoa. N.,"Brincar de alto, abajo. — Acahtzocoa. N.",em_dash,matched_headword,high,machine_accepted,direct_page_headword_match,machine_derived,True,False
ORT1888-art-000568,ORT1888-cand-000568,568,ORTEGA1888-TEPIC-IA,38,34,1684,1684,Brincar por el suelo,Huatatzonazt. Natatsonzt.,Brincar por el suelo. — Huatatzonazt. Natatsonzt.,em_dash,matched_headword,high,machine_accepted,direct_page_headword_match,machine_derived,True,False
ORT1888-art-000569,ORT1888-cand-000569,569,ORTEGA1888-TEPIC-IA,38,34,1685,1685,Brotar los arboles,>Vitiné.,Brotar los arboles.— >Vitiné.,em_dash,matched_headword,high,machine_accepted,direct_page_headword_match,machine_derived,True,False
ORT1888-art-000570,ORT1888-cand-000570,570,ORTEGA1888-TEPIC-IA,38,34,1686,1691,Brotar las flores,xTémuré.,Brotar las flores. — xTémuré. | S3,em_dash,matched_headword,high,machine_accepted,direct_page_headword_match,machine_derived,True,False
ORT1888-art-000571,ORT1888-cand-000571,571,ORTEGA1888-TEPIC-IA,39,35,1695,1696,Bruja,Vheziácam. pl. Vheziácametzi.,Bruja. — Vheziácam. pl. Vheziácametzi.,em_dash,matched_headword,high,machine_accepted,direct_page_headword_match,machine_derived,True,False
ORT1888-art-000572,ORT1888-cand-000572,572,ORTEGA1888-TEPIC-IA,39,35,1697,1698,Bronce,.Aimitzi.,Bronce.— .Aimitzi.,em_dash,matched_headword,high,machine_accepted,direct_page_headword_match,machine_derived,True,False
ORT1888-art-000573,ORT1888-cand-000573,573,ORTEGA1888-TEPIC-IA,39,35,1699,1700,"Bronco, ser el Caballo o Toro etc",Titzieune.,"Bronco, ser el Caballo o Toro etc. — Titzieune.",em_dash,matched_headword,high,machine_accepted,direct_page_headword_match,machine_derived,True,False
ORT1888-art-000574,ORT1888-cand-000574,574,ORTEGA1888-TEPIC-IA,39,35,1701,1702,Buche de las Aves,Huxaimefc.,Buche de las Aves. — Huxaimefc.,em_dash,matched_headword,high,machine_accepted,direct_page_headword_match,machine_derived,True,False
ORT1888-art-000575,ORT1888-cand-000575,575,ORTEGA1888-TEPIC-IA,39,35,1703,1704,Bueyes,Püyezi. pl. tzi.,Bueyes. —Püyezi. pl. tzi.,em_dash,matched_headword,high,machine_accepted,direct_page_headword_match,machine_derived,True,False
ORT1888-art-000576,ORT1888-cand-000576,576,ORTEGA1888-TEPIC-IA,39,35,1705,1706,"Buhio, ó casa pajiza",.Chihti.,"Buhio, ó casa pajiza.— .Chihti.",em_dash,matched_headword,high,machine_accepted,direct_page_headword_match,machine_derived,True,False
ORT1888-art-000577,ORT1888-cand-000577,577,ORTEGA1888-TEPIC-IA,39,35,1707,1708,Bullo,v.Mueeliiti. pl. eri.,Bullo. — v.Mueeliiti. pl. eri.,em_dash,matched_headword,high,machine_accepted,direct_page_headword_match,machine_derived,True,False
ORT1888-art-000578,ORT1888-cand-000578,578,ORTEGA1888-TEPIC-IA,39,35,1709,1710,"Burlar, hacer burla",Hucáat?©. Nete.,"Burlar, hacer burla, — Hucáat?©. Nete.",em_dash,matched_headword,high,machine_accepted,direct_page_headword_match,machine_derived,True,False
ORT1888-art-000579,ORT1888-cand-000579,579,ORTEGA1888-TEPIC-IA,39,35,1711,1712,Bullirse algo,Tahuáne. Ne.,Bullirse algo. — Tahuáne. Ne.,em_dash,matched_headword,high,machine_accepted,direct_page_headword_match,machine_derived,True,False
ORT1888-art-000580,ORT1888-cand-000580,580,ORTEGA1888-TEPIC-IA,39,35,1713,1714,Buscar algo,Huahua Neti.,Buscar algo. — Huahua Neti.,em_dash,matched_headword,high,machine_accepted,direct_page_headword_match,machine_derived,True,False
ORT1888-art-000581,ORT1888-cand-000581,581,ORTEGA1888-TEPIC-IA,39,35,1715,1717,Buscar por el rasLro,Yeichi. Neti.,Buscar por el rasLro. — Yeichi. Neti.,em_dash,matched_headword,high,machine_accepted,direct_page_headword_match,machine_derived,True,False
ORT1888-art-000582,ORT1888-cand-000582,582,ORTEGA1888-TEPIC-IA,39,35,1718,1721,Cabar,Teacíl. Nete. tehe Nete.,Cabar — Teacíl. Nete. tehe Nete. | Caballo. Kepoati.,em_dash,matched_headword,high,machine_accepted,direct_page_headword_match,machine_derived,True,False
ORT1888-art-000583,ORT1888-cand-000583,583,ORTEGA1888-TEPIC-IA,39,35,1722,1723,Caber,Yeabéhri. N.,Caber.— Yeabéhri. N.,em_dash,matched_headword,high,machine_accepted,direct_page_headword_match,machine_derived,True,False
ORT1888-art-000584,ORT1888-cand-000584,584,ORTEGA1888-TEPIC-IA,39,35,1724,1725,Cabeza,Muti.,Cabeza. -Muti.,hyphen_variant,matched_headword,medium,machine_accepted,direct_page_headword_match,machine_derived,True,False
ORT1888-art-000585,ORT1888-cand-000585,585,ORTEGA1888-TEPIC-IA,39,35,1726,1727,Cabecear el que tiene sueño,Aba<?i¿tz N.,Cabecear el que tiene sueño. — Aba<?i¿tz N.,em_dash,matched_headword,high,machine_accepted,direct_page_headword_match,machine_derived,True,False
ORT1888-art-000586,ORT1888-cand-000586,586,ORTEGA1888-TEPIC-IA,39,35,1728,1729,Cabestro,N.Caúhnarit.,Cabestro.— N.Caúhnarit.,em_dash,matched_headword,high,machine_accepted,direct_page_headword_match,machine_derived,True,False
ORT1888-art-000587,ORT1888-cand-000587,587,ORTEGA1888-TEPIC-IA,39,35,1730,1731,Cabra ó Cabrón,xCaúrazi. pl. tzi.,Cabra ó Cabrón. — xCaúrazi. pl. tzi.,em_dash,matched_headword,high,machine_accepted,direct_page_headword_match,machine_derived,True,False
ORT1888-art-000588,ORT1888-cand-000588,588,ORTEGA1888-TEPIC-IA,39,35,1732,1733,Cazar 6 salir ;í caza,Váreme. Ne.,"Cazar 6 salir ;í caza, — Váreme. Ne.",em_dash,matched_headword,high,machine_accepted,direct_page_headword_match,machine_derived,True,False
ORT1888-art-000589,ORT1888-cand-000589,589,ORTEGA1888-TEPIC-IA,39,35,1734,1735,Cazar con ratonera,Ipuaré. Ne.,"Cazar con ratonera., — Ipuaré. Ne.",em_dash,matched_headword,high,machine_accepted,direct_page_headword_match,machine_derived,True,False
ORT1888-art-000590,ORT1888-cand-000590,590,ORTEGA1888-TEPIC-IA,39,35,1736,1737,Cacarear la Gallina,Cacave.,"Cacarear la Gallina. ,—Cacave.",em_dash,matched_headword,high,machine_accepted,direct_page_headword_match,machine_derived,True,False
ORT1888-art-000591,ORT1888-cand-000591,591,ORTEGA1888-TEPIC-IA,39,35,1738,1739,Cada instante,ly apa puche.,Cada instante. .—ly apa puche.,em_dash,matched_headword,high,machine_accepted,direct_page_headword_match,machine_derived,True,False
ORT1888-art-000592,ORT1888-cand-000592,592,ORTEGA1888-TEPIC-IA,39,35,1740,1741,"Cada, uno ser dos",Ceaxuime.,"Cada, uno ser dos. — Ceaxuime.",em_dash,matched_headword,high,machine_accepted,direct_page_headword_match,machine_derived,True,False
ORT1888-art-000593,ORT1888-cand-000593,593,ORTEGA1888-TEPIC-IA,39,35,1742,1743,Cadera,Ketzati.,Cadera. — Ketzati.,em_dash,matched_headword,high,machine_accepted,direct_page_headword_match,machine_derived,True,False
ORT1888-art-000594,ORT1888-cand-000594,594,ORTEGA1888-TEPIC-IA,39,35,1744,1745,Caer,Huatéhbe. Natéhebe.,Caer. — Huatéhbe. Natéhebe.,em_dash,matched_headword,high,machine_accepted,direct_page_headword_match,machine_derived,True,False
ORT1888-art-000595,ORT1888-cand-000595,595,ORTEGA1888-TEPIC-IA,39,35,1746,1747,Caer siesta,Anáme.,Caer siesta. — Anáme.,em_dash,matched_headword,high,machine_accepted,direct_page_headword_match,machine_derived,True,False
ORT1888-art-000596,ORT1888-cand-000596,596,ORTEGA1888-TEPIC-IA,39,35,1748,1753,Caerse de arriba,Acahbet N.,Caerse de arriba. — Acahbet N. | Caerse las hojas del árbol. | Cacrar.^Clui'ita. Ne.,em_dash,matched_headword,high,machine_accepted,direct_page_headword_match,machine_derived,True,False
ORT1888-art-000597,ORT1888-cand-000597,597,ORTEGA1888-TEPIC-IA,40,36,1758,1759,Caiman,Axat. pi. tzi.,Caiman. — Axat. pi. tzi.,em_dash,matched_headword,high,machine_accepted,direct_page_headword_match,machine_derived,True,False
ORT1888-art-000598,ORT1888-cand-000598,598,ORTEGA1888-TEPIC-IA,40,36,1760,1761,Cal,vTénzti.,Cal. — vTénzti.,em_dash,matched_headword,high,machine_accepted,direct_page_headword_match,machine_derived,True,False
ORT1888-art-000599,ORT1888-cand-000599,599,ORTEGA1888-TEPIC-IA,40,36,1762,1763,Calabaza,Xotziti.,Calabaza. — Xotziti.,em_dash,matched_headword,high,machine_accepted,direct_page_headword_match,machine_derived,True,False
ORT1888-art-000600,ORT1888-cand-000600,600,ORTEGA1888-TEPIC-IA,40,36,1764,1765,"Calabaza pequeña, tierna",Xaihnúriti.,"Calabaza pequeña, tierna— Xaihnúriti.",em_dash,matched_headword,high,machine_accepted,direct_page_headword_match,machine_derived,True,False
ORT1888-art-000601,ORT1888-cand-000601,601,ORTEGA1888-TEPIC-IA,40,36,1766,1767,Calabaza que sirve de vaso,Caitzat.,Calabaza que sirve de vaso. — Caitzat.,em_dash,matched_headword,high,machine_accepted,direct_page_headword_match,machine_derived,True,False
ORT1888-art-000602,ORT1888-cand-000602,602,ORTEGA1888-TEPIC-IA,40,36,1768,1769,Calabaza que sirve de cántaro,Quxauriti.,Calabaza que sirve de cántaro. — Quxauriti.,em_dash,matched_headword,high,machine_accepted,direct_page_headword_match,machine_derived,True,False
ORT1888-art-000603,ORT1888-cand-000603,603,ORTEGA1888-TEPIC-IA,40,36,1770,1771,"Calabaza tal, antes que sirva",Erihti.,"Calabaza tal, antes que sirva. ,— Erihti.",em_dash,matched_headword,high,machine_accepted,direct_page_headword_match,machine_derived,True,False
ORT1888-art-000604,ORT1888-cand-000604,604,ORTEGA1888-TEPIC-IA,40,36,1772,1775,Calambre tener,T.,"Calambre tener. — T. | Calar el agua, cuando llueve.",em_dash,matched_headword,high,machine_accepted,direct_page_headword_match,machine_derived,True,False
ORT1888-art-000605,ORT1888-cand-000605,605,ORTEGA1888-TEPIC-IA,40,36,1776,1777,Calcañar,Chatzóriti.,Calcañar. — Chatzóriti.,em_dash,matched_headword,high,machine_accepted,direct_page_headword_match,machine_derived,True,False
ORT1888-art-000606,ORT1888-cand-000606,606,ORTEGA1888-TEPIC-IA,40,36,1778,1779,Calzado que usan,Cacáhite.,Calzado que usan. — Cacáhite.,em_dash,matched_headword,high,machine_accepted,direct_page_headword_match,machine_derived,True,False
ORT1888-art-000607,ORT1888-cand-000607,607,ORTEGA1888-TEPIC-IA,40,36,1780,1781,Calzarse,Veácáih te. Nenecácaihte.,Calzarse.— Veácáih te. Nenecácaihte.,em_dash,matched_headword,high,machine_accepted,direct_page_headword_match,machine_derived,True,False
ORT1888-art-000608,ORT1888-cand-000608,608,ORTEGA1888-TEPIC-IA,40,36,1782,1783,Caldo,Haaáti.,Caldo.— Haaáti.,em_dash,matched_headword,high,machine_accepted,direct_page_headword_match,machine_derived,True,False
ORT1888-art-000609,ORT1888-cand-000609,609,ORTEGA1888-TEPIC-IA,40,36,1784,1785,Calentar,Fuzte. Nefci.,Calentar — Fuzte. Nefci.,em_dash,matched_headword,high,machine_accepted,direct_page_headword_match,machine_derived,True,False
ORT1888-art-000610,ORT1888-cand-000610,610,ORTEGA1888-TEPIC-IA,40,36,1786,1787,Calentarse,Vkexaite. Nenekexaite.,Calentarse. — Vkexaite. Nenekexaite.,em_dash,matched_headword,high,machine_accepted,direct_page_headword_match,machine_derived,True,False
ORT1888-art-000611,ORT1888-cand-000611,611,ORTEGA1888-TEPIC-IA,40,36,1788,1789,Calentura,X^/rihat.,Calentura. — X^/rihat.,em_dash,matched_headword,high,machine_accepted,direct_page_headword_match,machine_derived,True,False
ORT1888-art-000612,ORT1888-cand-000612,612,ORTEGA1888-TEPIC-IA,40,36,1790,1791,Caliente,X^i/ca. P««ziii. Pue/.ti.,Caliente. — X^i/ca. P««ziii. Pue/.ti.,em_dash,matched_headword,high,machine_accepted,direct_page_headword_match,machine_derived,True,False
ORT1888-art-000613,ORT1888-cand-000613,613,ORTEGA1888-TEPIC-IA,40,36,1792,1793,Callarse,Huateapoarecá. Ñatea poareca.,Callarse. — Huateapoarecá. Ñatea poareca.,em_dash,matched_headword,high,machine_accepted,direct_page_headword_match,machine_derived,True,False
ORT1888-art-000614,ORT1888-cand-000614,614,ORTEGA1888-TEPIC-IA,40,36,1794,1795,"Callos, tener en las manos ó pies",Acánitme.,"Callos, tener en las manos ó pies. — Acánitme.",em_dash,matched_headword,high,machine_accepted,direct_page_headword_match,machine_derived,True,False
ORT1888-art-000615,ORT1888-cand-000615,615,ORTEGA1888-TEPIC-IA,40,36,1796,1797,Calor,Taíxeat.,Calor. — Taíxeat.,em_dash,matched_headword,high,machine_accepted,direct_page_headword_match,machine_derived,True,False
ORT1888-art-000616,ORT1888-cand-000616,616,ORTEGA1888-TEPIC-IA,40,36,1798,1799,Calor aver,Teacaeca.,Calor aver. — Teacaeca.,em_dash,matched_headword,high,machine_accepted,direct_page_headword_match,machine_derived,True,False
ORT1888-art-000617,ORT1888-cand-000617,617,ORTEGA1888-TEPIC-IA,40,36,1800,1801,Calor tener,Teáixe. Ne.,Calor tener. — Teáixe. Ne.,em_dash,matched_headword,high,machine_accepted,direct_page_headword_match,machine_derived,True,False
ORT1888-art-000618,ORT1888-cand-000618,618,ORTEGA1888-TEPIC-IA,40,36,1802,1803,Calvo estar,Capuabákepoa. Canabakepoa.,Calvo estar — Capuabákepoa. Canabakepoa.,em_dash,matched_headword,high,machine_accepted,direct_page_headword_match,machine_derived,True,False
ORT1888-art-000619,ORT1888-cand-000619,619,ORTEGA1888-TEPIC-IA,40,36,1804,1805,Calsones,Tumi te.,Calsones. — Tumi te.,em_dash,matched_headword,high,machine_accepted,direct_page_headword_match,machine_derived,True,False
ORT1888-art-000620,ORT1888-cand-000620,620,ORTEGA1888-TEPIC-IA,40,36,1806,1807,"Calandria, ave",Tzamazti. pl. T/anzi.,"Calandria, ave. — Tzamazti. pl. T/anzi.",em_dash,matched_headword,high,machine_accepted,direct_page_headword_match,machine_derived,True,False
ORT1888-art-000621,ORT1888-cand-000621,621,ORTEGA1888-TEPIC-IA,40,36,1808,1809,Cama,Vtátzi ti .,Cama. — Vtátzi ti .,em_dash,matched_headword,high,machine_accepted,direct_page_headword_match,machine_derived,True,False
ORT1888-art-000622,ORT1888-cand-000622,622,ORTEGA1888-TEPIC-IA,40,36,1810,1811,Camarón,Túketzi. pl. Túkezi.,Camarón. — Túketzi. pl. Túkezi.,em_dash,matched_headword,high,machine_accepted,direct_page_headword_match,machine_derived,True,False
ORT1888-art-000623,ORT1888-cand-000623,623,ORTEGA1888-TEPIC-IA,40,36,1812,1813,Cambiar,P na tata.,Cambiar. — P na tata.,em_dash,matched_headword,high,machine_accepted,direct_page_headword_match,machine_derived,True,False
ORT1888-art-000624,ORT1888-cand-000624,624,ORTEGA1888-TEPIC-IA,40,36,1814,1815,"Camino, vereda. r",Uyeti.,"Camino, vereda. r-Uyeti.",hyphen_variant,matched_headword,medium,machine_accepted,direct_page_headword_match,machine_derived,True,False
ORT1888-art-000625,ORT1888-cand-000625,625,ORTEGA1888-TEPIC-IA,40,36,1816,1817,Campanilla de la agua,Axepútzihbé.,"Campanilla de la agua, — Axepútzihbé.",em_dash,matched_headword,high,machine_accepted,direct_page_headword_match,machine_derived,True,False
ORT1888-art-000626,ORT1888-cand-000626,626,ORTEGA1888-TEPIC-IA,40,36,1818,1819,"Campo, tierra llana","Choata,","Campo, tierra llana. — Choata,",em_dash,matched_headword,high,machine_accepted,direct_page_headword_match,machine_derived,True,False
ORT1888-art-000627,ORT1888-cand-000627,627,ORTEGA1888-TEPIC-IA,40,36,1820,1825,Cana,Quáinave.,Cana. — Quáinave. | WS&,em_dash,matched_headword,high,machine_accepted,direct_page_headword_match,machine_derived,True,False
ORT1888-art-000628,ORT1888-cand-000628,628,ORTEGA1888-TEPIC-IA,41,37,1832,1833,Canas tener,Ahaquáinave. N.,Canas tener. — Ahaquáinave. N.,em_dash,matched_headword,high,machine_accepted,direct_page_headword_match,machine_derived,True,False
ORT1888-art-000629,ORT1888-cand-000629,629,ORTEGA1888-TEPIC-IA,41,37,1834,1835,Canasta,C'ikeuv'ú.,Canasta. — C'ikeuv'ú.,em_dash,matched_headword,high,machine_accepted,direct_page_headword_match,machine_derived,True,False
ORT1888-art-000630,ORT1888-cand-000630,630,ORTEGA1888-TEPIC-IA,41,37,1836,1837,Cangrejo,Aíhna. pl. ri.,Cangrejo. — Aíhna. pl. ri.,em_dash,matched_headword,high,machine_accepted,direct_page_headword_match,machine_derived,True,False
ORT1888-art-000631,ORT1888-cand-000631,631,ORTEGA1888-TEPIC-IA,41,37,1838,1839,Cansa rse,Vecv/owkene.,Cansa rse.-^Vecv/owkene.,hyphen_variant,matched_headword,medium,machine_accepted,direct_page_headword_match,machine_derived,True,False
ORT1888-art-000632,ORT1888-cand-000632,632,ORTEGA1888-TEPIC-IA,41,37,1840,1841,Cansancio,Ceaonkeneat.,Cansancio. — Ceaonkeneat.,em_dash,matched_headword,high,machine_accepted,direct_page_headword_match,machine_derived,True,False
ORT1888-art-000633,ORT1888-cand-000633,633,ORTEGA1888-TEPIC-IA,40,36,1842,1843,Cantar,Chuicat.,Cantar. — Chuicat.,em_dash,matched_headword,high,machine_accepted,direct_page_headword_match,machine_derived,True,False
ORT1888-art-000634,ORT1888-cand-000634,634,ORTEGA1888-TEPIC-IA,41,37,1844,1845,Cantor,Tichicáme. pl. tzi.,Cantor. — Tichicáme. pl. tzi.,em_dash,matched_headword,high,machine_accepted,direct_page_headword_match,machine_derived,True,False
ORT1888-art-000635,ORT1888-cand-000635,635,ORTEGA1888-TEPIC-IA,41,37,1846,1847,Cantar el gallo,Hihhna.,Cantar el gallo. — Hihhna.,em_dash,matched_headword,high,machine_accepted,direct_page_headword_match,machine_derived,True,False
ORT1888-art-000636,ORT1888-cand-000636,636,ORTEGA1888-TEPIC-IA,40,36,1848,1849,Can tar< >,Ay amet.,Can tar< >. — Ay amet.,em_dash,matched_headword,high,machine_accepted,direct_page_headword_match,machine_derived,True,False
ORT1888-art-000637,ORT1888-cand-000637,637,ORTEGA1888-TEPIC-IA,41,37,1850,1851,Caña hueca,Acáti.,Caña hueca. — Acáti.,em_dash,matched_headword,high,machine_accepted,direct_page_headword_match,machine_derived,True,False
ORT1888-art-000638,ORT1888-cand-000638,638,ORTEGA1888-TEPIC-IA,41,37,1852,1853,Caña macisa,Acot.,Caña macisa. — Acot.,em_dash,matched_headword,high,machine_accepted,direct_page_headword_match,machine_derived,True,False
ORT1888-art-000639,ORT1888-cand-000639,639,ORTEGA1888-TEPIC-IA,41,37,1854,1855,Caña de maíz,Huakexati.,Caña de maíz. — Huakexati.,em_dash,matched_headword,high,machine_accepted,direct_page_headword_match,machine_derived,True,False
ORT1888-art-000640,ORT1888-cand-000640,640,ORTEGA1888-TEPIC-IA,41,37,1856,1859,Caña de castilla,Huínniti.,Caña de castilla. — Huínniti. | Cañaveral . H nini x i tzahta .,em_dash,matched_headword,high,machine_accepted,direct_page_headword_match,machine_derived,True,False
ORT1888-art-000641,ORT1888-cand-000641,641,ORTEGA1888-TEPIC-IA,41,37,1860,1861,Cañuto,Tazeúrabétme. Tálleteme.,Cañuto. — Tazeúrabétme. Tálleteme.,em_dash,matched_headword,high,machine_accepted,direct_page_headword_match,machine_derived,True,False
ORT1888-art-000642,ORT1888-cand-000642,642,ORTEGA1888-TEPIC-IA,41,37,1862,1863,Capar,Ataripéne. Neti.,Capar. — Ataripéne. Neti.,em_dash,matched_headword,high,machine_accepted,direct_page_headword_match,machine_derived,True,False
ORT1888-art-000643,ORT1888-cand-000643,643,ORTEGA1888-TEPIC-IA,41,37,1864,1865,Capador,Titaaripchuáme. pl. tzi.,Capador. — Titaaripchuáme. pl. tzi.,em_dash,matched_headword,high,machine_accepted,direct_page_headword_match,machine_derived,True,False
ORT1888-art-000644,ORT1888-cand-000644,644,ORTEGA1888-TEPIC-IA,41,37,1866,1867,Capear el golpe,Huateaú. Netencíi.,Capear el golpe — Huateaú. Netencíi.,em_dash,matched_headword,high,machine_accepted,direct_page_headword_match,machine_derived,True,False
ORT1888-art-000645,ORT1888-cand-000645,645,ORTEGA1888-TEPIC-IA,41,37,1868,1869,Cara,Nerimit.,Cara. -Nerimit.,hyphen_variant,matched_headword,medium,machine_accepted,direct_page_headword_match,machine_derived,True,False
ORT1888-art-000646,ORT1888-cand-000646,646,ORTEGA1888-TEPIC-IA,41,37,1870,1871,"Cara, cosa",Tianahehe.,"Cara, cosa. — Tianahehe.",em_dash,matched_headword,high,machine_accepted,direct_page_headword_match,machine_derived,True,False
ORT1888-art-000647,ORT1888-cand-000647,647,ORTEGA1888-TEPIC-IA,41,37,1872,1873,Caracol chico,Huácace. pl. ri.,Caracol chico. — Huácace. pl. ri.,em_dash,matched_headword,high,machine_accepted,direct_page_headword_match,machine_derived,True,False
ORT1888-art-000648,ORT1888-cand-000648,648,ORTEGA1888-TEPIC-IA,41,37,1874,1875,Caracol grande,Xopot. pl. tzi.,Caracol grande. — Xopot. pl. tzi.,em_dash,matched_headword,high,machine_accepted,direct_page_headword_match,machine_derived,True,False
ORT1888-art-000649,ORT1888-cand-000649,649,ORTEGA1888-TEPIC-IA,41,37,1876,1879,Carámbano,Cerit.,Carámbano. — Cerit. | Carcoma de madera. -,em_dash,matched_headword,high,machine_accepted,direct_page_headword_match,machine_derived,True,False
ORT1888-art-000650,ORT1888-cand-000650,650,ORTEGA1888-TEPIC-IA,41,37,1880,1881,Carbon,TVwxquári.,Carbon — TVwxquári.,em_dash,matched_headword,high,machine_accepted,direct_page_headword_match,machine_derived,True,False
ORT1888-art-000651,ORT1888-cand-000651,651,ORTEGA1888-TEPIC-IA,41,37,1882,1883,Cárcel,Eukeritan.,Cárcel. — Eukeritan.,em_dash,matched_headword,high,machine_accepted,direct_page_headword_match,machine_derived,True,False
ORT1888-art-000652,ORT1888-cand-000652,652,ORTEGA1888-TEPIC-IA,41,37,1884,1885,Cardar,Cana. Neti.,Cardar. — Cana. Neti.,em_dash,matched_headword,high,machine_accepted,direct_page_headword_match,machine_derived,True,False
ORT1888-art-000653,ORT1888-cand-000653,653,ORTEGA1888-TEPIC-IA,41,37,1886,1887,Carga llevar,Atéke. Nete.,Carga llevar. — Atéke. Nete.,em_dash,matched_headword,high,machine_accepted,direct_page_headword_match,machine_derived,True,False
ORT1888-art-000654,ORT1888-cand-000654,654,ORTEGA1888-TEPIC-IA,41,37,1888,1889,Cargar,Ihcata. Neti.,Cargar. — Ihcata. Neti.,em_dash,matched_headword,high,machine_accepted,direct_page_headword_match,machine_derived,True,False
ORT1888-art-000655,ORT1888-cand-000655,655,ORTEGA1888-TEPIC-IA,41,37,1890,1891,Caridad,Muahchiat.,Caridad. — Muahchiat.,em_dash,matched_headword,high,machine_accepted,direct_page_headword_match,machine_derived,True,False
ORT1888-art-000656,ORT1888-cand-000656,656,ORTEGA1888-TEPIC-IA,41,37,1892,1893,Carne,Hncat.,Carne. — Hncat.,em_dash,matched_headword,high,machine_accepted,direct_page_headword_match,machine_derived,True,False
ORT1888-art-000657,ORT1888-cand-000657,657,ORTEGA1888-TEPIC-IA,41,37,1894,1899,Carne desear,Huaine. Ne.,Carne desear. — Huaine. Ne. | Coi^yékeméme. )4. tzi.,em_dash,matched_headword,high,machine_accepted,direct_page_headword_match,machine_derived,True,False
ORT1888-art-000658,ORT1888-cand-000658,658,ORTEGA1888-TEPIC-IA,42,38,1903,1904,Carnero,Canax. pl. eri.,Carnero. — Canax. pl. eri.,em_dash,matched_headword,high,machine_accepted,direct_page_headword_match,machine_derived,True,False
ORT1888-art-000659,ORT1888-cand-000659,659,ORTEGA1888-TEPIC-IA,42,38,1905,1906,Caro venderse,Busca cara cosa.,Caro venderse. — Busca cara cosa.,em_dash,matched_headword,high,machine_accepted,direct_page_headword_match,machine_derived,True,False
ORT1888-art-000660,ORT1888-cand-000660,660,ORTEGA1888-TEPIC-IA,42,38,1907,1908,Carrillo de cara,Vpéziti.,Carrillo de cara. — Vpéziti.,em_dash,matched_headword,high,machine_accepted,direct_page_headword_match,machine_derived,True,False
ORT1888-art-000661,ORT1888-cand-000661,661,ORTEGA1888-TEPIC-IA,42,38,1909,1910,Cariiso,Busca caña hueca.,Cariiso — Busca caña hueca.,em_dash,matched_headword,high,machine_accepted,direct_page_headword_match,machine_derived,True,False
ORT1888-art-000662,ORT1888-cand-000662,662,ORTEGA1888-TEPIC-IA,42,38,1911,1912,Carrizal,Acátzahta.,Carrizal. — Acátzahta.,em_dash,matched_headword,high,machine_accepted,direct_page_headword_match,machine_derived,True,False
ORT1888-art-000663,ORT1888-cand-000663,663,ORTEGA1888-TEPIC-IA,42,38,1913,1914,Carta,Yüxarit.,Carta.— Yüxarit.,em_dash,matched_headword,high,machine_accepted,direct_page_headword_match,machine_derived,True,False
ORT1888-art-000664,ORT1888-cand-000664,664,ORTEGA1888-TEPIC-IA,42,38,1915,1916,Casa,Chihti.,Casa. — Chihti.,em_dash,matched_headword,high,machine_accepted,direct_page_headword_match,machine_derived,True,False
ORT1888-art-000665,ORT1888-cand-000665,665,ORTEGA1888-TEPIC-IA,42,38,1917,1918,Casar á otro,Nahehiten. Neti.,Casar á otro. — Nahehiten. Neti.,em_dash,matched_headword,high,machine_accepted,direct_page_headword_match,machine_derived,True,False
ORT1888-art-000666,ORT1888-cand-000666,666,ORTEGA1888-TEPIC-IA,42,38,1919,1920,Casamiento,Nahehiterit.,Casamiento. — Nahehiterit.,em_dash,matched_headword,high,machine_accepted,direct_page_headword_match,machine_derived,True,False
ORT1888-art-000667,ORT1888-cand-000667,667,ORTEGA1888-TEPIC-IA,42,38,1921,1922,Cascabel,Caerit.,Cascabel. — Caerit.,em_dash,matched_headword,high,machine_accepted,direct_page_headword_match,machine_derived,True,False
ORT1888-art-000668,ORT1888-cand-000668,668,ORTEGA1888-TEPIC-IA,42,38,1923,1924,Castigar,Tepoahte. Ne.,Castigar. — Tepoahte. Ne.,em_dash,matched_headword,high,machine_accepted,direct_page_headword_match,machine_derived,True,False
ORT1888-art-000669,ORT1888-cand-000669,669,ORTEGA1888-TEPIC-IA,42,38,1925,1926,Castigo,Poáihtzit.,Castigo. — Poáihtzit.,em_dash,matched_headword,high,machine_accepted,direct_page_headword_match,machine_derived,True,False
ORT1888-art-000670,ORT1888-cand-000670,670,ORTEGA1888-TEPIC-IA,42,38,1927,1928,"Causa, el porque de la causa",Kenie.,"Causa, el porque de la causa. — Kenie.",em_dash,matched_headword,high,machine_accepted,direct_page_headword_match,machine_derived,True,False
ORT1888-art-000671,ORT1888-cand-000671,671,ORTEGA1888-TEPIC-IA,42,38,1929,1930,Clamar,Hihhua. Ne.,Clamar.--- Hihhua. Ne.,hyphen_variant,matched_headword,medium,machine_accepted,direct_page_headword_match,machine_derived,True,False
ORT1888-art-000672,ORT1888-cand-000672,672,ORTEGA1888-TEPIC-IA,42,38,1931,1932,Clamor,Hihhuariti.,Clamor. — Hihhuariti.,em_dash,matched_headword,high,machine_accepted,direct_page_headword_match,machine_derived,True,False
ORT1888-art-000673,ORT1888-cand-000673,673,ORTEGA1888-TEPIC-IA,42,38,1933,1934,"Clara cosa, no turbia",Huaravi.,"Clara cosa, no turbia — Huaravi.",em_dash,matched_headword,high,machine_accepted,direct_page_headword_match,machine_derived,True,False
ORT1888-art-000674,ORT1888-cand-000674,674,ORTEGA1888-TEPIC-IA,42,38,1935,1936,Claro esta r,Huanérie.,Claro esta r. — Huanérie.,em_dash,matched_headword,high,machine_accepted,direct_page_headword_match,machine_derived,True,False
ORT1888-art-000675,ORT1888-cand-000675,675,ORTEGA1888-TEPIC-IA,42,38,1937,1938,Clavar,Tahtatai. Nete.,Clavar. — Tahtatai. Nete.,em_dash,matched_headword,high,machine_accepted,direct_page_headword_match,machine_derived,True,False
ORT1888-art-000676,ORT1888-cand-000676,676,ORTEGA1888-TEPIC-IA,42,38,1939,1940,Coa de palo,Vicati.,Coa de palo. — Vicati.,em_dash,matched_headword,high,machine_accepted,direct_page_headword_match,machine_derived,True,False
ORT1888-art-000677,ORT1888-cand-000677,677,ORTEGA1888-TEPIC-IA,42,38,1941,1942,Coa de hierro,Tantimoa.,Coa de hierro. — Tantimoa.,em_dash,matched_headword,high,machine_accepted,direct_page_headword_match,machine_derived,True,False
ORT1888-art-000678,ORT1888-cand-000678,678,ORTEGA1888-TEPIC-IA,42,38,1943,1944,Cobrar lo que se debe,Ihbe. Neti.,Cobrar lo que se debe — Ihbe. Neti.,em_dash,matched_headword,high,machine_accepted,direct_page_headword_match,machine_derived,True,False
ORT1888-art-000679,ORT1888-cand-000679,679,ORTEGA1888-TEPIC-IA,42,38,1945,1946,"Cobre, metal",Auúitzi.,"Cobre, metal. — Auúitzi.",em_dash,matched_headword,high,machine_accepted,direct_page_headword_match,machine_derived,True,False
ORT1888-art-000680,ORT1888-cand-000680,680,ORTEGA1888-TEPIC-IA,42,38,1947,1948,Codo de brazo,Tzicúri ti.,"Codo de brazo.,— Tzicúri ti.",em_dash,matched_headword,high,machine_accepted,direct_page_headword_match,machine_derived,True,False
ORT1888-art-000681,ORT1888-cand-000681,681,ORTEGA1888-TEPIC-IA,42,38,1949,1950,Codorniz,Zeaíi. pl. riti.,Codorniz. — Zeaíi. pl. riti.,em_dash,matched_headword,high,machine_accepted,direct_page_headword_match,machine_derived,True,False
ORT1888-art-000682,ORT1888-cand-000682,682,ORTEGA1888-TEPIC-IA,42,38,1951,1952,"Coger, agarrar",Bia. Neti.,"Coger, agarrar. — Bia. Neti.",em_dash,matched_headword,high,machine_accepted,direct_page_headword_match,machine_derived,True,False
ORT1888-art-000683,ORT1888-cand-000683,683,ORTEGA1888-TEPIC-IA,42,38,1953,1954,Coger como maíz de cosecha,Antácih. Nete.,Coger como maíz de cosecha. — Antácih. Nete.,em_dash,matched_headword,high,machine_accepted,direct_page_headword_match,machine_derived,True,False
ORT1888-art-000684,ORT1888-cand-000684,684,ORTEGA1888-TEPIC-IA,42,38,1955,1956,"Coger algo del suelo, r",Tea. Neti.,"Coger algo del suelo, r- Tea. Neti.",hyphen_variant,matched_headword,medium,machine_accepted,direct_page_headword_match,machine_derived,True,False
ORT1888-art-000685,ORT1888-cand-000685,685,ORTEGA1888-TEPIC-IA,42,38,1957,1958,Cojear,"Capa^whri. huachiáca. Canocurihuachiaca,","Cojear. — Capa^whri. huachiáca. Canocurihuachiaca,",em_dash,matched_headword,high,machine_accepted,direct_page_headword_match,machine_derived,True,False
ORT1888-art-000686,ORT1888-cand-000686,686,ORTEGA1888-TEPIC-IA,42,38,1959,1960,Cojo,Nahche.,Cojo.— Nahche.,em_dash,matched_headword,high,machine_accepted,direct_page_headword_match,machine_derived,True,False
ORT1888-art-000687,ORT1888-cand-000687,687,ORTEGA1888-TEPIC-IA,42,38,1961,1962,Cola de animal,Quaciti.,Cola de animal. — Quaciti.,em_dash,matched_headword,high,machine_accepted,direct_page_headword_match,machine_derived,True,False
ORT1888-art-000688,ORT1888-cand-000688,688,ORTEGA1888-TEPIC-IA,42,38,1963,1964,Colar,Catze. Neti.,Colar. — Catze. Neti.,em_dash,matched_headword,high,machine_accepted,direct_page_headword_match,machine_derived,True,False
ORT1888-art-000689,ORT1888-cand-000689,689,ORTEGA1888-TEPIC-IA,42,38,1965,1970,Colgar algo,"Heké. Neti,","Colgar algo. — Heké. Neti, | 39",em_dash,matched_headword,high,machine_accepted,direct_page_headword_match,machine_derived,True,False
ORT1888-art-000690,ORT1888-cand-000690,690,ORTEGA1888-TEPIC-IA,43,39,1971,1971,Colmar,Bahezt. Nete.,Colmar. —Bahezt. Nete.,em_dash,matched_headword,high,machine_accepted,direct_page_headword_match,machine_derived,True,False
ORT1888-art-000691,ORT1888-cand-000691,691,ORTEGA1888-TEPIC-IA,43,39,1972,1972,Comenzar,Tehche Neteu.,Comenzar. — Tehche Neteu.,em_dash,matched_headword,high,machine_accepted,direct_page_headword_match,machine_derived,True,False
ORT1888-art-000692,ORT1888-cand-000692,692,ORTEGA1888-TEPIC-IA,43,39,1973,1973,"Comegen, animal",Teahpuazt. pl. Teahpuazi.,"Comegen, animal. — Teahpuazt. pl. Teahpuazi.",em_dash,matched_headword,high,machine_accepted,direct_page_headword_match,machine_derived,True,False
ORT1888-art-000693,ORT1888-cand-000693,693,ORTEGA1888-TEPIC-IA,43,39,1974,1974,Comer,Cua. Neti.,Comer. — Cua. Neti.,em_dash,matched_headword,high,machine_accepted,direct_page_headword_match,machine_derived,True,False
ORT1888-art-000694,ORT1888-cand-000694,694,ORTEGA1888-TEPIC-IA,43,39,1975,1975,Comezón dar algo,Taeuné. Ne.,Comezón dar algo. — Taeuné. Ne.,em_dash,matched_headword,high,machine_accepted,direct_page_headword_match,machine_derived,True,False
ORT1888-art-000695,ORT1888-cand-000695,695,ORTEGA1888-TEPIC-IA,43,39,1976,1976,Con) ida,Queahti.,Con) ida. — Queahti.,em_dash,matched_headword,high,machine_accepted,direct_page_headword_match,machine_derived,True,False
ORT1888-art-000696,ORT1888-cand-000696,696,ORTEGA1888-TEPIC-IA,42,38,1977,1977,Como?,Aitné?,Como? — Aitné?,em_dash,matched_headword,high,machine_accepted,direct_page_headword_match,machine_derived,True,False
ORT1888-art-000697,ORT1888-cand-000697,697,ORTEGA1888-TEPIC-IA,42,38,1978,1978,Como,Eup&t.,Como. — Eup&t.,em_dash,matched_headword,high,machine_accepted,direct_page_headword_match,machine_derived,True,False
ORT1888-art-000698,ORT1888-cand-000698,698,ORTEGA1888-TEPIC-IA,43,39,1979,1979,Com padecerse,Cube. Neti va.,Com padecerse. -^Cube. Neti va.,hyphen_variant,matched_headword,medium,machine_accepted,direct_page_headword_match,machine_derived,True,False
ORT1888-art-000699,ORT1888-cand-000699,699,ORTEGA1888-TEPIC-IA,43,39,1980,1981,Compañón ó cojou. r,Atari ti.,Compañón ó cojou. r— Atari ti. | Compasar o medir con eoiupáz. == Yhte. Neti.,em_dash,matched_headword,high,machine_accepted,direct_page_headword_match,machine_derived,True,False
ORT1888-art-000700,ORT1888-cand-000700,700,ORTEGA1888-TEPIC-IA,43,39,1982,1982,Compasión,Cu beat,"Compasión.,— Cu beat",em_dash,matched_headword,high,machine_accepted,direct_page_headword_match,machine_derived,True,False
ORT1888-art-000701,ORT1888-cand-000701,701,ORTEGA1888-TEPIC-IA,43,39,1983,1983,Componer,vAtahua. Neti.,Componer.— vAtahua. Neti.,em_dash,matched_headword,high,machine_accepted,direct_page_headword_match,machine_derived,True,False
ORT1888-art-000702,ORT1888-cand-000702,702,ORTEGA1888-TEPIC-IA,43,39,1984,1984,Comprar aleo,Nana. Neti.,Comprar aleo. — Nana. Neti.,em_dash,matched_headword,high,machine_accepted,direct_page_headword_match,machine_derived,True,False
ORT1888-art-000703,ORT1888-cand-000703,703,ORTEGA1888-TEPIC-IA,43,39,1985,1985,C miprador,Tinanabeme. pl. tzi.,C miprador. ^-Tinanabeme. pl. tzi.,hyphen_variant,matched_headword,medium,machine_accepted,direct_page_headword_match,machine_derived,True,False
ORT1888-art-000704,ORT1888-cand-000704,704,ORTEGA1888-TEPIC-IA,43,39,1986,1986,ComuIgar,Tezahuateiiü Neti.,ComuIgar.-^Tezahuateiiü Neti.,hyphen_variant,matched_headword,medium,machine_accepted,direct_page_headword_match,machine_derived,True,False
ORT1888-art-000705,ORT1888-cand-000705,705,ORTEGA1888-TEPIC-IA,43,39,1987,1987,"Comunión, r",Tzahuatiat.,"Comunión, r— Tzahuatiat.",em_dash,matched_headword,high,machine_accepted,direct_page_headword_match,machine_derived,True,False
ORT1888-art-000706,ORT1888-cand-000706,706,ORTEGA1888-TEPIC-IA,43,39,1988,1989,"Con, prep",Keme.,"Con, prep. — Keme.",em_dash,matched_headword,high,machine_accepted,direct_page_headword_match,machine_derived,True,False
ORT1888-art-000707,ORT1888-cand-000707,707,ORTEGA1888-TEPIC-IA,43,39,1990,1990,"Con, con alguno",Tiliemi. Tihamoan. Tihetzána.,"Con, con alguno. — Tiliemi. Tihamoan. Tihetzána.",em_dash,matched_headword,high,machine_accepted,direct_page_headword_match,machine_derived,True,False
ORT1888-art-000708,ORT1888-cand-000708,708,ORTEGA1888-TEPIC-IA,43,39,1991,1991,Concha,Kfí/xati.,Concha.— Kfí/xati.,em_dash,matched_headword,high,machine_accepted,direct_page_headword_match,machine_derived,True,False
ORT1888-art-000709,ORT1888-cand-000709,709,ORTEGA1888-TEPIC-IA,43,39,1992,1992,Conchavar,Acao.ner¡. Nete.,Conchavar. — Acao.ner¡. Nete.,em_dash,matched_headword,high,machine_accepted,direct_page_headword_match,machine_derived,True,False
ORT1888-art-000710,ORT1888-cand-000710,710,ORTEGA1888-TEPIC-IA,43,39,1993,1993,Conejo,-Tatzú. pl. ri.,Conejo.- -Tatzú. pl. ri.,hyphen_variant,matched_headword,medium,machine_accepted,direct_page_headword_match,machine_derived,True,False
ORT1888-art-000711,ORT1888-cand-000711,711,ORTEGA1888-TEPIC-IA,43,39,1994,1994,Confesar,Huahua retiat. Nraztariat,Confesar. --Huahua retiat. Nraztariat,hyphen_variant,matched_headword,medium,machine_accepted,direct_page_headword_match,machine_derived,True,False
ORT1888-art-000712,ORT1888-cand-000712,712,ORTEGA1888-TEPIC-IA,43,39,1995,2000,Confesor,Tihuhuretehuáme. pl. tzi. Tencaztacareme.,Confesor— Tihuhuretehuáme. pl. tzi. Tencaztacareme. | tzi. | Pl.,em_dash,matched_headword,high,machine_accepted,direct_page_headword_match,machine_derived,True,False
ORT1888-art-000713,ORT1888-cand-000713,713,ORTEGA1888-TEPIC-IA,43,39,2002,2007,Confiar en alg,uno. Tihetzeticlmave. Tihetzenetichua-,Confiar en alg-uno. Tihetzeticlmave. Tihetzenetichua- | ve.,hyphen_variant,matched_headword,medium,machine_accepted,direct_page_headword_match,machine_derived,True,False
ORT1888-art-000714,ORT1888-cand-000714,714,ORTEGA1888-TEPIC-IA,43,39,2008,2009,Confianza tal,Chueveat.,Confianza tal. — Chueveat.,em_dash,matched_headword,high,machine_accepted,direct_page_headword_match,machine_derived,True,False
ORT1888-art-000715,ORT1888-cand-000715,715,ORTEGA1888-TEPIC-IA,43,39,2010,2011,Conocer mujer,Amoanpuhüicari. Amoamuhuicari.,Conocer mujer. --Amoanpuhüicari. Amoamuhuicari.,hyphen_variant,matched_headword,medium,machine_accepted,direct_page_headword_match,machine_derived,True,False
ORT1888-art-000716,ORT1888-cand-000716,716,ORTEGA1888-TEPIC-IA,43,39,2012,2017,Conocer,Muaté Neti.,Conocer. — Muaté Neti. | 40,em_dash,matched_headword,high,machine_accepted,direct_page_headword_match,machine_derived,True,False
ORT1888-art-000717,ORT1888-cand-000717,717,ORTEGA1888-TEPIC-IA,44,40,2018,2019,Condenarse!,Tahetépoaomatáme. Taheténoaomatáme.,Condenarse! — Tahetépoaomatáme. Taheténoaomatáme.,em_dash,matched_headword,high,machine_accepted,direct_page_headword_match,machine_derived,True,False
ORT1888-art-000718,ORT1888-cand-000718,718,ORTEGA1888-TEPIC-IA,44,40,2020,2021,Consolar a otro,Veacanéhua. Nucaneanéhua.,Consolar a otro. — Veacanéhua. Nucaneanéhua.,em_dash,matched_headword,high,machine_accepted,direct_page_headword_match,machine_derived,True,False
ORT1888-art-000719,ORT1888-cand-000719,719,ORTEGA1888-TEPIC-IA,44,40,2022,2023,Consuelo,Ganéhat.,Consuelo. — Ganéhat.,em_dash,matched_headword,high,machine_accepted,direct_page_headword_match,machine_derived,True,False
ORT1888-art-000720,ORT1888-cand-000720,720,ORTEGA1888-TEPIC-IA,44,40,2024,2025,Contra alguno,Tihemi.,Contra alguno. ^-Tihemi.,hyphen_variant,matched_headword,medium,machine_accepted,direct_page_headword_match,machine_derived,True,False
ORT1888-art-000721,ORT1888-cand-000721,721,ORTEGA1888-TEPIC-IA,44,40,2026,2027,Convertirse,Huaóhe. Naúhe.,Convertirse. — Huaóhe. Naúhe.,em_dash,matched_headword,high,machine_accepted,direct_page_headword_match,machine_derived,True,False
ORT1888-art-000722,ORT1888-cand-000722,722,ORTEGA1888-TEPIC-IA,44,40,2028,2029,Corazón,Xaihnuriti.,Corazón. — Xaihnuriti.,em_dash,matched_headword,high,machine_accepted,direct_page_headword_match,machine_derived,True,False
ORT1888-art-000723,ORT1888-cand-000723,723,ORTEGA1888-TEPIC-IA,44,40,2030,2031,Cqrcobado estar,Atcútutna. Nantitutna. Áhtepuzi. N.,Cqrcobado estar. — Atcútutna. Nantitutna. Áhtepuzi. N.,em_dash,matched_headword,high,machine_accepted,direct_page_headword_match,machine_derived,True,False
ORT1888-art-000724,ORT1888-cand-000724,724,ORTEGA1888-TEPIC-IA,44,40,2032,2033,Corcobado,Nahpoára.,Corcobado. — Nahpoára.,em_dash,matched_headword,high,machine_accepted,direct_page_headword_match,machine_derived,True,False
ORT1888-art-000725,ORT1888-cand-000725,725,ORTEGA1888-TEPIC-IA,44,40,2034,2035,Cordel,Cahuáriti.,Cordel. — Cahuáriti.,em_dash,matched_headword,high,machine_accepted,direct_page_headword_match,machine_derived,True,False
ORT1888-art-000726,ORT1888-cand-000726,726,ORTEGA1888-TEPIC-IA,44,40,2036,2037,Corregir,Hébe Neti.,Corregir. — Hébe Neti.,em_dash,matched_headword,high,machine_accepted,direct_page_headword_match,machine_derived,True,False
ORT1888-art-000727,ORT1888-cand-000727,727,ORTEGA1888-TEPIC-IA,44,40,2038,2039,Corrección,Hebiat.,"Corrección.,— Hebiat.",em_dash,matched_headword,high,machine_accepted,direct_page_headword_match,machine_derived,True,False
ORT1888-art-000728,ORT1888-cand-000728,728,ORTEGA1888-TEPIC-IA,44,40,2040,2041,Correr,Átate Ne.,Correr. — Átate Ne.,em_dash,matched_headword,high,machine_accepted,direct_page_headword_match,machine_derived,True,False
ORT1888-art-000729,ORT1888-cand-000729,729,ORTEGA1888-TEPIC-IA,44,40,2042,2043,"Corta cosa, no larga",Pipoatzi.,"Corta cosa, no larga. — Pipoatzi.",em_dash,matched_headword,high,machine_accepted,direct_page_headword_match,machine_derived,True,False
ORT1888-art-000730,ORT1888-cand-000730,730,ORTEGA1888-TEPIC-IA,44,40,2044,2045,Cortar hacha,.sJBehehi. Neti.,Cortar hacha.— .sJBehehi. Neti.,em_dash,matched_headword,high,machine_accepted,direct_page_headword_match,machine_derived,True,False
ORT1888-art-000731,ORT1888-cand-000731,731,ORTEGA1888-TEPIC-IA,44,40,2046,2047,"Cortar con cuchillo, como quien acierra",Zizehi Neti.,"Cortar con cuchillo, como quien acierra. — Zizehi Neti.",em_dash,matched_headword,high,machine_accepted,direct_page_headword_match,machine_derived,True,False
ORT1888-art-000732,ORT1888-cand-000732,732,ORTEGA1888-TEPIC-IA,44,40,2048,2049,Cortar estiando,Ntitépi. Nete.,Cortar estiando. — Ntitépi. Nete.,em_dash,matched_headword,high,machine_accepted,direct_page_headword_match,machine_derived,True,False
ORT1888-art-000733,ORT1888-cand-000733,733,ORTEGA1888-TEPIC-IA,44,40,2050,2051,Cortar con los dientes,Ntikeuca. Nete.,"Cortar con los dientes. ,— Ntikeuca. Nete.",em_dash,matched_headword,high,machine_accepted,direct_page_headword_match,machine_derived,True,False
ORT1888-art-000734,ORT1888-cand-000734,734,ORTEGA1888-TEPIC-IA,44,40,2052,2053,Cortar con tijeras,Ntiyé. Nete.,Cortar con tijeras. — Ntiyé. Nete.,em_dash,matched_headword,high,machine_accepted,direct_page_headword_match,machine_derived,True,False
ORT1888-art-000735,ORT1888-cand-000735,735,ORTEGA1888-TEPIC-IA,44,40,2054,2055,Corteza de árbol,Cutzapéhti.,Corteza de árbol. — Cutzapéhti.,em_dash,matched_headword,high,machine_accepted,direct_page_headword_match,machine_derived,True,False
ORT1888-art-000736,ORT1888-cand-000736,736,ORTEGA1888-TEPIC-IA,44,40,2056,2057,Cosa,Titah.,Cosa.— Titah.,em_dash,matched_headword,high,machine_accepted,direct_page_headword_match,machine_derived,True,False
ORT1888-art-000737,ORT1888-cand-000737,737,ORTEGA1888-TEPIC-IA,44,40,2058,2059,Cosecha,. Tzan i at.,Cosecha.--. Tzan i at.,hyphen_variant,matched_headword,medium,machine_accepted,direct_page_headword_match,machine_derived,True,False
ORT1888-art-000738,ORT1888-cand-000738,738,ORTEGA1888-TEPIC-IA,44,40,2060,2061,Coser,Bibpua. Neti.,Coser. ^— Bibpua. Neti.,em_dash,matched_headword,high,machine_accepted,direct_page_headword_match,machine_derived,True,False
ORT1888-art-000739,ORT1888-cand-000739,739,ORTEGA1888-TEPIC-IA,44,40,2062,2063,Cosquillas hacer,Yhtzicuatá. Neti.,Cosquillas hacer. — Yhtzicuatá. Neti.,em_dash,matched_headword,high,machine_accepted,direct_page_headword_match,machine_derived,True,False
ORT1888-art-000740,ORT1888-cand-000740,740,ORTEGA1888-TEPIC-IA,44,40,2064,2065,Cosquillas tener,Yhtzieuaré Ne.,Cosquillas tener.— Yhtzieuaré Ne.,em_dash,matched_headword,high,machine_accepted,direct_page_headword_match,machine_derived,True,False
ORT1888-art-000741,ORT1888-cand-000741,741,ORTEGA1888-TEPIC-IA,44,40,2066,2067,Costal,Ata uri ti.,Costal.— Ata uri ti.,em_dash,matched_headword,high,machine_accepted,direct_page_headword_match,machine_derived,True,False
ORT1888-art-000742,ORT1888-cand-000742,742,ORTEGA1888-TEPIC-IA,44,40,2068,2069,Costilla,Ytzapuari.,Costilla.- — Ytzapuari.,em_dash,matched_headword,high,machine_accepted,direct_page_headword_match,machine_derived,True,False
ORT1888-art-000743,ORT1888-cand-000743,743,ORTEGA1888-TEPIC-IA,44,40,2070,2071,Coser maíz,Ynhatzá Ne.,Coser maíz.— Ynhatzá Ne.,em_dash,matched_headword,high,machine_accepted,direct_page_headword_match,machine_derived,True,False
ORT1888-art-000744,ORT1888-cand-000744,744,ORTEGA1888-TEPIC-IA,44,40,2072,2073,Coser la comida,Yatzá. Neti.,Coser la comida. — Yatzá. Neti.,em_dash,matched_headword,high,machine_accepted,direct_page_headword_match,machine_derived,True,False
ORT1888-art-000745,ORT1888-cand-000745,745,ORTEGA1888-TEPIC-IA,44,40,2074,2075,Coserse la comida,"Tcuenazt,","Coserse la comida. — Tcuenazt,",em_dash,matched_headword,high,machine_accepted,direct_page_headword_match,machine_derived,True,False
ORT1888-art-000746,ORT1888-cand-000746,746,ORTEGA1888-TEPIC-IA,44,40,2076,2077,Coyuntura,Ahuaótuna.,Coyuntura. — Ahuaótuna.,em_dash,matched_headword,high,machine_accepted,direct_page_headword_match,machine_derived,True,False
ORT1888-art-000747,ORT1888-cand-000747,747,ORTEGA1888-TEPIC-IA,44,40,2078,2083,Crecer el hombre,Veezé Ne.,Crecer el hombre. — Veezé Ne. | !K3,em_dash,matched_headword,high,machine_accepted,direct_page_headword_match,machine_derived,True,False
ORT1888-art-000748,ORT1888-cand-000748,748,ORTEGA1888-TEPIC-IA,44,40,2090,2091,Crecer,vTzalluate. Neti.,Crecer.— vTzalluate. Neti.,em_dash,matched_headword,high,machine_accepted,direct_page_headword_match,machine_derived,True,False
ORT1888-art-000749,ORT1888-cand-000749,749,ORTEGA1888-TEPIC-IA,45,41,2092,2093,Creencia,Tzahuaterit.,Creencia. — Tzahuaterit.,em_dash,matched_headword,high,machine_accepted,direct_page_headword_match,machine_derived,True,False
ORT1888-art-000750,ORT1888-cand-000750,750,ORTEGA1888-TEPIC-IA,45,41,2094,2095,Crespo ser ele pelo,Abatzotní. N.,Crespo ser ele pelo. — Abatzotní. N.,em_dash,matched_headword,high,machine_accepted,direct_page_headword_match,machine_derived,True,False
ORT1888-art-000751,ORT1888-cand-000751,751,ORTEGA1888-TEPIC-IA,45,41,2096,2097,Cresta de gallo,>Tzubetn.,Cresta de gallo.— >Tzubetn.,em_dash,matched_headword,high,machine_accepted,direct_page_headword_match,machine_derived,True,False
ORT1888-art-000752,ORT1888-cand-000752,752,ORTEGA1888-TEPIC-IA,45,41,2098,2099,Criador Dios,Tatáhuacatn.,Criador Dios. — Tatáhuacatn.,em_dash,matched_headword,high,machine_accepted,direct_page_headword_match,machine_derived,True,False
ORT1888-art-000753,ORT1888-cand-000753,753,ORTEGA1888-TEPIC-IA,45,41,2100,2101,"Criatura, el hombre",Taavihhuacame.,"Criatura, el hombre. — Taavihhuacame.",em_dash,matched_headword,high,machine_accepted,direct_page_headword_match,machine_derived,True,False
ORT1888-art-000754,ORT1888-cand-000754,754,ORTEGA1888-TEPIC-IA,45,41,2102,2103,Crucificar,Curuztaté. Curuzneteuataté.,Crucificar. — Curuztaté. Curuzneteuataté.,em_dash,matched_headword,high,machine_accepted,direct_page_headword_match,machine_derived,True,False
ORT1888-art-000755,ORT1888-cand-000755,755,ORTEGA1888-TEPIC-IA,45,41,2104,2105,Cruda cosa,Capuquazé.,Cruda cosa. — Capuquazé.,em_dash,matched_headword,high,machine_accepted,direct_page_headword_match,machine_derived,True,False
ORT1888-art-000756,ORT1888-cand-000756,756,ORTEGA1888-TEPIC-IA,45,41,2106,2107,Crugir los dientes,Vkeme. Nenkémé.,Crugir los dientes. — Vkeme. Nenkémé.,em_dash,matched_headword,high,machine_accepted,direct_page_headword_match,machine_derived,True,False
ORT1888-art-000757,ORT1888-cand-000757,757,ORTEGA1888-TEPIC-IA,45,41,2108,2109,Cuajar,Teuhté. Neti.,Cuajar. — Teuhté. Neti.,em_dash,matched_headword,high,machine_accepted,direct_page_headword_match,machine_derived,True,False
ORT1888-art-000758,ORT1888-cand-000758,758,ORTEGA1888-TEPIC-IA,45,41,2110,2111,Cuajo,Quaxú.,Cuajo. — Quaxú.,em_dash,matched_headword,high,machine_accepted,direct_page_headword_match,machine_derived,True,False
ORT1888-art-000759,ORT1888-cand-000759,759,ORTEGA1888-TEPIC-IA,45,41,2112,2113,Cuando'?,Anatne?,Cuando'? — Anatne?,em_dash,matched_headword,high,machine_accepted,direct_page_headword_match,machine_derived,True,False
ORT1888-art-000760,ORT1888-cand-000760,760,ORTEGA1888-TEPIC-IA,45,41,2114,2115,Cuando,"Tet,","Cuando.— Tet,",em_dash,matched_headword,high,machine_accepted,direct_page_headword_match,machine_derived,True,False
ORT1888-art-000761,ORT1888-cand-000761,761,ORTEGA1888-TEPIC-IA,45,41,2116,2117,Cuantas veces,Achunepeoamexl,Cuantas veces. — Achunepeoamexl,em_dash,matched_headword,high,machine_accepted,direct_page_headword_match,machine_derived,True,False
ORT1888-art-000762,ORT1888-cand-000762,762,ORTEGA1888-TEPIC-IA,45,41,2118,2119,Cubrir,Baana Nete.,Cubrir. — Baana Nete.,em_dash,matched_headword,high,machine_accepted,direct_page_headword_match,machine_derived,True,False
ORT1888-art-000763,ORT1888-cand-000763,763,ORTEGA1888-TEPIC-IA,45,41,2120,2121,Cuchara de baxo,Itehti.,"Cuchara de baxo ,— Itehti.",em_dash,matched_headword,high,machine_accepted,direct_page_headword_match,machine_derived,True,False
ORT1888-art-000764,ORT1888-cand-000764,764,ORTEGA1888-TEPIC-IA,45,41,2122,2123,Cudiciar,Nécuazt. Neti.,Cudiciar. — Nécuazt. Neti.,em_dash,matched_headword,high,machine_accepted,direct_page_headword_match,machine_derived,True,False
ORT1888-art-000765,ORT1888-cand-000765,765,ORTEGA1888-TEPIC-IA,45,41,2124,2125,Cudicia,Necuatziat.,Cudicia. — Necuatziat.,em_dash,matched_headword,high,machine_accepted,direct_page_headword_match,machine_derived,True,False
ORT1888-art-000766,ORT1888-cand-000766,766,ORTEGA1888-TEPIC-IA,45,41,2126,2127,Cuello,Keupihti.,Cuello. —Keupihti.,em_dash,matched_headword,high,machine_accepted,direct_page_headword_match,machine_derived,True,False
ORT1888-art-000767,ORT1888-cand-000767,767,ORTEGA1888-TEPIC-IA,45,41,2128,2129,"Cuenta, el acto de contar",>Yteyak,"Cuenta, el acto de contar.— >Yteyak",em_dash,matched_headword,high,machine_accepted,direct_page_headword_match,machine_derived,True,False
ORT1888-art-000768,ORT1888-cand-000768,768,ORTEGA1888-TEPIC-IA,45,41,2130,2131,Cuenta de vidrio,Matzebeti.,Cuenta de vidrio. — Matzebeti.,em_dash,matched_headword,high,machine_accepted,direct_page_headword_match,machine_derived,True,False
ORT1888-art-000769,ORT1888-cand-000769,769,ORTEGA1888-TEPIC-IA,45,41,2132,2133,Cuerno,^Ahuáti.,Cuerno.— ^Ahuáti.,em_dash,matched_headword,high,machine_accepted,direct_page_headword_match,machine_derived,True,False
ORT1888-art-000770,ORT1888-cand-000770,770,ORTEGA1888-TEPIC-IA,45,41,2134,2135,Cuero,Naviti.,Cuero. — Naviti.,em_dash,matched_headword,high,machine_accepted,direct_page_headword_match,machine_derived,True,False
ORT1888-art-000771,ORT1888-cand-000771,771,ORTEGA1888-TEPIC-IA,45,41,2136,2137,Cuervo,Coátza pl. rí.,Cuervo. — Coátza pl. rí.,em_dash,matched_headword,high,machine_accepted,direct_page_headword_match,machine_derived,True,False
ORT1888-art-000772,ORT1888-cand-000772,772,ORTEGA1888-TEPIC-IA,45,41,2138,2139,Cueva,Teazta. Teaztánacat.,Cueva. — Teazta. Teaztánacat.,em_dash,matched_headword,high,machine_accepted,direct_page_headword_match,machine_derived,True,False
ORT1888-art-000773,ORT1888-cand-000773,773,ORTEGA1888-TEPIC-IA,45,41,2140,2141,Cuidado,Chaéhrin.,Cuidado. — Chaéhrin.,em_dash,matched_headword,high,machine_accepted,direct_page_headword_match,machine_derived,True,False
ORT1888-art-000774,ORT1888-cand-000774,774,ORTEGA1888-TEPIC-IA,45,41,2142,2143,Cuidar,Chaeh. Neti.,Cuidar. — Chaeh. Neti.,em_dash,matched_headword,high,machine_accepted,direct_page_headword_match,machine_derived,True,False
ORT1888-art-000775,ORT1888-cand-000775,775,ORTEGA1888-TEPIC-IA,45,41,2144,2145,Culebra de agua,Aixacuráet. pl tzi.,Culebra de agua. — Aixacuráet. pl tzi.,em_dash,matched_headword,high,machine_accepted,direct_page_headword_match,machine_derived,True,False
ORT1888-art-000776,ORT1888-cand-000776,776,ORTEGA1888-TEPIC-IA,45,41,2146,2147,Culebra otra,Ahke. pl. ahkeri.,Culebra otra. — Ahke. pl. ahkeri.,em_dash,matched_headword,high,machine_accepted,direct_page_headword_match,machine_derived,True,False
ORT1888-art-000777,ORT1888-cand-000777,777,ORTEGA1888-TEPIC-IA,45,41,2148,2149,Culpa ó pecado,Xanacati.,Culpa ó pecado. — Xanacati.,em_dash,matched_headword,high,machine_accepted,direct_page_headword_match,machine_derived,True,False
ORT1888-art-000778,ORT1888-cand-000778,778,ORTEGA1888-TEPIC-IA,45,41,2150,2155,Cumbre de cerro,Antevi.,Cumbre de cerro. — Antevi. | 42,em_dash,matched_headword,high,machine_accepted,direct_page_headword_match,machine_derived,True,False
ORT1888-art-000779,ORT1888-cand-000779,779,ORTEGA1888-TEPIC-IA,46,42,2162,2163,Cumplir lo que se manda,Aaztéht.a,Cumplir lo que se manda. — Aaztéht.a,em_dash,matched_headword,high,machine_accepted,direct_page_headword_match,machine_derived,True,False
ORT1888-art-000780,ORT1888-cand-000780,780,ORTEGA1888-TEPIC-IA,46,42,2164,2165,Cuna,Tzapóriti.,Cuna. — Tzapóriti.,em_dash,matched_headword,high,machine_accepted,direct_page_headword_match,machine_derived,True,False
ORT1888-art-000781,ORT1888-cand-000781,781,ORTEGA1888-TEPIC-IA,46,42,2166,2167,Culpar á otro,^Xanacate. Neti.,Culpar á otro.— ^Xanacate. Neti.,em_dash,matched_headword,high,machine_accepted,direct_page_headword_match,machine_derived,True,False
ORT1888-art-000782,ORT1888-cand-000782,782,ORTEGA1888-TEPIC-IA,46,42,2168,2169,Cuñada,^Tihui tari.,Cuñada.— ^Tihui tari.,em_dash,matched_headword,high,machine_accepted,direct_page_headword_match,machine_derived,True,False
ORT1888-art-000783,ORT1888-cand-000783,783,ORTEGA1888-TEPIC-IA,46,42,2170,2171,Cuñado de hombre,Tiyaoberi.,Cuñado de hombre. — Tiyaoberi.,em_dash,matched_headword,high,machine_accepted,direct_page_headword_match,machine_derived,True,False
ORT1888-art-000784,ORT1888-cand-000784,784,ORTEGA1888-TEPIC-IA,46,42,2172,2173,Cuñado de mujer,Tihuítari.,Cuñado de mujer. — Tihuítari.,em_dash,matched_headword,high,machine_accepted,direct_page_headword_match,machine_derived,True,False
ORT1888-art-000785,ORT1888-cand-000785,785,ORTEGA1888-TEPIC-IA,46,42,2174,2175,Curar enfermedad,Tenca Neti,Curar enfermedad. — Tenca Neti,em_dash,matched_headword,high,machine_accepted,direct_page_headword_match,machine_derived,True,False
ORT1888-art-000786,ORT1888-cand-000786,786,ORTEGA1888-TEPIC-IA,46,42,2176,2177,Cursos tener,Admita. Ne.,Cursos tener. — Admita. Ne.,em_dash,matched_headword,high,machine_accepted,direct_page_headword_match,machine_derived,True,False
ORT1888-art-000787,ORT1888-cand-000787,787,ORTEGA1888-TEPIC-IA,46,42,2178,2179,Curtir,Yhua. Neti.,Curtir — Yhua. Neti.,em_dash,matched_headword,high,machine_accepted,direct_page_headword_match,machine_derived,True,False
ORT1888-art-000788,ORT1888-cand-000788,788,ORTEGA1888-TEPIC-IA,46,42,2180,2181,Cambullir ¡í otro,Teaolite.,Cambullir ¡í otro. — Teaolite.,em_dash,matched_headword,high,machine_accepted,direct_page_headword_match,machine_derived,True,False
ORT1888-art-000789,ORT1888-cand-000789,789,ORTEGA1888-TEPIC-IA,46,42,2182,2183,Carcillo,Natzarit.,Carcillo.-^Natzarit.,hyphen_variant,matched_headword,medium,machine_accepted,direct_page_headword_match,machine_derived,True,False
ORT1888-art-000790,ORT1888-cand-000790,790,ORTEGA1888-TEPIC-IA,46,42,2184,2185,Cebolla,Enri.,Cebolla.— Enri.,em_dash,matched_headword,high,machine_accepted,direct_page_headword_match,machine_derived,True,False
ORT1888-art-000791,ORT1888-cand-000791,791,ORTEGA1888-TEPIC-IA,46,42,2186,2187,Cedaso,Catzémite.,Cedaso. — Catzémite.,em_dash,matched_headword,high,machine_accepted,direct_page_headword_match,machine_derived,True,False
ORT1888-art-000792,ORT1888-cand-000792,792,ORTEGA1888-TEPIC-IA,46,42,2188,2189,"Cegar, ciego estar",Acune.,"Cegar, ciego estar. — Acune.",em_dash,matched_headword,high,machine_accepted,direct_page_headword_match,machine_derived,True,False
ORT1888-art-000793,ORT1888-cand-000793,793,ORTEGA1888-TEPIC-IA,46,42,2190,2191,Cejas,Ceaka élite.,"Cejas. ,— Ceaka élite.",em_dash,matched_headword,high,machine_accepted,direct_page_headword_match,machine_derived,True,False
ORT1888-art-000794,ORT1888-cand-000794,794,ORTEGA1888-TEPIC-IA,46,42,2192,2193,Celar ó tener celos,Teat'/a,Celar ó tener celos. — Teat'/a,em_dash,matched_headword,high,machine_accepted,direct_page_headword_match,machine_derived,True,False
ORT1888-art-000795,ORT1888-cand-000795,795,ORTEGA1888-TEPIC-IA,46,42,2194,2195,Celo,Teatzeat.,Celo. — Teatzeat.,em_dash,matched_headword,high,machine_accepted,direct_page_headword_match,machine_derived,True,False
ORT1888-art-000796,ORT1888-cand-000796,796,ORTEGA1888-TEPIC-IA,46,42,2196,2197,Celoso,Teatzácame. pl. tzi.,Celoso. — Teatzácame. pl. tzi.,em_dash,matched_headword,high,machine_accepted,direct_page_headword_match,machine_derived,True,False
ORT1888-art-000797,ORT1888-cand-000797,797,ORTEGA1888-TEPIC-IA,46,42,2198,2199,Ceniza,Nazi ti.,Ceniza. — Nazi ti.,em_dash,matched_headword,high,machine_accepted,direct_page_headword_match,machine_derived,True,False
ORT1888-art-000798,ORT1888-cand-000798,798,ORTEGA1888-TEPIC-IA,46,42,2200,2201,"Cepo, prisión",Busca cárcel.,"Cepo, prisión. — Busca cárcel.",em_dash,matched_headword,high,machine_accepted,direct_page_headword_match,machine_derived,True,False
ORT1888-art-000799,ORT1888-cand-000799,799,ORTEGA1888-TEPIC-IA,46,42,2202,2203,Cera,Xuxca.,Cera. — Xuxca.,em_dash,matched_headword,high,machine_accepted,direct_page_headword_match,machine_derived,True,False
ORT1888-art-000800,ORT1888-cand-000800,800,ORTEGA1888-TEPIC-IA,46,42,2204,2205,Cerca,"Namiat,","Cerca.-^Namiat,",hyphen_variant,matched_headword,medium,machine_accepted,direct_page_headword_match,machine_derived,True,False
ORT1888-art-000801,ORT1888-cand-000801,801,ORTEGA1888-TEPIC-IA,46,42,2206,2207,Cercar,Na moa. Neti.,Cercar. — Na moa. Neti.,em_dash,matched_headword,high,machine_accepted,direct_page_headword_match,machine_derived,True,False
ORT1888-art-000802,ORT1888-cand-000802,802,ORTEGA1888-TEPIC-IA,46,42,2208,2209,Cerza,Euni.,Cerza. — Euni.,em_dash,matched_headword,high,machine_accepted,direct_page_headword_match,machine_derived,True,False
ORT1888-art-000803,ORT1888-cand-000803,803,ORTEGA1888-TEPIC-IA,46,42,2210,2211,Cernir,Anahcatze. Nete.,Cernir. — Anahcatze. Nete.,em_dash,matched_headword,high,machine_accepted,direct_page_headword_match,machine_derived,True,False
ORT1888-art-000804,ORT1888-cand-000804,804,ORTEGA1888-TEPIC-IA,46,42,2212,2213,Cerrar como caja,Baña. Nete.,Cerrar como caja. — Baña. Nete.,em_dash,matched_headword,high,machine_accepted,direct_page_headword_match,machine_derived,True,False
ORT1888-art-000805,ORT1888-cand-000805,805,ORTEGA1888-TEPIC-IA,46,42,2214,2215,Cerrar los ojos,Autehcuti. N.,Cerrar los ojos. — Autehcuti. N.,em_dash,matched_headword,high,machine_accepted,direct_page_headword_match,machine_derived,True,False
ORT1888-art-000806,ORT1888-cand-000806,806,ORTEGA1888-TEPIC-IA,45,41,2216,2217,Cerro,N Enri ti.,Cerro.— N Enri ti.,em_dash,matched_headword,high,machine_accepted,direct_page_headword_match,machine_derived,True,False
ORT1888-art-000807,ORT1888-cand-000807,807,ORTEGA1888-TEPIC-IA,46,42,2218,2219,Cesos. r,Muchuixéti.,Cesos. r— Muchuixéti.,em_dash,matched_headword,high,machine_accepted,direct_page_headword_match,machine_derived,True,False
ORT1888-art-000808,ORT1888-cand-000808,808,ORTEGA1888-TEPIC-IA,46,42,2220,2221,Cesar de la obra,Atapovakteaca. Ne.,"Cesar de la obra, — Atapovakteaca. Ne.",em_dash,matched_headword,high,machine_accepted,direct_page_headword_match,machine_derived,True,False
ORT1888-art-000809,ORT1888-cand-000809,809,ORTEGA1888-TEPIC-IA,46,42,2222,2223,"Cebar, engordar","Teuhtezime Neti,","Cebar, engordar. — Teuhtezime Neti,",em_dash,matched_headword,high,machine_accepted,direct_page_headword_match,machine_derived,True,False
ORT1888-art-000810,ORT1888-cand-000810,810,ORTEGA1888-TEPIC-IA,46,42,2224,2229,Cieo-o,Acune.,Cieo-o. — Acune. | Nete.,em_dash,matched_headword,high,machine_accepted,direct_page_headword_match,machine_derived,True,False
ORT1888-art-000811,ORT1888-cand-000811,811,ORTEGA1888-TEPIC-IA,47,43,2236,2237,Cielo,Tahapoa*,Cielo. — Tahapoa*,em_dash,matched_headword,high,machine_accepted,direct_page_headword_match,machine_derived,True,False
ORT1888-art-000812,ORT1888-cand-000812,812,ORTEGA1888-TEPIC-IA,47,43,2238,2239,Ciento pies,vNaizébetzi.,Ciento pies. — vNaizébetzi.,em_dash,matched_headword,high,machine_accepted,direct_page_headword_match,machine_derived,True,False
ORT1888-art-000813,ORT1888-cand-000813,813,ORTEGA1888-TEPIC-IA,47,43,2240,2241,Ciertamente,Eiihv'r. Euhriéyacam.,Ciertamente — Eiihv'r. Euhriéyacam.,em_dash,matched_headword,high,machine_accepted,direct_page_headword_match,machine_derived,True,False
ORT1888-art-000814,ORT1888-cand-000814,814,ORTEGA1888-TEPIC-IA,47,43,2242,2243,Cementerio,Viata.,Cementerio. — Viata.,em_dash,matched_headword,high,machine_accepted,direct_page_headword_match,machine_derived,True,False
ORT1888-art-000815,ORT1888-cand-000815,815,ORTEGA1888-TEPIC-IA,47,43,2244,2245,Cirnhela.r,Quaxpoa.,Cirnhela.r— Quaxpoa.,em_dash,matched_headword,high,machine_accepted,direct_page_headword_match,machine_derived,True,False
ORT1888-art-000816,ORT1888-cand-000816,816,ORTEGA1888-TEPIC-IA,47,43,2246,2247,Cirnhela amarilla,Teteamnavi.,Cirnhela amarilla.- Teteamnavi.,hyphen_variant,matched_headword,medium,machine_accepted,direct_page_headword_match,machine_derived,True,False
ORT1888-art-000817,ORT1888-cand-000817,817,ORTEGA1888-TEPIC-IA,47,43,2248,2249,Cirnliela colorada chica,Tepohbi.,Cirnliela colorada chica. — Tepohbi.,em_dash,matched_headword,high,machine_accepted,direct_page_headword_match,machine_derived,True,False
ORT1888-art-000818,ORT1888-cand-000818,818,ORTEGA1888-TEPIC-IA,47,43,2250,2251,Cirnhela colorada o-rande,.Caerit.,Cirnhela colorada o-rande.— .Caerit.,em_dash,matched_headword,high,machine_accepted,direct_page_headword_match,machine_derived,True,False
ORT1888-art-000819,ORT1888-cand-000819,819,ORTEGA1888-TEPIC-IA,47,43,2252,2253,Cinta,Muekeri té.,Cinta.— Muekeri té.,em_dash,matched_headword,high,machine_accepted,direct_page_headword_match,machine_derived,True,False
ORT1888-art-000820,ORT1888-cand-000820,820,ORTEGA1888-TEPIC-IA,47,43,2254,2255,Chica cosa,Pitzicai.,Chica cosa. — Pitzicai.,em_dash,matched_headword,high,machine_accepted,direct_page_headword_match,machine_derived,True,False
ORT1888-art-000821,ORT1888-cand-000821,821,ORTEGA1888-TEPIC-IA,47,43,2256,2257,Chinche,Tenxa. pl. ii.,Chinche. --Tenxa. pl. ii.,hyphen_variant,matched_headword,medium,machine_accepted,direct_page_headword_match,machine_derived,True,False
ORT1888-art-000822,ORT1888-cand-000822,822,ORTEGA1888-TEPIC-IA,47,43,2258,2260,Chinche que llaman de Compórtela,Taxuát. pl. zeri.,Chinche que llaman de Compórtela. --Taxuát. pl. zeri.,hyphen_variant,matched_headword,medium,machine_accepted,direct_page_headword_match,machine_derived,True,False
ORT1888-art-000823,ORT1888-cand-000823,823,ORTEGA1888-TEPIC-IA,47,43,2261,2262,Da d i voso,Capteacu ve.,Da d i voso. — Capteacu ve.,em_dash,matched_headword,high,machine_accepted,direct_page_headword_match,machine_derived,True,False
ORT1888-art-000824,ORT1888-cand-000824,824,ORTEGA1888-TEPIC-IA,47,43,2263,2264,Danza.!,Busca bailar.,Danza.!-. — Busca bailar.,em_dash,matched_headword,high,machine_accepted,direct_page_headword_match,machine_derived,True,False
ORT1888-art-000825,ORT1888-cand-000825,825,ORTEGA1888-TEPIC-IA,47,43,2265,2266,Dar,Ta. Neteu.,Dar. — Ta. Neteu.,em_dash,matched_headword,high,machine_accepted,direct_page_headword_match,machine_derived,True,False
ORT1888-art-000826,ORT1888-cand-000826,826,ORTEGA1888-TEPIC-IA,47,43,2267,2269,Dar cosas largas como palo,Tachúite. Neteu. Tauihte.,Dar cosas largas como palo. — Tachúite. Neteu. Tauihte. | Neteu.,em_dash,matched_headword,high,machine_accepted,direct_page_headword_match,machine_derived,True,False
ORT1888-art-000827,ORT1888-cand-000827,827,ORTEGA1888-TEPIC-IA,47,43,2270,2272,Dar cosas redondas y macizas,Tatezte. Neteu. Tatutui-,Dar cosas redondas y macizas — Tatezte. Neteu. Tatutui- | te. Neteu.,em_dash,matched_headword,high,machine_accepted,direct_page_headword_match,machine_derived,True,False
ORT1888-art-000828,ORT1888-cand-000828,828,ORTEGA1888-TEPIC-IA,47,43,2273,2275,Dar cosas estendijas como libro. r,Tai te. Neteu. Tepuihte,Dar cosas estendijas como libro. r-Tai te. Neteu. Tepuihte | Neteu.,hyphen_variant,matched_headword,medium,machine_accepted,direct_page_headword_match,machine_derived,True,False
ORT1888-art-000829,ORT1888-cand-000829,829,ORTEGA1888-TEPIC-IA,47,43,2276,2278,Dar cosas ondas como olla,Tahan i ti. Neteu. Tahapuah-,Dar cosas ondas como olla. — Tahan i ti. Neteu. Tahapuah- | te. Neteu.,em_dash,matched_headword,high,machine_accepted,direct_page_headword_match,machine_derived,True,False
ORT1888-art-000830,ORT1888-cand-000830,830,ORTEGA1888-TEPIC-IA,47,43,2279,2279,Dardo,"Antiteaca,","Dardo, — Antiteaca,",em_dash,matched_headword,high,machine_accepted,direct_page_headword_match,machine_derived,True,False
ORT1888-art-000831,ORT1888-cand-000831,831,ORTEGA1888-TEPIC-IA,47,43,2280,2280,De allá ad,Áúhna.,De allá ad. — Áúhna.,em_dash,matched_headword,high,machine_accepted,direct_page_headword_match,machine_derived,True,False
ORT1888-art-000832,ORT1888-cand-000832,832,ORTEGA1888-TEPIC-IA,47,43,2281,2281,Debajo,Entina.,Debajo. — Entina.,em_dash,matched_headword,high,machine_accepted,direct_page_headword_match,machine_derived,True,False
ORT1888-art-000833,ORT1888-cand-000833,833,ORTEGA1888-TEPIC-IA,47,43,2282,2282,Deber,Cheaehre. Nete,Deber. — Cheaehre. Nete,em_dash,matched_headword,high,machine_accepted,direct_page_headword_match,machine_derived,True,False
ORT1888-art-000834,ORT1888-cand-000834,834,ORTEGA1888-TEPIC-IA,47,43,2283,2283,Débito,Cheaehret.,Débito. — Cheaehret.,em_dash,matched_headword,high,machine_accepted,direct_page_headword_match,machine_derived,True,False
ORT1888-art-000835,ORT1888-cand-000835,835,ORTEGA1888-TEPIC-IA,47,43,2284,2289,Decender,Acame. N,Decender — Acame. N | rV'-\-;,em_dash,matched_headword,high,machine_accepted,direct_page_headword_match,machine_derived,True,False
ORT1888-art-000836,ORT1888-cand-000836,836,ORTEGA1888-TEPIC-IA,48,44,2293,2294,Deceridimiento. r,Acayeat.,Deceridimiento. r-Acayeat.,hyphen_variant,matched_headword,medium,machine_accepted,direct_page_headword_match,machine_derived,True,False
ORT1888-art-000837,ORT1888-cand-000837,837,ORTEGA1888-TEPIC-IA,48,44,2295,2296,De dia ad,Tühca.,De dia ad. — Tühca.,em_dash,matched_headword,high,machine_accepted,direct_page_headword_match,machine_derived,True,False
ORT1888-art-000838,ORT1888-cand-000838,838,ORTEGA1888-TEPIC-IA,48,44,2297,2298,Dedo,ILfutéi'i.,Dedo. — ILfutéi'i.,em_dash,matched_headword,high,machine_accepted,direct_page_headword_match,machine_derived,True,False
ORT1888-art-000839,ORT1888-cand-000839,839,ORTEGA1888-TEPIC-IA,48,44,2299,2300,Defender,Vaehre. Neti.,Defender. — Vaehre. Neti.,em_dash,matched_headword,high,machine_accepted,direct_page_headword_match,machine_derived,True,False
ORT1888-art-000840,ORT1888-cand-000840,840,ORTEGA1888-TEPIC-IA,48,44,2301,2302,Defensión,Vaehreat.,Defensión. — Vaehreat.,em_dash,matched_headword,high,machine_accepted,direct_page_headword_match,machine_derived,True,False
ORT1888-art-000841,ORT1888-cand-000841,841,ORTEGA1888-TEPIC-IA,48,44,2303,2304,Dejunto,Muechit.,Dejunto. — Muechit.,em_dash,matched_headword,high,machine_accepted,direct_page_headword_match,machine_derived,True,False
ORT1888-art-000842,ORT1888-cand-000842,842,ORTEGA1888-TEPIC-IA,48,44,2305,2306,Degollar,Vhuatazizehizt Neteu.,Degollar. -Vhuatazizehizt Neteu.,hyphen_variant,matched_headword,medium,machine_accepted,direct_page_headword_match,machine_derived,True,False
ORT1888-art-000843,ORT1888-cand-000843,843,ORTEGA1888-TEPIC-IA,48,44,2307,2308,Delgada cosa,Pipoatzi.,Delgada cosa.-Pipoatzi.,hyphen_variant,matched_headword,medium,machine_accepted,direct_page_headword_match,machine_derived,True,False
ORT1888-art-000844,ORT1888-cand-000844,844,ORTEGA1888-TEPIC-IA,48,44,2309,2310,Demonio,Tüaro.,Demonio. -Tüaro.,hyphen_variant,matched_headword,medium,machine_accepted,direct_page_headword_match,machine_derived,True,False
ORT1888-art-000845,ORT1888-cand-000845,845,ORTEGA1888-TEPIC-IA,48,44,2311,2312,Den tro,Chuta.,Den tro. -Chuta.,hyphen_variant,matched_headword,medium,machine_accepted,direct_page_headword_match,machine_derived,True,False
ORT1888-art-000846,ORT1888-cand-000846,846,ORTEGA1888-TEPIC-IA,48,44,2313,2314,De cuando en cuando,Anáhtat.,De cuando en cuando. -Anáhtat.,hyphen_variant,matched_headword,medium,machine_accepted,direct_page_headword_match,machine_derived,True,False
ORT1888-art-000847,ORT1888-cand-000847,847,ORTEGA1888-TEPIC-IA,48,44,2315,2316,"Derecho, no tuerto",CVwra,"Derecho, no tuerto. -CVwra",hyphen_variant,matched_headword,medium,machine_accepted,direct_page_headword_match,machine_derived,True,False
ORT1888-art-000848,ORT1888-cand-000848,848,ORTEGA1888-TEPIC-IA,48,44,2317,2318,Derramar,Xfwri. Neti.,Derramar. -Xfwri. Neti.,hyphen_variant,matched_headword,medium,machine_accepted,direct_page_headword_match,machine_derived,True,False
ORT1888-art-000849,ORT1888-cand-000849,849,ORTEGA1888-TEPIC-IA,48,44,2319,2320,Derretir,Autauhataca. Nauta nata cá.,Derretir. -Autauhataca. Nauta nata cá.,hyphen_variant,matched_headword,medium,machine_accepted,direct_page_headword_match,machine_derived,True,False
ORT1888-art-000850,ORT1888-cand-000850,850,ORTEGA1888-TEPIC-IA,48,44,2321,2322,Derribar al que está en el árbol,Acáhé. Nete.,Derribar al que está en el árbol. -Acáhé. Nete.,hyphen_variant,matched_headword,medium,machine_accepted,direct_page_headword_match,machine_derived,True,False
ORT1888-art-000851,ORT1888-cand-000851,851,ORTEGA1888-TEPIC-IA,48,44,2323,2324,Derribar á otro desde lo alto,Vté. Nete.,Derribar á otro desde lo alto.-Vté. Nete.,hyphen_variant,matched_headword,medium,machine_accepted,direct_page_headword_match,machine_derived,True,False
ORT1888-art-000852,ORT1888-cand-000852,852,ORTEGA1888-TEPIC-IA,48,44,2325,2326,Derribar árboles,Acahé. Nete.,Derribar árboles -Acahé. Nete.,hyphen_variant,matched_headword,medium,machine_accepted,direct_page_headword_match,machine_derived,True,False
ORT1888-art-000853,ORT1888-cand-000853,853,ORTEGA1888-TEPIC-IA,48,44,2327,2328,Desbastar madera,Cahtzótzai. Neti.,Desbastar madera.-Cahtzótzai. Neti.,hyphen_variant,matched_headword,medium,machine_accepted,direct_page_headword_match,machine_derived,True,False
ORT1888-art-000854,ORT1888-cand-000854,854,ORTEGA1888-TEPIC-IA,48,44,2329,2330,Descansar,Veeaupe. Nenceaupe.,Descansar. -Veeaupe. Nenceaupe.,hyphen_variant,matched_headword,medium,machine_accepted,direct_page_headword_match,machine_derived,True,False
ORT1888-art-000855,ORT1888-cand-000855,855,ORTEGA1888-TEPIC-IA,48,44,2331,2332,Descanso,Ceaupiat.,Descanso. -Ceaupiat.,hyphen_variant,matched_headword,medium,machine_accepted,direct_page_headword_match,machine_derived,True,False
ORT1888-art-000856,ORT1888-cand-000856,856,ORTEGA1888-TEPIC-IA,48,44,2333,2334,Descargar,Cas^wpi. Neti.,Descargar.- Cas^wpi. Neti.,hyphen_variant,matched_headword,medium,machine_accepted,direct_page_headword_match,machine_derived,True,False
ORT1888-art-000857,ORT1888-cand-000857,857,ORTEGA1888-TEPIC-IA,48,44,2335,2336,Descobijar,Nticú. Nete.,Descobijar. -Nticú. Nete.,hyphen_variant,matched_headword,medium,machine_accepted,direct_page_headword_match,machine_derived,True,False
ORT1888-art-000858,ORT1888-cand-000858,858,ORTEGA1888-TEPIC-IA,48,44,2337,2338,Descoser,"Xeztna, Neti.","Descoser.-Xeztna, Neti.",hyphen_variant,matched_headword,medium,machine_accepted,direct_page_headword_match,machine_derived,True,False
ORT1888-art-000859,ORT1888-cand-000859,859,ORTEGA1888-TEPIC-IA,48,44,2339,2340,"Descubrir, lo secreto",Yhmué. Neti.,"Descubrir, lo secreto. -Yhmué. Neti.",hyphen_variant,matched_headword,medium,machine_accepted,direct_page_headword_match,machine_derived,True,False
ORT1888-art-000860,ORT1888-cand-000860,860,ORTEGA1888-TEPIC-IA,48,44,2341,2342,Desear,Xéve Neti.,Desear.-Xéve Neti.,hyphen_variant,matched_headword,medium,machine_accepted,direct_page_headword_match,machine_derived,True,False
ORT1888-art-000861,ORT1888-cand-000861,861,ORTEGA1888-TEPIC-IA,48,44,2343,2344,Desenvolver,Taxcupi. Neteu.,Desenvolver.-Taxcupi. Neteu.,hyphen_variant,matched_headword,medium,machine_accepted,direct_page_headword_match,machine_derived,True,False
ORT1888-art-000862,ORT1888-cand-000862,862,ORTEGA1888-TEPIC-IA,48,44,2345,2346,Desenclavar,Acuxa Nete.,Desenclavar.-Acuxa Nete.,hyphen_variant,matched_headword,medium,machine_accepted,direct_page_headword_match,machine_derived,True,False
ORT1888-art-000863,ORT1888-cand-000863,863,ORTEGA1888-TEPIC-IA,48,44,2347,2348,Desenojarse,Ycacuanaca. N.,Desenojarse.-Ycacuanaca. N.,hyphen_variant,matched_headword,medium,machine_accepted,direct_page_headword_match,machine_derived,True,False
ORT1888-art-000864,ORT1888-cand-000864,864,ORTEGA1888-TEPIC-IA,48,44,2349,2350,"Desgranar frijol, etc",Atzupe. Neti.,"Desgranar frijol, etc.-Atzupe. Neti.",hyphen_variant,matched_headword,medium,machine_accepted,direct_page_headword_match,machine_derived,True,False
ORT1888-art-000865,ORT1888-cand-000865,865,ORTEGA1888-TEPIC-IA,48,44,2351,2352,Deshonesto,Capti te via.,Deshonesto. -Capti te via.,hyphen_variant,matched_headword,medium,machine_accepted,direct_page_headword_match,machine_derived,True,False
ORT1888-art-000866,ORT1888-cand-000866,866,ORTEGA1888-TEPIC-IA,48,44,2353,2354,Desleir,Acuamoa. Nete.,Desleir.-Acuamoa. Nete.,hyphen_variant,matched_headword,medium,machine_accepted,direct_page_headword_match,machine_derived,True,False
ORT1888-art-000867,ORT1888-cand-000867,867,ORTEGA1888-TEPIC-IA,48,44,2355,2360,Desmayarse,Utemucá. Neantemuaca.,Desmayarse. -Utemucá. Neantemuaca. | ws»,hyphen_variant,matched_headword,medium,machine_accepted,direct_page_headword_match,machine_derived,True,False
ORT1888-art-000868,ORT1888-cand-000868,868,ORTEGA1888-TEPIC-IA,49,45,2367,2368,D es ni ay o,Ten u cat.,D es ni ay o. -Ten u cat.,hyphen_variant,matched_headword,medium,machine_accepted,direct_page_headword_match,machine_derived,True,False
ORT1888-art-000869,ORT1888-cand-000869,869,ORTEGA1888-TEPIC-IA,49,45,2369,2370,Desn udar,Coyeohpe. Neti.,Desn udar.-Coyeohpe. Neti.,hyphen_variant,matched_headword,medium,machine_accepted,direct_page_headword_match,machine_derived,True,False
ORT1888-art-000870,ORT1888-cand-000870,870,ORTEGA1888-TEPIC-IA,49,45,2371,2372,Desnudez,Ycóbpiát.,Desnudez -Ycóbpiát.,hyphen_variant,matched_headword,medium,machine_accepted,direct_page_headword_match,machine_derived,True,False
ORT1888-art-000871,ORT1888-cand-000871,871,ORTEGA1888-TEPIC-IA,49,45,2373,2374,Desollar,Cuhtzana. Neti.,Desollar.- Cuhtzana. Neti.,hyphen_variant,matched_headword,medium,machine_accepted,direct_page_headword_match,machine_derived,True,False
ORT1888-art-000872,ORT1888-cand-000872,872,ORTEGA1888-TEPIC-IA,49,45,2375,2376,Desparrama r,Ahuaxérat. Nete.,Desparrama r.-Ahuaxérat. Nete.,hyphen_variant,matched_headword,medium,machine_accepted,direct_page_headword_match,machine_derived,True,False
ORT1888-art-000873,ORT1888-cand-000873,873,ORTEGA1888-TEPIC-IA,49,45,2377,2378,Despavilar candela con la mano,Antipuena. Ne.,Despavilar candela con la mano.-Antipuena. Ne.,hyphen_variant,matched_headword,medium,machine_accepted,direct_page_headword_match,machine_derived,True,False
ORT1888-art-000874,ORT1888-cand-000874,874,ORTEGA1888-TEPIC-IA,49,45,2379,2380,Despavilar con tijeras,Antiyanioa. Ne.,Despavilar con tijeras.— Antiyanioa. Ne.,em_dash,matched_headword,high,machine_accepted,direct_page_headword_match,machine_derived,True,False
ORT1888-art-000875,ORT1888-cand-000875,875,ORTEGA1888-TEPIC-IA,49,45,2381,2382,Despedazar,Tzanax. Neti.,Despedazar.-Tzanax. Neti.,hyphen_variant,matched_headword,medium,machine_accepted,direct_page_headword_match,machine_derived,True,False
ORT1888-art-000876,ORT1888-cand-000876,876,ORTEGA1888-TEPIC-IA,49,45,2383,2384,Despejar,Atatza. Nete.,Despejar. -Atatza. Nete.,hyphen_variant,matched_headword,medium,machine_accepted,direct_page_headword_match,machine_derived,True,False
ORT1888-art-000877,ORT1888-cand-000877,877,ORTEGA1888-TEPIC-IA,49,45,2385,2386,Despeñarse,Vtbet. N.,Despeñarse -Vtbet. N.,hyphen_variant,matched_headword,medium,machine_accepted,direct_page_headword_match,machine_derived,True,False
ORT1888-art-000878,ORT1888-cand-000878,878,ORTEGA1888-TEPIC-IA,49,45,2387,2388,Despertar,Tiecha Ne.,Despertar. -Tiecha Ne.,hyphen_variant,matched_headword,medium,machine_accepted,direct_page_headword_match,machine_derived,True,False
ORT1888-art-000879,ORT1888-cand-000879,879,ORTEGA1888-TEPIC-IA,49,45,2389,2390,Desperezarse,Táutzara.,Desperezarse. -Táutzara.,hyphen_variant,matched_headword,medium,machine_accepted,direct_page_headword_match,machine_derived,True,False
ORT1888-art-000880,ORT1888-cand-000880,880,ORTEGA1888-TEPIC-IA,49,45,2391,2392,Despluma rse,Cütna. Neti.,Despluma rse.-Cütna. Neti.,hyphen_variant,matched_headword,medium,machine_accepted,direct_page_headword_match,machine_derived,True,False
ORT1888-art-000881,ORT1888-cand-000881,881,ORTEGA1888-TEPIC-IA,49,45,2393,2394,Despues,Moaiiecaitá.,Despues.-Moaiiecaitá.,hyphen_variant,matched_headword,medium,machine_accepted,direct_page_headword_match,machine_derived,True,False
ORT1888-art-000882,ORT1888-cand-000882,882,ORTEGA1888-TEPIC-IA,49,45,2395,2396,Desvanecerse,Muarizé. Ne.,Desvanecerse.-Muarizé. Ne.,hyphen_variant,matched_headword,medium,machine_accepted,direct_page_headword_match,machine_derived,True,False
ORT1888-art-000883,ORT1888-cand-000883,883,ORTEGA1888-TEPIC-IA,49,45,2397,2398,Des velarse,Cu humaré. Ne.,Des velarse. -Cu humaré. Ne.,hyphen_variant,matched_headword,medium,machine_accepted,direct_page_headword_match,machine_derived,True,False
ORT1888-art-000884,ORT1888-cand-000884,884,ORTEGA1888-TEPIC-IA,49,45,2399,2400,Desvirgar,Auhcu. Nete.,Desvirgar.-Auhcu. Nete.,hyphen_variant,matched_headword,medium,machine_accepted,direct_page_headword_match,machine_derived,True,False
ORT1888-art-000885,ORT1888-cand-000885,885,ORTEGA1888-TEPIC-IA,49,45,2401,2402,Detras de alguno,Tihuárita.,Detras de alguno. -Tihuárita.,hyphen_variant,matched_headword,medium,machine_accepted,direct_page_headword_match,machine_derived,True,False
ORT1888-art-000886,ORT1888-cand-000886,886,ORTEGA1888-TEPIC-IA,49,45,2403,2404,De valde,Xepuche.,De valde. — Xepuche.,em_dash,matched_headword,high,machine_accepted,direct_page_headword_match,machine_derived,True,False
ORT1888-art-000887,ORT1888-cand-000887,887,ORTEGA1888-TEPIC-IA,49,45,2405,2406,Deudor,Taehachrihuame. pl. tzi.,Deudor. -Taehachrihuame. pl. tzi.,hyphen_variant,matched_headword,medium,machine_accepted,direct_page_headword_match,machine_derived,True,False
ORT1888-art-000888,ORT1888-cand-000888,888,ORTEGA1888-TEPIC-IA,49,45,2407,2408,Dejar algo,Tahtoa. Neteu.,Dejar algo.— Tahtoa. Neteu.,em_dash,matched_headword,high,machine_accepted,direct_page_headword_match,machine_derived,True,False
ORT1888-art-000889,ORT1888-cand-000889,889,ORTEGA1888-TEPIC-IA,49,45,2409,2410,Deeir,Ñeüea Neti.,Deeir.-Ñeüea Neti.,hyphen_variant,matched_headword,medium,machine_accepted,direct_page_headword_match,machine_derived,True,False
ORT1888-art-000890,ORT1888-cand-000890,890,ORTEGA1888-TEPIC-IA,49,45,2411,2412,Dia,X«tócat.,Dia.-X«tócat.,hyphen_variant,anchored_same_page,low,machine_accepted,same_page_anchor_support,machine_derived,True,False
ORT1888-art-000891,ORT1888-cand-000891,891,ORTEGA1888-TEPIC-IA,49,45,2413,2414,Dia de fiesta,Teanáme.,Dia de fiesta. -Teanáme.,hyphen_variant,matched_headword,medium,machine_accepted,direct_page_headword_match,machine_derived,True,False
ORT1888-art-000892,ORT1888-cand-000892,892,ORTEGA1888-TEPIC-IA,49,45,2415,2416,Diablo,Busca demonio.,Diablo. -Busca demonio.,hyphen_variant,matched_headword,medium,machine_accepted,direct_page_headword_match,machine_derived,True,False
ORT1888-art-000893,ORT1888-cand-000893,893,ORTEGA1888-TEPIC-IA,49,45,2417,2418,Diente,Tameti.,Diente. -Tameti.,hyphen_variant,matched_headword,medium,machine_accepted,direct_page_headword_match,machine_derived,True,False
ORT1888-art-000894,ORT1888-cand-000894,894,ORTEGA1888-TEPIC-IA,49,45,2419,2420,Diferir ó dilatar,Vpétevi. Vnétevi.,Diferir ó dilatar. -Vpétevi. Vnétevi.,hyphen_variant,matched_headword,medium,machine_accepted,direct_page_headword_match,machine_derived,True,False
ORT1888-art-000895,ORT1888-cand-000895,895,ORTEGA1888-TEPIC-IA,49,45,2421,2422,Difícil,Tezíhua.,Difícil. -Tezíhua.,hyphen_variant,matched_headword,medium,machine_accepted,direct_page_headword_match,machine_derived,True,False
ORT1888-art-000896,ORT1888-cand-000896,896,ORTEGA1888-TEPIC-IA,49,45,2423,2424,Dilatar,Busca diferir.,Dilatar. -Busca diferir.,hyphen_variant,matched_headword,medium,machine_accepted,direct_page_headword_match,machine_derived,True,False
ORT1888-art-000897,ORT1888-cand-000897,897,ORTEGA1888-TEPIC-IA,49,45,2425,2426,Disoluto,Busca deshonesto.,Disoluto. -Busca deshonesto.,hyphen_variant,matched_headword,medium,machine_accepted,direct_page_headword_match,machine_derived,True,False
ORT1888-art-000898,ORT1888-cand-000898,898,ORTEGA1888-TEPIC-IA,49,45,2427,2428,Destilarse el agua,Timuiyebmé.,Destilarse el agua. -Timuiyebmé.,hyphen_variant,matched_headword,medium,machine_accepted,direct_page_headword_match,machine_derived,True,False
ORT1888-art-000899,ORT1888-cand-000899,899,ORTEGA1888-TEPIC-IA,49,45,2429,2434,Doblar algo,Yhcata. Neti.,Doblar algo.-Yhcata. Neti. | 46,hyphen_variant,matched_headword,medium,machine_accepted,direct_page_headword_match,machine_derived,True,False
ORT1888-art-000900,ORT1888-cand-000900,900,ORTEGA1888-TEPIC-IA,50,46,2435,2436,Doler la llaga,Tecui.,Doler la llaga. — Tecui.,em_dash,matched_headword,high,machine_accepted,direct_page_headword_match,machine_derived,True,False
ORT1888-art-000901,ORT1888-cand-000901,901,ORTEGA1888-TEPIC-IA,50,46,2437,2438,Doncella,Tíwhmuaztaé. pl. EumsiYi.,Doncella. — Tíwhmuaztaé. pl. EumsiYi.,em_dash,matched_headword,high,machine_accepted,direct_page_headword_match,machine_derived,True,False
ORT1888-art-000902,ORT1888-cand-000902,902,ORTEGA1888-TEPIC-IA,50,46,2439,2440,Dormir,Cutzó. Ne.,Dormir.— Cutzó. Ne.,em_dash,matched_headword,high,machine_accepted,direct_page_headword_match,machine_derived,True,False
ORT1888-art-000903,ORT1888-cand-000903,903,ORTEGA1888-TEPIC-IA,50,46,2441,2442,Dulce cosa,Tze.,Dulce cosa. — Tze.,em_dash,matched_headword,high,machine_accepted,direct_page_headword_match,machine_derived,True,False
ORT1888-art-000904,ORT1888-cand-000904,904,ORTEGA1888-TEPIC-IA,50,46,2443,2444,Durar mucho tiempo,Atévi.,Durar mucho tiempo. — Atévi.,em_dash,matched_headword,high,machine_accepted,direct_page_headword_match,machine_derived,True,False
ORT1888-art-000905,ORT1888-cand-000905,905,ORTEGA1888-TEPIC-IA,50,46,2445,2446,Dar de comer á otro,Huancunhua Neti.,Dar de comer á otro. — Huancunhua Neti.,em_dash,matched_headword,high,machine_accepted,direct_page_headword_match,machine_derived,True,False
ORT1888-art-000906,ORT1888-cand-000906,906,ORTEGA1888-TEPIC-IA,50,46,2447,2449,Dar de vestir a otro,Htiachete. Neti.,Dar de vestir a otro. — Htiachete. Neti.,em_dash,matched_headword,high,machine_accepted,direct_page_headword_match,machine_derived,True,False
ORT1888-art-000907,ORT1888-cand-000907,907,ORTEGA1888-TEPIC-IA,50,46,2450,2451,"Echar, vaciar","Tahtoa, Nete.","Echar, vaciar.— Tahtoa, Nete.",em_dash,matched_headword,high,machine_accepted,direct_page_headword_match,machine_derived,True,False
ORT1888-art-000908,ORT1888-cand-000908,908,ORTEGA1888-TEPIC-IA,50,46,2452,2453,Echarse la bestia,Téhui.,Echarse la bestia. — Téhui.,em_dash,matched_headword,high,machine_accepted,direct_page_headword_match,machine_derived,True,False
ORT1888-art-000909,ORT1888-cand-000909,909,ORTEGA1888-TEPIC-IA,50,46,2454,2455,El ó ella,Aehna. Aehpo.,El ó ella. — Aehna. Aehpo.,em_dash,matched_headword,high,machine_accepted,direct_page_headword_match,machine_derived,True,False
ORT1888-art-000910,ORT1888-cand-000910,910,ORTEGA1888-TEPIC-IA,50,46,2456,2457,Elada ó velo,Cerit.,Elada ó velo. — Cerit.,em_dash,matched_headword,high,machine_accepted,direct_page_headword_match,machine_derived,True,False
ORT1888-art-000911,ORT1888-cand-000911,911,ORTEGA1888-TEPIC-IA,49,45,2458,2459,Elar,Huabet.,Elar.— Huabet.,em_dash,matched_headword,high,machine_accepted,direct_page_headword_match,machine_derived,True,False
ORT1888-art-000912,ORT1888-cand-000912,912,ORTEGA1888-TEPIC-IA,50,46,2460,2461,El que,Atab.,El que.— Atab.,em_dash,matched_headword,high,machine_accepted,direct_page_headword_match,machine_derived,True,False
ORT1888-art-000913,ORT1888-cand-000913,913,ORTEGA1888-TEPIC-IA,50,46,2462,2463,Embainar,Vcáchehte. Nete,Embainar. — Vcáchehte. Nete,em_dash,matched_headword,high,machine_accepted,direct_page_headword_match,machine_derived,True,False
ORT1888-art-000914,ORT1888-cand-000914,914,ORTEGA1888-TEPIC-IA,50,46,2464,2465,Embestir,Antitzete. Ne.,Embestir. — Antitzete. Ne.,em_dash,matched_headword,high,machine_accepted,direct_page_headword_match,machine_derived,True,False
ORT1888-art-000915,ORT1888-cand-000915,915,ORTEGA1888-TEPIC-IA,50,46,2466,2467,Embiar algo,Tai tueca. Neteu,Embiar algo. — Tai tueca. Neteu,em_dash,matched_headword,high,machine_accepted,direct_page_headword_match,machine_derived,True,False
ORT1888-art-000916,ORT1888-cand-000916,916,ORTEGA1888-TEPIC-IA,50,46,2468,2469,Embolver,Busca doblar.,Embolver. — Busca doblar.,em_dash,matched_headword,high,machine_accepted,direct_page_headword_match,machine_derived,True,False
ORT1888-art-000917,ORT1888-cand-000917,917,ORTEGA1888-TEPIC-IA,50,46,2470,2471,"Embriagar á otro, r",Tatahuacihte. Neteu.,"Embriagar á otro, r— Tatahuacihte. Neteu.",em_dash,matched_headword,high,machine_accepted,direct_page_headword_match,machine_derived,True,False
ORT1888-art-000918,ORT1888-cand-000918,918,ORTEGA1888-TEPIC-IA,50,46,2472,2473,Embriagarse,Tahua. Ne.,Embriagarse.-^ Tahua. Ne.,hyphen_variant,matched_headword,medium,machine_accepted,direct_page_headword_match,machine_derived,True,False
ORT1888-art-000919,ORT1888-cand-000919,919,ORTEGA1888-TEPIC-IA,50,46,2474,2475,Enmendarse,Huacho. Nanché.,Enmendarse. — Huacho. Nanché.,em_dash,matched_headword,high,machine_accepted,direct_page_headword_match,machine_derived,True,False
ORT1888-art-000920,ORT1888-cand-000920,920,ORTEGA1888-TEPIC-IA,50,46,2476,2477,Empacharse,Huacuaitzá. Nacuaitzá.,Empacharse. — Huacuaitzá. Nacuaitzá.,em_dash,matched_headword,high,machine_accepted,direct_page_headword_match,machine_derived,True,False
ORT1888-art-000921,ORT1888-cand-000921,921,ORTEGA1888-TEPIC-IA,50,46,2478,2479,Empero,Tepoac.,Empero. — Tepoac.,em_dash,matched_headword,high,machine_accepted,direct_page_headword_match,machine_derived,True,False
ORT1888-art-000922,ORT1888-cand-000922,922,ORTEGA1888-TEPIC-IA,50,46,2480,2481,"Empeine, enfermedad",Teahcuri. p!. tzi.,"Empeine, enfermedad. .— Teahcuri. p!. tzi.",em_dash,matched_headword,high,machine_accepted,direct_page_headword_match,machine_derived,True,False
ORT1888-art-000923,ORT1888-cand-000923,923,ORTEGA1888-TEPIC-IA,50,46,2482,2483,Empeñar,Taáti. Neti.,Empeñar. — Taáti. Neti.,em_dash,matched_headword,high,machine_accepted,direct_page_headword_match,machine_derived,True,False
ORT1888-art-000924,ORT1888-cand-000924,924,ORTEGA1888-TEPIC-IA,50,46,2484,2485,Empinarse,xTeutérihi'ia. Netintérihua.,Empinarse. — xTeutérihi'ia. Netintérihua.,em_dash,matched_headword,high,machine_accepted,direct_page_headword_match,machine_derived,True,False
ORT1888-art-000925,ORT1888-cand-000925,925,ORTEGA1888-TEPIC-IA,50,46,2486,2487,Emplumar el ave,Cáuxa.,Emplumar el ave. — Cáuxa.,em_dash,matched_headword,high,machine_accepted,direct_page_headword_match,machine_derived,True,False
ORT1888-art-000926,ORT1888-cand-000926,926,ORTEGA1888-TEPIC-IA,50,46,2488,2489,Empreñar,"Atahuatzairi. Neteu,","Empreñar. — Atahuatzairi. Neteu,",em_dash,matched_headword,high,machine_accepted,direct_page_headword_match,machine_derived,True,False
ORT1888-art-000927,ORT1888-cand-000927,927,ORTEGA1888-TEPIC-IA,50,46,2490,2491,Emprestar,Nehte. Neti.,Emprestar. — Nehte. Neti.,em_dash,matched_headword,high,machine_accepted,direct_page_headword_match,machine_derived,True,False
ORT1888-art-000928,ORT1888-cand-000928,928,ORTEGA1888-TEPIC-IA,50,46,2492,2497,En prep,"Hetze. Tzahta,","En prep. — Hetze. Tzahta, | may*",em_dash,matched_headword,high,machine_accepted,direct_page_headword_match,machine_derived,True,False
ORT1888-art-000929,ORT1888-cand-000929,929,ORTEGA1888-TEPIC-IA,51,47,2501,2502,Eneancer el hueso,Abapütnazt.,Eneancer el hueso. — Abapütnazt.,em_dash,matched_headword,high,machine_accepted,direct_page_headword_match,machine_derived,True,False
ORT1888-art-000930,ORT1888-cand-000930,930,ORTEGA1888-TEPIC-IA,51,47,2503,2506,Encender candela ó tea,Ntitái. Nete.,"Encender candela ó tea. — Ntitái. Nete. | Encender lumbre, hacerla.^ Ana. N.",em_dash,matched_headword,high,machine_accepted,direct_page_headword_match,machine_derived,True,False
ORT1888-art-000931,ORT1888-cand-000931,931,ORTEGA1888-TEPIC-IA,51,47,2507,2508,Encontrar acuso á alguno,Nahéheca. Neteu.,Encontrar acuso á alguno. — Nahéheca. Neteu.,em_dash,matched_headword,high,machine_accepted,direct_page_headword_match,machine_derived,True,False
ORT1888-art-000932,ORT1888-cand-000932,932,ORTEGA1888-TEPIC-IA,51,47,2509,2510,Encuentro tal,Nahcheat.,Encuentro tal. — Nahcheat.,em_dash,matched_headword,high,machine_accepted,direct_page_headword_match,machine_derived,True,False
ORT1888-art-000933,ORT1888-cand-000933,933,ORTEGA1888-TEPIC-IA,51,47,2511,2512,"Encovar algo, r",Ntitntze Nete.,"Encovar algo, r- Ntitntze Nete.",hyphen_variant,matched_headword,medium,machine_accepted,direct_page_headword_match,machine_derived,True,False
ORT1888-art-000934,ORT1888-cand-000934,934,ORTEGA1888-TEPIC-IA,51,47,2513,2514,Encubrir algo,Baña Nete.,Encubrir algo. — Baña Nete.,em_dash,matched_headword,high,machine_accepted,direct_page_headword_match,machine_derived,True,False
ORT1888-art-000935,ORT1888-cand-000935,935,ORTEGA1888-TEPIC-IA,51,47,2515,2516,"Encumbrar, llegar á lo alto","Antiné. N,","Encumbrar, llegar á lo alto. — Antiné. N,",em_dash,matched_headword,high,machine_accepted,direct_page_headword_match,machine_derived,True,False
ORT1888-art-000936,ORT1888-cand-000936,936,ORTEGA1888-TEPIC-IA,51,47,2517,2518,Enderesar,Tatzáraca. Neteu.,Enderesar. — Tatzáraca. Neteu.,em_dash,matched_headword,high,machine_accepted,direct_page_headword_match,machine_derived,True,False
ORT1888-art-000937,ORT1888-cand-000937,937,ORTEGA1888-TEPIC-IA,51,47,2519,2520,"Enemistad, tener con otro",Haxévia. Neti.,"Enemistad, tener con otro. — Haxévia. Neti.",em_dash,matched_headword,high,machine_accepted,direct_page_headword_match,machine_derived,True,False
ORT1888-art-000938,ORT1888-cand-000938,938,ORTEGA1888-TEPIC-IA,51,47,2521,2522,Enfermar de algún mal,Cui. Neti.,Enfermar de algún mal. — Cui. Neti.,em_dash,matched_headword,high,machine_accepted,direct_page_headword_match,machine_derived,True,False
ORT1888-art-000939,ORT1888-cand-000939,939,ORTEGA1888-TEPIC-IA,51,47,2523,2524,Enfermo,Ticui.,Enfermo. — Ticui.,em_dash,matched_headword,high,machine_accepted,direct_page_headword_match,machine_derived,True,False
ORT1888-art-000940,ORT1888-cand-000940,940,ORTEGA1888-TEPIC-IA,51,47,2525,2526,Enflaquecerse,Huateahua. Nateahua.,Enflaquecerse. — Huateahua. Nateahua.,em_dash,matched_headword,high,machine_accepted,direct_page_headword_match,machine_derived,True,False
ORT1888-art-000941,ORT1888-cand-000941,941,ORTEGA1888-TEPIC-IA,51,47,2527,2528,Enfrente de alguno,Tincrimet/é. Túiaouzé.,Enfrente de alguno. — Tincrimet/é. Túiaouzé.,em_dash,matched_headword,high,machine_accepted,direct_page_headword_match,machine_derived,True,False
ORT1888-art-000942,ORT1888-cand-000942,942,ORTEGA1888-TEPIC-IA,51,47,2529,2530,flnfriar,Tara Neti.,flnfriar.— Tara Neti.,em_dash,matched_headword,high,machine_accepted,direct_page_headword_match,machine_derived,True,False
ORT1888-art-000943,ORT1888-cand-000943,943,ORTEGA1888-TEPIC-IA,51,47,2531,2532,"Engañar, a",Cuanamoa. Neti.,"Engañar, a— Cuanamoa. Neti.",em_dash,matched_headword,high,machine_accepted,direct_page_headword_match,machine_derived,True,False
ORT1888-art-000944,ORT1888-cand-000944,944,ORTEGA1888-TEPIC-IA,51,47,2533,2534,Engordar uno,Teuzim. Ne.,Engordar uno. — Teuzim. Ne.,em_dash,matched_headword,high,machine_accepted,direct_page_headword_match,machine_derived,True,False
ORT1888-art-000945,ORT1888-cand-000945,945,ORTEGA1888-TEPIC-IA,51,47,2535,2536,Enloquecer,Huatatecáhire Natatecáhire.,Enloquecer. — Huatatecáhire Natatecáhire.,em_dash,matched_headword,high,machine_accepted,direct_page_headword_match,machine_derived,True,False
ORT1888-art-000946,ORT1888-cand-000946,946,ORTEGA1888-TEPIC-IA,51,47,2537,2538,Enmojecerse el hierro,Huateauchitáme.,Enmojecerse el hierro. — Huateauchitáme.,em_dash,matched_headword,high,machine_accepted,direct_page_headword_match,machine_derived,True,False
ORT1888-art-000947,ORT1888-cand-000947,947,ORTEGA1888-TEPIC-IA,51,47,2539,2540,Enojar á otro,Haxaht. Neti.,Enojar á otro. — Haxaht. Neti.,em_dash,matched_headword,high,machine_accepted,direct_page_headword_match,machine_derived,True,False
ORT1888-art-000948,ORT1888-cand-000948,948,ORTEGA1888-TEPIC-IA,51,47,2541,2542,Enojarse,Neú. Ne. Acancü. N. Neucamoe. Ne.,Enojarse. ^—Neú. Ne. Acancü. N. Neucamoe. Ne.,em_dash,matched_headword,high,machine_accepted,direct_page_headword_match,machine_derived,True,False
ORT1888-art-000949,ORT1888-cand-000949,949,ORTEGA1888-TEPIC-IA,51,47,2543,2544,Enojo,Neil cat.,Enojo. — Neil cat.,em_dash,matched_headword,high,machine_accepted,direct_page_headword_match,machine_derived,True,False
ORT1888-art-000950,ORT1888-cand-000950,950,ORTEGA1888-TEPIC-IA,51,47,2545,2546,Enriquecer,Huatahuázeca. Nateancazeca.,Enriquecer. — Huatahuázeca. Nateancazeca.,em_dash,matched_headword,high,machine_accepted,direct_page_headword_match,machine_derived,True,False
ORT1888-art-000951,ORT1888-cand-000951,951,ORTEGA1888-TEPIC-IA,51,47,2547,2548,Enredar alguna cosa,Teáheca. Neteu.,Enredar alguna cosa. — Teáheca. Neteu.,em_dash,matched_headword,high,machine_accepted,direct_page_headword_match,machine_derived,True,False
ORT1888-art-000952,ORT1888-cand-000952,952,ORTEGA1888-TEPIC-IA,51,47,2549,2550,Enroscarse la vivora. r,Teuzekere.,Enroscarse la vivora. r— Teuzekere.,em_dash,matched_headword,high,machine_accepted,direct_page_headword_match,machine_derived,True,False
ORT1888-art-000953,ORT1888-cand-000953,953,ORTEGA1888-TEPIC-IA,51,47,2551,2552,Ensartar cuentas,Xuu. Nete.,Ensartar cuentas. — Xuu. Nete.,em_dash,matched_headword,high,machine_accepted,direct_page_headword_match,machine_derived,True,False
ORT1888-art-000954,ORT1888-cand-000954,954,ORTEGA1888-TEPIC-IA,51,47,2553,2554,Enseñar,Muaté. Neti.,"Enseñar. ,— Muaté. Neti.",em_dash,matched_headword,high,machine_accepted,direct_page_headword_match,machine_derived,True,False
ORT1888-art-000955,ORT1888-cand-000955,955,ORTEGA1888-TEPIC-IA,51,47,2555,2556,Enseñanza,Muatéht.,Enseñanza. — Muatéht.,em_dash,matched_headword,high,machine_accepted,direct_page_headword_match,machine_derived,True,False
ORT1888-art-000956,ORT1888-cand-000956,956,ORTEGA1888-TEPIC-IA,51,47,2557,2558,Ensuciar alguna eosa,Chuamüare. Neteu.,Ensuciar alguna eosa.-^Chuamüare. Neteu.,hyphen_variant,matched_headword,medium,machine_accepted,direct_page_headword_match,machine_derived,True,False
ORT1888-art-000957,ORT1888-cand-000957,957,ORTEGA1888-TEPIC-IA,51,47,2559,2560,Entender,^Namoáhbe. Neti.,Entender.— ^Namoáhbe. Neti.,em_dash,matched_headword,high,machine_accepted,direct_page_headword_match,machine_derived,True,False
ORT1888-art-000958,ORT1888-cand-000958,958,ORTEGA1888-TEPIC-IA,51,47,2561,2562,Entendimiento,Namoáhriat.,Entendimiento. — Namoáhriat.,em_dash,matched_headword,high,machine_accepted,direct_page_headword_match,machine_derived,True,False
ORT1888-art-000959,ORT1888-cand-000959,959,ORTEGA1888-TEPIC-IA,51,47,2563,2568,Enterrar muerto,Tete Nete. Teteaucuca. Nete.,Enterrar muerto. — Tete Nete. Teteaucuca. Nete. | 48,em_dash,matched_headword,high,machine_accepted,direct_page_headword_match,machine_derived,True,False
ORT1888-art-000960,ORT1888-cand-000960,960,ORTEGA1888-TEPIC-IA,52,48,2569,2570,Entierro,Teaúhcluat.,Entierro. — Teaúhcluat.,em_dash,matched_headword,high,machine_accepted,direct_page_headword_match,machine_derived,True,False
ORT1888-art-000961,ORT1888-cand-000961,961,ORTEGA1888-TEPIC-IA,52,48,2571,2572,Entonces,Nermü.,Entonces. — Nermü.,em_dash,matched_headword,high,machine_accepted,direct_page_headword_match,machine_derived,True,False
ORT1888-art-000962,ORT1888-cand-000962,962,ORTEGA1888-TEPIC-IA,52,48,2573,2574,Entrambos,Mahuapoát.,Entrambos. — Mahuapoát.,em_dash,matched_headword,high,machine_accepted,direct_page_headword_match,machine_derived,True,False
ORT1888-art-000963,ORT1888-cand-000963,963,ORTEGA1888-TEPIC-IA,52,48,2575,2576,Entrar,Vtaü | >i. N.,"Entrar. ,-Vtaü | >i. N.",hyphen_variant,matched_headword,medium,machine_accepted,direct_page_headword_match,machine_derived,True,False
ORT1888-art-000964,ORT1888-cand-000964,964,ORTEGA1888-TEPIC-IA,52,48,2577,2578,Entresacar,Bellcipüihua. Nete.,Entresacar. — Bellcipüihua. Nete.,em_dash,matched_headword,high,machine_accepted,direct_page_headword_match,machine_derived,True,False
ORT1888-art-000965,ORT1888-cand-000965,965,ORTEGA1888-TEPIC-IA,52,48,2579,2580,"Entumido, estar",Tzuhchá. Ne.,"Entumido, estar.— Tzuhchá. Ne.",em_dash,matched_headword,high,machine_accepted,direct_page_headword_match,machine_derived,True,False
ORT1888-art-000966,ORT1888-cand-000966,966,ORTEGA1888-TEPIC-IA,52,48,2581,2582,Enturbiar,Chuamoéti. Neteu.,Enturbiar. — Chuamoéti. Neteu.,em_dash,matched_headword,high,machine_accepted,direct_page_headword_match,machine_derived,True,False
ORT1888-art-000967,ORT1888-cand-000967,967,ORTEGA1888-TEPIC-IA,52,48,2583,2584,Envano,Huápuat.,Envano. — Huápuat.,em_dash,matched_headword,high,machine_accepted,direct_page_headword_match,machine_derived,True,False
ORT1888-art-000968,ORT1888-cand-000968,968,ORTEGA1888-TEPIC-IA,52,48,2585,2586,Envejecerse,a Huattíbezi. Natebezi.,Envejecerse.— a Huattíbezi. Natebezi.,em_dash,matched_headword,high,machine_accepted,direct_page_headword_match,machine_derived,True,False
ORT1888-art-000969,ORT1888-cand-000969,969,ORTEGA1888-TEPIC-IA,52,48,2587,2590,"Encino, árbol",Zéuhti.,"Encino, árbol. — Zéuhti. | Eredad.^Viat.",em_dash,matched_headword,high,machine_accepted,direct_page_headword_match,machine_derived,True,False
ORT1888-art-000970,ORT1888-cand-000970,970,ORTEGA1888-TEPIC-IA,52,48,2591,2594,Erizarse los pelos,Tixúixaca. Ne.,"Erizarse los pelos. — Tixúixaca. Ne. | Errar, no acertar. ^ A u bet. Ne.",em_dash,matched_headword,high,machine_accepted,direct_page_headword_match,machine_derived,True,False
ORT1888-art-000971,ORT1888-cand-000971,971,ORTEGA1888-TEPIC-IA,52,48,2595,2596,Ervaje,Euxhté.,Ervaje. — Euxhté.,em_dash,matched_headword,high,machine_accepted,direct_page_headword_match,machine_derived,True,False
ORT1888-art-000972,ORT1888-cand-000972,972,ORTEGA1888-TEPIC-IA,52,48,2597,2598,Escama,Anavízit.,Escama. — Anavízit.,em_dash,matched_headword,high,machine_accepted,direct_page_headword_match,machine_derived,True,False
ORT1888-art-000973,ORT1888-cand-000973,973,ORTEGA1888-TEPIC-IA,52,48,2599,2600,Escarabajo,Chuitapurivt. pl. Chuitapurizi.,Escarabajo. — Chuitapurivt. pl. Chuitapurizi.,em_dash,matched_headword,high,machine_accepted,direct_page_headword_match,machine_derived,True,False
ORT1888-art-000974,ORT1888-cand-000974,974,ORTEGA1888-TEPIC-IA,52,48,2601,2602,Escarmenar,Atzupe. Neti.,Escarmenar. — Atzupe. Neti.,em_dash,matched_headword,high,machine_accepted,direct_page_headword_match,machine_derived,True,False
ORT1888-art-000975,ORT1888-cand-000975,975,ORTEGA1888-TEPIC-IA,52,48,2603,2604,Escarbar tierra,A i bebé. Ne.,Escarbar tierra. — A i bebé. Ne.,em_dash,matched_headword,high,machine_accepted,direct_page_headword_match,machine_derived,True,False
ORT1888-art-000976,ORT1888-cand-000976,976,ORTEGA1888-TEPIC-IA,52,48,2605,2606,Esclarecer,.Huatanerick^wraca.,Esclarecer.— .Huatanerick^wraca.,em_dash,matched_headword,high,machine_accepted,direct_page_headword_match,machine_derived,True,False
ORT1888-art-000977,ORT1888-cand-000977,977,ORTEGA1888-TEPIC-IA,52,48,2607,2608,Esclavo,Nanaihuacat. pl. tzi.,Esclavo. — Nanaihuacat. pl. tzi.,em_dash,matched_headword,high,machine_accepted,direct_page_headword_match,machine_derived,True,False
ORT1888-art-000978,ORT1888-cand-000978,978,ORTEGA1888-TEPIC-IA,52,48,2609,2610,Escoba para barre)',Tzimuari. Tebaucbtáme.,Escoba para barre)'. — Tzimuari. Tebaucbtáme.,em_dash,matched_headword,high,machine_accepted,direct_page_headword_match,machine_derived,True,False
ORT1888-art-000979,ORT1888-cand-000979,979,ORTEGA1888-TEPIC-IA,52,48,2611,2612,Escobeta para peinarse,Meatzekébti .,Escobeta para peinarse. — Meatzekébti .,em_dash,matched_headword,high,machine_accepted,direct_page_headword_match,machine_derived,True,False
ORT1888-art-000980,ORT1888-cand-000980,980,ORTEGA1888-TEPIC-IA,52,48,2613,2614,Escoger,Busca entresacar.,Escoger.- — Busca entresacar.,em_dash,matched_headword,high,machine_accepted,direct_page_headword_match,machine_derived,True,False
ORT1888-art-000981,ORT1888-cand-000981,981,ORTEGA1888-TEPIC-IA,52,48,2615,2616,Esconderse,Vhuabata. Neneabata.,Esconderse. — Vhuabata. Neneabata.,em_dash,matched_headword,high,machine_accepted,direct_page_headword_match,machine_derived,True,False
ORT1888-art-000982,ORT1888-cand-000982,982,ORTEGA1888-TEPIC-IA,52,48,2617,2618,Escorpión,T'/io¿ri. pl. tzi.,Escorpión. — T'/io¿ri. pl. tzi.,em_dash,matched_headword,high,machine_accepted,direct_page_headword_match,machine_derived,True,False
ORT1888-art-000983,ORT1888-cand-000983,983,ORTEGA1888-TEPIC-IA,52,48,2619,2620,Escribano,.Tiyú xa.,Escribano.— .Tiyú xa.,em_dash,matched_headword,high,machine_accepted,direct_page_headword_match,machine_derived,True,False
ORT1888-art-000984,ORT1888-cand-000984,984,ORTEGA1888-TEPIC-IA,52,48,2621,2622,Escribir,Yuxa. Neti,Escribir. — Yuxa. Neti,em_dash,matched_headword,high,machine_accepted,direct_page_headword_match,machine_derived,True,False
ORT1888-art-000985,ORT1888-cand-000985,985,ORTEGA1888-TEPIC-IA,52,48,2623,2624,Escuchar,Namoah. Neti.,Escuchar. — Namoah. Neti.,em_dash,matched_headword,high,machine_accepted,direct_page_headword_match,machine_derived,True,False
ORT1888-art-000986,ORT1888-cand-000986,986,ORTEGA1888-TEPIC-IA,52,48,2625,2628,Escurecerse,Huachumáná Huatécca.,Escurecerse. — Huachumáná Huatécca. | Escupir. = Tzitzé. Neti.,em_dash,matched_headword,high,machine_accepted,direct_page_headword_match,machine_derived,True,False
ORT1888-art-000987,ORT1888-cand-000987,987,ORTEGA1888-TEPIC-IA,52,48,2629,2630,"Escupitina, saliva",Tzitzicaite.,"Escupitina, saliva. — Tzitzicaite.",em_dash,matched_headword,high,machine_accepted,direct_page_headword_match,machine_derived,True,False
ORT1888-art-000988,ORT1888-cand-000988,988,ORTEGA1888-TEPIC-IA,52,48,2631,2636,Esforsar á otro,"Cañe. Neti,","Esforsar á otro. —Cañe. Neti, | 49",em_dash,matched_headword,high,machine_accepted,direct_page_headword_match,machine_derived,True,False
ORT1888-art-000989,ORT1888-cand-000989,989,ORTEGA1888-TEPIC-IA,53,49,2637,2638,Esfuerzo asi,Canilla t.,Esfuerzo asi. — Canilla t.,em_dash,matched_headword,high,machine_accepted,direct_page_headword_match,machine_derived,True,False
ORT1888-art-000990,ORT1888-cand-000990,990,ORTEGA1888-TEPIC-IA,53,49,2639,2640,Eslavon,Tahotzéhti.,Eslavon.--Tahotzéhti.,hyphen_variant,matched_headword,medium,machine_accepted,direct_page_headword_match,machine_derived,True,False
ORT1888-art-000991,ORT1888-cand-000991,991,ORTEGA1888-TEPIC-IA,53,49,2641,2642,Espalda,Huariti.,Espalda. — Huariti.,em_dash,matched_headword,high,machine_accepted,direct_page_headword_match,machine_derived,True,False
ORT1888-art-000992,ORT1888-cand-000992,992,ORTEGA1888-TEPIC-IA,53,49,2643,2644,Espantar á otro,Mnarite. Neti. ',Espantar á otro. — Mnarite. Neti. ',em_dash,matched_headword,high,machine_accepted,direct_page_headword_match,machine_derived,True,False
ORT1888-art-000993,ORT1888-cand-000993,993,ORTEGA1888-TEPIC-IA,53,49,2645,2646,Espanto así,Muaritiat.,Espanto así — Muaritiat.,em_dash,matched_headword,high,machine_accepted,direct_page_headword_match,machine_derived,True,False
ORT1888-art-000994,ORT1888-cand-000994,994,ORTEGA1888-TEPIC-IA,53,49,2647,2648,Espejo,Atenéric.,Espejo. — Atenéric.,em_dash,matched_headword,high,machine_accepted,direct_page_headword_match,machine_derived,True,False
ORT1888-art-000995,ORT1888-cand-000995,995,ORTEGA1888-TEPIC-IA,53,49,2649,2650,Espeluzarse,Busca rizarse:,Espeluzarse. — Busca rizarse:,em_dash,matched_headword,high,machine_accepted,direct_page_headword_match,machine_derived,True,False
ORT1888-art-000996,ORT1888-cand-000996,996,ORTEGA1888-TEPIC-IA,53,49,2651,2652,Esperar,Bu sea confiar.,Esperar. -Bu sea confiar.,hyphen_variant,matched_headword,medium,machine_accepted,direct_page_headword_match,machine_derived,True,False
ORT1888-art-000997,ORT1888-cand-000997,997,ORTEGA1888-TEPIC-IA,53,49,2653,2654,Esperar lo raro,T-^te. Neteu.,Esperar lo raro. — T-^te. Neteu.,em_dash,matched_headword,high,machine_accepted,direct_page_headword_match,machine_derived,True,False
ORT1888-art-000998,ORT1888-cand-000998,998,ORTEGA1888-TEPIC-IA,53,49,2655,2656,Espresarse. Esperesarse,Busca desperesarse.,Espresarse. Esperesarse. — Busca desperesarse.,em_dash,matched_headword,high,machine_accepted,direct_page_headword_match,machine_derived,True,False
ORT1888-art-000999,ORT1888-cand-000999,999,ORTEGA1888-TEPIC-IA,53,49,2657,2658,Espiga,^ Moáey ete.,"Espiga,— ^ Moáey ete.",em_dash,matched_headword,high,machine_accepted,direct_page_headword_match,machine_derived,True,False
ORT1888-art-001000,ORT1888-cand-001000,1000,ORTEGA1888-TEPIC-IA,53,49,2659,2660,Espigar el maíz,s.Moáeve.,Espigar el maíz. — s.Moáeve.,em_dash,matched_headword,high,machine_accepted,direct_page_headword_match,machine_derived,True,False
ORT1888-art-001001,ORT1888-cand-001001,1001,ORTEGA1888-TEPIC-IA,53,49,2661,2662,Es [ >i n a,Tzi cáréte.,Es [ >i n a . — Tzi cáréte.,em_dash,matched_headword,high,machine_accepted,direct_page_headword_match,machine_derived,True,False
ORT1888-art-001002,ORT1888-cand-001002,1002,ORTEGA1888-TEPIC-IA,53,49,2663,2666,Espina de nopal,Xnat.,Espina de nopal. — Xnat. | Espinarse. ^Tiatzet. Teuátzet.,em_dash,matched_headword,high,machine_accepted,direct_page_headword_match,machine_derived,True,False
ORT1888-art-001003,ORT1888-cand-001003,1003,ORTEGA1888-TEPIC-IA,53,49,2667,2668,Espinilla de la pierna,Huatutn.,Espinilla de la pierna. — Huatutn.,em_dash,matched_headword,high,machine_accepted,direct_page_headword_match,machine_derived,True,False
ORT1888-art-001004,ORT1888-cand-001004,1004,ORTEGA1888-TEPIC-IA,53,49,2669,2670,Espinaso,Kerubzite.,Espinaso. — Kerubzite.,em_dash,matched_headword,high,machine_accepted,direct_page_headword_match,machine_derived,True,False
ORT1888-art-001005,ORT1888-cand-001005,1005,ORTEGA1888-TEPIC-IA,53,49,2671,2672,Espolear al Caballo,Uiteutzex. Nete.,Espolear al Caballo. — Uiteutzex. Nete.,em_dash,matched_headword,high,machine_accepted,direct_page_headword_match,machine_derived,True,False
ORT1888-art-001006,ORT1888-cand-001006,1006,ORTEGA1888-TEPIC-IA,53,49,2673,2674,Espremir,Neurahachihua. Nete.,Espremir. — Neurahachihua. Nete.,em_dash,matched_headword,high,machine_accepted,direct_page_headword_match,machine_derived,True,False
ORT1888-art-001007,ORT1888-cand-001007,1007,ORTEGA1888-TEPIC-IA,53,49,2675,2676,Espulgar la cabeza,Ahme. Neti.,Espulgar la cabeza. — Ahme. Neti.,em_dash,matched_headword,high,machine_accepted,direct_page_headword_match,machine_derived,True,False
ORT1888-art-001008,ORT1888-cand-001008,1008,ORTEGA1888-TEPIC-IA,53,49,2677,2678,Espulgar la ropa,sHuaxcaitzipe. Neti.,Espulgar la ropa.— sHuaxcaitzipe. Neti.,em_dash,matched_headword,high,machine_accepted,direct_page_headword_match,machine_derived,True,False
ORT1888-art-001009,ORT1888-cand-001009,1009,ORTEGA1888-TEPIC-IA,53,49,2679,2680,Esquina,Tzicuritam.,"Esquina, — Tzicuritam.",em_dash,matched_headword,high,machine_accepted,direct_page_headword_match,machine_derived,True,False
ORT1888-art-001010,ORT1888-cand-001010,1010,ORTEGA1888-TEPIC-IA,53,49,2681,2682,Ese ó Esa,Amuehpu.,Ese ó Esa.-Amuehpu.,hyphen_variant,matched_headword,medium,machine_accepted,direct_page_headword_match,machine_derived,True,False
ORT1888-art-001011,ORT1888-cand-001011,1011,ORTEGA1888-TEPIC-IA,53,49,2683,2684,Estaca,Vicáti.,Estaca. — Vicáti.,em_dash,matched_headword,high,machine_accepted,direct_page_headword_match,machine_derived,True,False
ORT1888-art-001012,ORT1888-cand-001012,1012,ORTEGA1888-TEPIC-IA,53,49,2685,2686,Estacar,Tahtalai. Nete.,Estacar.— Tahtalai. Nete.,em_dash,matched_headword,high,machine_accepted,direct_page_headword_match,machine_derived,True,False
ORT1888-art-001013,ORT1888-cand-001013,1013,ORTEGA1888-TEPIC-IA,52,48,2687,2688,Estar,Yepréhbe. Nentehbe.,Estar. — Yepréhbe. Nentehbe.,em_dash,matched_headword,high,machine_accepted,direct_page_headword_match,machine_derived,True,False
ORT1888-art-001014,ORT1888-cand-001014,1014,ORTEGA1888-TEPIC-IA,53,49,2689,2690,"Este, ó esta, ó este",Ti.,"Este, ó esta, ó este. — Ti.",em_dash,matched_headword,high,machine_accepted,direct_page_headword_match,machine_derived,True,False
ORT1888-art-001015,ORT1888-cand-001015,1015,ORTEGA1888-TEPIC-IA,53,49,2691,2692,Estender ó tender,Busca desembolver.,Estender ó tender. — Busca desembolver.,em_dash,matched_headword,high,machine_accepted,direct_page_headword_match,machine_derived,True,False
ORT1888-art-001016,ORT1888-cand-001016,1016,ORTEGA1888-TEPIC-IA,53,49,2693,2694,Estera de palma,Llárit,"Estera de palma, — Llárit",em_dash,matched_headword,high,machine_accepted,direct_page_headword_match,machine_derived,True,False
ORT1888-art-001017,ORT1888-cand-001017,1017,ORTEGA1888-TEPIC-IA,53,49,2695,2696,Estéril ser la mujer,Capunúcari.,Estéril ser la mujer. — Capunúcari.,em_dash,matched_headword,high,machine_accepted,direct_page_headword_match,machine_derived,True,False
ORT1888-art-001018,ORT1888-cand-001018,1018,ORTEGA1888-TEPIC-IA,53,49,2697,2698,Estirar,Vbyaobacaníhua. Vn.,Estirar. — Vbyaobacaníhua. Vn.,em_dash,matched_headword,high,machine_accepted,direct_page_headword_match,machine_derived,True,False
ORT1888-art-001019,ORT1888-cand-001019,1019,ORTEGA1888-TEPIC-IA,53,49,2699,2704,Estoma ofo,Uehti.,Estoma ofo.—Uehti. | 50,em_dash,matched_headword,high,machine_accepted,direct_page_headword_match,machine_derived,True,False
ORT1888-art-001020,ORT1888-cand-001020,1020,ORTEGA1888-TEPIC-IA,54,50,2705,2706,Estornudar,Atzúhpua. Nr.,Estornudar. — Atzúhpua. Nr.,em_dash,matched_headword,high,machine_accepted,direct_page_headword_match,machine_derived,True,False
ORT1888-art-001021,ORT1888-cand-001021,1021,ORTEGA1888-TEPIC-IA,54,50,2707,2708,Estornudo,Atzúhpua ri ti.,Estornudo. — Atzúhpua ri ti.,em_dash,matched_headword,high,machine_accepted,direct_page_headword_match,machine_derived,True,False
ORT1888-art-001022,ORT1888-cand-001022,1022,ORTEGA1888-TEPIC-IA,54,50,2709,2712,Estrecha cosa,Capuachuayaóteme.,"Estrecha cosa. — Capuachuayaóteme. | Estrella. Xurabet. pl. t/.i. á las (pie llaman ojos de Santa | Lucía, los muchos dicen: Néupacatzi. á las que llaman",em_dash,matched_headword,high,machine_accepted,direct_page_headword_match,machine_derived,True,False
ORT1888-art-001023,ORT1888-cand-001023,1023,ORTEGA1888-TEPIC-IA,54,50,2713,2714,las tres Marías,Tzicuricat. Al Carro. Urcapuazt.,las tres Marías. — Tzicuricat. Al Carro. Urcapuazt.,em_dash,matched_headword,high,machine_accepted,direct_page_headword_match,machine_derived,True,False
ORT1888-art-001024,ORT1888-cand-001024,1024,ORTEGA1888-TEPIC-IA,54,50,2715,2716,Estremecerse,Uüic. Nembice.,Estremecerse.-— Uüic. Nembice.,em_dash,matched_headword,high,machine_accepted,direct_page_headword_match,machine_derived,True,False
ORT1888-art-001025,ORT1888-cand-001025,1025,ORTEGA1888-TEPIC-IA,54,50,2717,2718,Estrujar,Oabhe. Neti.,Estrujar.— Oabhe. Neti.,em_dash,matched_headword,high,machine_accepted,direct_page_headword_match,machine_derived,True,False
ORT1888-art-001026,ORT1888-cand-001026,1026,ORTEGA1888-TEPIC-IA,54,50,2719,2720,Estudiar,Muate. Neti.,Estudiar. — Muate. Neti.,em_dash,matched_headword,high,machine_accepted,direct_page_headword_match,machine_derived,True,False
ORT1888-art-001027,ORT1888-cand-001027,1027,ORTEGA1888-TEPIC-IA,54,50,2721,2722,Estudio así,"Muatehrit,","Estudio así.- Muatehrit,",hyphen_variant,matched_headword,medium,machine_accepted,direct_page_headword_match,machine_derived,True,False
ORT1888-art-001028,ORT1888-cand-001028,1028,ORTEGA1888-TEPIC-IA,54,50,2723,2724,Exalacion que se ve de noche,Teutannú.,Exalacion que se ve de noche. — Teutannú.,em_dash,matched_headword,high,machine_accepted,direct_page_headword_match,machine_derived,True,False
ORT1888-art-001029,ORT1888-cand-001029,1029,ORTEGA1888-TEPIC-IA,54,50,2725,2726,Examinarse,Huahua. Neti.,Examinarse. — Huahua. Neti.,em_dash,matched_headword,high,machine_accepted,direct_page_headword_match,machine_derived,True,False
ORT1888-art-001030,ORT1888-cand-001030,1030,ORTEGA1888-TEPIC-IA,54,50,2727,2730,Examen,Huavirit.,Examen. — Huavirit. | F.,em_dash,matched_headword,high,machine_accepted,direct_page_headword_match,machine_derived,True,False
ORT1888-art-001031,ORT1888-cand-001031,1031,ORTEGA1888-TEPIC-IA,54,50,2731,2732,Fabrica casa,Vehite Neuchité.,Fabrica casa. — Vehite Neuchité.,em_dash,matched_headword,high,machine_accepted,direct_page_headword_match,machine_derived,True,False
ORT1888-art-001032,ORT1888-cand-001032,1032,ORTEGA1888-TEPIC-IA,54,50,2733,2734,Fácil cosa,Capterihua.,"Fácil cosa, — Capterihua.",em_dash,matched_headword,high,machine_accepted,direct_page_headword_match,machine_derived,True,False
ORT1888-art-001033,ORT1888-cand-001033,1033,ORTEGA1888-TEPIC-IA,54,50,2735,2736,Faysan de especie grande,Quamuxat. pl. tzi.,Faysan de especie grande. — Quamuxat. pl. tzi.,em_dash,matched_headword,high,machine_accepted,direct_page_headword_match,machine_derived,True,False
ORT1888-art-001034,ORT1888-cand-001034,1034,ORTEGA1888-TEPIC-IA,54,50,2737,2738,Faysan de especie pequeña,Bitakéraé. pl. tzi.,Faysan de especie pequeña. — Bitakéraé. pl. tzi.,em_dash,matched_headword,high,machine_accepted,direct_page_headword_match,machine_derived,True,False
ORT1888-art-001035,ORT1888-cand-001035,1035,ORTEGA1888-TEPIC-IA,54,50,2739,2740,Fajarse,A bauheké. Nabeueké.,Fajarse. —A bauheké. Nabeueké.,em_dash,matched_headword,high,machine_accepted,direct_page_headword_match,machine_derived,True,False
ORT1888-art-001036,ORT1888-cand-001036,1036,ORTEGA1888-TEPIC-IA,54,50,2741,2742,Falta por culpa,Xanácat.,Falta por culpa. ^--Xanácat.,hyphen_variant,matched_headword,medium,machine_accepted,direct_page_headword_match,machine_derived,True,False
ORT1888-art-001037,ORT1888-cand-001037,1037,ORTEGA1888-TEPIC-IA,54,50,2743,2744,Faltar así,Xanácare. Neti.,Faltar así — Xanácare. Neti.,em_dash,matched_headword,high,machine_accepted,direct_page_headword_match,machine_derived,True,False
ORT1888-art-001038,ORT1888-cand-001038,1038,ORTEGA1888-TEPIC-IA,54,50,2745,2746,Faltar el que avia de estar ay,Aubet. Ne.,Faltar el que avia de estar ay. — Aubet. Ne.,em_dash,matched_headword,high,machine_accepted,direct_page_headword_match,machine_derived,True,False
ORT1888-art-001039,ORT1888-cand-001039,1039,ORTEGA1888-TEPIC-IA,54,50,2747,2748,Faltar á lo propuesto,Capuaazté. Canaasté.,Faltar á lo propuesto. — Capuaazté. Canaasté.,em_dash,matched_headword,high,machine_accepted,direct_page_headword_match,machine_derived,True,False
ORT1888-art-001040,ORT1888-cand-001040,1040,ORTEGA1888-TEPIC-IA,54,50,2749,2750,Falsedad por mentira,Huáitzit.,Falsedad por mentira. — Huáitzit.,em_dash,matched_headword,high,machine_accepted,direct_page_headword_match,machine_derived,True,False
ORT1888-art-001041,ORT1888-cand-001041,1041,ORTEGA1888-TEPIC-IA,54,50,2751,2752,Fama tener,Eriha. Ne.,Fama tener. — Eriha. Ne.,em_dash,matched_headword,high,machine_accepted,direct_page_headword_match,machine_derived,True,False
ORT1888-art-001042,ORT1888-cand-001042,1042,ORTEGA1888-TEPIC-IA,54,50,2753,2754,Favorecer así,Busca ayudar.,Favorecer así. — Busca ayudar.,em_dash,matched_headword,high,machine_accepted,direct_page_headword_match,machine_derived,True,False
ORT1888-art-001043,ORT1888-cand-001043,1043,ORTEGA1888-TEPIC-IA,54,50,2755,2756,Favor así,"Capureue Busca ayuda,","Favor así. — Capureue Busca ayuda,",em_dash,matched_headword,high,machine_accepted,direct_page_headword_match,machine_derived,True,False
ORT1888-art-001044,ORT1888-cand-001044,1044,ORTEGA1888-TEPIC-IA,54,50,2757,2758,Fea cosa,Capucurene.,Fea cosa. — Capucurene.,em_dash,matched_headword,high,machine_accepted,direct_page_headword_match,machine_derived,True,False
ORT1888-art-001045,ORT1888-cand-001045,1045,ORTEGA1888-TEPIC-IA,54,50,2759,2760,Fé ó creencia,Tzahuatiat.,Fé ó creencia. -Tzahuatiat.,hyphen_variant,matched_headword,medium,machine_accepted,direct_page_headword_match,machine_derived,True,False
ORT1888-art-001046,ORT1888-cand-001046,1046,ORTEGA1888-TEPIC-IA,54,50,2761,2766,Feriar una cosa por otra,"Puatata, Neti,","Feriar una cosa por otra, — Puatata, Neti, | ffisa",em_dash,matched_headword,high,machine_accepted,direct_page_headword_match,machine_derived,True,False
ORT1888-art-001047,ORT1888-cand-001047,1047,ORTEGA1888-TEPIC-IA,55,51,2770,2771,Fiesta aver. r,Teiuíaine.,Fiesta aver. r— Teiuíaine.,em_dash,matched_headword,high,machine_accepted,direct_page_headword_match,machine_derived,True,False
ORT1888-art-001048,ORT1888-cand-001048,1048,ORTEGA1888-TEPIC-IA,55,51,2772,2773,"Fija, estar la cosa",Captahüané.,"Fija, estar la cosa. — Captahüané.",em_dash,matched_headword,high,machine_accepted,direct_page_headword_match,machine_derived,True,False
ORT1888-art-001049,ORT1888-cand-001049,1049,ORTEGA1888-TEPIC-IA,55,51,2774,2775,Fila de hombres,^ Macábanme-,Fila de hombres.— ^ Macábanme-,em_dash,matched_headword,high,machine_accepted,direct_page_headword_match,machine_derived,True,False
ORT1888-art-001050,ORT1888-cand-001050,1050,ORTEGA1888-TEPIC-IA,55,51,2776,2777,Filo de cuchillo,^Antamuéimia.,Filo de cuchillo.—^Antamuéimia.,em_dash,matched_headword,high,machine_accepted,direct_page_headword_match,machine_derived,True,False
ORT1888-art-001051,ORT1888-cand-001051,1051,ORTEGA1888-TEPIC-IA,55,51,2778,2779,Finalizar la cosa,Kéte. Neteu.,Finalizar la cosa.^-Kéte. Neteu.,hyphen_variant,matched_headword,medium,machine_accepted,direct_page_headword_match,machine_derived,True,False
ORT1888-art-001052,ORT1888-cand-001052,1052,ORTEGA1888-TEPIC-IA,55,51,2780,2781,Flaca cosa,Anchi.,Flaca cosa. — Anchi.,em_dash,matched_headword,high,machine_accepted,direct_page_headword_match,machine_derived,True,False
ORT1888-art-001053,ORT1888-cand-001053,1053,ORTEGA1888-TEPIC-IA,55,51,2782,2783,Flojo ser,Huachi. Ne.,Flojo ser. — Huachi. Ne.,em_dash,matched_headword,high,machine_accepted,direct_page_headword_match,machine_derived,True,False
ORT1888-art-001054,ORT1888-cand-001054,1054,ORTEGA1888-TEPIC-IA,55,51,2784,2785,Fecunda ser la mujer. /,Nuacareme. Ne.,Fecunda ser la mujer. /— Nuacareme. Ne.,em_dash,matched_headword,high,machine_accepted,direct_page_headword_match,machine_derived,True,False
ORT1888-art-001055,ORT1888-cand-001055,1055,ORTEGA1888-TEPIC-IA,55,51,2786,2787,Fiar alguna cosa. r,Tcáheka. Neteu.,Fiar alguna cosa. r— Tcáheka. Neteu.,em_dash,matched_headword,high,machine_accepted,direct_page_headword_match,machine_derived,True,False
ORT1888-art-001056,ORT1888-cand-001056,1056,ORTEGA1888-TEPIC-IA,55,51,2788,2789,"Fiel, que cree",Teatzahuateacame. pl. tzi.,"Fiel, que cree. — Teatzahuateacame. pl. tzi.",em_dash,matched_headword,high,machine_accepted,direct_page_headword_match,machine_derived,True,False
ORT1888-art-001057,ORT1888-cand-001057,1057,ORTEGA1888-TEPIC-IA,55,51,2790,2791,Flecha,Eúrüti,Flecha.-— Eúrüti,em_dash,matched_headword,high,machine_accepted,direct_page_headword_match,machine_derived,True,False
ORT1888-art-001058,ORT1888-cand-001058,1058,ORTEGA1888-TEPIC-IA,55,51,2792,2793,Flechar sin tirar,Vbaohaná. Nubenana.,Flechar sin tirar. — Vbaohaná. Nubenana.,em_dash,matched_headword,high,machine_accepted,direct_page_headword_match,machine_derived,True,False
ORT1888-art-001059,ORT1888-cand-001059,1059,ORTEGA1888-TEPIC-IA,55,51,2794,2795,Flechar tirando,Tamuémua. Neti.,Flechar tirando. — Tamuémua. Neti.,em_dash,matched_headword,high,machine_accepted,direct_page_headword_match,machine_derived,True,False
ORT1888-art-001060,ORT1888-cand-001060,1060,ORTEGA1888-TEPIC-IA,55,51,2796,2797,Flemn,Tzúmet.,Flemn. — Tzúmet.,em_dash,matched_headword,high,machine_accepted,direct_page_headword_match,machine_derived,True,False
ORT1888-art-001061,ORT1888-cand-001061,1061,ORTEGA1888-TEPIC-IA,55,51,2798,2799,Floi,.-Xuxut.,Floi-.-Xuxut.,hyphen_variant,matched_headword,medium,machine_accepted,direct_page_headword_match,machine_derived,True,False
ORT1888-art-001062,ORT1888-cand-001062,1062,ORTEGA1888-TEPIC-IA,55,51,2800,2801,Florecer el árbol,Huataxota.,Florecer el árbol. — Huataxota.,em_dash,matched_headword,high,machine_accepted,direct_page_headword_match,machine_derived,True,False
ORT1888-art-001063,ORT1888-cand-001063,1063,ORTEGA1888-TEPIC-IA,55,51,2802,2803,Flexible cosa,Tu tu i ve.,"Flexible cosa, — Tu tu i ve.",em_dash,matched_headword,high,machine_accepted,direct_page_headword_match,machine_derived,True,False
ORT1888-art-001064,ORT1888-cand-001064,1064,ORTEGA1888-TEPIC-IA,55,51,2804,2805,Floxo,Hiifrtcanaze. Ne. Tiunavé. Ne.,Floxo. — Hiifrtcanaze. Ne. Tiunavé. Ne.,em_dash,matched_headword,high,machine_accepted,direct_page_headword_match,machine_derived,True,False
ORT1888-art-001065,ORT1888-cand-001065,1065,ORTEGA1888-TEPIC-IA,55,51,2806,2807,Floxo,Huacanzt. Tiunavé. pl. Tiunavaiate.,Floxo. — Huacanzt. Tiunavé. pl. Tiunavaiate.,em_dash,matched_headword,high,machine_accepted,direct_page_headword_match,machine_derived,True,False
ORT1888-art-001066,ORT1888-cand-001066,1066,ORTEGA1888-TEPIC-IA,55,51,2808,2809,"Floxa cosa, no apretada",Quaxezt.,"Floxa cosa, no apretada. — Quaxezt.",em_dash,matched_headword,high,machine_accepted,direct_page_headword_match,machine_derived,True,False
ORT1888-art-001067,ORT1888-cand-001067,1067,ORTEGA1888-TEPIC-IA,55,51,2810,2811,Fofa cosa,> Tachen .,Fofa cosa .— > Tachen .,em_dash,matched_headword,high,machine_accepted,direct_page_headword_match,machine_derived,True,False
ORT1888-art-001068,ORT1888-cand-001068,1068,ORTEGA1888-TEPIC-IA,55,51,2812,2813,Forcej ar d os,M oah u ol mana.,Forcej ar d os. — M oah u ol mana.,em_dash,matched_headword,high,machine_accepted,direct_page_headword_match,machine_derived,True,False
ORT1888-art-001069,ORT1888-cand-001069,1069,ORTEGA1888-TEPIC-IA,55,51,2814,2815,Forcejar para derribar á otro,Auhépon. Nete.,Forcejar para derribar á otro. — Auhépon. Nete.,em_dash,matched_headword,high,machine_accepted,direct_page_headword_match,machine_derived,True,False
ORT1888-art-001070,ORT1888-cand-001070,1070,ORTEGA1888-TEPIC-IA,55,51,2816,2817,Fornicar,Neviche. Neti.,Fornicar. — Neviche. Neti.,em_dash,matched_headword,high,machine_accepted,direct_page_headword_match,machine_derived,True,False
ORT1888-art-001071,ORT1888-cand-001071,1071,ORTEGA1888-TEPIC-IA,55,51,2818,2819,Fornicación,Névat.,Fornicación. — Névat.,em_dash,matched_headword,high,machine_accepted,direct_page_headword_match,machine_derived,True,False
ORT1888-art-001072,ORT1888-cand-001072,1072,ORTEGA1888-TEPIC-IA,55,51,2820,2821,"Fregar, lavar los vasos",".Ahuzina, Neti.","Fregar, lavar los vasos.— .Ahuzina, Neti.",em_dash,matched_headword,high,machine_accepted,direct_page_headword_match,machine_derived,True,False
ORT1888-art-001073,ORT1888-cand-001073,1073,ORTEGA1888-TEPIC-IA,55,51,2822,2823,Freír,"Yetzá, Neti.","Freír. — Yetzá, Neti.",em_dash,matched_headword,high,machine_accepted,direct_page_headword_match,machine_derived,True,False
ORT1888-art-001074,ORT1888-cand-001074,1074,ORTEGA1888-TEPIC-IA,55,51,2824,2825,Frente,Quátzite.,"Frente. ,— Quátzite.",em_dash,matched_headword,high,machine_accepted,direct_page_headword_match,machine_derived,True,False
ORT1888-art-001075,ORT1888-cand-001075,1075,ORTEGA1888-TEPIC-IA,55,51,2826,2827,Frió,Cerit.,Frió.-— Cerit.,em_dash,matched_headword,high,machine_accepted,direct_page_headword_match,machine_derived,True,False
ORT1888-art-001076,ORT1888-cand-001076,1076,ORTEGA1888-TEPIC-IA,55,51,2828,2829,Frió hacer,Huacébi.,Frió hacer. — Huacébi.,em_dash,matched_headword,high,machine_accepted,direct_page_headword_match,machine_derived,True,False
ORT1888-art-001077,ORT1888-cand-001077,1077,ORTEGA1888-TEPIC-IA,55,51,2830,2831,Frió tener,"Xámue. Ne,","Frió tener. — Xámue. Ne,",em_dash,matched_headword,high,machine_accepted,direct_page_headword_match,machine_derived,True,False
ORT1888-art-001078,ORT1888-cand-001078,1078,ORTEGA1888-TEPIC-IA,55,51,2832,2834,Frió estar,"Cébi,","Frió estar. — Cébi,",em_dash,matched_headword,high,machine_accepted,direct_page_headword_match,machine_derived,True,False
ORT1888-art-001079,ORT1888-cand-001079,1079,ORTEGA1888-TEPIC-IA,56,52,2835,2836,"Fríos, mal impertinente",Xeurihat,"Fríos, mal impertinente. — Xeurihat",em_dash,matched_headword,high,machine_accepted,direct_page_headword_match,machine_derived,True,False
ORT1888-art-001080,ORT1888-cand-001080,1080,ORTEGA1888-TEPIC-IA,56,52,2837,2838,Fríos tener,Xainue. Ne.,Fríos tener. — Xainue. Ne.,em_dash,matched_headword,high,machine_accepted,direct_page_headword_match,machine_derived,True,False
ORT1888-art-001081,ORT1888-cand-001081,1081,ORTEGA1888-TEPIC-IA,56,52,2839,2840,Frijol,Mühmeti.,Frijol. ^-Mühmeti.,hyphen_variant,matched_headword,medium,machine_accepted,direct_page_headword_match,machine_derived,True,False
ORT1888-art-001082,ORT1888-cand-001082,1082,ORTEGA1888-TEPIC-IA,56,52,2841,2842,Frijoles pequeños de la tierra,Tézi.,Frijoles pequeños de la tierra. — Tézi.,em_dash,matched_headword,high,machine_accepted,direct_page_headword_match,machine_derived,True,False
ORT1888-art-001083,ORT1888-cand-001083,1083,ORTEGA1888-TEPIC-IA,56,52,2843,2844,Frijoles pintos de la tierra,Tezure Zi/ure.,Frijoles pintos de la tierra. — Tezure Zi/ure.,em_dash,matched_headword,high,machine_accepted,direct_page_headword_match,machine_derived,True,False
ORT1888-art-001084,ORT1888-cand-001084,1084,ORTEGA1888-TEPIC-IA,56,52,2845,2846,Fruncir ó plegar,Vx uta i. Nete.,Fruncir ó plegar. ^—Vx uta i. Nete.,em_dash,matched_headword,high,machine_accepted,direct_page_headword_match,machine_derived,True,False
ORT1888-art-001085,ORT1888-cand-001085,1085,ORTEGA1888-TEPIC-IA,56,52,2847,2848,Fruncir la boca,Ánomoxuríteáhua. N.,Fruncir la boca. — Ánomoxuríteáhua. N.,em_dash,matched_headword,high,machine_accepted,direct_page_headword_match,machine_derived,True,False
ORT1888-art-001086,ORT1888-cand-001086,1086,ORTEGA1888-TEPIC-IA,56,52,2849,2850,Fruta,Tiqueahti.,Fruta. — Tiqueahti.,em_dash,matched_headword,high,machine_accepted,direct_page_headword_match,machine_derived,True,False
ORT1888-art-001087,ORT1888-cand-001087,1087,ORTEGA1888-TEPIC-IA,56,52,2851,2852,Fruto,Tacait.,Fruto— Tacait.,em_dash,matched_headword,high,machine_accepted,direct_page_headword_match,machine_derived,True,False
ORT1888-art-001088,ORT1888-cand-001088,1088,ORTEGA1888-TEPIC-IA,56,52,2853,2854,"Fuerza, cobrar el enfermo",Huaou Naou.,"Fuerza, cobrar el enfermo. — Huaou Naou.",em_dash,matched_headword,high,machine_accepted,direct_page_headword_match,machine_derived,True,False
ORT1888-art-001089,ORT1888-cand-001089,1089,ORTEGA1888-TEPIC-IA,56,52,2855,2856,Fuerzas tener,Cachea. Ne.,Fuerzas tener. — Cachea. Ne.,em_dash,matched_headword,high,machine_accepted,direct_page_headword_match,machine_derived,True,False
ORT1888-art-001090,ORT1888-cand-001090,1090,ORTEGA1888-TEPIC-IA,56,52,2857,2859,Fuerte cosa,Cachea.,Fuerte cosa. — Cachea.,em_dash,matched_headword,high,machine_accepted,direct_page_headword_match,machine_derived,True,False
ORT1888-art-001091,ORT1888-cand-001091,1091,ORTEGA1888-TEPIC-IA,56,52,2860,2861,Gajo como de limón,^Caeste.,Gajo como de limón.— ^Caeste.,em_dash,matched_headword,high,machine_accepted,direct_page_headword_match,machine_derived,True,False
ORT1888-art-001092,ORT1888-cand-001092,1092,ORTEGA1888-TEPIC-IA,56,52,2862,2863,Galardonar el servicio,Nahehiten. Neti.,Galardonar el servicio. — Nahehiten. Neti.,em_dash,matched_headword,high,machine_accepted,direct_page_headword_match,machine_derived,True,False
ORT1888-art-001093,ORT1888-cand-001093,1093,ORTEGA1888-TEPIC-IA,56,52,2864,2865,Galardón,Nahehiterit.,Galardón. — Nahehiterit.,em_dash,matched_headword,high,machine_accepted,direct_page_headword_match,machine_derived,True,False
ORT1888-art-001094,ORT1888-cand-001094,1094,ORTEGA1888-TEPIC-IA,56,52,2866,2867,Gallina,Tecuárae. pl. tzi.,Gallina. -Tecuárae. pl. tzi.,hyphen_variant,matched_headword,medium,machine_accepted,direct_page_headword_match,machine_derived,True,False
ORT1888-art-001095,ORT1888-cand-001095,1095,ORTEGA1888-TEPIC-IA,56,52,2868,2870,Gallina de la tierra,XeupíIiti pl. Xeupihtzi. Carucati.,Gallina de la tierra.-^XeupíIiti pl. Xeupihtzi. Carucati. | pl. Carucatzi,hyphen_variant,matched_headword,medium,machine_accepted,direct_page_headword_match,machine_derived,True,False
ORT1888-art-001096,ORT1888-cand-001096,1096,ORTEGA1888-TEPIC-IA,56,52,2871,2872,Gamitadera,Pik^¿xa.,Gamitadera. — Pik^¿xa.,em_dash,matched_headword,high,machine_accepted,direct_page_headword_match,machine_derived,True,False
ORT1888-art-001097,ORT1888-cand-001097,1097,ORTEGA1888-TEPIC-IA,56,52,2873,2873,Ganar en el juego ó trabajando,Muaitek. Neti.,Ganar en el juego ó trabajando. — Muaitek. Neti.,em_dash,matched_headword,high,machine_accepted,direct_page_headword_match,machine_derived,True,False
ORT1888-art-001098,ORT1888-cand-001098,1098,ORTEGA1888-TEPIC-IA,56,52,2874,2874,Ganancia tal,Muáitechiat.,Ganancia tal. — Muáitechiat.,em_dash,matched_headword,high,machine_accepted,direct_page_headword_match,machine_derived,True,False
ORT1888-art-001099,ORT1888-cand-001099,1099,ORTEGA1888-TEPIC-IA,56,52,2875,2875,Garza parda,Quaxíi. pl. ti.,Garza parda. — Quaxíi. pl. ti.,em_dash,matched_headword,high,machine_accepted,direct_page_headword_match,machine_derived,True,False
ORT1888-art-001100,ORT1888-cand-001100,1100,ORTEGA1888-TEPIC-IA,56,52,2876,2876,Garza blanca,Huatuxat pl. tzi.,Garza blanca. — Huatuxat pl. tzi.,em_dash,matched_headword,high,machine_accepted,direct_page_headword_match,machine_derived,True,False
ORT1888-art-001101,ORT1888-cand-001101,1101,ORTEGA1888-TEPIC-IA,56,52,2877,2877,Gargajeur,Ucarépe Neucucarépe,Gargajeur. — Ucarépe Neucucarépe,em_dash,matched_headword,high,machine_accepted,direct_page_headword_match,machine_derived,True,False
ORT1888-art-001102,ORT1888-cand-001102,1102,ORTEGA1888-TEPIC-IA,56,52,2878,2878,Garganta,^Quaikí?^^xáti.,"Garganta,— ^Quaikí?^^xáti.",em_dash,matched_headword,high,machine_accepted,direct_page_headword_match,machine_derived,True,False
ORT1888-art-001103,ORT1888-cand-001103,1103,ORTEGA1888-TEPIC-IA,56,52,2879,2879,Garrapata,^Muatet. pl. tzi.,Garrapata.— ^Muatet. pl. tzi.,em_dash,matched_headword,high,machine_accepted,direct_page_headword_match,machine_derived,True,False
ORT1888-art-001104,ORT1888-cand-001104,1104,ORTEGA1888-TEPIC-IA,56,52,2880,2880,Gastar,"NAhaohepoa. Nete. Ahahué. Nete,","Gastar.— NAhaohepoa. Nete. Ahahué. Nete,",em_dash,matched_headword,high,machine_accepted,direct_page_headword_match,machine_derived,True,False
ORT1888-art-001105,ORT1888-cand-001105,1105,ORTEGA1888-TEPIC-IA,56,52,2881,2883,Gato,Miston. pl. tzi.,Gato. — Miston. pl. tzi.,em_dash,matched_headword,high,machine_accepted,direct_page_headword_match,machine_derived,True,False
,ORT1888-cand-001106,1106,ORTEGA1888-TEPIC-IA,56,52,2884,2889,f^y,rziiix,f^y-^rziiix | 53,hyphen_variant,inferred_sequence,low,machine_rejected,prefolio_noise_between_consecutive_direct_page_anchors,machine_derived,False,False
ORT1888-art-001107,ORT1888-cand-001107,1107,ORTEGA1888-TEPIC-IA,57,53,2890,2892,Gavilán por su especie grande,Hucuritze. pl. Hucuri-,Gavilán por su especie grande.; — Hucuritze. pl. Hucuri- | ze.,em_dash,matched_headword,high,machine_accepted,direct_page_headword_match,machine_derived,True,False
ORT1888-art-001108,ORT1888-cand-001108,1108,ORTEGA1888-TEPIC-IA,57,53,2893,2893,Gavilán por su especie pequeño,Tzicai. pl. tzi.,Gavilán por su especie pequeño. — Tzicai. pl. tzi.,em_dash,matched_headword,high,machine_accepted,direct_page_headword_match,machine_derived,True,False
ORT1888-art-001109,ORT1888-cand-001109,1109,ORTEGA1888-TEPIC-IA,57,53,2894,2894,Gavilán otro,Chuix. pl. Chixcwri.,Gavilán otro. — Chuix. pl. Chixcwri.,em_dash,matched_headword,high,machine_accepted,direct_page_headword_match,machine_derived,True,False
ORT1888-art-001110,ORT1888-cand-001110,1110,ORTEGA1888-TEPIC-IA,57,53,2895,2895,Gavilán otro,Zizchu. pl. tzi.,Gavilán otro. — Zizchu. pl. tzi.,em_dash,matched_headword,high,machine_accepted,direct_page_headword_match,machine_derived,True,False
ORT1888-art-001111,ORT1888-cand-001111,1111,ORTEGA1888-TEPIC-IA,57,53,2896,2896,Gemir,Uiteuyeimeyéca. Ne.,Gemir. — Uiteuyeimeyéca. Ne.,em_dash,matched_headword,high,machine_accepted,direct_page_headword_match,machine_derived,True,False
ORT1888-art-001112,ORT1888-cand-001112,1112,ORTEGA1888-TEPIC-IA,57,53,2897,2897,Gozarse,Vteamuavé\ Nenteamuavé.,Gozarse. — Vteamuavé\ Nenteamuavé.,em_dash,matched_headword,high,machine_accepted,direct_page_headword_match,machine_derived,True,False
ORT1888-art-001113,ORT1888-cand-001113,1113,ORTEGA1888-TEPIC-IA,57,53,2898,2898,Gozo,vTeaiuuáveat.,Gozo.— vTeaiuuáveat.,em_dash,matched_headword,high,machine_accepted,direct_page_headword_match,machine_derived,True,False
ORT1888-art-001114,ORT1888-cand-001114,1114,ORTEGA1888-TEPIC-IA,57,53,2899,2899,Golondrina,Huavixcai. pl. tzi.,Golondrina. — Huavixcai. pl. tzi.,em_dash,matched_headword,high,machine_accepted,direct_page_headword_match,machine_derived,True,False
ORT1888-art-001115,ORT1888-cand-001115,1115,ORTEGA1888-TEPIC-IA,57,53,2900,2900,"Golpear, dar golpes",Tébeche. Neti.,"Golpear, dar golpes. — Tébeche. Neti.",em_dash,matched_headword,high,machine_accepted,direct_page_headword_match,machine_derived,True,False
ORT1888-art-001116,ORT1888-cand-001116,1116,ORTEGA1888-TEPIC-IA,57,53,2901,2901,Golpe,Behcheat.,Golpe. — Behcheat.,em_dash,matched_headword,high,machine_accepted,direct_page_headword_match,machine_derived,True,False
ORT1888-art-001117,ORT1888-cand-001117,1117,ORTEGA1888-TEPIC-IA,57,53,2902,2902,Goma,Yz u met.,Goma. — Yz u met.,em_dash,matched_headword,high,machine_accepted,direct_page_headword_match,machine_derived,True,False
ORT1888-art-001118,ORT1888-cand-001118,1118,ORTEGA1888-TEPIC-IA,57,53,2903,2903,Gorda cosa,Vec.,Gorda cosa. — Vec.,em_dash,matched_headword,high,machine_accepted,direct_page_headword_match,machine_derived,True,False
ORT1888-art-001119,ORT1888-cand-001119,1119,ORTEGA1888-TEPIC-IA,57,53,2904,2904,Gorjear las aves,Máke?¿se.,Gorjear las aves. — Máke?¿se.,em_dash,matched_headword,high,machine_accepted,direct_page_headword_match,machine_derived,True,False
ORT1888-art-001120,ORT1888-cand-001120,1120,ORTEGA1888-TEPIC-IA,57,53,2905,2905,Gota de agua,Vbátzone.,Gota de agua. — Vbátzone.,em_dash,matched_headword,high,machine_accepted,direct_page_headword_match,machine_derived,True,False
ORT1888-art-001121,ORT1888-cand-001121,1121,ORTEGA1888-TEPIC-IA,57,53,2906,2906,Gotearse la casa,Caville.,Gotearse la casa. — Caville.,em_dash,matched_headword,high,machine_accepted,direct_page_headword_match,machine_derived,True,False
ORT1888-art-001122,ORT1888-cand-001122,1122,ORTEGA1888-TEPIC-IA,57,53,2907,2907,Gobernador,Tatoáni.,Gobernador. — Tatoáni.,em_dash,matched_headword,high,machine_accepted,direct_page_headword_match,machine_derived,True,False
ORT1888-art-001123,ORT1888-cand-001123,1123,ORTEGA1888-TEPIC-IA,57,53,2908,2908,Grajá ó Cuervo,Busca Cuervo.,Grajá ó Cuervo. — Busca Cuervo.,em_dash,matched_headword,high,machine_accepted,direct_page_headword_match,machine_derived,True,False
ORT1888-art-001124,ORT1888-cand-001124,1124,ORTEGA1888-TEPIC-IA,57,53,2909,2909,Grana,Chúitziti.,Grana. — Chúitziti.,em_dash,matched_headword,high,machine_accepted,direct_page_headword_match,machine_derived,True,False
ORT1888-art-001125,ORT1888-cand-001125,1125,ORTEGA1888-TEPIC-IA,57,53,2910,2910,Grande cosa,Tébi.,Grande cosa. — Tébi.,em_dash,matched_headword,high,machine_accepted,direct_page_headword_match,machine_derived,True,False
ORT1888-art-001126,ORT1888-cand-001126,1126,ORTEGA1888-TEPIC-IA,57,53,2911,2911,"Grande hombre, etc",Vhuátébi.,"Grande hombre, etc. — Vhuátébi.",em_dash,matched_headword,high,machine_accepted,direct_page_headword_match,machine_derived,True,False
ORT1888-art-001127,ORT1888-cand-001127,1127,ORTEGA1888-TEPIC-IA,57,53,2912,2912,Grande como árbol parado,Uhua/<?«te.,Grande como árbol parado. — Uhua/<?«te.,em_dash,matched_headword,high,machine_accepted,direct_page_headword_match,machine_derived,True,False
ORT1888-art-001128,ORT1888-cand-001128,1128,ORTEGA1888-TEPIC-IA,57,53,2913,2913,Grande como árbol tendido,Tébi.,Grande como árbol tendido. --Tébi.,hyphen_variant,matched_headword,medium,machine_accepted,direct_page_headword_match,machine_derived,True,False
ORT1888-art-001129,ORT1888-cand-001129,1129,ORTEGA1888-TEPIC-IA,57,53,2914,2914,Granizo,NTéfceri.,Granizo.— NTéfceri.,em_dash,matched_headword,high,machine_accepted,direct_page_headword_match,machine_derived,True,False
ORT1888-art-001130,ORT1888-cand-001130,1130,ORTEGA1888-TEPIC-IA,57,53,2915,2915,Granizar,Mevatzé.,Granizar. — Mevatzé.,em_dash,matched_headword,high,machine_accepted,direct_page_headword_match,machine_derived,True,False
ORT1888-art-001131,ORT1888-cand-001131,1131,ORTEGA1888-TEPIC-IA,57,53,2916,2916,"Grano, r",Atzat.,"Grano, r— Atzat.",em_dash,matched_headword,high,machine_accepted,direct_page_headword_match,machine_derived,True,False
ORT1888-art-001132,ORT1888-cand-001132,1132,ORTEGA1888-TEPIC-IA,57,53,2917,2917,Granos tener,Atza. Ne.,Granos tener. — Atza. Ne.,em_dash,matched_headword,high,machine_accepted,direct_page_headword_match,machine_derived,True,False
ORT1888-art-001133,ORT1888-cand-001133,1133,ORTEGA1888-TEPIC-IA,57,53,2918,2918,"Grillo, animal",Huscui. pl. rzi.,"Grillo, animal. — Huscui. pl. rzi.",em_dash,matched_headword,high,machine_accepted,direct_page_headword_match,machine_derived,True,False
ORT1888-art-001134,ORT1888-cand-001134,1134,ORTEGA1888-TEPIC-IA,57,53,2919,2919,Gritar,Xihliua. Ne.,Gritar. — Xihliua. Ne.,em_dash,matched_headword,high,machine_accepted,direct_page_headword_match,machine_derived,True,False
ORT1888-art-001135,ORT1888-cand-001135,1135,ORTEGA1888-TEPIC-IA,57,53,2920,2920,Grito,Hihhuariti.,Grito. — Hihhuariti.,em_dash,matched_headword,high,machine_accepted,direct_page_headword_match,machine_derived,True,False
ORT1888-art-001136,ORT1888-cand-001136,1136,ORTEGA1888-TEPIC-IA,57,53,2921,2921,Grueso ser,Teahuere. Ne.,Grueso ser. — Teahuere. Ne.,em_dash,matched_headword,high,machine_accepted,direct_page_headword_match,machine_derived,True,False
ORT1888-art-001137,ORT1888-cand-001137,1137,ORTEGA1888-TEPIC-IA,57,53,2922,2927,Grulla,Curúti. pl. Curutzi.,Grulla. — Curúti. pl. Curutzi. | 54,em_dash,matched_headword,high,machine_accepted,direct_page_headword_match,machine_derived,True,False
ORT1888-art-001138,ORT1888-cand-001138,1138,ORTEGA1888-TEPIC-IA,58,54,2928,2928,Guardar,Oliách Neti.,Guardar.- — Oliách Neti.,em_dash,matched_headword,high,machine_accepted,direct_page_headword_match,machine_derived,True,False
ORT1888-art-001139,ORT1888-cand-001139,1139,ORTEGA1888-TEPIC-IA,58,54,2929,2929,Guarecerse,Uhabiti. Menenabite.,Guarecerse. — Uhabiti. Menenabite.,em_dash,matched_headword,high,machine_accepted,direct_page_headword_match,machine_derived,True,False
ORT1888-art-001140,ORT1888-cand-001140,1140,ORTEGA1888-TEPIC-IA,58,54,2930,2930,Guerra hacer,Cuhuahta. Ne.,Guerra hacer. — Cuhuahta. Ne.,em_dash,matched_headword,high,machine_accepted,direct_page_headword_match,machine_derived,True,False
ORT1888-art-001141,ORT1888-cand-001141,1141,ORTEGA1888-TEPIC-IA,58,54,2931,2931,Guia ó guiador,Amuáhcáte.,Guia ó guiador. — Amuáhcáte.,em_dash,matched_headword,high,machine_accepted,direct_page_headword_match,machine_derived,True,False
ORT1888-art-001142,ORT1888-cand-001142,1142,ORTEGA1888-TEPIC-IA,58,54,2932,2932,Guiar,Amuáhcate. N.,Guiar. — Amuáhcate. N.,em_dash,matched_headword,high,machine_accepted,direct_page_headword_match,machine_derived,True,False
ORT1888-art-001143,ORT1888-cand-001143,1143,ORTEGA1888-TEPIC-IA,58,54,2933,2933,"Guitarra, r",Canarit.,"Guitarra, r— Canarit.",em_dash,matched_headword,high,machine_accepted,direct_page_headword_match,machine_derived,True,False
ORT1888-art-001144,ORT1888-cand-001144,1144,ORTEGA1888-TEPIC-IA,58,54,2934,2934,Gusano,"Chuno, pl. ri.","Gusano. — Chuno, pl. ri.",em_dash,matched_headword,high,machine_accepted,direct_page_headword_match,machine_derived,True,False
ORT1888-art-001145,ORT1888-cand-001145,1145,ORTEGA1888-TEPIC-IA,58,54,2935,2939,Gusanos tener,Chúinori. Ne.,Gusanos tener. — Chúinori. Ne. | %,em_dash,matched_headword,high,machine_accepted,direct_page_headword_match,machine_derived,True,False
ORT1888-art-001146,ORT1888-cand-001146,1146,ORTEGA1888-TEPIC-IA,58,54,2940,2941,Hablar,Neuca. Neti.,Hablar.-^Neuca. Neti.,hyphen_variant,matched_headword,medium,machine_accepted,direct_page_headword_match,machine_derived,True,False
ORT1888-art-001147,ORT1888-cand-001147,1147,ORTEGA1888-TEPIC-IA,58,54,2942,2943,Habla,Neúcaréti.,"Habla, ,— Neúcaréti.",em_dash,matched_headword,high,machine_accepted,direct_page_headword_match,machine_derived,True,False
ORT1888-art-001148,ORT1888-cand-001148,1148,ORTEGA1888-TEPIC-IA,58,54,2944,2945,"Hacha, para cortar leña",Teapueihte.,"Hacha, para cortar leña. — Teapueihte.",em_dash,matched_headword,high,machine_accepted,direct_page_headword_match,machine_derived,True,False
ORT1888-art-001149,ORT1888-cand-001149,1149,ORTEGA1888-TEPIC-IA,58,54,2946,2947,"Hacha, tea para alumbrar",Utzite.,"Hacha, tea para alumbrar. — Utzite.",em_dash,matched_headword,high,machine_accepted,direct_page_headword_match,machine_derived,True,False
ORT1888-art-001150,ORT1888-cand-001150,1150,ORTEGA1888-TEPIC-IA,58,54,2948,2949,Hallar algo,Teaccahca. Neti.,Hallar algo. — Teaccahca. Neti.,em_dash,matched_headword,high,machine_accepted,direct_page_headword_match,machine_derived,True,False
ORT1888-art-001151,ORT1888-cand-001151,1151,ORTEGA1888-TEPIC-IA,58,54,2950,2951,Hallarse bien en un lugar,Uchriha. Nencuriha,Hallarse bien en un lugar. — Uchriha. Nencuriha,em_dash,matched_headword,high,machine_accepted,direct_page_headword_match,machine_derived,True,False
ORT1888-art-001152,ORT1888-cand-001152,1152,ORTEGA1888-TEPIC-IA,58,54,2952,2953,Hallar lo que se busca,Teuh. Neteu.,Hallar lo que se busca. — Teuh. Neteu.,em_dash,matched_headword,high,machine_accepted,direct_page_headword_match,machine_derived,True,False
ORT1888-art-001153,ORT1888-cand-001153,1153,ORTEGA1888-TEPIC-IA,58,54,2954,2955,Hambre,Túhriti.,Hambre. — Túhriti.,em_dash,matched_headword,high,machine_accepted,direct_page_headword_match,machine_derived,True,False
ORT1888-art-001154,ORT1888-cand-001154,1154,ORTEGA1888-TEPIC-IA,58,54,2956,2957,Hambre tener,.Ti vat. Ne.,Hambre tener.— .Ti vat. Ne.,em_dash,matched_headword,high,machine_accepted,direct_page_headword_match,machine_derived,True,False
ORT1888-art-001155,ORT1888-cand-001155,1155,ORTEGA1888-TEPIC-IA,58,54,2958,2959,Hambre aver,Huatúhrihua.,Hambre aver. — Huatúhrihua.,em_dash,matched_headword,high,machine_accepted,direct_page_headword_match,machine_derived,True,False
ORT1888-art-001156,ORT1888-cand-001156,1156,ORTEGA1888-TEPIC-IA,58,54,2960,2961,Hacer,Tahua. Neti.,Hacer.— Tahua. Neti.,em_dash,matched_headword,high,machine_accepted,direct_page_headword_match,machine_derived,True,False
ORT1888-art-001157,ORT1888-cand-001157,1157,ORTEGA1888-TEPIC-IA,58,54,2962,2963,Hacedor,Titahuáme. pl. tzi.,Hacedor. — Titahuáme. pl. tzi.,em_dash,matched_headword,high,machine_accepted,direct_page_headword_match,machine_derived,True,False
ORT1888-art-001158,ORT1888-cand-001158,1158,ORTEGA1888-TEPIC-IA,58,54,2964,2965,Hechizar,Tzute. Neti.,Hechizar. — Tzute. Neti.,em_dash,matched_headword,high,machine_accepted,direct_page_headword_match,machine_derived,True,False
ORT1888-art-001159,ORT1888-cand-001159,1159,ORTEGA1888-TEPIC-IA,58,54,2966,2967,Hechizero,Atzuteahcame. pl. tzi.,Hechizero. — Atzuteahcame. pl. tzi.,em_dash,matched_headword,high,machine_accepted,direct_page_headword_match,machine_derived,True,False
ORT1888-art-001160,ORT1888-cand-001160,1160,ORTEGA1888-TEPIC-IA,58,54,2968,2971,Heder,Secure. Ne.,Heder.— Secure. Ne. | Hedor. = Curcat.,em_dash,matched_headword,high,machine_accepted,direct_page_headword_match,machine_derived,True,False
ORT1888-art-001161,ORT1888-cand-001161,1161,ORTEGA1888-TEPIC-IA,58,54,2972,2973,Hediondo,Tecüre.,Hediondo. — Tecüre.,em_dash,matched_headword,high,machine_accepted,direct_page_headword_match,machine_derived,True,False
ORT1888-art-001162,ORT1888-cand-001162,1162,ORTEGA1888-TEPIC-IA,58,54,2974,2975,Hembra,Uita. pl. ucarí.,Hembra. — Uita. pl. ucarí.,em_dash,matched_headword,high,machine_accepted,direct_page_headword_match,machine_derived,True,False
ORT1888-art-001163,ORT1888-cand-001163,1163,ORTEGA1888-TEPIC-IA,58,54,2976,2977,Henchir,Bahetzete. Nete.,Henchir. — Bahetzete. Nete.,em_dash,matched_headword,high,machine_accepted,direct_page_headword_match,machine_derived,True,False
ORT1888-art-001164,ORT1888-cand-001164,1164,ORTEGA1888-TEPIC-IA,58,54,2978,2979,Henchimiento,Hezttat.,Henchimiento. — Hezttat.,em_dash,matched_headword,high,machine_accepted,direct_page_headword_match,machine_derived,True,False
ORT1888-art-001165,ORT1888-cand-001165,1165,ORTEGA1888-TEPIC-IA,58,54,2980,2985,Heno,sCacamul.,Heno. — sCacamul. | 0 0,em_dash,matched_headword,high,machine_accepted,direct_page_headword_match,machine_derived,True,False
ORT1888-art-001166,ORT1888-cand-001166,1166,ORTEGA1888-TEPIC-IA,59,55,2986,2987,Herir,Tzite. Net-u.,Herir— Tzite. Net-u.,em_dash,matched_headword,high,machine_accepted,direct_page_headword_match,machine_derived,True,False
ORT1888-art-001167,ORT1888-cand-001167,1167,ORTEGA1888-TEPIC-IA,59,55,2988,2989,Hermano mayor,Ticutzi. pl. moa.,Hermano mayor. — Ticutzi. pl. moa.,em_dash,matched_headword,high,machine_accepted,direct_page_headword_match,machine_derived,True,False
ORT1888-art-001168,ORT1888-cand-001168,1168,ORTEGA1888-TEPIC-IA,59,55,2990,2991,Hermanos ser,Moaihuamoa.,Hermanos ser. — Moaihuamoa.,em_dash,matched_headword,high,machine_accepted,direct_page_headword_match,machine_derived,True,False
ORT1888-art-001169,ORT1888-cand-001169,1169,ORTEGA1888-TEPIC-IA,59,55,2992,2993,Herrar poner el hierro,Tetaixe. Neti.,Herrar poner el hierro. — Tetaixe. Neti.,em_dash,matched_headword,high,machine_accepted,direct_page_headword_match,machine_derived,True,False
ORT1888-art-001170,ORT1888-cand-001170,1170,ORTEGA1888-TEPIC-IA,59,55,2994,2995,Hervir,Quáne.,Hervir. — Quáne.,em_dash,matched_headword,high,machine_accepted,direct_page_headword_match,machine_derived,True,False
ORT1888-art-001171,ORT1888-cand-001171,1171,ORTEGA1888-TEPIC-IA,59,55,2996,2997,Hezes,Anteyex.,Hezes.- — Anteyex.,em_dash,matched_headword,high,machine_accepted,direct_page_headword_match,machine_derived,True,False
ORT1888-art-001172,ORT1888-cand-001172,1172,ORTEGA1888-TEPIC-IA,59,55,2998,2999,Hiél,Tzitúxca.,Hiél.— Tzitúxca.,em_dash,matched_headword,high,machine_accepted,direct_page_headword_match,machine_derived,True,False
ORT1888-art-001173,ORT1888-cand-001173,1173,ORTEGA1888-TEPIC-IA,59,55,3000,3001,Hielo,Cérit.,Hielo. — Cérit.,em_dash,matched_headword,high,machine_accepted,direct_page_headword_match,machine_derived,True,False
ORT1888-art-001174,ORT1888-cand-001174,1174,ORTEGA1888-TEPIC-IA,59,55,3002,3003,"Hierro, metal",Tepuzti.,"Hierro, metal. — Tepuzti.",em_dash,matched_headword,high,machine_accepted,direct_page_headword_match,machine_derived,True,False
ORT1888-art-001175,ORT1888-cand-001175,1175,ORTEGA1888-TEPIC-IA,59,55,3004,3005,Higado,Neamuát.,Higado. — Neamuát.,em_dash,matched_headword,high,machine_accepted,direct_page_headword_match,machine_derived,True,False
ORT1888-art-001176,ORT1888-cand-001176,1176,ORTEGA1888-TEPIC-IA,59,55,3006,3007,Higo ele la tierra,Xáhpoa.,Higo ele la tierra. — Xáhpoa.,em_dash,matched_headword,high,machine_accepted,direct_page_headword_match,machine_derived,True,False
ORT1888-art-001177,ORT1888-cand-001177,1177,ORTEGA1888-TEPIC-IA,59,55,3008,3009,Hijo 6 hija del varón,Tipérie. pl. Titeuriyamoa.,Hijo 6 hija del varón. — Tipérie. pl. Titeuriyamoa.,em_dash,matched_headword,high,machine_accepted,direct_page_headword_match,machine_derived,True,False
ORT1888-art-001178,ORT1888-cand-001178,1178,ORTEGA1888-TEPIC-IA,59,55,3010,3011,Hijo ó hija de la hembra,Tiyaóh. pl. Tiyaóh moa.,Hijo ó hija de la hembra.— Tiyaóh. pl. Tiyaóh moa.,em_dash,matched_headword,high,machine_accepted,direct_page_headword_match,machine_derived,True,False
ORT1888-art-001179,ORT1888-cand-001179,1179,ORTEGA1888-TEPIC-IA,59,55,3012,3013,Hilar,Hinua. Neti.,Hilar. — Hinua. Neti.,em_dash,matched_headword,high,machine_accepted,direct_page_headword_match,machine_derived,True,False
ORT1888-art-001180,ORT1888-cand-001180,1180,ORTEGA1888-TEPIC-IA,59,55,3014,3015,Hincarse de rodillas,Titonó. Neatonó.,Hincarse de rodillas. — Titonó. Neatonó.,em_dash,matched_headword,high,machine_accepted,direct_page_headword_match,machine_derived,True,False
ORT1888-art-001181,ORT1888-cand-001181,1181,ORTEGA1888-TEPIC-IA,59,55,3016,3017,Hincharse,"Haa. Ne,","Hincharse. — Haa. Ne,",em_dash,matched_headword,high,machine_accepted,direct_page_headword_match,machine_derived,True,False
ORT1888-art-001182,ORT1888-cand-001182,1182,ORTEGA1888-TEPIC-IA,59,55,3018,3019,Hinchazón,Hayiáhti.,Hinchazón. — Hayiáhti.,em_dash,matched_headword,high,machine_accepted,direct_page_headword_match,machine_derived,True,False
ORT1888-art-001183,ORT1888-cand-001183,1183,ORTEGA1888-TEPIC-IA,59,55,3020,3021,Hipar el estómago,Ytatze. Ne,Hipar el estómago.— Ytatze. Ne,em_dash,matched_headword,high,machine_accepted,direct_page_headword_match,machine_derived,True,False
ORT1888-art-001184,ORT1888-cand-001184,1184,ORTEGA1888-TEPIC-IA,59,55,3022,3023,Hipo asi,Yteutzéat.,Hipo asi. — Yteutzéat.,em_dash,matched_headword,high,machine_accepted,direct_page_headword_match,machine_derived,True,False
ORT1888-art-001185,ORT1888-cand-001185,1185,ORTEGA1888-TEPIC-IA,59,55,3024,3025,Higuerilla,Azixa. Curízixa.,Higuerilla.— Azixa. Curízixa.,em_dash,matched_headword,high,machine_accepted,direct_page_headword_match,machine_derived,True,False
ORT1888-art-001186,ORT1888-cand-001186,1186,ORTEGA1888-TEPIC-IA,59,55,3026,3027,"Hoguera, llamas de fuego",Ahméme.,"Hoguera, llamas de fuego.— Ahméme.",em_dash,matched_headword,high,machine_accepted,direct_page_headword_match,machine_derived,True,False
ORT1888-art-001187,ORT1888-cand-001187,1187,ORTEGA1888-TEPIC-IA,59,55,3028,3029,Hoyito de la cabeza,Caturiti.,Hoyito de la cabeza.— Caturiti.,em_dash,matched_headword,high,machine_accepted,direct_page_headword_match,machine_derived,True,False
ORT1888-art-001188,ORT1888-cand-001188,1188,ORTEGA1888-TEPIC-IA,59,55,3030,3031,Hoyo,Veacuni.,Hoyo. — Veacuni.,em_dash,matched_headword,high,machine_accepted,direct_page_headword_match,machine_derived,True,False
ORT1888-art-001189,ORT1888-cand-001189,1189,ORTEGA1888-TEPIC-IA,59,55,3032,3033,Hoyo hacer,Veacunazt. Ne.,Hoyo hacer.— Veacunazt. Ne.,em_dash,matched_headword,high,machine_accepted,direct_page_headword_match,machine_derived,True,False
ORT1888-art-001190,ORT1888-cand-001190,1190,ORTEGA1888-TEPIC-IA,59,55,3034,3037,Hojas hechar el árbol,Vxaiíiripé.,Hojas hechar el árbol.— Vxaiíiripé. | Hoja.Haéhrit.,em_dash,matched_headword,high,machine_accepted,direct_page_headword_match,machine_derived,True,False
ORT1888-art-001191,ORT1888-cand-001191,1191,ORTEGA1888-TEPIC-IA,59,55,3038,3039,Hoja de maiz seca,Xamuátn.,Hoja de maiz seca — Xamuátn.,em_dash,matched_headword,high,machine_accepted,direct_page_headword_match,machine_derived,True,False
ORT1888-art-001192,ORT1888-cand-001192,1192,ORTEGA1888-TEPIC-IA,59,55,3040,3041,Holgarse,", Busca gozarse.","Holgarse.-, Busca gozarse.",hyphen_variant,matched_headword,medium,machine_accepted,direct_page_headword_match,machine_derived,True,False
ORT1888-art-001193,ORT1888-cand-001193,1193,ORTEGA1888-TEPIC-IA,59,55,3042,3043,"Hombre, varón ó hembra",Tevit. pl. Teaiteri.,"Hombre, varón ó hembra.— Tevit. pl. Teaiteri.",em_dash,matched_headword,high,machine_accepted,direct_page_headword_match,machine_derived,True,False
ORT1888-art-001194,ORT1888-cand-001194,1194,ORTEGA1888-TEPIC-IA,59,55,3044,3045,Honda para tirar,Vitzapuati.,Honda para tirar.— Vitzapuati.,em_dash,matched_headword,high,machine_accepted,direct_page_headword_match,machine_derived,True,False
ORT1888-art-001195,ORT1888-cand-001195,1195,ORTEGA1888-TEPIC-IA,59,55,3046,3047,Hondo estar,Yeatéái.,Hondo estar.— Yeatéái.,em_dash,matched_headword,high,machine_accepted,direct_page_headword_match,machine_derived,True,False
ORT1888-art-001196,ORT1888-cand-001196,1196,ORTEGA1888-TEPIC-IA,59,55,3048,3053,Hongo,Yacuati.,Hongo.— Yacuati. | ■,em_dash,matched_headword,high,machine_accepted,direct_page_headword_match,machine_derived,True,False
ORT1888-art-001197,ORT1888-cand-001197,1197,ORTEGA1888-TEPIC-IA,60,56,3054,3055,Hongo de árbol,Vtuxa.,Hongo de árbol. — Vtuxa.,em_dash,matched_headword,high,machine_accepted,direct_page_headword_match,machine_derived,True,False
ORT1888-art-001198,ORT1888-cand-001198,1198,ORTEGA1888-TEPIC-IA,60,56,3056,3057,Honrar como el hijo al padre,Tzalmate. Neti.,Honrar como el hijo al padre. — Tzalmate. Neti.,em_dash,matched_headword,high,machine_accepted,direct_page_headword_match,machine_derived,True,False
ORT1888-art-001199,ORT1888-cand-001199,1199,ORTEGA1888-TEPIC-IA,60,56,3058,3059,Horadar,^Busca agujerear.,Horadar.— ^Busca agujerear.,em_dash,matched_headword,high,machine_accepted,direct_page_headword_match,machine_derived,True,False
ORT1888-art-001200,ORT1888-cand-001200,1200,ORTEGA1888-TEPIC-IA,60,56,3060,3061,Horca de palos,Auteacat.,Horca de palos. — Auteacat.,em_dash,matched_headword,high,machine_accepted,direct_page_headword_match,machine_derived,True,False
ORT1888-art-001201,ORT1888-cand-001201,1201,ORTEGA1888-TEPIC-IA,60,56,3062,3063,Hormiga,Achti. pl. ri.,Hormiga. — Achti. pl. ri.,em_dash,matched_headword,high,machine_accepted,direct_page_headword_match,machine_derived,True,False
ORT1888-art-001202,ORT1888-cand-001202,1202,ORTEGA1888-TEPIC-IA,60,56,3064,3065,Hormiga arriera,Tzárizt. pl. Tzarizéri.,Hormiga arriera. — Tzárizt. pl. Tzarizéri.,em_dash,matched_headword,high,machine_accepted,direct_page_headword_match,machine_derived,True,False
ORT1888-art-001203,ORT1888-cand-001203,1203,ORTEGA1888-TEPIC-IA,60,56,3066,3067,Hormiguero,Aehtéripoa.,Hormiguero. — Aehtéripoa.,em_dash,matched_headword,high,machine_accepted,direct_page_headword_match,machine_derived,True,False
ORT1888-art-001204,ORT1888-cand-001204,1204,ORTEGA1888-TEPIC-IA,60,56,3068,3069,Huevo,^Toatéri.,Huevo.— ^Toatéri.,em_dash,matched_headword,high,machine_accepted,direct_page_headword_match,machine_derived,True,False
ORT1888-art-001205,ORT1888-cand-001205,1205,ORTEGA1888-TEPIC-IA,60,56,3070,3071,Huérfano,Xaéicame. pl. Xéicahte.,Huérfano. — Xaéicame. pl. Xéicahte.,em_dash,matched_headword,high,machine_accepted,direct_page_headword_match,machine_derived,True,False
ORT1888-art-001206,ORT1888-cand-001206,1206,ORTEGA1888-TEPIC-IA,60,56,3072,3075,Huir de los contrarios,Huataú. Nataneu.,Huir de los contrarios. — Huataú. Nataneu. | Huirse. Aútzocua. Ne.,em_dash,matched_headword,high,machine_accepted,direct_page_headword_match,machine_derived,True,False
ORT1888-art-001207,ORT1888-cand-001207,1207,ORTEGA1888-TEPIC-IA,60,56,3076,3077,Huidor asi,Tzonachane. pl. tzi.,Huidor asi. — Tzonachane. pl. tzi.,em_dash,matched_headword,high,machine_accepted,direct_page_headword_match,machine_derived,True,False
ORT1888-art-001208,ORT1888-cand-001208,1208,ORTEGA1888-TEPIC-IA,60,56,3078,3079,Humo,K^wtziti,Humo. — K^wtziti,em_dash,matched_headword,high,machine_accepted,direct_page_headword_match,machine_derived,True,False
ORT1888-art-001209,ORT1888-cand-001209,1209,ORTEGA1888-TEPIC-IA,60,56,3080,3081,Humear,Ketzuhta.,Humear. — Ketzuhta.,em_dash,matched_headword,high,machine_accepted,direct_page_headword_match,machine_derived,True,False
ORT1888-art-001210,ORT1888-cand-001210,1210,ORTEGA1888-TEPIC-IA,60,56,3082,3083,Hurtar,Nah.ua. Neti.,Hurtar. -^ Nah.ua. Neti.,hyphen_variant,matched_headword,medium,machine_accepted,direct_page_headword_match,machine_derived,True,False
ORT1888-art-001211,ORT1888-cand-001211,1211,ORTEGA1888-TEPIC-IA,60,56,3084,3085,"Hurto, r",Nahuarit.,"Hurto, r— Nahuarit.",em_dash,matched_headword,high,machine_accepted,direct_page_headword_match,machine_derived,True,False
ORT1888-art-001212,ORT1888-cand-001212,1212,ORTEGA1888-TEPIC-IA,60,56,3086,3089,Huso para hilar,Yuarit.,Huso para hilar. — Yuarit. | j.,em_dash,matched_headword,high,machine_accepted,direct_page_headword_match,machine_derived,True,False
ORT1888-art-001213,ORT1888-cand-001213,1213,ORTEGA1888-TEPIC-IA,60,56,3090,3091,Jubilo,Busca goze.,"Jubilo.,— Busca goze.",em_dash,matched_headword,high,machine_accepted,direct_page_headword_match,machine_derived,True,False
ORT1888-art-001214,ORT1888-cand-001214,1214,ORTEGA1888-TEPIC-IA,60,56,3092,3093,Juego de apuesta,Muautechiát.,Juego de apuesta.-^ Muautechiát.,hyphen_variant,matched_headword,medium,machine_accepted,direct_page_headword_match,machine_derived,True,False
ORT1888-art-001215,ORT1888-cand-001215,1215,ORTEGA1888-TEPIC-IA,60,56,3094,3095,Juego de niños,Huacariti.,Juego de niños. ^—Huacariti.,em_dash,matched_headword,high,machine_accepted,direct_page_headword_match,machine_derived,True,False
ORT1888-art-001216,ORT1888-cand-001216,1216,ORTEGA1888-TEPIC-IA,60,56,3096,3097,Juez,Timocricat. pl. tzi.,Juez. — Timocricat. pl. tzi.,em_dash,matched_headword,high,machine_accepted,direct_page_headword_match,machine_derived,True,False
ORT1888-art-001217,ORT1888-cand-001217,1217,ORTEGA1888-TEPIC-IA,60,56,3098,3099,Jugar apostando,Muitec. Neti.,Jugar apostando. — Muitec. Neti.,em_dash,matched_headword,high,machine_accepted,direct_page_headword_match,machine_derived,True,False
ORT1888-art-001218,ORT1888-cand-001218,1218,ORTEGA1888-TEPIC-IA,60,56,3100,3101,Jugar los niños,Huaca. Ne.,Jugar los niños. — Huaca. Ne.,em_dash,matched_headword,high,machine_accepted,direct_page_headword_match,machine_derived,True,False
ORT1888-art-001219,ORT1888-cand-001219,1219,ORTEGA1888-TEPIC-IA,60,56,3102,3103,"Junco, r",Beopoámet,"Junco, r— Beopoámet",em_dash,matched_headword,high,machine_accepted,direct_page_headword_match,machine_derived,True,False
ORT1888-art-001220,ORT1888-cand-001220,1220,ORTEGA1888-TEPIC-IA,60,56,3104,3105,Juntar una cosa con otra,Uitenahchité. Nete,Juntar una cosa con otra. — Uitenahchité. Nete,em_dash,matched_headword,high,machine_accepted,direct_page_headword_match,machine_derived,True,False
ORT1888-art-001221,ORT1888-cand-001221,1221,ORTEGA1888-TEPIC-IA,60,56,3106,3107,Juntar lo que está esparcido,Busca recoger.,Juntar lo que está esparcido. — Busca recoger.,em_dash,matched_headword,high,machine_accepted,direct_page_headword_match,machine_derived,True,False
ORT1888-art-001222,ORT1888-cand-001222,1222,ORTEGA1888-TEPIC-IA,60,56,3108,3109,Jurar,No saben todavía.,Jurar. — No saben todavía.,em_dash,matched_headword,high,machine_accepted,direct_page_headword_match,machine_derived,True,False
ORT1888-art-001223,ORT1888-cand-001223,1223,ORTEGA1888-TEPIC-IA,60,56,3110,3115,Justo ser,Captixanaca. Cautixanáca.,Justo ser.— Captixanaca. Cautixanáca. | HEE,em_dash,matched_headword,high,machine_accepted,direct_page_headword_match,machine_derived,True,False
ORT1888-art-001224,ORT1888-cand-001224,1224,ORTEGA1888-TEPIC-IA,61,57,3119,3120,Y. con j,acta.,Y. con j.— acta.,em_dash,matched_headword,high,machine_accepted,direct_page_headword_match,machine_derived,True,False
ORT1888-art-001225,ORT1888-cand-001225,1225,ORTEGA1888-TEPIC-IA,61,57,3121,3122,Ya. ad,Ar. pur.,Ya. ad.— Ar. pur.,em_dash,matched_headword,high,machine_accepted,direct_page_headword_match,machine_derived,True,False
ORT1888-art-001226,ORT1888-cand-001226,1226,ORTEGA1888-TEPIC-IA,61,57,3123,3124,Ydolati-ar,"Teuathemintimoé,","Ydolati-ar. — Teuathemintimoé,",em_dash,matched_headword,high,machine_accepted,direct_page_headword_match,machine_derived,True,False
ORT1888-art-001227,ORT1888-cand-001227,1227,ORTEGA1888-TEPIC-IA,61,57,3125,3126,Ydolo,Técuat. pl. tzi.,Ydolo. — Técuat. pl. tzi.,em_dash,matched_headword,high,machine_accepted,direct_page_headword_match,machine_derived,True,False
ORT1888-art-001228,ORT1888-cand-001228,1228,ORTEGA1888-TEPIC-IA,61,57,3127,3128,Yel o,Busca hielo.,Yel o. — Busca hielo.,em_dash,matched_headword,high,machine_accepted,direct_page_headword_match,machine_derived,True,False
ORT1888-art-001229,ORT1888-cand-001229,1229,ORTEGA1888-TEPIC-IA,61,57,3129,3130,Yerno,Timuni.,Yerno. — Timuni.,em_dash,matched_headword,high,machine_accepted,direct_page_headword_match,machine_derived,True,False
ORT1888-art-001230,ORT1888-cand-001230,1230,ORTEGA1888-TEPIC-IA,61,57,3131,3132,Yerva,Euxahti.,Yerva.— Euxahti.,em_dash,matched_headword,high,machine_accepted,direct_page_headword_match,machine_derived,True,False
ORT1888-art-001231,ORT1888-cand-001231,1231,ORTEGA1888-TEPIC-IA,61,57,3133,3134,Yervas,Comestibles. — Cherit.,Yervas. — Comestibles. — Cherit.,em_dash,matched_headword,medium,machine_accepted,direct_page_headword_match,machine_derived,True,False
ORT1888-art-001232,ORT1888-cand-001232,1232,ORTEGA1888-TEPIC-IA,61,57,3135,3136,Yerva cuya raíz sirve de jabón,.Avcvchi.,Yerva cuya raíz sirve de jabón — .Avcvchi.,em_dash,matched_headword,high,machine_accepted,direct_page_headword_match,machine_derived,True,False
ORT1888-art-001233,ORT1888-cand-001233,1233,ORTEGA1888-TEPIC-IA,61,57,3137,3138,Yesca,Enimit.,Yesca. ^-Enimit.,hyphen_variant,matched_headword,medium,machine_accepted,direct_page_headword_match,machine_derived,True,False
ORT1888-art-001234,ORT1888-cand-001234,1234,ORTEGA1888-TEPIC-IA,61,57,3139,3140,Yglesia,Tiopan.,Yglesia. — Tiopan.,em_dash,matched_headword,high,machine_accepted,direct_page_headword_match,machine_derived,True,False
ORT1888-art-001235,ORT1888-cand-001235,1235,ORTEGA1888-TEPIC-IA,61,57,3141,3142,Ygual cosa como suelo,Vxapuhuacáte.,Ygual cosa como suelo.- — Vxapuhuacáte.,em_dash,matched_headword,high,machine_accepted,direct_page_headword_match,machine_derived,True,False
ORT1888-art-001236,ORT1888-cand-001236,1236,ORTEGA1888-TEPIC-IA,61,57,3143,3144,Yguana,Cháatzáti. pl. Cháatzáfci.,Yguana. — Cháatzáti. pl. Cháatzáfci.,em_dash,matched_headword,high,machine_accepted,direct_page_headword_match,machine_derived,True,False
ORT1888-art-001237,ORT1888-cand-001237,1237,ORTEGA1888-TEPIC-IA,61,57,3145,3146,YI vanar,Ancuvafcoa. Nete.,YI vanar. — Ancuvafcoa. Nete.,em_dash,matched_headword,high,machine_accepted,direct_page_headword_match,machine_derived,True,False
ORT1888-art-001238,ORT1888-cand-001238,1238,ORTEGA1888-TEPIC-IA,61,57,3147,3148,"Ym pedir que no se baga, alguna cosa",Ninte. Neti.,"Ym pedir que no se baga, alguna cosa. — Ninte. Neti.",em_dash,matched_headword,high,machine_accepted,direct_page_headword_match,machine_derived,True,False
ORT1888-art-001239,ORT1888-cand-001239,1239,ORTEGA1888-TEPIC-IA,61,57,3149,3150,Ymin.arce.si ble,Capúcüaübe.,Ymin.arce.si ble. — Capúcüaübe.,em_dash,matched_headword,high,machine_accepted,direct_page_headword_match,machine_derived,True,False
ORT1888-art-001240,ORT1888-cand-001240,1240,ORTEGA1888-TEPIC-IA,61,57,3151,3152,Ynchiuaise,Aban tona. Nabautona.,Ynchiuaise. — Aban tona. Nabautona.,em_dash,matched_headword,high,machine_accepted,direct_page_headword_match,machine_derived,True,False
ORT1888-art-001241,ORT1888-cand-001241,1241,ORTEGA1888-TEPIC-IA,61,57,3153,3154,Yníierno,Muechita. Taheté.,Yníierno. — Muechita. Taheté.,em_dash,matched_headword,high,machine_accepted,direct_page_headword_match,machine_derived,True,False
ORT1888-art-001242,ORT1888-cand-001242,1242,ORTEGA1888-TEPIC-IA,61,57,3155,3156,Ynumerable gente,Ceviat. Ceuuti.,Ynumerable gente. — Ceviat. Ceuuti.,em_dash,matched_headword,high,machine_accepted,direct_page_headword_match,machine_derived,True,False
ORT1888-art-001243,ORT1888-cand-001243,1243,ORTEGA1888-TEPIC-IA,61,57,3157,3158,Ynquirir,Yhucá. Neti.,Ynquirir. — Yhucá. Neti.,em_dash,matched_headword,high,machine_accepted,direct_page_headword_match,machine_derived,True,False
ORT1888-art-001244,ORT1888-cand-001244,1244,ORTEGA1888-TEPIC-IA,61,57,3159,3162,Y si abon,B usca eslabón .,Y si abon . — B usca eslabón . | Yr.^Aine. Ne.,em_dash,matched_headword,high,machine_accepted,direct_page_headword_match,machine_derived,True,False
ORT1888-art-001245,ORT1888-cand-001245,1245,ORTEGA1888-TEPIC-IA,61,57,3163,3165,Yr. derecho á alguna parte,-Auatahéyaca. Nataheya-,Yr. derecho á alguna parte. — -Auatahéyaca. Nataheya-,em_dash,matched_headword,high,machine_accepted,direct_page_headword_match,machine_derived,True,False
ORT1888-art-001246,ORT1888-cand-001246,1246,ORTEGA1888-TEPIC-IA,61,57,3166,3166,Yr rodeando,Huateaóututzi. Nateantutzi.,Yr rodeando.— Huateaóututzi. Nateantutzi.,em_dash,matched_headword,high,machine_accepted,direct_page_headword_match,machine_derived,True,False
ORT1888-art-001247,ORT1888-cand-001247,1247,ORTEGA1888-TEPIC-IA,61,57,3167,3167,Yr delante,Busca guiar.,Yr delante. — Busca guiar.,em_dash,matched_headword,high,machine_accepted,direct_page_headword_match,machine_derived,True,False
ORT1888-art-001248,ORT1888-cand-001248,1248,ORTEGA1888-TEPIC-IA,61,57,3168,3168,Yr por leña,Teocaihme. Ne.,Yr por leña. — Teocaihme. Ne.,em_dash,matched_headword,high,machine_accepted,direct_page_headword_match,machine_derived,True,False
ORT1888-art-001249,ORT1888-cand-001249,1249,ORTEGA1888-TEPIC-IA,61,57,3169,3169,Yr. por agua,"Busca agua traer,","Yr. por agua. — Busca agua traer,",em_dash,matched_headword,high,machine_accepted,direct_page_headword_match,machine_derived,True,False
ORT1888-art-001250,ORT1888-cand-001250,1250,ORTEGA1888-TEPIC-IA,61,57,3170,3170,Ynvierno,Cicéritá.,Ynvierno. — Cicéritá.,em_dash,matched_headword,high,machine_accepted,direct_page_headword_match,machine_derived,True,False
ORT1888-art-001251,ORT1888-cand-001251,1251,ORTEGA1888-TEPIC-IA,61,57,3171,3176,Yzquierda mano,• Utat.,"Yzquierda mano, — • Utat. | J>^rS^;jT",em_dash,matched_headword,high,machine_accepted,direct_page_headword_match,machine_derived,True,False
ORT1888-art-001252,ORT1888-cand-001252,1252,ORTEGA1888-TEPIC-IA,62,58,3183,3188,Labro,Teniti.,Labro. — Teniti. | Labor de tierra. | Labrar camisa. &.,em_dash,matched_headword,high,machine_accepted,direct_page_headword_match,machine_derived,True,False
ORT1888-art-001253,ORT1888-cand-001253,1253,ORTEGA1888-TEPIC-IA,62,58,3189,3190,Ladera,-Aütn.,Ladera.- -Aütn.,hyphen_variant,matched_headword,medium,machine_accepted,direct_page_headword_match,machine_derived,True,False
ORT1888-art-001254,ORT1888-cand-001254,1254,ORTEGA1888-TEPIC-IA,62,58,3191,3192,Ladino,Tevéncúca.,Ladino. — Tevéncúca.,em_dash,matched_headword,high,machine_accepted,direct_page_headword_match,machine_derived,True,False
ORT1888-art-001255,ORT1888-cand-001255,1255,ORTEGA1888-TEPIC-IA,62,58,3193,3194,Ladra.i los perros,N encare Fe.,Ladra.i los perros. — N encare Fe.,em_dash,matched_headword,high,machine_accepted,direct_page_headword_match,machine_derived,True,False
ORT1888-art-001256,ORT1888-cand-001256,1256,ORTEGA1888-TEPIC-IA,62,58,3195,3196,Ladrillo tal,^Neue'areat.,Ladrillo tal.— ^Neue'areat.,em_dash,matched_headword,high,machine_accepted,direct_page_headword_match,machine_derived,True,False
ORT1888-art-001257,ORT1888-cand-001257,1257,ORTEGA1888-TEPIC-IA,62,58,3197,3198,Ladrón,Tinahuame. pl. tzi.,Ladrón. — Tinahuame. pl. tzi.,em_dash,matched_headword,high,machine_accepted,direct_page_headword_match,machine_derived,True,False
ORT1888-art-001258,ORT1888-cand-001258,1258,ORTEGA1888-TEPIC-IA,62,58,3199,3200,"Lagaña, r",Xachuitáti .,"Lagaña, r— Xachuitáti .",em_dash,matched_headword,high,machine_accepted,direct_page_headword_match,machine_derived,True,False
ORT1888-art-001259,ORT1888-cand-001259,1259,ORTEGA1888-TEPIC-IA,62,58,3201,3202,Lagarto animal,Axac. pl. tzi.,Lagarto animal. — Axac. pl. tzi.,em_dash,matched_headword,high,machine_accepted,direct_page_headword_match,machine_derived,True,False
ORT1888-art-001260,ORT1888-cand-001260,1260,ORTEGA1888-TEPIC-IA,62,58,3203,3204,Lagartija otra,Chatzat. pl. tzi.,Lagartija otra- — Chatzat. pl. tzi.,em_dash,matched_headword,high,machine_accepted,direct_page_headword_match,machine_derived,True,False
ORT1888-art-001261,ORT1888-cand-001261,1261,ORTEGA1888-TEPIC-IA,62,58,3205,3206,Lágrima,Veat.,Lágrima. — Veat.,em_dash,matched_headword,high,machine_accepted,direct_page_headword_match,machine_derived,True,False
ORT1888-art-001262,ORT1888-cand-001262,1262,ORTEGA1888-TEPIC-IA,62,58,3207,3208,"Lamer, r",Auxuáti.,"Lamer, r- Auxuáti.",hyphen_variant,matched_headword,medium,machine_accepted,direct_page_headword_match,machine_derived,True,False
ORT1888-art-001263,ORT1888-cand-001263,1263,ORTEGA1888-TEPIC-IA,62,58,3209,3210,Lamer,Neaexé. Neti.,Lamer. —Neaexé. Neti.,em_dash,matched_headword,high,machine_accepted,direct_page_headword_match,machine_derived,True,False
ORT1888-art-001264,ORT1888-cand-001264,1264,ORTEGA1888-TEPIC-IA,62,58,3211,3212,Lana,Mowxati.,Lana. — Mowxati.,em_dash,matched_headword,high,machine_accepted,direct_page_headword_match,machine_derived,True,False
ORT1888-art-001265,ORT1888-cand-001265,1265,ORTEGA1888-TEPIC-IA,62,58,3213,3214,Lanudo,Cahuxá.,Lanudo.— Cahuxá.,em_dash,matched_headword,high,machine_accepted,direct_page_headword_match,machine_derived,True,False
ORT1888-art-001266,ORT1888-cand-001266,1266,ORTEGA1888-TEPIC-IA,62,58,3215,3216,Lance hacer al toro,Huáchité. Neti.,Lance hacer al toro.^— Huáchité. Neti.,em_dash,matched_headword,high,machine_accepted,direct_page_headword_match,machine_derived,True,False
ORT1888-art-001267,ORT1888-cand-001267,1267,ORTEGA1888-TEPIC-IA,62,58,3217,3218,Langosta de la tierra,Bikeuzte. pl. tzi.,Langosta de la tierra. — Bikeuzte. pl. tzi.,em_dash,matched_headword,high,machine_accepted,direct_page_headword_match,machine_derived,True,False
ORT1888-art-001268,ORT1888-cand-001268,1268,ORTEGA1888-TEPIC-IA,62,58,3219,3220,Langosta otra,Xac/ipoti. pl. Xapótzi.,"Langosta otra.,— Xac/ipoti. pl. Xapótzi.",em_dash,matched_headword,high,machine_accepted,direct_page_headword_match,machine_derived,True,False
ORT1888-art-001269,ORT1888-cand-001269,1269,ORTEGA1888-TEPIC-IA,62,58,3221,3222,Langosta otra,Camaiaicat. pl. tzi.,"Langosta otra. ,—Camaiaicat. pl. tzi.",em_dash,matched_headword,high,machine_accepted,direct_page_headword_match,machine_derived,True,False
ORT1888-art-001270,ORT1888-cand-001270,1270,ORTEGA1888-TEPIC-IA,62,58,3223,3224,Langosta otra,lunái. pl. tzi.,Langosta otra. — lunái. pl. tzi.,em_dash,matched_headword,high,machine_accepted,direct_page_headword_match,machine_derived,True,False
ORT1888-art-001271,ORT1888-cand-001271,1271,ORTEGA1888-TEPIC-IA,62,58,3225,3226,Langosta otra,^Ecati. pl. Ecatzi.,Langosta otra.— ^Ecati. pl. Ecatzi.,em_dash,matched_headword,high,machine_accepted,direct_page_headword_match,machine_derived,True,False
ORT1888-art-001272,ORT1888-cand-001272,1272,ORTEGA1888-TEPIC-IA,62,58,3227,3228,"Largo, luengo",Teutu.,"Largo, luengo.-^ Teutu.",hyphen_variant,matched_headword,medium,machine_accepted,direct_page_headword_match,machine_derived,True,False
ORT1888-art-001273,ORT1888-cand-001273,1273,ORTEGA1888-TEPIC-IA,62,58,3229,3230,Lástima tener,Busca compadecerse.,Lástima tener.- — Busca compadecerse.,em_dash,matched_headword,high,machine_accepted,direct_page_headword_match,machine_derived,True,False
ORT1888-art-001274,ORT1888-cand-001274,1274,ORTEGA1888-TEPIC-IA,62,58,3231,3232,Lastimar á otro,Acúinite. Neti.,Lastimar á otro. — Acúinite. Neti.,em_dash,matched_headword,high,machine_accepted,direct_page_headword_match,machine_derived,True,False
ORT1888-art-001275,ORT1888-cand-001275,1275,ORTEGA1888-TEPIC-IA,62,58,3233,3234,Latir la vena o el corazón./,"Uitfwhuáxea,","Latir la vena o el corazón./ — Uitfwhuáxea,",em_dash,matched_headword,high,machine_accepted,direct_page_headword_match,machine_derived,True,False
ORT1888-art-001276,ORT1888-cand-001276,1276,ORTEGA1888-TEPIC-IA,62,58,3235,3236,Lavar,Huzina. Neti.,Lavar.— Huzina. Neti.,em_dash,matched_headword,high,machine_accepted,direct_page_headword_match,machine_derived,True,False
ORT1888-art-001277,ORT1888-cand-001277,1277,ORTEGA1888-TEPIC-IA,62,58,3237,3238,Lazar,Aucaohunézin. Nete.,Lazar. — Aucaohunézin. Nete.,em_dash,matched_headword,high,machine_accepted,direct_page_headword_match,machine_derived,True,False
ORT1888-art-001278,ORT1888-cand-001278,1278,ORTEGA1888-TEPIC-IA,62,58,3239,3240,Leche,Tziméti.,Leche. — Tziméti.,em_dash,matched_headword,high,machine_accepted,direct_page_headword_match,machine_derived,True,False
ORT1888-art-001279,ORT1888-cand-001279,1279,ORTEGA1888-TEPIC-IA,62,58,3241,3246,Leche de lo narbolar,X^ret.,Leche de lo narbolar. — X^ret. | m,em_dash,matched_headword,high,machine_accepted,direct_page_headword_match,machine_derived,True,False
ORT1888-art-001280,ORT1888-cand-001280,1280,ORTEGA1888-TEPIC-IA,63,59,3250,3251,"Lechuza, ave nocturna",Cihuati. pl. Ciutzi.,"Lechuza, ave nocturna. — Cihuati. pl. Ciutzi.",em_dash,matched_headword,high,machine_accepted,direct_page_headword_match,machine_derived,True,False
ORT1888-art-001281,ORT1888-cand-001281,1281,ORTEGA1888-TEPIC-IA,63,59,3252,3253,Leer,Thté. Neti.,Leer.— Thté. Neti.,em_dash,matched_headword,high,machine_accepted,direct_page_headword_match,machine_derived,True,False
ORT1888-art-001282,ORT1888-cand-001282,1282,ORTEGA1888-TEPIC-IA,63,59,3254,3255,Lector,Tuhtacarenm pl. tzi.,Lector.— Tuhtacarenm pl. tzi.,em_dash,matched_headword,high,machine_accepted,direct_page_headword_match,machine_derived,True,False
ORT1888-art-001283,ORT1888-cand-001283,1283,ORTEGA1888-TEPIC-IA,63,59,3256,3257,Lección,-Thterit.,Lección. — -Thterit.,em_dash,matched_headword,high,machine_accepted,direct_page_headword_match,machine_derived,True,False
ORT1888-art-001284,ORT1888-cand-001284,1284,ORTEGA1888-TEPIC-IA,63,59,3258,3259,Legumbres,Cherit.,Legumbres. — Cherit.,em_dash,matched_headword,high,machine_accepted,direct_page_headword_match,machine_derived,True,False
ORT1888-art-001285,ORT1888-cand-001285,1285,ORTEGA1888-TEPIC-IA,63,59,3260,3263,Lengua,Namüriti.,Lengua. — Namüriti. | o,em_dash,matched_headword,high,machine_accepted,direct_page_headword_match,machine_derived,True,False
ORT1888-art-001286,ORT1888-cand-001286,1286,ORTEGA1888-TEPIC-IA,63,59,3264,3265,Leña,Cayet.,Leña. — Cayet.,em_dash,matched_headword,high,machine_accepted,direct_page_headword_match,machine_derived,True,False
ORT1888-art-001287,ORT1888-cand-001287,1287,ORTEGA1888-TEPIC-IA,63,59,3266,3267,"Leñar, hacer leña",Ticáa. Ne.,"Leñar, hacer leña. ,— Ticáa. Ne.",em_dash,matched_headword,high,machine_accepted,direct_page_headword_match,machine_derived,True,False
ORT1888-art-001288,ORT1888-cand-001288,1288,ORTEGA1888-TEPIC-IA,63,59,3268,3269,Leon,Moáhyet. pl. tzi.,Leon. — Moáhyet. pl. tzi.,em_dash,matched_headword,high,machine_accepted,direct_page_headword_match,machine_derived,True,False
ORT1888-art-001289,ORT1888-cand-001289,1289,ORTEGA1888-TEPIC-IA,63,59,3270,3271,Levantar algo del suelo,Tcázim. Neti. Teahpoazt. Neti.,Levantar algo del suelo.— Tcázim. Neti. Teahpoazt. Neti.,em_dash,matched_headword,high,machine_accepted,direct_page_headword_match,machine_derived,True,False
ORT1888-art-001290,ORT1888-cand-001290,1290,ORTEGA1888-TEPIC-IA,63,59,3272,3273,Levantar maiz en la cosecha,Tzána. Neti.,Levantar maiz en la cosecha. — Tzána. Neti.,em_dash,matched_headword,high,machine_accepted,direct_page_headword_match,machine_derived,True,False
ORT1888-art-001291,ORT1888-cand-001291,1291,ORTEGA1888-TEPIC-IA,63,59,3274,3275,"Levantarse, pararse",Ache. N.,"Levantarse, pararse. — Ache. N.",em_dash,matched_headword,high,machine_accepted,direct_page_headword_match,machine_derived,True,False
ORT1888-art-001292,ORT1888-cand-001292,1292,ORTEGA1888-TEPIC-IA,63,59,3276,3277,"Levantarse, amotinarse",Ateúha. Natina.,"Levantarse, amotinarse. ^—Ateúha. Natina.",em_dash,matched_headword,high,machine_accepted,direct_page_headword_match,machine_derived,True,False
ORT1888-art-001293,ORT1888-cand-001293,1293,ORTEGA1888-TEPIC-IA,63,59,3278,3279,Lexos,a Eumua..,Lexos.— a Eumua..,em_dash,matched_headword,high,machine_accepted,direct_page_headword_match,machine_derived,True,False
ORT1888-art-001294,ORT1888-cand-001294,1294,ORTEGA1888-TEPIC-IA,63,59,3280,3281,Liar,Curahekehua. Neti.,Liar. — Curahekehua. Neti.,em_dash,matched_headword,high,machine_accepted,direct_page_headword_match,machine_derived,True,False
ORT1888-art-001295,ORT1888-cand-001295,1295,ORTEGA1888-TEPIC-IA,63,59,3282,3283,Librar de peligro á otro,Vachre. Neti.,Librar de peligro á otro. — Vachre. Neti.,em_dash,matched_headword,high,machine_accepted,direct_page_headword_match,machine_derived,True,False
ORT1888-art-001296,ORT1888-cand-001296,1296,ORTEGA1888-TEPIC-IA,63,59,3284,3285,Libro,Yüxarit.,Libro. — Yüxarit.,em_dash,matched_headword,high,machine_accepted,direct_page_headword_match,machine_derived,True,False
ORT1888-art-001297,ORT1888-cand-001297,1297,ORTEGA1888-TEPIC-IA,63,59,3286,3287,Liebre,Tatzu. pl. ri.,Liebre. — Tatzu. pl. ri.,em_dash,matched_headword,high,machine_accepted,direct_page_headword_match,machine_derived,True,False
ORT1888-art-001298,ORT1888-cand-001298,1298,ORTEGA1888-TEPIC-IA,63,59,3288,3289,Liendre,Xana. pl. ri.,Liendre. — Xana. pl. ri.,em_dash,matched_headword,high,machine_accepted,direct_page_headword_match,machine_derived,True,False
ORT1888-art-001299,ORT1888-cand-001299,1299,ORTEGA1888-TEPIC-IA,63,59,3290,3291,Limón,Tzinácaré.,Limón.— Tzinácaré.,em_dash,matched_headword,high,machine_accepted,direct_page_headword_match,machine_derived,True,False
ORT1888-art-001300,ORT1888-cand-001300,1300,ORTEGA1888-TEPIC-IA,63,59,3292,3293,Limpiar las narices,^ Busca limpiar.,Limpiar las narices.— ^ Busca limpiar.,em_dash,matched_headword,high,machine_accepted,direct_page_headword_match,machine_derived,True,False
ORT1888-art-001301,ORT1888-cand-001301,1301,ORTEGA1888-TEPIC-IA,63,59,3294,3295,Lisa cosa,Mehcheá.,Lisa cosa.— Mehcheá.,em_dash,matched_headword,high,machine_accepted,direct_page_headword_match,machine_derived,True,False
ORT1888-art-001302,ORT1888-cand-001302,1302,ORTEGA1888-TEPIC-IA,63,59,3296,3297,Liviana cosa,Caputíhete.,Liviana cosa. — Caputíhete.,em_dash,matched_headword,high,machine_accepted,direct_page_headword_match,machine_derived,True,False
ORT1888-art-001303,ORT1888-cand-001303,1303,ORTEGA1888-TEPIC-IA,63,59,3298,3299,Lobo,Eursivet. pl. tzi.,Lobo. — Eursivet. pl. tzi.,em_dash,matched_headword,high,machine_accepted,direct_page_headword_match,machine_derived,True,False
ORT1888-art-001304,ORT1888-cand-001304,1304,ORTEGA1888-TEPIC-IA,63,59,3300,3301,Loco,Tecaihre.,Loco. — Tecaihre.,em_dash,matched_headword,high,machine_accepted,direct_page_headword_match,machine_derived,True,False
ORT1888-art-001305,ORT1888-cand-001305,1305,ORTEGA1888-TEPIC-IA,63,59,3302,3303,Loco volverse,Busca enloquecer.,Loco volverse. — Busca enloquecer.,em_dash,matched_headword,high,machine_accepted,direct_page_headword_match,machine_derived,True,False
ORT1888-art-001306,ORT1888-cand-001306,1306,ORTEGA1888-TEPIC-IA,63,59,3304,3305,Lodo,Axot.,Lodo. — Axot.,em_dash,matched_headword,high,machine_accepted,direct_page_headword_match,machine_derived,True,False
ORT1888-art-001307,ORT1888-cand-001307,1307,ORTEGA1888-TEPIC-IA,63,59,3306,3307,Lodo hacer,Haxota. Ne.,Lodo hacer. — Haxota. Ne.,em_dash,matched_headword,high,machine_accepted,direct_page_headword_match,machine_derived,True,False
ORT1888-art-001308,ORT1888-cand-001308,1308,ORTEGA1888-TEPIC-IA,63,59,3308,3309,Lodo aver,Huahaxohpoa.,Lodo aver. — Huahaxohpoa.,em_dash,matched_headword,high,machine_accepted,direct_page_headword_match,machine_derived,True,False
ORT1888-art-001309,ORT1888-cand-001309,1309,ORTEGA1888-TEPIC-IA,63,59,3310,3311,Loma,Viyetzé.,Loma. — Viyetzé.,em_dash,matched_headword,high,machine_accepted,direct_page_headword_match,machine_derived,True,False
ORT1888-art-001310,ORT1888-cand-001310,1310,ORTEGA1888-TEPIC-IA,63,59,3312,3317,Lombrizes hechar,Nucheritzé. Neanueritze.,Lombrizes hechar.-^Nucheritzé. Neanueritze. | ',hyphen_variant,matched_headword,medium,machine_accepted,direct_page_headword_match,machine_derived,True,False
ORT1888-art-001311,ORT1888-cand-001311,1311,ORTEGA1888-TEPIC-IA,64,60,3321,3322,Lomo,Huavit.,Lomo. — Huavit.,em_dash,matched_headword,high,machine_accepted,direct_page_headword_match,machine_derived,True,False
ORT1888-art-001312,ORT1888-cand-001312,1312,ORTEGA1888-TEPIC-IA,64,60,3323,3324,Loro grande,Tútuvi. pl. tzi.,Loro grande. — Tútuvi. pl. tzi.,em_dash,matched_headword,high,machine_accepted,direct_page_headword_match,machine_derived,True,False
ORT1888-art-001313,ORT1888-cand-001313,1313,ORTEGA1888-TEPIC-IA,64,60,3325,3326,"Loro otro, de cabeza amarilla",Turazt. pl. Turazi.,"Loro otro, de cabeza amarilla. — Turazt. pl. Turazi.",em_dash,matched_headword,high,machine_accepted,direct_page_headword_match,machine_derived,True,False
ORT1888-art-001314,ORT1888-cand-001314,1314,ORTEGA1888-TEPIC-IA,64,60,3327,3328,Loro pequeño por su especie,Tzipuzt. pl. Tzipuzi.,Loro pequeño por su especie. — Tzipuzt. pl. Tzipuzi.,em_dash,matched_headword,high,machine_accepted,direct_page_headword_match,machine_derived,True,False
ORT1888-art-001315,ORT1888-cand-001315,1315,ORTEGA1888-TEPIC-IA,64,60,3329,3330,Loro más pequeño,Puriz. pl. Puvizi.,Loro más pequeño. — Puriz. pl. Puvizi.,em_dash,matched_headword,high,machine_accepted,direct_page_headword_match,machine_derived,True,False
ORT1888-art-001316,ORT1888-cand-001316,1316,ORTEGA1888-TEPIC-IA,64,60,3331,3332,Luchar,Auhhepoa. Ne.,Luchar. — Auhhepoa. Ne.,em_dash,matched_headword,high,machine_accepted,direct_page_headword_match,machine_derived,True,False
ORT1888-art-001317,ORT1888-cand-001317,1317,ORTEGA1888-TEPIC-IA,64,60,3333,3336,Lucir,Huatatza.,Lucir. — Huatatza. | Lugar aver. = Yehbéhrie.,em_dash,matched_headword,high,machine_accepted,direct_page_headword_match,machine_derived,True,False
ORT1888-art-001318,ORT1888-cand-001318,1318,ORTEGA1888-TEPIC-IA,64,60,3337,3338,Luego ado,Mopacaicó.,Luego ado. — Mopacaicó.,em_dash,matched_headword,high,machine_accepted,direct_page_headword_match,machine_derived,True,False
ORT1888-art-001319,ORT1888-cand-001319,1319,ORTEGA1888-TEPIC-IA,64,60,3339,3340,Lumbre,Tait.,Lumbre. — Tait.,em_dash,matched_headword,high,machine_accepted,direct_page_headword_match,machine_derived,True,False
ORT1888-art-001320,ORT1888-cand-001320,1320,ORTEGA1888-TEPIC-IA,64,60,3341,3342,Luida estar la cosa,Cáxe,Luida estar la cosa. — Cáxe,em_dash,matched_headword,high,machine_accepted,direct_page_headword_match,machine_derived,True,False
ORT1888-art-001321,ORT1888-cand-001321,1321,ORTEGA1888-TEPIC-IA,64,60,3343,3343,Luna planeta del Cielo. Luna haber nueva,• Añahupi. —,Luna planeta del Cielo. Luna haber nueva.— • Añahupi. —,em_dash,matched_headword,medium,machine_accepted,direct_page_headword_match,machine_derived,True,False
ORT1888-art-001322,ORT1888-cand-001322,1322,ORTEGA1888-TEPIC-IA,64,60,3344,3344,Crecer la luna,Meapurbeyaohraca. — Llenarse la lu-,Crecer la luna. — Meapurbeyaohraca. — Llenarse la lu-,em_dash,matched_headword,medium,machine_accepted,direct_page_headword_match,machine_derived,True,False
ORT1888-art-001323,ORT1888-cand-001323,1323,ORTEGA1888-TEPIC-IA,64,60,3345,3345,na,Meapurbeyaórizt. — Acabarse la luna.-- -Purhua-,na.— Meapurbeyaórizt. — Acabarse la luna.-- -Purhua-,em_dash,matched_headword,medium,machine_accepted,direct_page_headword_match,machine_derived,True,False
ORT1888-art-001324,ORT1888-cand-001324,1324,ORTEGA1888-TEPIC-IA,64,60,3346,3347,teaxe,Traer la luna agua. — Ahputichaék.,teaxe. — Traer la luna agua. — Ahputichaék.,em_dash,matched_headword,medium,machine_accepted,direct_page_headword_match,machine_derived,True,False
ORT1888-art-001325,ORT1888-cand-001325,1325,ORTEGA1888-TEPIC-IA,64,60,3348,3349,Lucero,Xuravet. pl. tzi.,Lucero. — Xuravet. pl. tzi.,em_dash,matched_headword,high,machine_accepted,direct_page_headword_match,machine_derived,True,False
ORT1888-art-001326,ORT1888-cand-001326,1326,ORTEGA1888-TEPIC-IA,64,60,3350,3353,"Lucero de la mañana, llaman","Tabatzi, pero por pensar","Lucero de la mañana, llaman. — Tabatzi, pero por pensar | que era hijo del sol, á quien llamaban Tayaobppa, | nuestro padre.",em_dash,matched_headword,high,machine_accepted,direct_page_headword_match,machine_derived,True,False
ORT1888-art-001327,ORT1888-cand-001327,1327,ORTEGA1888-TEPIC-IA,64,60,3354,3355,Lucerna que anda de noche,Curui. pl. tzi.,Lucerna que anda de noche — Curui. pl. tzi.,em_dash,matched_headword,high,machine_accepted,direct_page_headword_match,machine_derived,True,False
ORT1888-art-001328,ORT1888-cand-001328,1328,ORTEGA1888-TEPIC-IA,64,60,3356,3357,Llaga,Atzat.,Llaga. — Atzat.,em_dash,matched_headword,high,machine_accepted,direct_page_headword_match,machine_derived,True,False
ORT1888-art-001329,ORT1888-cand-001329,1329,ORTEGA1888-TEPIC-IA,64,60,3358,3359,Llagado estar,Atza. Ne.,Llagado estar. — Atza. Ne.,em_dash,matched_headword,high,machine_accepted,direct_page_headword_match,machine_derived,True,False
ORT1888-art-001330,ORT1888-cand-001330,1330,ORTEGA1888-TEPIC-IA,64,60,3360,3361,Llama de fuego,Ahmeme.,Llama de fuego. — Ahmeme.,em_dash,matched_headword,high,machine_accepted,direct_page_headword_match,machine_derived,True,False
ORT1888-art-001331,ORT1888-cand-001331,1331,ORTEGA1888-TEPIC-IA,64,60,3362,3363,Llamar; poner nombre,Yete. Neti.,Llamar; poner nombre. —Yete. Neti.,em_dash,matched_headword,high,machine_accepted,direct_page_headword_match,machine_derived,True,False
ORT1888-art-001332,ORT1888-cand-001332,1332,ORTEGA1888-TEPIC-IA,64,60,3364,3365,Llamar,Hebe. Neti.,Llamar. — Hebe. Neti.,em_dash,matched_headword,high,machine_accepted,direct_page_headword_match,machine_derived,True,False
ORT1888-art-001333,ORT1888-cand-001333,1333,ORTEGA1888-TEPIC-IA,64,60,3366,3367,"Llamarse, tener nombre",An teahua. N.,"Llamarse, tener nombre.— An teahua. N.",em_dash,matched_headword,high,machine_accepted,direct_page_headword_match,machine_derived,True,False
ORT1888-art-001334,ORT1888-cand-001334,1334,ORTEGA1888-TEPIC-IA,64,60,3368,3369,Llamar gritando,Hihbe. Neti.,Llamar gritando. — Hihbe. Neti.,em_dash,matched_headword,high,machine_accepted,direct_page_headword_match,machine_derived,True,False
ORT1888-art-001335,ORT1888-cand-001335,1335,ORTEGA1888-TEPIC-IA,64,60,3370,3371,Llano ado,Choatá.,Llano ado. — Choatá.,em_dash,matched_headword,high,machine_accepted,direct_page_headword_match,machine_derived,True,False
ORT1888-art-001336,ORT1888-cand-001336,1336,ORTEGA1888-TEPIC-IA,64,60,3372,3373,Llanto,Yeineat.,Llanto. — Yeineat.,em_dash,matched_headword,high,machine_accepted,direct_page_headword_match,machine_derived,True,False
ORT1888-art-001337,ORT1888-cand-001337,1337,ORTEGA1888-TEPIC-IA,64,60,3374,3375,Llegar el que no estaba en casa,Vbenezum. N.,"Llegar el que no estaba en casa. ,— Vbenezum. N.",em_dash,matched_headword,high,machine_accepted,direct_page_headword_match,machine_derived,True,False
ORT1888-art-001338,ORT1888-cand-001338,1338,ORTEGA1888-TEPIC-IA,64,60,3376,3377,Llenar,Bahezt. Nete.,"Llenar. ,— Bahezt. Nete.",em_dash,matched_headword,high,machine_accepted,direct_page_headword_match,machine_derived,True,False
ORT1888-art-001339,ORT1888-cand-001339,1339,ORTEGA1888-TEPIC-IA,64,60,3378,3380,Llevar,Ani. Neti.,Llevar. — Ani. Neti.,em_dash,matched_headword,high,machine_accepted,direct_page_headword_match,machine_derived,True,False
ORT1888-art-001340,ORT1888-cand-001340,1340,ORTEGA1888-TEPIC-IA,65,61,3381,3386,■V Z\~J&M'W''?*,**S:,■V Z\~J&M'W''?* -**S: | 61,hyphen_variant,matched_headword,medium,machine_accepted,direct_page_headword_match,machine_derived,True,False
ORT1888-art-001341,ORT1888-cand-001341,1341,ORTEGA1888-TEPIC-IA,65,61,3387,3388,Llevar como palo,Chuene. Nite. Aehni. Nite.,Llevar como palo. — Chuene. Nite. Aehni. Nite.,em_dash,matched_headword,high,machine_accepted,direct_page_headword_match,machine_derived,True,False
ORT1888-art-001342,ORT1888-cand-001342,1342,ORTEGA1888-TEPIC-IA,65,61,3389,3390,Llevar como olla,Ahana. Nete. Ahpoan. Nete.,Llevar como olla — Ahana. Nete. Ahpoan. Nete.,em_dash,matched_headword,high,machine_accepted,direct_page_headword_match,machine_derived,True,False
ORT1888-art-001343,ORT1888-cand-001343,1343,ORTEGA1888-TEPIC-IA,65,61,3391,3392,Llevar como piedra,Ateni. Neti. Atutuni. Nete.,Llevar como piedra. — Ateni. Neti. Atutuni. Nete.,em_dash,matched_headword,high,machine_accepted,direct_page_headword_match,machine_derived,True,False
ORT1888-art-001344,ORT1888-cand-001344,1344,ORTEGA1888-TEPIC-IA,65,61,3393,3394,Llevar como pan,Achni. Nete. Achpaini. Nete.,Llevar como pan. — Achni. Nete. Achpaini. Nete.,em_dash,matched_headword,high,machine_accepted,direct_page_headword_match,machine_derived,True,False
ORT1888-art-001345,ORT1888-cand-001345,1345,ORTEGA1888-TEPIC-IA,65,61,3395,3396,Llevar como palma ó llerva,Phini. Nete. Ateni. Nete.,Llevar como palma ó llerva. — Phini. Nete. Ateni. Nete.,em_dash,matched_headword,high,machine_accepted,direct_page_headword_match,machine_derived,True,False
ORT1888-art-001346,ORT1888-cand-001346,1346,ORTEGA1888-TEPIC-IA,65,61,3397,3398,Llorar,^Vyeine. Nenyeine.,Llorar.— ^Vyeine. Nenyeine.,em_dash,matched_headword,high,machine_accepted,direct_page_headword_match,machine_derived,True,False
ORT1888-art-001347,ORT1888-cand-001347,1347,ORTEGA1888-TEPIC-IA,65,61,3399,3400,Lloro,Busca llanto.,Lloro. — Busca llanto.,em_dash,matched_headword,high,machine_accepted,direct_page_headword_match,machine_derived,True,False
ORT1888-art-001348,ORT1888-cand-001348,1348,ORTEGA1888-TEPIC-IA,65,61,3401,3402,Llover,Viye.,Llover. — Viye.,em_dash,matched_headword,high,machine_accepted,direct_page_headword_match,machine_derived,True,False
ORT1888-art-001349,ORT1888-cand-001349,1349,ORTEGA1888-TEPIC-IA,65,61,3403,3404,Llover recio,Eunvlúe.,Llover recio. — Eunvlúe.,em_dash,matched_headword,high,machine_accepted,direct_page_headword_match,machine_derived,True,False
ORT1888-art-001350,ORT1888-cand-001350,1350,ORTEGA1888-TEPIC-IA,65,61,3405,3406,Llover quedo,Mechéhvia.,Llover quedo. — Mechéhvia.,em_dash,matched_headword,high,machine_accepted,direct_page_headword_match,machine_derived,True,False
ORT1888-art-001351,ORT1888-cand-001351,1351,ORTEGA1888-TEPIC-IA,65,61,3407,3408,Llover poco,Metalizarte.,Llover poco. — Metalizarte.,em_dash,matched_headword,high,machine_accepted,direct_page_headword_match,machine_derived,True,False
ORT1888-art-001352,ORT1888-cand-001352,1352,ORTEGA1888-TEPIC-IA,65,61,3409,3410,Llover mucho y quedo,Meciumuina..,Llover mucho y quedo. — Meciumuina..,em_dash,matched_headword,high,machine_accepted,direct_page_headword_match,machine_derived,True,False
ORT1888-art-001353,ORT1888-cand-001353,1353,ORTEGA1888-TEPIC-IA,65,61,3411,3416,Lluvia,Viteri.,Lluvia. — Viteri. | M.,em_dash,matched_headword,high,machine_accepted,direct_page_headword_match,machine_derived,True,False
ORT1888-art-001354,ORT1888-cand-001354,1354,ORTEGA1888-TEPIC-IA,65,61,3417,3418,"Mazamorra, vulgariter atole",Púzteri.,"Mazamorra, vulgariter atole. — Púzteri.",em_dash,matched_headword,high,machine_accepted,direct_page_headword_match,machine_derived,True,False
ORT1888-art-001355,ORT1888-cand-001355,1355,ORTEGA1888-TEPIC-IA,65,61,3419,3420,Mazamorra agria ó azeda,Tzinacatére.,Mazamorra agria ó azeda. — Tzinacatére.,em_dash,matched_headword,high,machine_accepted,direct_page_headword_match,machine_derived,True,False
ORT1888-art-001356,ORT1888-cand-001356,1356,ORTEGA1888-TEPIC-IA,65,61,3421,3422,Macho!,%Teata. pl. Teteácare.,Macho!— %Teata. pl. Teteácare.,em_dash,matched_headword,high,machine_accepted,direct_page_headword_match,machine_derived,True,False
ORT1888-art-001357,ORT1888-cand-001357,1357,ORTEGA1888-TEPIC-IA,65,61,3423,3424,Mazorca de maiz antes que se cuaje el Grano,"Zitati,","Mazorca de maiz antes que se cuaje el Grano. — Zitati,",em_dash,matched_headword,high,machine_accepted,direct_page_headword_match,machine_derived,True,False
ORT1888-art-001358,ORT1888-cand-001358,1358,ORTEGA1888-TEPIC-IA,65,61,3425,3426,Mazorca de maiz seco,Ykewriti.,Mazorca de maiz seco. — Ykewriti.,em_dash,matched_headword,high,machine_accepted,direct_page_headword_match,machine_derived,True,False
ORT1888-art-001359,ORT1888-cand-001359,1359,ORTEGA1888-TEPIC-IA,65,61,3427,3428,"Mazorca, el corazón de ella ya desgranada",Oüxat.,"Mazorca, el corazón de ella ya desgranada. — Oüxat.",em_dash,matched_headword,high,machine_accepted,direct_page_headword_match,machine_derived,True,False
ORT1888-art-001360,ORT1888-cand-001360,1360,ORTEGA1888-TEPIC-IA,65,61,3429,3430,Machucar,Toxa. Neti.,Machucar. — Toxa. Neti.,em_dash,matched_headword,high,machine_accepted,direct_page_headword_match,machine_derived,True,False
ORT1888-art-001361,ORT1888-cand-001361,1361,ORTEGA1888-TEPIC-IA,65,61,3431,3432,Madera y madero,Coi^ét.,Madera y madero. — Coi^ét.,em_dash,matched_headword,high,machine_accepted,direct_page_headword_match,machine_derived,True,False
ORT1888-art-001362,ORT1888-cand-001362,1362,ORTEGA1888-TEPIC-IA,65,61,3433,3434,Madrastra,Titexahuári.,Madrastra. — Titexahuári.,em_dash,matched_headword,high,machine_accepted,direct_page_headword_match,machine_derived,True,False
ORT1888-art-001363,ORT1888-cand-001363,1363,ORTEGA1888-TEPIC-IA,65,61,3435,3436,Madre,Tité.,Madre. ^— Tité.,em_dash,matched_headword,high,machine_accepted,direct_page_headword_match,machine_derived,True,False
ORT1888-art-001364,ORT1888-cand-001364,1364,ORTEGA1888-TEPIC-IA,65,61,3437,3438,"Madre, do concibe la mujer",Cápi.,"Madre, do concibe la mujer. — Cápi.",em_dash,matched_headword,high,machine_accepted,direct_page_headword_match,machine_derived,True,False
ORT1888-art-001365,ORT1888-cand-001365,1365,ORTEGA1888-TEPIC-IA,65,61,3439,3440,Mad roño,N Tucfái p u .,Mad roño. — N Tucfái p u .,em_dash,matched_headword,high,machine_accepted,direct_page_headword_match,machine_derived,True,False
ORT1888-art-001366,ORT1888-cand-001366,1366,ORTEGA1888-TEPIC-IA,65,61,3441,3442,Madurarse la fruta,Huacuázt.,Madurarse la fruta. — Huacuázt.,em_dash,matched_headword,high,machine_accepted,direct_page_headword_match,machine_derived,True,False
ORT1888-art-001367,ORT1888-cand-001367,1367,ORTEGA1888-TEPIC-IA,65,61,3443,3448,Madurarse el encordio ó inchazon,Abmueyemúe.,Madurarse el encordio ó inchazon. — Abmueyemúe. | 62,em_dash,matched_headword,high,machine_accepted,direct_page_headword_match,machine_derived,True,False
ORT1888-art-001368,ORT1888-cand-001368,1368,ORTEGA1888-TEPIC-IA,66,62,3449,3450,Maguei,Yuchit.,Maguei. — Yuchit.,em_dash,matched_headword,high,machine_accepted,direct_page_headword_match,machine_derived,True,False
ORT1888-art-001369,ORT1888-cand-001369,1369,ORTEGA1888-TEPIC-IA,65,61,3451,3452,Maiz,Yurit.,Maiz. — Yurit.,em_dash,matched_headword,high,machine_accepted,direct_page_headword_match,machine_derived,True,False
ORT1888-art-001370,ORT1888-cand-001370,1370,ORTEGA1888-TEPIC-IA,66,62,3453,3454,Maiz colorado,Tapoühibi.,Maiz colorado. — Tapoühibi.,em_dash,matched_headword,high,machine_accepted,direct_page_headword_match,machine_derived,True,False
ORT1888-art-001371,ORT1888-cand-001371,1371,ORTEGA1888-TEPIC-IA,66,62,3455,3456,Maiz nesrro,T eh u a ray.,Maiz nesrro. — T eh u a ray.,em_dash,matched_headword,high,machine_accepted,direct_page_headword_match,machine_derived,True,False
ORT1888-art-001372,ORT1888-cand-001372,1372,ORTEGA1888-TEPIC-IA,66,62,3457,3458,Maiz tremes,Tzéyémé.,Maiz tremes. — Tzéyémé.,em_dash,matched_headword,high,machine_accepted,direct_page_headword_match,machine_derived,True,False
ORT1888-art-001373,ORT1888-cand-001373,1373,ORTEGA1888-TEPIC-IA,66,62,3459,3460,Maiz tostado,Xaxeheri.,Maiz tostado. — Xaxeheri.,em_dash,matched_headword,high,machine_accepted,direct_page_headword_match,machine_derived,True,False
ORT1888-art-001374,ORT1888-cand-001374,1374,ORTEGA1888-TEPIC-IA,66,62,3461,3462,Mal ó mala cosa,vBusca fea. cosa,Mal ó mala cosa.— vBusca fea. cosa,em_dash,matched_headword,high,machine_accepted,direct_page_headword_match,machine_derived,True,False
ORT1888-art-001375,ORT1888-cand-001375,1375,ORTEGA1888-TEPIC-IA,66,62,3463,3464,Maldecir,Aaihta Neti.,Maldecir.— Aaihta Neti.,em_dash,matched_headword,high,machine_accepted,direct_page_headword_match,machine_derived,True,False
ORT1888-art-001376,ORT1888-cand-001376,1376,ORTEGA1888-TEPIC-IA,66,62,3465,3466,Maldición,Aahitzi.,Maldición. — Aahitzi.,em_dash,matched_headword,high,machine_accepted,direct_page_headword_match,machine_derived,True,False
ORT1888-art-001377,ORT1888-cand-001377,1377,ORTEGA1888-TEPIC-IA,66,62,3467,3468,"Malo estar, r",Busca enfermo estar.,"Malo estar, r— Busca enfermo estar.",em_dash,matched_headword,high,machine_accepted,direct_page_headword_match,machine_derived,True,False
ORT1888-art-001378,ORT1888-cand-001378,1378,ORTEGA1888-TEPIC-IA,66,62,3469,3470,Maltratar á otro de palabra,Texe,Maltratar á otro de palabra. — Texe,em_dash,matched_headword,high,machine_accepted,direct_page_headword_match,machine_derived,True,False
ORT1888-art-001379,ORT1888-cand-001379,1379,ORTEGA1888-TEPIC-IA,66,62,3471,3472,Maltratamiento tal,Te«xcat.,Maltratamiento tal. — Te«xcat.,em_dash,matched_headword,high,machine_accepted,direct_page_headword_match,machine_derived,True,False
ORT1888-art-001380,ORT1888-cand-001380,1380,ORTEGA1888-TEPIC-IA,66,62,3473,3474,Mamar,Tzeé. Ne.,"Mamar, — Tzeé. Ne.",em_dash,matched_headword,high,machine_accepted,direct_page_headword_match,machine_derived,True,False
ORT1888-art-001381,ORT1888-cand-001381,1381,ORTEGA1888-TEPIC-IA,66,62,3475,3476,Manar agua,Abmuéye.,Manar agua. — Abmuéye.,em_dash,matched_headword,high,machine_accepted,direct_page_headword_match,machine_derived,True,False
ORT1888-art-001382,ORT1888-cand-001382,1382,ORTEGA1888-TEPIC-IA,66,62,3477,3478,Mancebo,TWmiuaeztaé. Teámuai i.,Mancebo. — TWmiuaeztaé. Teámuai i.,em_dash,matched_headword,high,machine_accepted,direct_page_headword_match,machine_derived,True,False
ORT1888-art-001383,ORT1888-cand-001383,1383,ORTEGA1888-TEPIC-IA,66,62,3479,3484,Mancornar bestias,Teantálieca. Neti.,"Mancornar bestias.^— Teantálieca. Neti. | Manceba de hombre, v mancebo de | Neti.",em_dash,matched_headword,high,machine_accepted,direct_page_headword_match,machine_derived,True,False
ORT1888-art-001384,ORT1888-cand-001384,1384,ORTEGA1888-TEPIC-IA,66,62,3499,3499,Manchar algo,unuamare.,"Manchar algo, ^-unuamare.",hyphen_variant,matched_headword,medium,machine_accepted,direct_page_headword_match,machine_derived,True,False
ORT1888-art-001385,ORT1888-cand-001385,1385,ORTEGA1888-TEPIC-IA,66,62,3500,3505,Mandar á otro inferior,Aihte,Mandar á otro inferior. — Aihte | Neti. | Neti.,em_dash,matched_headword,high,machine_accepted,direct_page_headword_match,machine_derived,True,False
ORT1888-art-001386,ORT1888-cand-001386,1386,ORTEGA1888-TEPIC-IA,66,62,3507,3507,Mandamiento así,sTxateat.,Mandamiento así.— sTxateat.,em_dash,matched_headword,high,machine_accepted,direct_page_headword_match,machine_derived,True,False
ORT1888-art-001387,ORT1888-cand-001387,1387,ORTEGA1888-TEPIC-IA,66,62,3508,3508,Mancar bestias,Amuáheca. Nete.,Mancar bestias. — Amuáheca. Nete.,em_dash,matched_headword,high,machine_accepted,direct_page_headword_match,machine_derived,True,False
ORT1888-art-001388,ORT1888-cand-001388,1388,ORTEGA1888-TEPIC-IA,66,62,3509,3509,Manjar generalmente,Quahti.,Manjar generalmente. — Quahti.,em_dash,matched_headword,high,machine_accepted,direct_page_headword_match,machine_derived,True,False
ORT1888-art-001389,ORT1888-cand-001389,1389,ORTEGA1888-TEPIC-IA,66,62,3510,3510,Mano derecha,Vrite.,Mano derecha. — Vrite.,em_dash,matched_headword,high,machine_accepted,direct_page_headword_match,machine_derived,True,False
ORT1888-art-001390,ORT1888-cand-001390,1390,ORTEGA1888-TEPIC-IA,66,62,3511,3511,Mano izquierda,Busca izquierda mano.,Mano izquierda. — Busca izquierda mano.,em_dash,matched_headword,high,machine_accepted,direct_page_headword_match,machine_derived,True,False
ORT1888-art-001391,ORT1888-cand-001391,1391,ORTEGA1888-TEPIC-IA,66,62,3512,3512,Mano generalmente,Moamati.,Mano generalmente. — Moamati.,em_dash,matched_headword,high,machine_accepted,direct_page_headword_match,machine_derived,True,False
ORT1888-art-001392,ORT1888-cand-001392,1392,ORTEGA1888-TEPIC-IA,66,62,3513,3513,Manojo de flores etc,H^wkcá,Manojo de flores etc.^— H^wkcá,em_dash,matched_headword,high,machine_accepted,direct_page_headword_match,machine_derived,True,False
ORT1888-art-001393,ORT1888-cand-001393,1393,ORTEGA1888-TEPIC-IA,66,62,3514,3514,Manojo como el de tabaco,Hiria.,Manojo como el de tabaco. — Hiria.,em_dash,matched_headword,high,machine_accepted,direct_page_headword_match,machine_derived,True,False
ORT1888-art-001394,ORT1888-cand-001394,1394,ORTEGA1888-TEPIC-IA,66,62,3515,3515,"Mansa cosa, no brava",Muacáme.,"Mansa cosa, no brava. — Muacáme.",em_dash,matched_headword,high,machine_accepted,direct_page_headword_match,machine_derived,True,False
ORT1888-art-001395,ORT1888-cand-001395,1395,ORTEGA1888-TEPIC-IA,66,62,3516,3517,Manta,Taziti.,Manta. — Taziti.,em_dash,matched_headword,high,machine_accepted,direct_page_headword_match,machine_derived,True,False
ORT1888-art-001396,ORT1888-cand-001396,1396,ORTEGA1888-TEPIC-IA,66,62,3518,3518,Manteca sin derretir; grosura,Tezehut.,Manteca sin derretir; grosura. — Tezehut.,em_dash,matched_headword,high,machine_accepted,direct_page_headword_match,machine_derived,True,False
ORT1888-art-001397,ORT1888-cand-001397,1397,ORTEGA1888-TEPIC-IA,66,62,3519,3524,Manter á otro,Atacare. Neti.,Manter á otro. — Atacare. Neti. | W&¿*J&1&*,em_dash,matched_headword,high,machine_accepted,direct_page_headword_match,machine_derived,True,False
ORT1888-art-001398,ORT1888-cand-001398,1398,ORTEGA1888-TEPIC-IA,67,63,3528,3529,Mar,Vaac.,Mar. — Vaac.,em_dash,matched_headword,high,machine_accepted,direct_page_headword_match,machine_derived,True,False
ORT1888-art-001399,ORT1888-cand-001399,1399,ORTEGA1888-TEPIC-IA,67,63,3530,3531,Marcar,-Huaoiterit. Netihuanitérit.,Marcar. — -Huaoiterit. Netihuanitérit.,em_dash,matched_headword,high,machine_accepted,direct_page_headword_match,machine_derived,True,False
ORT1888-art-001400,ORT1888-cand-001400,1400,ORTEGA1888-TEPIC-IA,67,63,3532,3533,Marchitarse,Huateáheui.,Marchitarse. — Huateáheui.,em_dash,matched_headword,high,machine_accepted,direct_page_headword_match,machine_derived,True,False
ORT1888-art-001401,ORT1888-cand-001401,1401,ORTEGA1888-TEPIC-IA,67,63,3534,3535,Margen del rio,Busca orilla.,Margen del rio- — Busca orilla.,em_dash,matched_headword,high,machine_accepted,direct_page_headword_match,machine_derived,True,False
ORT1888-art-001402,ORT1888-cand-001402,1402,ORTEGA1888-TEPIC-IA,67,63,3536,3537,Marido,Tiquénna.,Marido. — Tiquénna.,em_dash,matched_headword,high,machine_accepted,direct_page_headword_match,machine_derived,True,False
ORT1888-art-001403,ORT1888-cand-001403,1403,ORTEGA1888-TEPIC-IA,67,63,3538,3539,Mariposa,Atzipoazt. pl. Atzipazi.,Mariposa. — Atzipoazt. pl. Atzipazi.,em_dash,matched_headword,high,machine_accepted,direct_page_headword_match,machine_derived,True,False
ORT1888-art-001404,ORT1888-cand-001404,1404,ORTEGA1888-TEPIC-IA,67,63,3540,3541,Martajar,Busca machucar.,Martajar. — Busca machucar.,em_dash,matched_headword,high,machine_accepted,direct_page_headword_match,machine_derived,True,False
ORT1888-art-001405,ORT1888-cand-001405,1405,ORTEGA1888-TEPIC-IA,67,63,3542,3543,Mas para continuar,Eitze.,Mas para continuar. — Eitze.,em_dash,matched_headword,high,machine_accepted,direct_page_headword_match,machine_derived,True,False
ORT1888-art-001406,ORT1888-cand-001406,1406,ORTEGA1888-TEPIC-IA,67,63,3544,3545,Mascar,Hücua. Nete.,Mascar — Hücua. Nete.,em_dash,matched_headword,high,machine_accepted,direct_page_headword_match,machine_derived,True,False
ORT1888-art-001407,ORT1888-cand-001407,1407,ORTEGA1888-TEPIC-IA,67,63,3546,3547,"Masparillo, especie de mizcal",Xahpoari.,"Masparillo, especie de mizcal. — Xahpoari.",em_dash,matched_headword,high,machine_accepted,direct_page_headword_match,machine_derived,True,False
ORT1888-art-001408,ORT1888-cand-001408,1408,ORTEGA1888-TEPIC-IA,67,63,3548,3549,Massa,Quaihtzit. Moat^zit.,Massa. — Quaihtzit. Moat^zit.,em_dash,matched_headword,high,machine_accepted,direct_page_headword_match,machine_derived,True,False
ORT1888-art-001409,ORT1888-cand-001409,1409,ORTEGA1888-TEPIC-IA,67,63,3550,3551,Mata ó pié de cualquier yerba,Yabtabé.,Mata ó pié de cualquier yerba. — Yabtabé.,em_dash,matched_headword,high,machine_accepted,direct_page_headword_match,machine_derived,True,False
ORT1888-art-001410,ORT1888-cand-001410,1410,ORTEGA1888-TEPIC-IA,67,63,3552,3553,Matar á otro,Mee. Ñeti. Heicat. Neti.,Matar á otro. — Mee. Ñeti. Heicat. Neti.,em_dash,matched_headword,high,machine_accepted,direct_page_headword_match,machine_derived,True,False
ORT1888-art-001411,ORT1888-cand-001411,1411,ORTEGA1888-TEPIC-IA,67,63,3554,3555,Matador,Temacaróme. pl. tzi.,Matador. — Temacaróme. pl. tzi.,em_dash,matched_headword,high,machine_accepted,direct_page_headword_match,machine_derived,True,False
ORT1888-art-001412,ORT1888-cand-001412,1412,ORTEGA1888-TEPIC-IA,67,63,3556,3557,Mascar el freno el Caballo,Teúkéme.,Mascar el freno el Caballo. — Teúkéme.,em_dash,matched_headword,high,machine_accepted,direct_page_headword_match,machine_derived,True,False
ORT1888-art-001413,ORT1888-cand-001413,1413,ORTEGA1888-TEPIC-IA,67,63,3558,3559,Matarse la Bestia,"Atatzá,","Matarse la Bestia. — Atatzá,",em_dash,matched_headword,high,machine_accepted,direct_page_headword_match,machine_derived,True,False
ORT1888-art-001414,ORT1888-cand-001414,1414,ORTEGA1888-TEPIC-IA,67,63,3560,3561,"Materia, podre",Móárit.,"Materia, podre. — Móárit.",em_dash,matched_headword,high,machine_accepted,direct_page_headword_match,machine_derived,True,False
ORT1888-art-001415,ORT1888-cand-001415,1415,ORTEGA1888-TEPIC-IA,67,63,3562,3563,Mecer el niño en la cuna,Antaüre. Nete.,Mecer el niño en la cuna. — Antaüre. Nete.,em_dash,matched_headword,high,machine_accepted,direct_page_headword_match,machine_derived,True,False
ORT1888-art-001416,ORT1888-cand-001416,1416,ORTEGA1888-TEPIC-IA,67,63,3564,3565,"Media cosa, la mitad",Aéita.,"Media cosa, la mitad.— Aéita.",em_dash,matched_headword,high,machine_accepted,direct_page_headword_match,machine_derived,True,False
ORT1888-art-001417,ORT1888-cand-001417,1417,ORTEGA1888-TEPIC-IA,67,63,3566,3567,Medio dia. ado,Tahapoatacaco,Medio dia. ado. — Tahapoatacaco,em_dash,matched_headword,high,machine_accepted,direct_page_headword_match,machine_derived,True,False
ORT1888-art-001418,ORT1888-cand-001418,1418,ORTEGA1888-TEPIC-IA,67,63,3568,3569,Medicina 6 medicamento,H^/atari,Medicina 6 medicamento. — H^/atari,em_dash,matched_headword,high,machine_accepted,direct_page_headword_match,machine_derived,True,False
ORT1888-art-001419,ORT1888-cand-001419,1419,ORTEGA1888-TEPIC-IA,67,63,3570,3571,Medida cualquiera,Yterit.,Medida cualquiera. — Yterit.,em_dash,matched_headword,high,machine_accepted,direct_page_headword_match,machine_derived,True,False
ORT1888-art-001420,ORT1888-cand-001420,1420,ORTEGA1888-TEPIC-IA,67,63,3572,3573,Medir generalmente,Thte. Neti.,Medir generalmente. — Thte. Neti.,em_dash,matched_headword,high,machine_accepted,direct_page_headword_match,machine_derived,True,False
ORT1888-art-001421,ORT1888-cand-001421,1421,ORTEGA1888-TEPIC-IA,67,63,3574,3575,Melon,Moronez.,Melon. — Moronez.,em_dash,matched_headword,high,machine_accepted,direct_page_headword_match,machine_derived,True,False
ORT1888-art-001422,ORT1888-cand-001422,1422,ORTEGA1888-TEPIC-IA,67,63,3576,3577,Mellai- el cuchillo,Teáhtapoa Nete.,Mellai- el cuchillo. — Teáhtapoa Nete.,em_dash,matched_headword,high,machine_accepted,direct_page_headword_match,machine_derived,True,False
ORT1888-art-001423,ORT1888-cand-001423,1423,ORTEGA1888-TEPIC-IA,67,63,3578,3579,Memoria,Muarereat.,Memoria. — Muarereat.,em_dash,matched_headword,high,machine_accepted,direct_page_headword_match,machine_derived,True,False
ORT1888-art-001424,ORT1888-cand-001424,1424,ORTEGA1888-TEPIC-IA,67,63,3580,3581,Menear algo,Taúre. Nete.,Menear algo.— Taúre. Nete.,em_dash,matched_headword,high,machine_accepted,direct_page_headword_match,machine_derived,True,False
ORT1888-art-001425,ORT1888-cand-001425,1425,ORTEGA1888-TEPIC-IA,67,63,3582,3583,Menear los párpados,Aceákeve.,Menear los párpados. — Aceákeve.,em_dash,matched_headword,high,machine_accepted,direct_page_headword_match,machine_derived,True,False
ORT1888-art-001426,ORT1888-cand-001426,1426,ORTEGA1888-TEPIC-IA,67,63,3584,3585,Menear los labios,Ténive. Ne.,Menear los labios. — Ténive. Ne.,em_dash,matched_headword,high,machine_accepted,direct_page_headword_match,machine_derived,True,False
ORT1888-art-001427,ORT1888-cand-001427,1427,ORTEGA1888-TEPIC-IA,67,63,3586,3587,Menear la cabeza,Muve. Ne.,Menear la cabeza. — Muve. Ne.,em_dash,matched_headword,high,machine_accepted,direct_page_headword_match,machine_derived,True,False
ORT1888-art-001428,ORT1888-cand-001428,1428,ORTEGA1888-TEPIC-IA,67,63,3588,3589,Menester ser,NVxéve,Menester ser.— NVxéve,em_dash,matched_headword,high,machine_accepted,direct_page_headword_match,machine_derived,True,False
ORT1888-art-001429,ORT1888-cand-001429,1429,ORTEGA1888-TEPIC-IA,67,63,3590,3595,Mencionar,^Xahta. Neti.,Mencionar.— ^Xahta. Neti. | JEifffES,em_dash,matched_headword,high,machine_accepted,direct_page_headword_match,machine_derived,True,False
ORT1888-art-001430,ORT1888-cand-001430,1430,ORTEGA1888-TEPIC-IA,68,64,3614,3614,Mentir,Huaátn,Mentir. — Huaátn,em_dash,matched_headword,high,machine_accepted,direct_page_headword_match,machine_derived,True,False
ORT1888-art-001431,ORT1888-cand-001431,1431,ORTEGA1888-TEPIC-IA,68,64,3615,3615,Mentira,Huátzit.,Mentira. — Huátzit.,em_dash,matched_headword,high,machine_accepted,direct_page_headword_match,machine_derived,True,False
ORT1888-art-001432,ORT1888-cand-001432,1432,ORTEGA1888-TEPIC-IA,68,64,3616,3616,Mentiroso,Tehuacitáme,Mentiroso. — Tehuacitáme,em_dash,matched_headword,high,machine_accepted,direct_page_headword_match,machine_derived,True,False
ORT1888-art-001433,ORT1888-cand-001433,1433,ORTEGA1888-TEPIC-IA,68,64,3617,3617,Mercar,Nana. Neti.,Mercar. — Nana. Neti.,em_dash,matched_headword,high,machine_accepted,direct_page_headword_match,machine_derived,True,False
ORT1888-art-001434,ORT1888-cand-001434,1434,ORTEGA1888-TEPIC-IA,68,64,3618,3618,Mercaduria,Nanaéerit.,Mercaduria. — Nanaéerit.,em_dash,matched_headword,high,machine_accepted,direct_page_headword_match,machine_derived,True,False
ORT1888-art-001435,ORT1888-cand-001435,1435,ORTEGA1888-TEPIC-IA,68,64,3619,3619,Mercador,Titoáme. pl. tzi.,Mercador. — Titoáme. pl. tzi.,em_dash,matched_headword,high,machine_accepted,direct_page_headword_match,machine_derived,True,False
ORT1888-art-001436,ORT1888-cand-001436,1436,ORTEGA1888-TEPIC-IA,68,64,3620,3620,Mercado aver,Tuihua.,Mercado aver. — Tuihua.,em_dash,matched_headword,high,machine_accepted,direct_page_headword_match,machine_derived,True,False
ORT1888-art-001437,ORT1888-cand-001437,1437,ORTEGA1888-TEPIC-IA,68,64,3621,3621,"Mercenario, correo",Ytneií.,"Mercenario, correo. — Ytneií.",em_dash,matched_headword,high,machine_accepted,direct_page_headword_match,machine_derived,True,False
ORT1888-art-001438,ORT1888-cand-001438,1438,ORTEGA1888-TEPIC-IA,68,64,3622,3622,Merecer,Nuaite Neteu.,Merecer. — Nuaite Neteu.,em_dash,matched_headword,high,machine_accepted,direct_page_headword_match,machine_derived,True,False
ORT1888-art-001439,ORT1888-cand-001439,1439,ORTEGA1888-TEPIC-IA,68,64,3623,3623,Mermar la cosa,Aubet.,Mermar la cosa. — Aubet.,em_dash,matched_headword,high,machine_accepted,direct_page_headword_match,machine_derived,True,False
ORT1888-art-001440,ORT1888-cand-001440,1440,ORTEGA1888-TEPIC-IA,68,64,3624,3625,Mes,Matzakere,Mes. — Matzakere,em_dash,matched_headword,high,machine_accepted,direct_page_headword_match,machine_derived,True,False
ORT1888-art-001441,ORT1888-cand-001441,1441,ORTEGA1888-TEPIC-IA,68,64,3626,3626,Messar la barba,^ncutñéhri. Nete.,Messar la barba— ^ncutñéhri. Nete.,em_dash,matched_headword,high,machine_accepted,direct_page_headword_match,machine_derived,True,False
ORT1888-art-001442,ORT1888-cand-001442,1442,ORTEGA1888-TEPIC-IA,68,64,3627,3627,Messarlos cabellos,Ciípi. Neteu.,Messarlos cabellos.— Ciípi. Neteu.,em_dash,matched_headword,high,machine_accepted,direct_page_headword_match,machine_derived,True,False
ORT1888-art-001443,ORT1888-cand-001443,1443,ORTEGA1888-TEPIC-IA,68,64,3628,3628,"Mestruo, baxarle á la mujer",Areuze,"Mestruo, baxarle á la mujer.- Areuze",hyphen_variant,matched_headword,medium,machine_accepted,direct_page_headword_match,machine_derived,True,False
ORT1888-art-001444,ORT1888-cand-001444,1444,ORTEGA1888-TEPIC-IA,68,64,3629,3632,Metal,Tepüzti.,Metal.— Tepüzti. | Meter en el aposento ó en el corra | Nete.,em_dash,matched_headword,high,machine_accepted,direct_page_headword_match,machine_derived,True,False
ORT1888-art-001445,ORT1888-cand-001445,1445,ORTEGA1888-TEPIC-IA,68,64,3633,3633,Meter como en la caja,Teauhteahua.,"Meter como en la caja, — Teauhteahua.",em_dash,matched_headword,high,machine_accepted,direct_page_headword_match,machine_derived,True,False
ORT1888-art-001446,ORT1888-cand-001446,1446,ORTEGA1888-TEPIC-IA,68,64,3634,3634,Meter en la bolsa,Aücauteahua. Nete.,Meter en la bolsa. — Aücauteahua. Nete.,em_dash,matched_headword,high,machine_accepted,direct_page_headword_match,machine_derived,True,False
ORT1888-art-001447,ORT1888-cand-001447,1447,ORTEGA1888-TEPIC-IA,68,64,3635,3635,Meter como el hilo en la aguja,Anauhteahua. Neti,Meter como el hilo en la aguja. — Anauhteahua. Neti,em_dash,matched_headword,high,machine_accepted,direct_page_headword_match,machine_derived,True,False
ORT1888-art-001448,ORT1888-cand-001448,1448,ORTEGA1888-TEPIC-IA,68,64,3636,3636,Mexilla de la cara,Vpezit.,Mexilla de la cara.-^Vpezit.,hyphen_variant,matched_headword,medium,machine_accepted,direct_page_headword_match,machine_derived,True,False
ORT1888-art-001449,ORT1888-cand-001449,1449,ORTEGA1888-TEPIC-IA,68,64,3637,3637,Mezquino,Timuahehe. pl,Mezquino. — Timuahehe. pl,em_dash,matched_headword,high,machine_accepted,direct_page_headword_match,machine_derived,True,False
ORT1888-art-001450,ORT1888-cand-001450,1450,ORTEGA1888-TEPIC-IA,68,64,3638,3638,Miedo,Tz^f/neat.,"Miedo. ,— Tz^f/neat.",em_dash,matched_headword,high,machine_accepted,direct_page_headword_match,machine_derived,True,False
ORT1888-art-001451,ORT1888-cand-001451,1451,ORTEGA1888-TEPIC-IA,68,64,3639,3639,"Miedoso, r",Titzeune,"Miedoso, r- Titzeune",hyphen_variant,matched_headword,medium,machine_accepted,direct_page_headword_match,machine_derived,True,False
ORT1888-art-001452,ORT1888-cand-001452,1452,ORTEGA1888-TEPIC-IA,68,64,3640,3640,Miedo tener,NTzeuni. Neti.,Miedo tener. — NTzeuni. Neti.,em_dash,matched_headword,high,machine_accepted,direct_page_headword_match,machine_derived,True,False
ORT1888-art-001453,ORT1888-cand-001453,1453,ORTEGA1888-TEPIC-IA,68,64,3641,3641,Miel de abejas,Zearati. &.,Miel de abejas. — Zearati. &.,em_dash,matched_headword,high,machine_accepted,direct_page_headword_match,machine_derived,True,False
ORT1888-art-001454,ORT1888-cand-001454,1454,ORTEGA1888-TEPIC-IA,68,64,3642,3642,Miel hacer las abejas,Matahua,Miel hacer las abejas. — Matahua,em_dash,matched_headword,high,machine_accepted,direct_page_headword_match,machine_derived,True,False
ORT1888-art-001455,ORT1888-cand-001455,1455,ORTEGA1888-TEPIC-IA,68,64,3643,3643,Miembro del hombre,Cainit.,Miembro del hombre. — Cainit.,em_dash,matched_headword,high,machine_accepted,direct_page_headword_match,machine_derived,True,False
ORT1888-art-001456,ORT1888-cand-001456,1456,ORTEGA1888-TEPIC-IA,68,64,3644,3648,Mierda,Chuitáti.,Mierda. — Chuitáti. | Ne.,em_dash,matched_headword,high,machine_accepted,direct_page_headword_match,machine_derived,True,False
,ORT1888-cand-001457,1457,ORTEGA1888-TEPIC-IA,68,64,3649,3654,I,Nteanhtealía,I. — Nteanhtealía | Nete. | Tinuiabcheactzi.,em_dash,inferred_sequence,medium,machine_uncertain,page_alignment_unresolved,machine_derived,False,False
ORT1888-art-001458,ORT1888-cand-001458,1458,ORTEGA1888-TEPIC-IA,69,65,3665,3666,Mina,Tecüzco.,Mina.— Tecüzco.,em_dash,matched_headword,high,machine_accepted,direct_page_headword_match,machine_derived,True,False
ORT1888-art-001459,ORT1888-cand-001459,1459,ORTEGA1888-TEPIC-IA,69,65,3667,3668,Mirar,"Celia, Neti.","Mirar.— Celia, Neti.",em_dash,matched_headword,high,machine_accepted,direct_page_headword_match,machine_derived,True,False
ORT1888-art-001460,ORT1888-cand-001460,1460,ORTEGA1888-TEPIC-IA,69,65,3669,3672,Mitad de alguna cosa,-Busca medite,Mitad de alguna cosa. — -Busca medite | Mirar saliendo de lo oscuro^Mápunéri. Manimeri.,em_dash,matched_headword,high,machine_accepted,direct_page_headword_match,machine_derived,True,False
ORT1888-art-001461,ORT1888-cand-001461,1461,ORTEGA1888-TEPIC-IA,69,65,3673,3674,Moco de nai ices,"-Tzumet,","Moco de nai ices. — -Tzumet,",em_dash,matched_headword,high,machine_accepted,direct_page_headword_match,machine_derived,True,False
ORT1888-art-001462,ORT1888-cand-001462,1462,ORTEGA1888-TEPIC-IA,69,65,3675,3676,Mozo de edad,Busca mancebo.,Mozo de edad.- — Busca mancebo.,em_dash,matched_headword,high,machine_accepted,direct_page_headword_match,machine_derived,True,False
ORT1888-art-001463,ORT1888-cand-001463,1463,ORTEGA1888-TEPIC-IA,69,65,3677,3678,"Mofar, escarnecer",Busca menos preciar.,"Mofar, escarnecer. — Busca menos preciar.",em_dash,matched_headword,high,machine_accepted,direct_page_headword_match,machine_derived,True,False
ORT1888-art-001464,ORT1888-cand-001464,1464,ORTEGA1888-TEPIC-IA,69,65,3679,3680,Molió como de pan,Múcuare.,Molió como de pan. — Múcuare.,em_dash,matched_headword,high,machine_accepted,direct_page_headword_match,machine_derived,True,False
ORT1888-art-001465,ORT1888-cand-001465,1465,ORTEGA1888-TEPIC-IA,69,65,3681,3682,Moho (-orno de hierro,Vehiiifcamoa.,Moho (-orno de hierro. — Vehiiifcamoa.,em_dash,matched_headword,high,machine_accepted,direct_page_headword_match,machine_derived,True,False
ORT1888-art-001466,ORT1888-cand-001466,1466,ORTEGA1888-TEPIC-IA,69,65,3683,3684,Mojarse,"Habé. Ne,","Mojarse. — Habé. Ne,",em_dash,matched_headword,high,machine_accepted,direct_page_headword_match,machine_derived,True,False
ORT1888-art-001467,ORT1888-cand-001467,1467,ORTEGA1888-TEPIC-IA,69,65,3685,3687,Mojarse cayendo en el agua,sHuapaznaca. Napaz-,Mojarse cayendo en el agua.— sHuapaznaca. Napaz- | n acá,em_dash,matched_headword,high,machine_accepted,direct_page_headword_match,machine_derived,True,False
ORT1888-art-001468,ORT1888-cand-001468,1468,ORTEGA1888-TEPIC-IA,69,65,3688,3688,Moler,A.te.uxe. Nete.,Moler — A.te.uxe. Nete.,em_dash,matched_headword,high,machine_accepted,direct_page_headword_match,machine_derived,True,False
ORT1888-art-001469,ORT1888-cand-001469,1469,ORTEGA1888-TEPIC-IA,69,65,3689,3690,Moledor de niaiz,Muatati.,"Moledor de niaiz. — Muatati. | Molendero, el que muele. = lVw/it.",em_dash,matched_headword,high,machine_accepted,direct_page_headword_match,machine_derived,True,False
ORT1888-art-001470,ORT1888-cand-001470,1470,ORTEGA1888-TEPIC-IA,69,65,3691,3691,"Mondar algo como habas, papas, &",Hatzúpé. Neti.,"Mondar algo como habas, papas, &. -Hatzúpé. Neti.",hyphen_variant,matched_headword,medium,machine_accepted,direct_page_headword_match,machine_derived,True,False
ORT1888-art-001471,ORT1888-cand-001471,1471,ORTEGA1888-TEPIC-IA,69,65,3692,3692,Monte,Óeotzahtá. Muutzita.,Monte. — Óeotzahtá. Muutzita.,em_dash,matched_headword,high,machine_accepted,direct_page_headword_match,machine_derived,True,False
ORT1888-art-001472,ORT1888-cand-001472,1472,ORTEGA1888-TEPIC-IA,69,65,3693,3693,Montear,Busca casar.,Montear. — Busca casar.,em_dash,matched_headword,high,machine_accepted,direct_page_headword_match,machine_derived,True,False
ORT1888-art-001473,ORT1888-cand-001473,1473,ORTEGA1888-TEPIC-IA,69,65,3694,3695,Morar,"Che, Ne.","Morar.— Che, Ne.",em_dash,matched_headword,high,machine_accepted,direct_page_headword_match,machine_derived,True,False
ORT1888-art-001474,ORT1888-cand-001474,1474,ORTEGA1888-TEPIC-IA,69,65,3696,3696,"Morciélago, ave nocturna",Atzizt. pl. Atzizzi.,"Morciélago, ave nocturna, — Atzizt. pl. Atzizzi.",em_dash,matched_headword,high,machine_accepted,direct_page_headword_match,machine_derived,True,False
ORT1888-art-001475,ORT1888-cand-001475,1475,ORTEGA1888-TEPIC-IA,69,65,3697,3697,Morado color,Forceara.,Morado color. — Forceara.,em_dash,matched_headword,high,machine_accepted,direct_page_headword_match,machine_derived,True,False
ORT1888-art-001476,ORT1888-cand-001476,1476,ORTEGA1888-TEPIC-IA,69,65,3698,3698,Morder,Che Neteu.,Morder. — Che Neteu.,em_dash,matched_headword,high,machine_accepted,direct_page_headword_match,machine_derived,True,False
ORT1888-art-001477,ORT1888-cand-001477,1477,ORTEGA1888-TEPIC-IA,69,65,3699,3699,Mordedura,Cheat,"Mordedura,— Cheat",em_dash,matched_headword,high,machine_accepted,direct_page_headword_match,machine_derived,True,False
ORT1888-art-001478,ORT1888-cand-001478,1478,ORTEGA1888-TEPIC-IA,69,65,3700,3700,Morir,-Mneké. Ne.,Morir.- -Mneké. Ne.,hyphen_variant,matched_headword,medium,machine_accepted,direct_page_headword_match,machine_derived,True,False
ORT1888-art-001479,ORT1888-cand-001479,1479,ORTEGA1888-TEPIC-IA,69,65,3701,3701,Morirse de frió,N Busca frió tener.,Morirse de frió.— N Busca frió tener.,em_dash,matched_headword,high,machine_accepted,direct_page_headword_match,machine_derived,True,False
ORT1888-art-001480,ORT1888-cand-001480,1480,ORTEGA1888-TEPIC-IA,69,65,3702,3703,Mosca,X.HCU. pl. ri.,Mosca. — X.HCU. pl. ri.,em_dash,matched_headword,high,machine_accepted,direct_page_headword_match,machine_derived,True,False
ORT1888-art-001481,ORT1888-cand-001481,1481,ORTEGA1888-TEPIC-IA,69,65,3704,3704,Mosquito qne llaman gegen,Zéte. pl. Zetzé.,Mosquito qne llaman gegen. — Zéte. pl. Zetzé.,em_dash,matched_headword,high,machine_accepted,direct_page_headword_match,machine_derived,True,False
ORT1888-art-001482,ORT1888-cand-001482,1482,ORTEGA1888-TEPIC-IA,69,65,3705,3705,"Mosquito, otro que hace ruido","Húna, pl. ri.","Mosquito, otro que hace ruido-. — Húna, pl. ri.",em_dash,matched_headword,high,machine_accepted,direct_page_headword_match,machine_derived,True,False
ORT1888-art-001483,ORT1888-cand-001483,1483,ORTEGA1888-TEPIC-IA,69,65,3706,3708,"Mosquito, otro (pie se mete en los ojos",Nexc?/meti. pl.,"Mosquito, otro (pie se mete en los ojos.— Nexc?/meti. pl. | Netzcwmetzi.",em_dash,matched_headword,high,machine_accepted,direct_page_headword_match,machine_derived,True,False
ORT1888-art-001484,ORT1888-cand-001484,1484,ORTEGA1888-TEPIC-IA,69,65,3709,3714,"Mosquito, otro",Ceanai. pl. tzí.,"Mosquito, otro.,— Ceanai. pl. tzí. | M",em_dash,matched_headword,high,machine_accepted,direct_page_headword_match,machine_derived,True,False
ORT1888-art-001485,ORT1888-cand-001485,1485,ORTEGA1888-TEPIC-IA,70,66,3724,3725,Mostrar algo con el dedo,Busca apuntan,"Mostrar algo con el dedo.,— Busca apuntan",em_dash,matched_headword,high,machine_accepted,direct_page_headword_match,machine_derived,True,False
ORT1888-art-001486,ORT1888-cand-001486,1486,ORTEGA1888-TEPIC-IA,70,66,3726,3727,"Moverse, menearse",> Hüa. Ne.,"Moverse, menearse.— > Hüa. Ne.",em_dash,matched_headword,high,machine_accepted,direct_page_headword_match,machine_derived,True,False
ORT1888-art-001487,ORT1888-cand-001487,1487,ORTEGA1888-TEPIC-IA,70,66,3728,3729,Muchas veces,N M'ui xo.,Muchas veces. — N M'ui xo.,em_dash,matched_headword,high,machine_accepted,direct_page_headword_match,machine_derived,True,False
ORT1888-art-001488,ORT1888-cand-001488,1488,ORTEGA1888-TEPIC-IA,70,66,3730,3731,Mucho,Mu ü.,Mucho.— Mu ü.,em_dash,matched_headword,high,machine_accepted,direct_page_headword_match,machine_derived,True,False
ORT1888-art-001489,ORT1888-cand-001489,1489,ORTEGA1888-TEPIC-IA,70,66,3732,3733,Muchacho,Párezt. pi. 'íeuvitze.,Muchacho. — Párezt. pi. 'íeuvitze.,em_dash,matched_headword,high,machine_accepted,direct_page_headword_match,machine_derived,True,False
ORT1888-art-001490,ORT1888-cand-001490,1490,ORTEGA1888-TEPIC-IA,70,66,3734,3735,Mudar los dientes,Tametzé. Né.,Mudar los dientes. — Tametzé. Né.,em_dash,matched_headword,high,machine_accepted,direct_page_headword_match,machine_derived,True,False
ORT1888-art-001491,ORT1888-cand-001491,1491,ORTEGA1888-TEPIC-IA,70,66,3736,3738,Mudar poniendo una cosa en -lugar de otra,Poatát:,Mudar poniendo una cosa en -lugar de otra — Poatát: | Neti.,em_dash,matched_headword,high,machine_accepted,direct_page_headword_match,machine_derived,True,False
ORT1888-art-001492,ORT1888-cand-001492,1492,ORTEGA1888-TEPIC-IA,70,66,3739,3739,Mudo,Capuatanéube.,Mudo. — Capuatanéube.,em_dash,matched_headword,high,machine_accepted,direct_page_headword_match,machine_derived,True,False
ORT1888-art-001493,ORT1888-cand-001493,1493,ORTEGA1888-TEPIC-IA,70,66,3740,3740,Muela,Taméti.,Muela. — Taméti.,em_dash,matched_headword,high,machine_accepted,direct_page_headword_match,machine_derived,True,False
ORT1888-art-001494,ORT1888-cand-001494,1494,ORTEGA1888-TEPIC-IA,70,66,3741,3742,Muerte,Muéat.,Muerte — Muéat.,em_dash,matched_headword,high,machine_accepted,direct_page_headword_match,machine_derived,True,False
ORT1888-art-001495,ORT1888-cand-001495,1495,ORTEGA1888-TEPIC-IA,70,66,3743,3743,Muerto por enfermedad,Muechit. pl. eri.,Muerto por enfermedad. — Muechit. pl. eri.,em_dash,matched_headword,high,machine_accepted,direct_page_headword_match,machine_derived,True,False
ORT1888-art-001496,ORT1888-cand-001496,1496,ORTEGA1888-TEPIC-IA,70,66,3744,3746,Muerto porque ye mató o lo mataron,Merit. p,"Muerto porque ye mató o lo mataron., — Merit. p | tzi.",em_dash,matched_headword,high,machine_accepted,direct_page_headword_match,machine_derived,True,False
ORT1888-art-001497,ORT1888-cand-001497,1497,ORTEGA1888-TEPIC-IA,70,66,3747,3747,Muger,Uita. pl. TJcari.,Muger.— Uita. pl. TJcari.,em_dash,matched_headword,high,machine_accepted,direct_page_headword_match,machine_derived,True,False
ORT1888-art-001498,ORT1888-cand-001498,1498,ORTEGA1888-TEPIC-IA,70,66,3748,3750,Mundo,Chianacat.,"Mundo.— Chianacat. | ""S.",em_dash,matched_headword,high,machine_accepted,direct_page_headword_match,machine_derived,True,False
ORT1888-art-001499,ORT1888-cand-001499,1499,ORTEGA1888-TEPIC-IA,70,66,3751,3751,JNacer,Huanuéhuaca. Nanuéhuaca.,"JNacer., — Huanuéhuaca. Nanuéhuaca.",em_dash,matched_headword,high,machine_accepted,direct_page_headword_match,machine_derived,True,False
ORT1888-art-001500,ORT1888-cand-001500,1500,ORTEGA1888-TEPIC-IA,70,66,3752,3752,Nacer Ja planta,Atué.,Nacer Ja planta— Atué.,em_dash,matched_headword,high,machine_accepted,direct_page_headword_match,machine_derived,True,False
ORT1888-art-001501,ORT1888-cand-001501,1501,ORTEGA1888-TEPIC-IA,70,66,3753,3753,Nacido ó encordio,Atzáti.,Nacido ó encordio. — Atzáti.,em_dash,matched_headword,high,machine_accepted,direct_page_headword_match,machine_derived,True,False
ORT1888-art-001502,ORT1888-cand-001502,1502,ORTEGA1888-TEPIC-IA,70,66,3754,3754,Nacimiento,Nucat.,Nacimiento. — Nucat.,em_dash,matched_headword,high,machine_accepted,direct_page_headword_match,machine_derived,True,False
ORT1888-art-001503,ORT1888-cand-001503,1503,ORTEGA1888-TEPIC-IA,70,66,3755,3755,"Nada, ninguma cosa",Capufcita.e.,"Nada, ninguma cosa.— Capufcita.e.",em_dash,matched_headword,high,machine_accepted,direct_page_headword_match,machine_derived,True,False
ORT1888-art-001504,ORT1888-cand-001504,1504,ORTEGA1888-TEPIC-IA,70,66,3756,3756,Nadar,Antahuazim. Ne.,Nadar. — Antahuazim. Ne.,em_dash,matched_headword,high,machine_accepted,direct_page_headword_match,machine_derived,True,False
ORT1888-art-001505,ORT1888-cand-001505,1505,ORTEGA1888-TEPIC-IA,70,66,3757,3757,Nadie por ninguno,Capuata.,Nadie por ninguno.— Capuata.,em_dash,matched_headword,high,machine_accepted,direct_page_headword_match,machine_derived,True,False
ORT1888-art-001506,ORT1888-cand-001506,1506,ORTEGA1888-TEPIC-IA,70,66,3758,3758,Nalga,Tetuvatéte,"Nalga. ,-Tetuvatéte",hyphen_variant,matched_headword,medium,machine_accepted,direct_page_headword_match,machine_derived,True,False
ORT1888-art-001507,ORT1888-cand-001507,1507,ORTEGA1888-TEPIC-IA,70,66,3759,3760,Nariz,Tzóriti-,Nariz. — Tzóriti-,em_dash,matched_headword,high,machine_accepted,direct_page_headword_match,machine_derived,True,False
ORT1888-art-001508,ORT1888-cand-001508,1508,ORTEGA1888-TEPIC-IA,70,66,3761,3761,Nata azer la leche. &,Áucurahuaenacá.,Nata azer la leche. &. — Áucurahuaenacá.,em_dash,matched_headword,high,machine_accepted,direct_page_headword_match,machine_derived,True,False
ORT1888-art-001509,ORT1888-cand-001509,1509,ORTEGA1888-TEPIC-IA,70,66,3762,3762,Natura de Macho,Cainit.,Natura de Macho. — Cainit.,em_dash,matched_headword,high,machine_accepted,direct_page_headword_match,machine_derived,True,False
ORT1888-art-001510,ORT1888-cand-001510,1510,ORTEGA1888-TEPIC-IA,70,66,3763,3764,Natura de hembra,Xapiti.,Natura de hembra.— Xapiti.,em_dash,matched_headword,high,machine_accepted,direct_page_headword_match,machine_derived,True,False
ORT1888-art-001511,ORT1888-cand-001511,1511,ORTEGA1888-TEPIC-IA,70,66,3765,3765,Necesidad tener de alguna,"Busca menester ser,","Necesidad tener de alguna. — Busca menester ser,",em_dash,matched_headword,high,machine_accepted,direct_page_headword_match,machine_derived,True,False
ORT1888-art-001512,ORT1888-cand-001512,1512,ORTEGA1888-TEPIC-IA,70,66,3766,3771,Negociar,"Huaviri. Neti,","Negociar.— Huaviri. Neti, | ?*m",em_dash,matched_headword,high,machine_accepted,direct_page_headword_match,machine_derived,True,False
ORT1888-art-001513,ORT1888-cand-001513,1513,ORTEGA1888-TEPIC-IA,71,67,3775,3776,N egociacioii,Hiraviriat.,N egociacioii. — Hiraviriat.,em_dash,matched_headword,high,machine_accepted,direct_page_headword_match,machine_derived,True,False
ORT1888-art-001514,ORT1888-cand-001514,1514,ORTEGA1888-TEPIC-IA,71,67,3777,3778,"Negro, color","Texúmá,-","Negro, color. — Texúmá,-",em_dash,matched_headword,high,machine_accepted,direct_page_headword_match,machine_derived,True,False
ORT1888-art-001515,ORT1888-cand-001515,1515,ORTEGA1888-TEPIC-IA,71,67,3779,3780,Negro hacer,Xiimave. Nete.,Negro hacer.— Xiimave. Nete.,em_dash,matched_headword,high,machine_accepted,direct_page_headword_match,machine_derived,True,False
ORT1888-art-001516,ORT1888-cand-001516,1516,ORTEGA1888-TEPIC-IA,71,67,3781,3782,Nervio,. Tata ti.,Nervio.-^. Tata ti.,hyphen_variant,matched_headword,medium,machine_accepted,direct_page_headword_match,machine_derived,True,False
ORT1888-art-001517,ORT1888-cand-001517,1517,ORTEGA1888-TEPIC-IA,71,67,3783,3784,"Nevar, caer nieve",Ceritpuhuabét.,"Nevar, caer nieve. — Ceritpuhuabét.",em_dash,matched_headword,high,machine_accepted,direct_page_headword_match,machine_derived,True,False
ORT1888-art-001518,ORT1888-cand-001518,1518,ORTEGA1888-TEPIC-IA,71,67,3785,3786,"Nidal- el ave, hazer nido",Uchauhri. Neiuohauüi.,"Nidal- el ave, hazer nido. — Uchauhri. Neiuohauüi.",em_dash,matched_headword,high,machine_accepted,direct_page_headword_match,machine_derived,True,False
ORT1888-art-001519,ORT1888-cand-001519,1519,ORTEGA1888-TEPIC-IA,71,67,3787,3788,Nido,"Cía úrit,","Nido.— Cía úrit,",em_dash,matched_headword,high,machine_accepted,direct_page_headword_match,machine_derived,True,False
ORT1888-art-001520,ORT1888-cand-001520,1520,ORTEGA1888-TEPIC-IA,71,67,3789,3790,Niebla aver. r,Huáhaite.,Niebla aver. r-Huáhaite.,hyphen_variant,matched_headword,medium,machine_accepted,direct_page_headword_match,machine_derived,True,False
ORT1888-art-001521,ORT1888-cand-001521,1521,ORTEGA1888-TEPIC-IA,71,67,3791,3792,Nieto ó nieta de la mugeiv,: Tiyácuari.,Nieto ó nieta de la mugeiv — : Tiyácuari.,em_dash,matched_headword,high,machine_accepted,direct_page_headword_match,machine_derived,True,False
ORT1888-art-001522,ORT1888-cand-001522,1522,ORTEGA1888-TEPIC-IA,71,67,3793,3794,"Nieto ó nieta, del varón",Tiyaxú,"Nieto ó nieta, del varón. — Tiyaxú",em_dash,matched_headword,high,machine_accepted,direct_page_headword_match,machine_derived,True,False
ORT1888-art-001523,ORT1888-cand-001523,1523,ORTEGA1888-TEPIC-IA,71,67,3795,3796,Nieve,Córit.,Nieve. — Córit.,em_dash,matched_headword,high,machine_accepted,direct_page_headword_match,machine_derived,True,False
ORT1888-art-001524,ORT1888-cand-001524,1524,ORTEGA1888-TEPIC-IA,71,67,3797,3798,Ninguna cosa,Busca nadie.,Ninguna cosa — Busca nadie.,em_dash,matched_headword,high,machine_accepted,direct_page_headword_match,machine_derived,True,False
ORT1888-art-001525,ORT1888-cand-001525,1525,ORTEGA1888-TEPIC-IA,70,66,3799,3800,Ninguno,Busca nadie.,"Ninguno. ,— Busca nadie.",em_dash,matched_headword,high,machine_accepted,direct_page_headword_match,machine_derived,True,False
ORT1888-art-001526,ORT1888-cand-001526,1526,ORTEGA1888-TEPIC-IA,71,67,3801,3802,No,"-Ehé, capu cañó, canui.","No. — -Ehé, capu cañó, canui.",em_dash,matched_headword,high,machine_accepted,direct_page_headword_match,machine_derived,True,False
ORT1888-art-001527,ORT1888-cand-001527,1527,ORTEGA1888-TEPIC-IA,71,67,3803,3804,No ha mucho,Aucheámo.,No ha mucho. —Aucheámo.,em_dash,matched_headword,high,machine_accepted,direct_page_headword_match,machine_derived,True,False
ORT1888-art-001528,ORT1888-cand-001528,1528,ORTEGA1888-TEPIC-IA,71,67,3805,3806,"Noche, ado",Teca.,"Noche, ado. — Teca.",em_dash,matched_headword,high,machine_accepted,direct_page_headword_match,machine_derived,True,False
ORT1888-art-001529,ORT1888-cand-001529,1529,ORTEGA1888-TEPIC-IA,71,67,3807,3808,Noche. r,Tecáriti.,Noche. r-Tecáriti.,hyphen_variant,matched_headword,medium,machine_accepted,direct_page_headword_match,machine_derived,True,False
ORT1888-art-001530,ORT1888-cand-001530,1530,ORTEGA1888-TEPIC-IA,71,67,3809,3810,Nuez y Nogal,Cáieü,Nuez y Nogal. — Cáieü,em_dash,matched_headword,high,machine_accepted,direct_page_headword_match,machine_derived,True,False
ORT1888-art-001531,ORT1888-cand-001531,1531,ORTEGA1888-TEPIC-IA,71,67,3811,3812,"Nombrar, poner nombre",Busca llamar.,"Nombrar, poner nombre —Busca llamar.",em_dash,matched_headword,high,machine_accepted,direct_page_headword_match,machine_derived,True,False
ORT1888-art-001532,ORT1888-cand-001532,1532,ORTEGA1888-TEPIC-IA,71,67,3813,3814,Nombre,Teahuaiit.,Nombre. — Teahuaiit.,em_dash,matched_headword,high,machine_accepted,direct_page_headword_match,machine_derived,True,False
ORT1888-art-001533,ORT1888-cand-001533,1533,ORTEGA1888-TEPIC-IA,71,67,3815,3816,Nones aver,Captitihuá,Nones aver. — Captitihuá,em_dash,matched_headword,high,machine_accepted,direct_page_headword_match,machine_derived,True,False
ORT1888-art-001534,ORT1888-cand-001534,1534,ORTEGA1888-TEPIC-IA,71,67,3817,3818,Nosotros,Tteáhmo.,Nosotros. — Tteáhmo.,em_dash,matched_headword,high,machine_accepted,direct_page_headword_match,machine_derived,True,False
ORT1888-art-001535,ORT1888-cand-001535,1535,ORTEGA1888-TEPIC-IA,71,67,3819,3820,Noticiar,-Huaixáte. Neti.,Noticiar. — -Huaixáte. Neti.,em_dash,matched_headword,high,machine_accepted,direct_page_headword_match,machine_derived,True,False
ORT1888-art-001536,ORT1888-cand-001536,1536,ORTEGA1888-TEPIC-IA,71,67,3821,3822,Noticia,Yxtiat.,Noticia. — Yxtiat.,em_dash,matched_headword,high,machine_accepted,direct_page_headword_match,machine_derived,True,False
ORT1888-art-001537,ORT1888-cand-001537,1537,ORTEGA1888-TEPIC-IA,71,67,3823,3824,Notorio sei,Hiiamuarerihuaca.,Notorio sei- — Hiiamuarerihuaca.,em_dash,matched_headword,high,machine_accepted,direct_page_headword_match,machine_derived,True,False
ORT1888-art-001538,ORT1888-cand-001538,1538,ORTEGA1888-TEPIC-IA,71,67,3825,3826,Nuca de la cabeza,Catúrité.,"Nuca de la cabeza,. — Catúrité.",em_dash,matched_headword,high,machine_accepted,direct_page_headword_match,machine_derived,True,False
ORT1888-art-001539,ORT1888-cand-001539,1539,ORTEGA1888-TEPIC-IA,71,67,3827,3828,Nuera,Temuni.,Nuera. — Temuni.,em_dash,matched_headword,high,machine_accepted,direct_page_headword_match,machine_derived,True,False
ORT1888-art-001540,ORT1888-cand-001540,1540,ORTEGA1888-TEPIC-IA,71,67,3829,3830,Nueva cosa,Ahcua.,Nueva cosa — Ahcua.,em_dash,matched_headword,high,machine_accepted,direct_page_headword_match,machine_derived,True,False
ORT1888-art-001541,ORT1888-cand-001541,1541,ORTEGA1888-TEPIC-IA,71,67,3831,3832,Nuevamente,Ahcuazt.,Nuevamente.. — Ahcuazt.,em_dash,matched_headword,high,machine_accepted,direct_page_headword_match,machine_derived,True,False
ORT1888-art-001542,ORT1888-cand-001542,1542,ORTEGA1888-TEPIC-IA,71,67,3833,3834,Nunca,ACapuanáco.,Nunca.— ACapuanáco.,em_dash,matched_headword,high,machine_accepted,direct_page_headword_match,machine_derived,True,False
ORT1888-art-001543,ORT1888-cand-001543,1543,ORTEGA1888-TEPIC-IA,71,67,3835,3836,Nube,Aiterit.,"Nube.,— Aiterit.",em_dash,matched_headword,high,machine_accepted,direct_page_headword_match,machine_derived,True,False
ORT1888-art-001544,ORT1888-cand-001544,1544,ORTEGA1888-TEPIC-IA,71,67,3837,3842,Nubes aver por todo el Cielo,Abébe.,Nubes aver por todo el Cielo. — Abébe. | 68,em_dash,matched_headword,high,machine_accepted,direct_page_headword_match,machine_derived,True,False
ORT1888-art-001545,ORT1888-cand-001545,1545,ORTEGA1888-TEPIC-IA,71,67,3843,3844,Nubes aver,Aimiuteupú,Nubes aver. — Aimiuteupú,em_dash,matched_headword,high,machine_accepted,direct_page_headword_match,machine_derived,True,False
ORT1888-art-001546,ORT1888-cand-001546,1546,ORTEGA1888-TEPIC-IA,72,68,3845,3846,Nubes aver por los horizontes,Amútbe.,Nubes aver por los horizontes — Amútbe.,em_dash,matched_headword,high,machine_accepted,direct_page_headword_match,machine_derived,True,False
ORT1888-art-001547,ORT1888-cand-001547,1547,ORTEGA1888-TEPIC-IA,72,68,3847,3849,Nubes aver azia el medio del Cielo,^Ancábé.,Nubes aver azia el medio del Cielo.— ^Ancábé.,em_dash,matched_headword,high,machine_accepted,direct_page_headword_match,machine_derived,True,False
ORT1888-art-001548,ORT1888-cand-001548,1548,ORTEGA1888-TEPIC-IA,72,68,3850,3851,O. interj,Ahüi.,O. interj. — Ahüi.,em_dash,matched_headword,high,machine_accepted,direct_page_headword_match,machine_derived,True,False
ORT1888-art-001549,ORT1888-cand-001549,1549,ORTEGA1888-TEPIC-IA,72,68,3852,3853,O. disyune,Narico.,O. disyune. — Narico.,em_dash,matched_headword,high,machine_accepted,direct_page_headword_match,machine_derived,True,False
ORT1888-art-001550,ORT1888-cand-001550,1550,ORTEGA1888-TEPIC-IA,72,68,3854,3855,Obedecer,Atzahuate. Nete.,Obedecer. — Atzahuate. Nete.,em_dash,matched_headword,high,machine_accepted,direct_page_headword_match,machine_derived,True,False
ORT1888-art-001551,ORT1888-cand-001551,1551,ORTEGA1888-TEPIC-IA,72,68,3856,3857,Obediente,Teat/ahuateacame. pl. tzi.,Obediente .— Teat/ahuateacame. pl. tzi.,em_dash,matched_headword,high,machine_accepted,direct_page_headword_match,machine_derived,True,False
ORT1888-art-001552,ORT1888-cand-001552,1552,ORTEGA1888-TEPIC-IA,72,68,3858,3859,Obediencia,Tzahuátiat.,Obediencia. — Tzahuátiat.,em_dash,matched_headword,high,machine_accepted,direct_page_headword_match,machine_derived,True,False
ORT1888-art-001553,ORT1888-cand-001553,1553,ORTEGA1888-TEPIC-IA,72,68,3860,3861,Obligar,Cáne. Neti.,Obligar. — Cáne. Neti.,em_dash,matched_headword,high,machine_accepted,direct_page_headword_match,machine_derived,True,False
ORT1888-art-001554,ORT1888-cand-001554,1554,ORTEGA1888-TEPIC-IA,72,68,3862,3863,Obligación,Cánihat.,Obligación.. — Cánihat.,em_dash,matched_headword,high,machine_accepted,direct_page_headword_match,machine_derived,True,False
ORT1888-art-001555,ORT1888-cand-001555,1555,ORTEGA1888-TEPIC-IA,72,68,3864,3865,Obrar algo,Tahua. Neti.,Obrar algo. — Tahua. Neti.,em_dash,matched_headword,high,machine_accepted,direct_page_headword_match,machine_derived,True,False
ORT1888-art-001556,ORT1888-cand-001556,1556,ORTEGA1888-TEPIC-IA,72,68,3866,3867,"Obra asi, echara",Tavilmt.,"Obra asi, echara. — Tavilmt.",em_dash,matched_headword,high,machine_accepted,direct_page_headword_match,machine_derived,True,False
ORT1888-art-001557,ORT1888-cand-001557,1557,ORTEGA1888-TEPIC-IA,72,68,3868,3869,Obeja. r,Cánax. pl. cri.,Obeja. r— Cánax. pl. cri.,em_dash,matched_headword,high,machine_accepted,direct_page_headword_match,machine_derived,True,False
ORT1888-art-001558,ORT1888-cand-001558,1558,ORTEGA1888-TEPIC-IA,72,68,3870,3871,"Ocasión, dar á otro",Hutéhclie. Natehche.,"Ocasión, dar á otro. — Hutéhclie. Natehche.",em_dash,matched_headword,high,machine_accepted,direct_page_headword_match,machine_derived,True,False
ORT1888-art-001559,ORT1888-cand-001559,1559,ORTEGA1888-TEPIC-IA,72,68,3872,3873,Ocasión tal,Huatéhcheziat.,Ocasión tal. — Huatéhcheziat.,em_dash,matched_headword,high,machine_accepted,direct_page_headword_match,machine_derived,True,False
ORT1888-art-001560,ORT1888-cand-001560,1560,ORTEGA1888-TEPIC-IA,72,68,3874,3875,Ocultar,Abata Neti.,Ocultar. — Abata Neti.,em_dash,matched_headword,high,machine_accepted,direct_page_headword_match,machine_derived,True,False
ORT1888-art-001561,ORT1888-cand-001561,1561,ORTEGA1888-TEPIC-IA,72,68,3876,3877,Odio ó enemistad,Anxchviat.,Odio ó enemistad. — Anxchviat.,em_dash,matched_headword,high,machine_accepted,direct_page_headword_match,machine_derived,True,False
ORT1888-art-001562,ORT1888-cand-001562,1562,ORTEGA1888-TEPIC-IA,72,68,3878,3879,Odio tener,"NHaxchvia, Neti.","Odio tener.— NHaxchvia, Neti.",em_dash,matched_headword,high,machine_accepted,direct_page_headword_match,machine_derived,True,False
ORT1888-art-001563,ORT1888-cand-001563,1563,ORTEGA1888-TEPIC-IA,72,68,3880,3881,Ofender,Xa cacare. Neteii.,Ofender — Xa cacare. Neteii.,em_dash,matched_headword,high,machine_accepted,direct_page_headword_match,machine_derived,True,False
ORT1888-art-001564,ORT1888-cand-001564,1564,ORTEGA1888-TEPIC-IA,72,68,3882,3883,Ofensa,Xana cat.,Ofensa. —Xana cat.,em_dash,matched_headword,high,machine_accepted,direct_page_headword_match,machine_derived,True,False
ORT1888-art-001565,ORT1888-cand-001565,1565,ORTEGA1888-TEPIC-IA,72,68,3884,3885,Ofensor,Tixanacaiihuame pl. tzi.,Ofensor. — Tixanacaiihuame pl. tzi.,em_dash,matched_headword,high,machine_accepted,direct_page_headword_match,machine_derived,True,False
ORT1888-art-001566,ORT1888-cand-001566,1566,ORTEGA1888-TEPIC-IA,72,68,3886,3887,Oficio propio del hombre,Muérit.,Oficio propio del hombre. — Muérit.,em_dash,matched_headword,high,machine_accepted,direct_page_headword_match,machine_derived,True,False
ORT1888-art-001567,ORT1888-cand-001567,1567,ORTEGA1888-TEPIC-IA,72,68,3888,3889,"Oy, ado de tiempo",Tico.,"Oy, ado de tiempo. — Tico.",em_dash,matched_headword,high,machine_accepted,direct_page_headword_match,machine_derived,True,False
ORT1888-art-001568,ORT1888-cand-001568,1568,ORTEGA1888-TEPIC-IA,72,68,3890,3891,"Oydo, sentido pai a oyr",Namuáhxcat.,"Oydo, sentido pai a oyr. ,— Namuáhxcat.",em_dash,matched_headword,high,machine_accepted,direct_page_headword_match,machine_derived,True,False
ORT1888-art-001569,ORT1888-cand-001569,1569,ORTEGA1888-TEPIC-IA,72,68,3892,3893,"Oydor, el que oye","Tinamuahcnme. pl. tzi,","Oydor, el que oye. — Tinamuahcnme. pl. tzi,",em_dash,matched_headword,high,machine_accepted,direct_page_headword_match,machine_derived,True,False
ORT1888-art-001570,ORT1888-cand-001570,1570,ORTEGA1888-TEPIC-IA,72,68,3894,3895,Oyr,Namuá. Neti.,Oyr. — Namuá. Neti.,em_dash,matched_headword,high,machine_accepted,direct_page_headword_match,machine_derived,True,False
ORT1888-art-001571,ORT1888-cand-001571,1571,ORTEGA1888-TEPIC-IA,72,68,3896,3897,Ojo,Hauziti.,Ojo. — Hauziti.,em_dash,matched_headword,high,machine_accepted,direct_page_headword_match,machine_derived,True,False
ORT1888-art-001572,ORT1888-cand-001572,1572,ORTEGA1888-TEPIC-IA,72,68,3898,3899,Olas hacer el agua,xTeutehreyéca.,Olas hacer el agua. — xTeutehreyéca.,em_dash,matched_headword,high,machine_accepted,direct_page_headword_match,machine_derived,True,False
ORT1888-art-001573,ORT1888-cand-001573,1573,ORTEGA1888-TEPIC-IA,72,68,3900,3905,"Oler, hechar de si olor","Te. Ñe,","Oler, hechar de si olor. — Te. Ñe, | vtmmmm",em_dash,matched_headword,high,machine_accepted,direct_page_headword_match,machine_derived,True,False
ORT1888-art-001574,ORT1888-cand-001574,1574,ORTEGA1888-TEPIC-IA,73,69,3912,3913,Oler con el olfato,Euchm. Neti.,Oler con el olfato.— Euchm. Neti.,em_dash,matched_headword,high,machine_accepted,direct_page_headword_match,machine_derived,True,False
ORT1888-art-001575,ORT1888-cand-001575,1575,ORTEGA1888-TEPIC-IA,73,69,3914,3915,Oler mal,Tecñré. Ne,Oler mal.— Tecñré. Ne,em_dash,matched_headword,high,machine_accepted,direct_page_headword_match,machine_derived,True,False
ORT1888-art-001576,ORT1888-cand-001576,1576,ORTEGA1888-TEPIC-IA,73,69,3916,3917,Ollar,Xárit.,Ollar. -Xárit.,hyphen_variant,matched_headword,medium,machine_accepted,direct_page_headword_match,machine_derived,True,False
ORT1888-art-001577,ORT1888-cand-001577,1577,ORTEGA1888-TEPIC-IA,73,69,3918,3919,Olvido,Huaxcihriat.,Olvido. — Huaxcihriat.,em_dash,matched_headword,high,machine_accepted,direct_page_headword_match,machine_derived,True,False
ORT1888-art-001578,ORT1888-cand-001578,1578,ORTEGA1888-TEPIC-IA,73,69,3920,3921,Olorosa cosa,Té.,Olorosa cosa.- — Té.,em_dash,matched_headword,high,machine_accepted,direct_page_headword_match,machine_derived,True,False
ORT1888-art-001579,ORT1888-cand-001579,1579,ORTEGA1888-TEPIC-IA,73,69,3922,3923,Olvidar,Aohuáxe. Neti.,Olvidar. — Aohuáxe. Neti.,em_dash,matched_headword,high,machine_accepted,direct_page_headword_match,machine_derived,True,False
ORT1888-art-001580,ORT1888-cand-001580,1580,ORTEGA1888-TEPIC-IA,73,69,3924,3925,Ombligo,Zepútzite.,"Ombligo, — Zepútzite.",em_dash,matched_headword,high,machine_accepted,direct_page_headword_match,machine_derived,True,False
ORT1888-art-001581,ORT1888-cand-001581,1581,ORTEGA1888-TEPIC-IA,73,69,3926,3927,Ombro de hombre,Nahpoariti,Ombro de hombre.— Nahpoariti,em_dash,matched_headword,high,machine_accepted,direct_page_headword_match,machine_derived,True,False
ORT1888-art-001582,ORT1888-cand-001582,1582,ORTEGA1888-TEPIC-IA,73,69,3928,3929,Oprimir,Uitetzinazt.. Nete.,Oprimir.-^ Uitetzinazt.. Nete.,hyphen_variant,matched_headword,medium,machine_accepted,direct_page_headword_match,machine_derived,True,False
ORT1888-art-001583,ORT1888-cand-001583,1583,ORTEGA1888-TEPIC-IA,73,69,3930,3931,Oprimido estar,Ucatna. N.,Oprimido estar.— Ucatna. N.,em_dash,matched_headword,high,machine_accepted,direct_page_headword_match,machine_derived,True,False
ORT1888-art-001584,ORT1888-cand-001584,1584,ORTEGA1888-TEPIC-IA,73,69,3932,3933,Orar á Dios,Vcubé. Nencubé.,Orar á Dios. — Vcubé. Nencubé.,em_dash,matched_headword,high,machine_accepted,direct_page_headword_match,machine_derived,True,False
ORT1888-art-001585,ORT1888-cand-001585,1585,ORTEGA1888-TEPIC-IA,73,69,3934,3935,Oración,Cubéhat.,Oración. — Cubéhat.,em_dash,matched_headword,high,machine_accepted,direct_page_headword_match,machine_derived,True,False
ORT1888-art-001586,ORT1888-cand-001586,1586,ORTEGA1888-TEPIC-IA,73,69,3936,3937,Orador tal,Vcubihuáme. pl. tzi.,Orador tal.— Vcubihuáme. pl. tzi.,em_dash,matched_headword,high,machine_accepted,direct_page_headword_match,machine_derived,True,False
ORT1888-art-001587,ORT1888-cand-001587,1587,ORTEGA1888-TEPIC-IA,73,69,3938,3939,Ordeñar,Haché Neti.,Ordeñar; --Haché Neti.,hyphen_variant,matched_headword,medium,machine_accepted,direct_page_headword_match,machine_derived,True,False
ORT1888-art-001588,ORT1888-cand-001588,1588,ORTEGA1888-TEPIC-IA,73,69,3940,3941,Orégano de la tierra,A.cuaxá,Orégano de la tierra. ^— A.cuaxá,em_dash,matched_headword,high,machine_accepted,direct_page_headword_match,machine_derived,True,False
ORT1888-art-001589,ORT1888-cand-001589,1589,ORTEGA1888-TEPIC-IA,73,69,3942,3943,Oreja,Naxaihti.,Oreja. — Naxaihti.,em_dash,matched_headword,high,machine_accepted,direct_page_headword_match,machine_derived,True,False
ORT1888-art-001590,ORT1888-cand-001590,1590,ORTEGA1888-TEPIC-IA,73,69,3944,3945,Orejear,Busca menear las orejas.,Orejear. — Busca menear las orejas.,em_dash,matched_headword,high,machine_accepted,direct_page_headword_match,machine_derived,True,False
ORT1888-art-001591,ORT1888-cand-001591,1591,ORTEGA1888-TEPIC-IA,73,69,3946,3947,Orilla de la agua,Haihketzé.,Orilla de la agua. — Haihketzé.,em_dash,matched_headword,high,machine_accepted,direct_page_headword_match,machine_derived,True,False
ORT1888-art-001592,ORT1888-cand-001592,1592,ORTEGA1888-TEPIC-IA,73,69,3948,3949,Orina,Busca meados.,Orina. — Busca meados.,em_dash,matched_headword,high,machine_accepted,direct_page_headword_match,machine_derived,True,False
ORT1888-art-001593,ORT1888-cand-001593,1593,ORTEGA1888-TEPIC-IA,73,69,3950,3951,Orinar,Busca mear.,Orinar. — Busca mear.,em_dash,matched_headword,high,machine_accepted,direct_page_headword_match,machine_derived,True,False
ORT1888-art-001594,ORT1888-cand-001594,1594,ORTEGA1888-TEPIC-IA,73,69,3952,3953,Ortiga,Ytzizcai.,Ortiga. — Ytzizcai.,em_dash,matched_headword,high,machine_accepted,direct_page_headword_match,machine_derived,True,False
ORT1888-art-001595,ORT1888-cand-001595,1595,ORTEGA1888-TEPIC-IA,73,69,3954,3955,Osado ser,Huatahuá. Nateneá.,Osado ser. — Huatahuá. Nateneá.,em_dash,matched_headword,high,machine_accepted,direct_page_headword_match,machine_derived,True,False
ORT1888-art-001596,ORT1888-cand-001596,1596,ORTEGA1888-TEPIC-IA,73,69,3956,3957,"Oso, animal",Atzet. pl. tzi.,"Oso, animal. — Atzet. pl. tzi.",em_dash,matched_headword,high,machine_accepted,direct_page_headword_match,machine_derived,True,False
ORT1888-art-001597,ORT1888-cand-001597,1597,ORTEGA1888-TEPIC-IA,73,69,3958,3959,Otoño,-Bita.,Otoño.- -Bita.,hyphen_variant,matched_headword,medium,machine_accepted,direct_page_headword_match,machine_derived,True,False
ORT1888-art-001598,ORT1888-cand-001598,1598,ORTEGA1888-TEPIC-IA,73,69,3960,3961,Otorgar la petición,Xebe. Neti.,Otorgar la petición. — Xebe. Neti.,em_dash,matched_headword,high,machine_accepted,direct_page_headword_match,machine_derived,True,False
ORT1888-art-001599,ORT1888-cand-001599,1599,ORTEGA1888-TEPIC-IA,73,69,3962,3963,Otra vez,Chatáhuatzi.,Otra vez. — Chatáhuatzi.,em_dash,matched_headword,high,machine_accepted,direct_page_headword_match,machine_derived,True,False
ORT1888-art-001600,ORT1888-cand-001600,1600,ORTEGA1888-TEPIC-IA,72,68,3964,3966,Otro,"0""ut.","Otro. — 0""ut.",em_dash,matched_headword,high,machine_accepted,direct_page_headword_match,machine_derived,True,False
ORT1888-art-001601,ORT1888-cand-001601,1601,ORTEGA1888-TEPIC-IA,73,69,3967,3967,Pacer,Huacuáite. Neti.,Pacer. — Huacuáite. Neti.,em_dash,matched_headword,high,machine_accepted,direct_page_headword_match,machine_derived,True,False
ORT1888-art-001602,ORT1888-cand-001602,1602,ORTEGA1888-TEPIC-IA,73,69,3968,3973,Paciencia tener,Titzahaaté. Ne.,Paciencia tener. — Titzahaaté. Ne. | ',em_dash,matched_headword,high,machine_accepted,direct_page_headword_match,machine_derived,True,False
ORT1888-art-001603,ORT1888-cand-001603,1603,ORTEGA1888-TEPIC-IA,74,70,3977,3978,Paciente,Titzahuateácame. pl. tzi.,Paciente. — Titzahuateácame. pl. tzi.,em_dash,matched_headword,high,machine_accepted,direct_page_headword_match,machine_derived,True,False
ORT1888-art-001604,ORT1888-cand-001604,1604,ORTEGA1888-TEPIC-IA,73,69,3979,3980,Paciencia,Titzahuéat.,Paciencia. — Titzahuéat.,em_dash,matched_headword,high,machine_accepted,direct_page_headword_match,machine_derived,True,False
ORT1888-art-001605,ORT1888-cand-001605,1605,ORTEGA1888-TEPIC-IA,74,70,3981,3982,Padecer,Teupuáihte. Netimpuáite.,Padecer. — Teupuáihte. Netimpuáite.,em_dash,matched_headword,high,machine_accepted,direct_page_headword_match,machine_derived,True,False
ORT1888-art-001606,ORT1888-cand-001606,1606,ORTEGA1888-TEPIC-IA,74,70,3983,3984,Padrastro,Tiyaóppaári .,Padrastro. — Tiyaóppaári .,em_dash,matched_headword,high,machine_accepted,direct_page_headword_match,machine_derived,True,False
ORT1888-art-001607,ORT1888-cand-001607,1607,ORTEGA1888-TEPIC-IA,74,70,3985,3986,Padre,Tiyaóppa.,Padre. — Tiyaóppa.,em_dash,matched_headword,high,machine_accepted,direct_page_headword_match,machine_derived,True,False
ORT1888-art-001608,ORT1888-cand-001608,1608,ORTEGA1888-TEPIC-IA,74,70,3987,3988,Pagar deuda,Anahchitene. Neti.,Pagar deuda. — Anahchitene. Neti.,em_dash,matched_headword,high,machine_accepted,direct_page_headword_match,machine_derived,True,False
ORT1888-art-001609,ORT1888-cand-001609,1609,ORTEGA1888-TEPIC-IA,74,70,3989,3990,Paga tal,Nahchiterit.,Paga tal. — Nahchiterit.,em_dash,matched_headword,high,machine_accepted,direct_page_headword_match,machine_derived,True,False
ORT1888-art-001610,ORT1888-cand-001610,1610,ORTEGA1888-TEPIC-IA,74,70,3991,3992,"Paja, generalmente",Euxaiiti.,"Paja, generalmente. — Euxaiiti.",em_dash,matched_headword,high,machine_accepted,direct_page_headword_match,machine_derived,True,False
ORT1888-art-001611,ORT1888-cand-001611,1611,ORTEGA1888-TEPIC-IA,74,70,3993,3994,Palabra,Neúcari t.,Palabra. — Neúcari t.,em_dash,matched_headword,high,machine_accepted,direct_page_headword_match,machine_derived,True,False
ORT1888-art-001612,ORT1888-cand-001612,1612,ORTEGA1888-TEPIC-IA,74,70,3995,3996,"Palma, árbol conocido",Takéti.,"Palma, árbol conocido. — Takéti.",em_dash,matched_headword,high,machine_accepted,direct_page_headword_match,machine_derived,True,False
ORT1888-art-001613,ORT1888-cand-001613,1613,ORTEGA1888-TEPIC-IA,74,70,3997,3998,Palma otra,Vcait.,Palma otra. — Vcait.,em_dash,matched_headword,high,machine_accepted,direct_page_headword_match,machine_derived,True,False
ORT1888-art-001614,ORT1888-cand-001614,1614,ORTEGA1888-TEPIC-IA,74,70,3999,4000,Palo,Coujet.,Palo. — Coujet.,em_dash,matched_headword,high,machine_accepted,direct_page_headword_match,machine_derived,True,False
ORT1888-art-001615,ORT1888-cand-001615,1615,ORTEGA1888-TEPIC-IA,74,70,4001,4004,Palo para escavar tierra,Busca coa.,Palo para escavar tierra. — Busca coa. | Paletilla del brazo. —,em_dash,matched_headword,high,machine_accepted,direct_page_headword_match,machine_derived,True,False
ORT1888-art-001616,ORT1888-cand-001616,1616,ORTEGA1888-TEPIC-IA,74,70,4005,4006,Palillo oloroso,Caraihuáriti,Palillo oloroso. — Caraihuáriti,em_dash,matched_headword,high,machine_accepted,direct_page_headword_match,machine_derived,True,False
ORT1888-art-001617,ORT1888-cand-001617,1617,ORTEGA1888-TEPIC-IA,74,70,4007,4008,Paloma,Aniuet.,Paloma. — Aniuet.,em_dash,matched_headword,high,machine_accepted,direct_page_headword_match,machine_derived,True,False
ORT1888-art-001618,ORT1888-cand-001618,1618,ORTEGA1888-TEPIC-IA,74,70,4009,4010,Palpar con las manos,Mué. Metí.,Palpar con las manos. — Mué. Metí.,em_dash,matched_headword,high,machine_accepted,direct_page_headword_match,machine_derived,True,False
ORT1888-art-001619,ORT1888-cand-001619,1619,ORTEGA1888-TEPIC-IA,74,70,4011,4012,Pan generalmente,Hamuit.,Pan generalmente.- — Hamuit.,em_dash,matched_headword,high,machine_accepted,direct_page_headword_match,machine_derived,True,False
ORT1888-art-001620,ORT1888-cand-001620,1620,ORTEGA1888-TEPIC-IA,74,70,4013,4014,Panza,Xáyet.,Panza. — Xáyet.,em_dash,matched_headword,high,machine_accepted,direct_page_headword_match,machine_derived,True,False
ORT1888-art-001621,ORT1888-cand-001621,1621,ORTEGA1888-TEPIC-IA,74,70,4015,4016,Pandearse,Ai teauhá. Neiteuhá,Pandearse.— Ai teauhá. Neiteuhá,em_dash,matched_headword,high,machine_accepted,direct_page_headword_match,machine_derived,True,False
ORT1888-art-001622,ORT1888-cand-001622,1622,ORTEGA1888-TEPIC-IA,74,70,4017,4018,Paño de lino ó de lana,Taziti.,Paño de lino ó de lana. — Taziti.,em_dash,matched_headword,high,machine_accepted,direct_page_headword_match,machine_derived,True,False
ORT1888-art-001623,ORT1888-cand-001623,1623,ORTEGA1888-TEPIC-IA,74,70,4019,4020,Paño tener en la cara,Ahuaraví. N.,Paño tener en la cara. — Ahuaraví. N.,em_dash,matched_headword,high,machine_accepted,direct_page_headword_match,machine_derived,True,False
ORT1888-art-001624,ORT1888-cand-001624,1624,ORTEGA1888-TEPIC-IA,74,70,4021,4022,Pantanos aver,Huavinie.,Pantanos aver. — Huavinie.,em_dash,matched_headword,high,machine_accepted,direct_page_headword_match,machine_derived,True,False
ORT1888-art-001625,ORT1888-cand-001625,1625,ORTEGA1888-TEPIC-IA,74,70,4023,4024,Pantorrilla,Huáorit.,Pantorrilla. — Huáorit.,em_dash,matched_headword,high,machine_accepted,direct_page_headword_match,machine_derived,True,False
ORT1888-art-001626,ORT1888-cand-001626,1626,ORTEGA1888-TEPIC-IA,74,70,4025,4026,"Papa, fruta conocida",TVz/puatzi.,"Papa, fruta conocida. --TVz/puatzi.",hyphen_variant,matched_headword,medium,machine_accepted,direct_page_headword_match,machine_derived,True,False
ORT1888-art-001627,ORT1888-cand-001627,1627,ORTEGA1888-TEPIC-IA,74,70,4027,4028,Papel,Yüxarit.,Papel. -Yüxarit.,hyphen_variant,matched_headword,medium,machine_accepted,direct_page_headword_match,machine_derived,True,False
ORT1888-art-001628,ORT1888-cand-001628,1628,ORTEGA1888-TEPIC-IA,74,70,4029,4030,Para qué?,Aeineita?,Para qué? — Aeineita?,em_dash,matched_headword,high,machine_accepted,direct_page_headword_match,machine_derived,True,False
ORT1888-art-001629,ORT1888-cand-001629,1629,ORTEGA1888-TEPIC-IA,74,70,4031,4032,"Pararse, ponerse en pie",Ache. N.,"Pararse, ponerse en pie. — Ache. N.",em_dash,matched_headword,high,machine_accepted,direct_page_headword_match,machine_derived,True,False
ORT1888-art-001630,ORT1888-cand-001630,1630,ORTEGA1888-TEPIC-IA,74,70,4033,4034,Pararse el que corre,Huatécha. Natéchax.,Pararse el que corre. — Huatécha. Natéchax.,em_dash,matched_headword,high,machine_accepted,direct_page_headword_match,machine_derived,True,False
ORT1888-art-001631,ORT1888-cand-001631,1631,ORTEGA1888-TEPIC-IA,74,70,4035,4036,Pardo color,Taxa.,Pardo color. — Taxa.,em_dash,matched_headword,high,machine_accepted,direct_page_headword_match,machine_derived,True,False
ORT1888-art-001632,ORT1888-cand-001632,1632,ORTEGA1888-TEPIC-IA,74,70,4037,4038,Parecer lo perdido,Huacéhri. Naircé.,Parecer lo perdido. — Huacéhri. Naircé.,em_dash,matched_headword,high,machine_accepted,direct_page_headword_match,machine_derived,True,False
ORT1888-art-001633,ORT1888-cand-001633,1633,ORTEGA1888-TEPIC-IA,74,70,4039,4044,Parecer á otro,Apucuputeacanéri. Apuennuteaca-,Parecer á otro.- Apucuputeacanéri. Apuennuteaca- | n,hyphen_variant,matched_headword,medium,machine_accepted,direct_page_headword_match,machine_derived,True,False
ORT1888-art-001634,ORT1888-cand-001634,1634,ORTEGA1888-TEPIC-IA,75,71,4051,4052,Pareja cosa,^Vxápuamecheá.,Pareja cosa.— ^Vxápuamecheá.,em_dash,matched_headword,high,machine_accepted,direct_page_headword_match,machine_derived,True,False
ORT1888-art-001635,ORT1888-cand-001635,1635,ORTEGA1888-TEPIC-IA,75,71,4053,4054,Pares de la que pave,Capí.,Pares de la que pave. — Capí.,em_dash,matched_headword,high,machine_accepted,direct_page_headword_match,machine_derived,True,False
ORT1888-art-001636,ORT1888-cand-001636,1636,ORTEGA1888-TEPIC-IA,75,71,4055,4056,Parida,Nuecaréme. pl. tzi.,"Parida. ,— Nuecaréme. pl. tzi.",em_dash,matched_headword,high,machine_accepted,direct_page_headword_match,machine_derived,True,False
ORT1888-art-001637,ORT1888-cand-001637,1637,ORTEGA1888-TEPIC-IA,75,71,4057,4058,Parir,Nue. Neti,Parir.— Nue. Neti,em_dash,matched_headword,high,machine_accepted,direct_page_headword_match,machine_derived,True,False
ORT1888-art-001638,ORT1888-cand-001638,1638,ORTEGA1888-TEPIC-IA,75,71,4059,4060,Pariente,Tiihuá.,Pariente.^— Tiihuá.,em_dash,matched_headword,high,machine_accepted,direct_page_headword_match,machine_derived,True,False
ORT1888-art-001639,ORT1888-cand-001639,1639,ORTEGA1888-TEPIC-IA,75,71,4061,4064,Parlar,"Xahta. Neti,","Parlar. — Xahta. Neti, | Partear, ayudar á parir.",em_dash,matched_headword,high,machine_accepted,direct_page_headword_match,machine_derived,True,False
ORT1888-art-001640,ORT1888-cand-001640,1640,ORTEGA1888-TEPIC-IA,75,71,4065,4066,Partir en partes,Tara.,Partir en partes. — Tara.,em_dash,matched_headword,high,machine_accepted,direct_page_headword_match,machine_derived,True,False
ORT1888-art-001641,ORT1888-cand-001641,1641,ORTEGA1888-TEPIC-IA,75,71,4067,4068,Parlero,Tixaxatame. pl. tzi.,Parlero. — Tixaxatame. pl. tzi.,em_dash,matched_headword,high,machine_accepted,direct_page_headword_match,machine_derived,True,False
ORT1888-art-001642,ORT1888-cand-001642,1642,ORTEGA1888-TEPIC-IA,75,71,4069,4070,Pascua florida,Xuxut. pascua.,Pascua florida. — Xuxut. pascua.,em_dash,matched_headword,high,machine_accepted,direct_page_headword_match,machine_derived,True,False
ORT1888-art-001643,ORT1888-cand-001643,1643,ORTEGA1888-TEPIC-IA,75,71,4071,4073,Pascua de Navidad,"Nuca, pascua.","Pascua de Navidad. — Nuca, pascua. | Pasar la flecha el blanco quedando atravesada en el cuer-",em_dash,matched_headword,high,machine_accepted,direct_page_headword_match,machine_derived,True,False
ORT1888-art-001644,ORT1888-cand-001644,1644,ORTEGA1888-TEPIC-IA,75,71,4074,4076,po,Atné. N.,"po.^—Atné. N. | Pasar la flecha el blanco, pasando toda por la segunda he-",em_dash,anchored_same_page,medium,machine_accepted,same_page_anchor_support,machine_derived,True,False
ORT1888-art-001645,ORT1888-cand-001645,1645,ORTEGA1888-TEPIC-IA,75,71,4077,4078,rida,Anáhao. N,rida.— Anáhao. N,em_dash,matched_headword,high,machine_accepted,direct_page_headword_match,machine_derived,True,False
ORT1888-art-001646,ORT1888-cand-001646,1646,ORTEGA1888-TEPIC-IA,75,71,4079,4080,Pasar ;í los otros que caminan,Amuáheyite.,Pasar ;í los otros que caminan. — Amuáheyite.,em_dash,matched_headword,high,machine_accepted,direct_page_headword_match,machine_derived,True,False
ORT1888-art-001647,ORT1888-cand-001647,1647,ORTEGA1888-TEPIC-IA,75,71,4081,4082,Pasar el rio á nado,"Antahaú. N. >,","Pasar el rio á nado. — Antahaú. N. >,",em_dash,matched_headword,high,machine_accepted,direct_page_headword_match,machine_derived,True,False
ORT1888-art-001648,ORT1888-cand-001648,1648,ORTEGA1888-TEPIC-IA,75,71,4083,4084,"Pasar el rio, nadar",Anta. N.,"Pasar el rio, nadar — Anta. N.",em_dash,matched_headword,high,machine_accepted,direct_page_headword_match,machine_derived,True,False
ORT1888-art-001649,ORT1888-cand-001649,1649,ORTEGA1888-TEPIC-IA,75,71,4085,4086,Pasar adelante,NAhévezt. N.,Pasar adelante — NAhévezt. N.,em_dash,matched_headword,high,machine_accepted,direct_page_headword_match,machine_derived,True,False
ORT1888-art-001650,ORT1888-cand-001650,1650,ORTEGA1888-TEPIC-IA,75,71,4087,4088,Pasar fruía,Yeuxa. Neti.,Pasar fruía. — Yeuxa. Neti.,em_dash,matched_headword,high,machine_accepted,direct_page_headword_match,machine_derived,True,False
ORT1888-art-001651,ORT1888-cand-001651,1651,ORTEGA1888-TEPIC-IA,75,71,4089,4090,"Pasearse, di vertirse",Pazeárubí.,"Pasearse, di vertirse. — Pazeárubí.",em_dash,matched_headword,high,machine_accepted,direct_page_headword_match,machine_derived,True,False
ORT1888-art-001652,ORT1888-cand-001652,1652,ORTEGA1888-TEPIC-IA,75,71,4091,4092,Pasión trabajosa,Puáihtzit.,Pasión trabajosa.-^ Puáihtzit.,hyphen_variant,matched_headword,medium,machine_accepted,direct_page_headword_match,machine_derived,True,False
ORT1888-art-001653,ORT1888-cand-001653,1653,ORTEGA1888-TEPIC-IA,75,71,4093,4094,Pasto para las bestias,Euxixht'i.,Pasto para las bestias. — Euxixht'i.,em_dash,matched_headword,high,machine_accepted,direct_page_headword_match,machine_derived,True,False
ORT1888-art-001654,ORT1888-cand-001654,1654,ORTEGA1888-TEPIC-IA,75,71,4095,4096,Pasto aver,Hu^ü/xatá.,Pasto aver. — Hu^ü/xatá.,em_dash,matched_headword,high,machine_accepted,direct_page_headword_match,machine_derived,True,False
ORT1888-art-001655,ORT1888-cand-001655,1655,ORTEGA1888-TEPIC-IA,75,71,4097,4098,Pasmarse la bestia,"AAuzcarutzá,","Pasmarse la bestia.— AAuzcarutzá,",em_dash,matched_headword,high,machine_accepted,direct_page_headword_match,machine_derived,True,False
ORT1888-art-001656,ORT1888-cand-001656,1656,ORTEGA1888-TEPIC-IA,75,71,4099,4100,Paso del rio,Antayéic.,Paso del rio. — Antayéic.,em_dash,matched_headword,high,machine_accepted,direct_page_headword_match,machine_derived,True,False
ORT1888-art-001657,ORT1888-cand-001657,1657,ORTEGA1888-TEPIC-IA,75,71,4101,4105,Pato,Moarúi. pl. tzi.,"Pato. — Moarúi. pl. tzi. | Pato de tierra Caliente encarnado, | tzi.",em_dash,matched_headword,high,machine_accepted,direct_page_headword_match,machine_derived,True,False
ORT1888-art-001658,ORT1888-cand-001658,1658,ORTEGA1888-TEPIC-IA,75,71,4106,4107,Paves,Busca adarba.,Paves. — Busca adarba.,em_dash,matched_headword,high,machine_accepted,direct_page_headword_match,machine_derived,True,False
ORT1888-art-001659,ORT1888-cand-001659,1659,ORTEGA1888-TEPIC-IA,75,71,4108,4113,Pájaro generalmente,Busca ave.,Pájaro generalmente.— Busca ave. | Ne.,em_dash,matched_headword,high,machine_accepted,direct_page_headword_match,machine_derived,True,False
ORT1888-art-001660,ORT1888-cand-001660,1660,ORTEGA1888-TEPIC-IA,76,72,4120,4121,Pecado,Busca ofensa.,Pecado. — Busca ofensa.,em_dash,matched_headword,high,machine_accepted,direct_page_headword_match,machine_derived,True,False
ORT1888-art-001661,ORT1888-cand-001661,1661,ORTEGA1888-TEPIC-IA,76,72,4122,4123,Pecador,Busca ofensor.,Pecador. — Busca ofensor.,em_dash,matched_headword,high,machine_accepted,direct_page_headword_match,machine_derived,True,False
ORT1888-art-001662,ORT1888-cand-001662,1662,ORTEGA1888-TEPIC-IA,76,72,4124,4125,Pecar,Busca ofender.,Pecar.— Busca ofender.,em_dash,matched_headword,high,machine_accepted,direct_page_headword_match,machine_derived,True,False
ORT1888-art-001663,ORT1888-cand-001663,1663,ORTEGA1888-TEPIC-IA,76,72,4126,4127,"Pez, ó pescador generalmente",Hucat,"Pez, ó pescador generalmente. — Hucat",em_dash,matched_headword,high,machine_accepted,direct_page_headword_match,machine_derived,True,False
ORT1888-art-001664,ORT1888-cand-001664,1664,ORTEGA1888-TEPIC-IA,76,72,4128,4129,Pedazo,Pitzicai.,Pedazo.— Pitzicai.,em_dash,matched_headword,high,machine_accepted,direct_page_headword_match,machine_derived,True,False
ORT1888-art-001665,ORT1888-cand-001665,1665,ORTEGA1888-TEPIC-IA,76,72,4130,4131,Pedernal prieto para flechas,Teaca,Pedernal prieto para flechas. — Teaca,em_dash,matched_headword,high,machine_accepted,direct_page_headword_match,machine_derived,True,False
ORT1888-art-001666,ORT1888-cand-001666,1666,ORTEGA1888-TEPIC-IA,76,72,4132,4133,Pedir,Huaviya. Neti.,Pedir. — Huaviya. Neti.,em_dash,matched_headword,high,machine_accepted,direct_page_headword_match,machine_derived,True,False
ORT1888-art-001667,ORT1888-cand-001667,1667,ORTEGA1888-TEPIC-IA,76,72,4134,4135,Pedorro,Earipúzte,Pedorro. — Earipúzte,em_dash,matched_headword,high,machine_accepted,direct_page_headword_match,machine_derived,True,False
ORT1888-art-001668,ORT1888-cand-001668,1668,ORTEGA1888-TEPIC-IA,76,72,4136,4137,Pedo,Earit.,Pedo. — Earit.,em_dash,matched_headword,high,machine_accepted,direct_page_headword_match,machine_derived,True,False
ORT1888-art-001669,ORT1888-cand-001669,1669,ORTEGA1888-TEPIC-IA,76,72,4138,4139,Perse,Eá. Nea.,Perse. — Eá. Nea.,em_dash,matched_headword,high,machine_accepted,direct_page_headword_match,machine_derived,True,False
ORT1888-art-001670,ORT1888-cand-001670,1670,ORTEGA1888-TEPIC-IA,76,72,4140,4141,"Pegar, generalmente",Bite. Neteu.,"Pegar, generalmente. — Bite. Neteu.",em_dash,matched_headword,high,machine_accepted,direct_page_headword_match,machine_derived,True,False
ORT1888-art-001671,ORT1888-cand-001671,1671,ORTEGA1888-TEPIC-IA,76,72,4142,4143,Pegarse los perros,Vbácatzi.,Pegarse los perros. — Vbácatzi.,em_dash,matched_headword,high,machine_accepted,direct_page_headword_match,machine_derived,True,False
ORT1888-art-001672,ORT1888-cand-001672,1672,ORTEGA1888-TEPIC-IA,76,72,4144,4145,Peinar,NCatze. Neti.,Peinar.— NCatze. Neti.,em_dash,matched_headword,high,machine_accepted,direct_page_headword_match,machine_derived,True,False
ORT1888-art-001673,ORT1888-cand-001673,1673,ORTEGA1888-TEPIC-IA,76,72,4146,4147,Peine,Busca escobeta.,Peine. — Busca escobeta.,em_dash,matched_headword,high,machine_accepted,direct_page_headword_match,machine_derived,True,False
ORT1888-art-001674,ORT1888-cand-001674,1674,ORTEGA1888-TEPIC-IA,76,72,4148,4149,"Pelar, quitar el pelo, r",Caye. Neti.,"Pelar, quitar el pelo, r— Caye. Neti.",em_dash,matched_headword,high,machine_accepted,direct_page_headword_match,machine_derived,True,False
ORT1888-art-001675,ORT1888-cand-001675,1675,ORTEGA1888-TEPIC-IA,76,72,4150,4151,"Pelar aves, desplumarlas",Busca desplumar,"Pelar aves, desplumarlas. — Busca desplumar",em_dash,matched_headword,high,machine_accepted,direct_page_headword_match,machine_derived,True,False
ORT1888-art-001676,ORT1888-cand-001676,1676,ORTEGA1888-TEPIC-IA,76,72,4152,4153,"Pelar la sementera, limpiarla",Mua. Neti.,"Pelar la sementera, limpiarla. — Mua. Neti.",em_dash,matched_headword,high,machine_accepted,direct_page_headword_match,machine_derived,True,False
ORT1888-art-001677,ORT1888-cand-001677,1677,ORTEGA1888-TEPIC-IA,76,72,4154,4155,Pelarse,Apiri é. Netipmé.,Pelarse.— Apiri é. Netipmé.,em_dash,matched_headword,high,machine_accepted,direct_page_headword_match,machine_derived,True,False
ORT1888-art-001678,ORT1888-cand-001678,1678,ORTEGA1888-TEPIC-IA,76,72,4156,4157,Pellejo,Nauérit.,Pellejo. — Nauérit.,em_dash,matched_headword,high,machine_accepted,direct_page_headword_match,machine_derived,True,False
ORT1888-art-001679,ORT1888-cand-001679,1679,ORTEGA1888-TEPIC-IA,76,72,4158,4159,Pellejo arrancado,Navit.,Pellejo arrancado. — Navit.,em_dash,matched_headword,high,machine_accepted,direct_page_headword_match,machine_derived,True,False
ORT1888-art-001680,ORT1888-cand-001680,1680,ORTEGA1888-TEPIC-IA,76,72,4160,4161,Pellizcar,^Xetzina. Neti.,Pellizcar.— ^Xetzina. Neti.,em_dash,matched_headword,high,machine_accepted,direct_page_headword_match,machine_derived,True,False
ORT1888-art-001681,ORT1888-cand-001681,1681,ORTEGA1888-TEPIC-IA,76,72,4162,4163,Pellizco,Xetzineat.,Pellizco. — Xetzineat.,em_dash,matched_headword,high,machine_accepted,direct_page_headword_match,machine_derived,True,False
ORT1888-art-001682,ORT1888-cand-001682,1682,ORTEGA1888-TEPIC-IA,76,72,4164,4165,Pelo,sKepoáti,Pelo. — sKepoáti,em_dash,matched_headword,high,machine_accepted,direct_page_headword_match,machine_derived,True,False
ORT1888-art-001683,ORT1888-cand-001683,1683,ORTEGA1888-TEPIC-IA,76,72,4166,4167,Pelón sin pelo,Cayemihua.,Pelón sin pelo. — Cayemihua.,em_dash,matched_headword,high,machine_accepted,direct_page_headword_match,machine_derived,True,False
ORT1888-art-001684,ORT1888-cand-001684,1684,ORTEGA1888-TEPIC-IA,76,72,4168,4169,Pelota para jugar,Teúra.,Pelota para jugar.-^Teúra.,hyphen_variant,matched_headword,medium,machine_accepted,direct_page_headword_match,machine_derived,True,False
ORT1888-art-001685,ORT1888-cand-001685,1685,ORTEGA1888-TEPIC-IA,76,72,4170,4171,Pena generalmente,Poayhzit.,Pena generalmente. — Poayhzit.,em_dash,matched_headword,high,machine_accepted,direct_page_headword_match,machine_derived,True,False
ORT1888-art-001686,ORT1888-cand-001686,1686,ORTEGA1888-TEPIC-IA,76,72,4172,4173,Penar,Xeupoáhite.Netimpoaihte.,Penar. — Xeupoáhite.Netimpoaihte.,em_dash,matched_headword,high,machine_accepted,direct_page_headword_match,machine_derived,True,False
ORT1888-art-001687,ORT1888-cand-001687,1687,ORTEGA1888-TEPIC-IA,76,72,4174,4175,Penacho,Mu veri t.,Penacho. — Mu veri t.,em_dash,matched_headword,high,machine_accepted,direct_page_headword_match,machine_derived,True,False
ORT1888-art-001688,ORT1888-cand-001688,1688,ORTEGA1888-TEPIC-IA,76,72,4176,4177,Penca de mezcal,Moaihti.,Penca de mezcal. — Moaihti.,em_dash,matched_headword,high,machine_accepted,direct_page_headword_match,machine_derived,True,False
ORT1888-art-001689,ORT1888-cand-001689,1689,ORTEGA1888-TEPIC-IA,76,72,4178,4179,Pensar,",Múatze. Neti.","Pensar. — ,Múatze. Neti.",em_dash,matched_headword,high,machine_accepted,direct_page_headword_match,machine_derived,True,False
ORT1888-art-001690,ORT1888-cand-001690,1690,ORTEGA1888-TEPIC-IA,76,72,4180,4181,Pensamiento,Muatziat.,Pensamiento. — Muatziat.,em_dash,matched_headword,high,machine_accepted,direct_page_headword_match,machine_derived,True,False
ORT1888-art-001691,ORT1888-cand-001691,1691,ORTEGA1888-TEPIC-IA,76,72,4182,4187,Peñasco,Aitn.,Peñasco. — Aitn. | 73,em_dash,matched_headword,high,machine_accepted,direct_page_headword_match,machine_derived,True,False
ORT1888-art-001692,ORT1888-cand-001692,1692,ORTEGA1888-TEPIC-IA,77,73,4188,4189,Pepita generalmente,"Atziti,","Pepita generalmente. — Atziti,",em_dash,matched_headword,high,machine_accepted,direct_page_headword_match,machine_derived,True,False
ORT1888-art-001693,ORT1888-cand-001693,1693,ORTEGA1888-TEPIC-IA,77,73,4190,4194,Pequeño,sPitzica.,Pequeño.— sPitzica. | Peder. Yahué Neteahahue. Upuayahé. Vnatca- | hahé.,em_dash,matched_headword,high,machine_accepted,direct_page_headword_match,machine_derived,True,False
ORT1888-art-001694,ORT1888-cand-001694,1694,ORTEGA1888-TEPIC-IA,77,73,4195,4195,Perderse en e] camino,NAübet. Ne.,Perderse en e] camino. — NAübet. Ne.,em_dash,matched_headword,high,machine_accepted,direct_page_headword_match,machine_derived,True,False
ORT1888-art-001695,ORT1888-cand-001695,1695,ORTEGA1888-TEPIC-IA,77,73,4196,4197,Perdón,Vniat.,"Perdón , — Vniat.",em_dash,matched_headword,high,machine_accepted,direct_page_headword_match,machine_derived,True,False
ORT1888-art-001696,ORT1888-cand-001696,1696,ORTEGA1888-TEPIC-IA,77,73,4198,4198,Perdonarse la injuria,AtaaMiiire. Neti.,Perdonarse la injuria. — AtaaMiiire. Neti.,em_dash,matched_headword,high,machine_accepted,direct_page_headword_match,machine_derived,True,False
ORT1888-art-001697,ORT1888-cand-001697,1697,ORTEGA1888-TEPIC-IA,77,73,4199,4199,Perdonar lo que se debe,Busca perdonar la injuria.,Perdonar lo que se debe. — Busca perdonar la injuria.,em_dash,matched_headword,high,machine_accepted,direct_page_headword_match,machine_derived,True,False
ORT1888-art-001698,ORT1888-cand-001698,1698,ORTEGA1888-TEPIC-IA,77,73,4200,4200,Perdurablemente,Capuanac. etzéni.,Perdurablemente. ^—Capuanac. etzéni.,em_dash,matched_headword,high,machine_accepted,direct_page_headword_match,machine_derived,True,False
ORT1888-art-001699,ORT1888-cand-001699,1699,ORTEGA1888-TEPIC-IA,77,73,4201,4201,Pereza,Vnav ¡a t.,"Pereza, — Vnav ¡a t.",em_dash,matched_headword,high,machine_accepted,direct_page_headword_match,machine_derived,True,False
ORT1888-art-001700,ORT1888-cand-001700,1700,ORTEGA1888-TEPIC-IA,77,73,4202,4202,Perezoso,' Vnavizt. pl. tzi.,Perezoso.—' Vnavizt. pl. tzi.,em_dash,matched_headword,high,machine_accepted,direct_page_headword_match,machine_derived,True,False
ORT1888-art-001701,ORT1888-cand-001701,1701,ORTEGA1888-TEPIC-IA,77,73,4203,4203,Perezoso ser,Vnavé. Neti.,Perezoso ser. — Vnavé. Neti.,em_dash,matched_headword,high,machine_accepted,direct_page_headword_match,machine_derived,True,False
ORT1888-art-001702,ORT1888-cand-001702,1702,ORTEGA1888-TEPIC-IA,77,73,4204,4204,Permanecer la cosa,Auchehuátehbe.,Permanecer la cosa. — Auchehuátehbe.,em_dash,matched_headword,high,machine_accepted,direct_page_headword_match,machine_derived,True,False
ORT1888-art-001703,ORT1888-cand-001703,1703,ORTEGA1888-TEPIC-IA,77,73,4205,4205,Permitir algo,Celiámoe. Neti.,Permitir algo. — Celiámoe. Neti.,em_dash,matched_headword,high,machine_accepted,direct_page_headword_match,machine_derived,True,False
ORT1888-art-001704,ORT1888-cand-001704,1704,ORTEGA1888-TEPIC-IA,77,73,4206,4206,Permisión,Cehaiiat.,Permisión.^— Cehaiiat.,em_dash,matched_headword,high,machine_accepted,direct_page_headword_match,machine_derived,True,False
ORT1888-art-001705,ORT1888-cand-001705,1705,ORTEGA1888-TEPIC-IA,77,73,4207,4207,Perro o perra,vTzewk. pl. Tzittkaurí,Perro o perra.— vTzewk. pl. Tzittkaurí,em_dash,matched_headword,high,machine_accepted,direct_page_headword_match,machine_derived,True,False
ORT1888-art-001706,ORT1888-cand-001706,1706,ORTEGA1888-TEPIC-IA,77,73,4208,4208,persona,Tevifc. pl. Teaiteri.,persona. — Tevifc. pl. Teaiteri.,em_dash,matched_headword,high,machine_accepted,direct_page_headword_match,machine_derived,True,False
ORT1888-art-001707,ORT1888-cand-001707,1707,ORTEGA1888-TEPIC-IA,77,73,4209,4209,Pertenecer,Atzáne. Netin.,"Pertenecer ,— Atzáne. Netin.",em_dash,matched_headword,high,machine_accepted,direct_page_headword_match,machine_derived,True,False
ORT1888-art-001708,ORT1888-cand-001708,1708,ORTEGA1888-TEPIC-IA,77,73,4210,4210,Pervertir a otro,Tohé. Neti.,Pervertir a otro. — Tohé. Neti.,em_dash,matched_headword,high,machine_accepted,direct_page_headword_match,machine_derived,True,False
ORT1888-art-001709,ORT1888-cand-001709,1709,ORTEGA1888-TEPIC-IA,77,73,4211,4214,Pesada cosa,Tiheti.,Pesada cosa. — Tiheti. | Pesar tener de alguna cosa | muerite.,em_dash,matched_headword,high,machine_accepted,direct_page_headword_match,machine_derived,True,False
ORT1888-art-001710,ORT1888-cand-001710,1710,ORTEGA1888-TEPIC-IA,77,73,4215,4215,Pesadumbre asi,Xamuchreat.,Pesadumbre asi. — Xamuchreat.,em_dash,matched_headword,high,machine_accepted,direct_page_headword_match,machine_derived,True,False
ORT1888-art-001711,ORT1888-cand-001711,1711,ORTEGA1888-TEPIC-IA,77,73,4216,4216,Pesar en balanza,Pezuvi. Neti.,Pesar en balanza. — Pezuvi. Neti.,em_dash,matched_headword,high,machine_accepted,direct_page_headword_match,machine_derived,True,False
ORT1888-art-001712,ORT1888-cand-001712,1712,ORTEGA1888-TEPIC-IA,76,72,4217,4218,Pescado,Hucat. pl. Hucaitéri.,Pescado. — Hucat. pl. Hucaitéri. | Pescar con el red. Úchuam. N.,em_dash,matched_headword,high,machine_accepted,direct_page_headword_match,machine_derived,True,False
ORT1888-art-001713,ORT1888-cand-001713,1713,ORTEGA1888-TEPIC-IA,77,73,4219,4219,Pescar con el anzuelo,Busca anzuelo.,Pescar con el anzuelo. — Busca anzuelo.,em_dash,matched_headword,high,machine_accepted,direct_page_headword_match,machine_derived,True,False
ORT1888-art-001714,ORT1888-cand-001714,1714,ORTEGA1888-TEPIC-IA,77,73,4220,4220,Pescuezo ó cerviz,Keupihti.,Pescuezo ó cerviz. — Keupihti.,em_dash,matched_headword,high,machine_accepted,direct_page_headword_match,machine_derived,True,False
ORT1888-art-001715,ORT1888-cand-001715,1715,ORTEGA1888-TEPIC-IA,77,73,4221,4222,"Pestaña, r",Ceákerit.,"Pestaña, r— Ceákerit.",em_dash,matched_headword,high,machine_accepted,direct_page_headword_match,machine_derived,True,False
ORT1888-art-001716,ORT1888-cand-001716,1716,ORTEGA1888-TEPIC-IA,77,73,4223,4223,Pestañear,sBusca menear los párpados.,Pestañear. — sBusca menear los párpados.,em_dash,matched_headword,high,machine_accepted,direct_page_headword_match,machine_derived,True,False
ORT1888-art-001717,ORT1888-cand-001717,1717,ORTEGA1888-TEPIC-IA,77,73,4224,4224,Peste aver,Teticui.,Peste aver. — Teticui.,em_dash,matched_headword,high,machine_accepted,direct_page_headword_match,machine_derived,True,False
ORT1888-art-001718,ORT1888-cand-001718,1718,ORTEGA1888-TEPIC-IA,77,73,4225,4230,Picada,Tzetziat,Picada. — Tzetziat | Vxamuchrité. Neanxa-,em_dash,matched_headword,high,machine_accepted,direct_page_headword_match,machine_derived,True,False
ORT1888-art-001719,ORT1888-cand-001719,1719,ORTEGA1888-TEPIC-IA,78,74,4234,4235,Picar como alacrán,Che. Mete,Picar como alacrán. — Che. Mete,em_dash,matched_headword,high,machine_accepted,direct_page_headword_match,machine_derived,True,False
ORT1888-art-001720,ORT1888-cand-001720,1720,ORTEGA1888-TEPIC-IA,78,74,4236,4237,Picada asi,Cheitziat,Picada asi. — Cheitziat,em_dash,matched_headword,high,machine_accepted,direct_page_headword_match,machine_derived,True,False
ORT1888-art-001721,ORT1888-cand-001721,1721,ORTEGA1888-TEPIC-IA,78,74,4238,4239,Picar carne,-Béhehi. Neti.,Picar carne.— -Béhehi. Neti.,em_dash,matched_headword,high,machine_accepted,direct_page_headword_match,machine_derived,True,False
ORT1888-art-001722,ORT1888-cand-001722,1722,ORTEGA1888-TEPIC-IA,78,74,4240,4241,Pico de ave,Yxeti.,Pico de ave.- — Yxeti.,em_dash,matched_headword,high,machine_accepted,direct_page_headword_match,machine_derived,True,False
ORT1888-art-001723,ORT1888-cand-001723,1723,ORTEGA1888-TEPIC-IA,78,74,4242,4243,Pie de animal,Chapoariti.,Pie de animal. — Chapoariti.,em_dash,matched_headword,high,machine_accepted,direct_page_headword_match,machine_derived,True,False
ORT1888-art-001724,ORT1888-cand-001724,1724,ORTEGA1888-TEPIC-IA,78,74,4244,4245,Piedra,Teten. Teteti.,"Piedra. ,-Teten. Teteti.",hyphen_variant,matched_headword,medium,machine_accepted,direct_page_headword_match,machine_derived,True,False
ORT1888-art-001725,ORT1888-cand-001725,1725,ORTEGA1888-TEPIC-IA,78,74,4246,4250,Piedra para moler maíz,Muatáti,Piedra para moler maíz — Muatáti | Piedra de que se sacan nav | prieto.,em_dash,matched_headword,high,machine_accepted,direct_page_headword_match,machine_derived,True,False
ORT1888-art-001726,ORT1888-cand-001726,1726,ORTEGA1888-TEPIC-IA,78,74,4251,4251,Piel,Busca pellejo.,Piel. — Busca pellejo.,em_dash,matched_headword,high,machine_accepted,direct_page_headword_match,machine_derived,True,False
ORT1888-art-001727,ORT1888-cand-001727,1727,ORTEGA1888-TEPIC-IA,78,74,4252,4252,Pino,Ocótn. Ocóti.,Pino.— Ocótn. Ocóti.,em_dash,matched_headword,high,machine_accepted,direct_page_headword_match,machine_derived,True,False
ORT1888-art-001728,ORT1888-cand-001728,1728,ORTEGA1888-TEPIC-IA,78,74,4253,4253,Piñal,Ocótzáta.,Piñal. — Ocótzáta.,em_dash,matched_headword,high,machine_accepted,direct_page_headword_match,machine_derived,True,False
ORT1888-art-001729,ORT1888-cand-001729,1729,ORTEGA1888-TEPIC-IA,78,74,4254,4254,Pintar,.Xúxa. Neti.,Pintar .-^.Xúxa. Neti.,hyphen_variant,matched_headword,medium,machine_accepted,direct_page_headword_match,machine_derived,True,False
ORT1888-art-001730,ORT1888-cand-001730,1730,ORTEGA1888-TEPIC-IA,78,74,4255,4255,Pintor,Tiyúxame. pl. tzi.,"Pintor, — Tiyúxame. pl. tzi.",em_dash,matched_headword,high,machine_accepted,direct_page_headword_match,machine_derived,True,False
ORT1888-art-001731,ORT1888-cand-001731,1731,ORTEGA1888-TEPIC-IA,78,74,4256,4256,Pinto,Yuxare.,"Pinto. ,—Yuxare.",em_dash,matched_headword,high,machine_accepted,direct_page_headword_match,machine_derived,True,False
ORT1888-art-001732,ORT1888-cand-001732,1732,ORTEGA1888-TEPIC-IA,78,74,4257,4257,"Pintura, r",Yúzeat.,"Pintura, r— Yúzeat.",em_dash,matched_headword,high,machine_accepted,direct_page_headword_match,machine_derived,True,False
ORT1888-art-001733,ORT1888-cand-001733,1733,ORTEGA1888-TEPIC-IA,78,74,4258,4258,"Pina, fruta",Moatzahtí.,"Pina, fruta.— Moatzahtí.",em_dash,matched_headword,high,machine_accepted,direct_page_headword_match,machine_derived,True,False
ORT1888-art-001734,ORT1888-cand-001734,1734,ORTEGA1888-TEPIC-IA,78,74,4259,4259,Piojo de la cabeza,"Atete, pl. Atétzi","Piojo de la cabeza. — Atete, pl. Atétzi",em_dash,matched_headword,high,machine_accepted,direct_page_headword_match,machine_derived,True,False
ORT1888-art-001735,ORT1888-cand-001735,1735,ORTEGA1888-TEPIC-IA,78,74,4260,4260,"Pisar, generalmeute",Tzina. Neti.,"Pisar, generalmeute. — Tzina. Neti.",em_dash,matched_headword,high,machine_accepted,direct_page_headword_match,machine_derived,True,False
ORT1888-art-001736,ORT1888-cand-001736,1736,ORTEGA1888-TEPIC-IA,78,74,4261,4261,Pisar alguna cosa,Bétze. Nete.,"Pisar alguna cosa, — Bétze. Nete.",em_dash,matched_headword,high,machine_accepted,direct_page_headword_match,machine_derived,True,False
ORT1888-art-001737,ORT1888-cand-001737,1737,ORTEGA1888-TEPIC-IA,78,74,4262,4262,Pisiete que mascan,Acuait.,Pisiete que mascan. — Acuait.,em_dash,matched_headword,high,machine_accepted,direct_page_headword_match,machine_derived,True,False
ORT1888-art-001738,ORT1888-cand-001738,1738,ORTEGA1888-TEPIC-IA,78,74,4263,4263,Pisiete mascar,Vhuatehuaca N.,Pisiete mascar. — Vhuatehuaca N.,em_dash,matched_headword,high,machine_accepted,direct_page_headword_match,machine_derived,True,False
ORT1888-art-001739,ORT1888-cand-001739,1739,ORTEGA1888-TEPIC-IA,78,74,4264,4264,Pito real,Yéaru. pl. tzi.,Pito real. — Yéaru. pl. tzi.,em_dash,matched_headword,high,machine_accepted,direct_page_headword_match,machine_derived,True,False
ORT1888-art-001740,ORT1888-cand-001740,1740,ORTEGA1888-TEPIC-IA,78,74,4265,4265,Pi tahalí a,Moara.,Pi tahalí a. — Moara.,em_dash,matched_headword,high,machine_accepted,direct_page_headword_match,machine_derived,True,False
ORT1888-art-001741,ORT1888-cand-001741,1741,ORTEGA1888-TEPIC-IA,78,74,4266,4266,Pitar,Bike. Ne.,Pitar.— Bike. Ne.,em_dash,matched_headword,high,machine_accepted,direct_page_headword_match,machine_derived,True,False
ORT1888-art-001742,ORT1888-cand-001742,1742,ORTEGA1888-TEPIC-IA,78,74,4267,4267,Pitar chillando,Muáxe Ne.,Pitar chillando. — Muáxe Ne.,em_dash,matched_headword,high,machine_accepted,direct_page_headword_match,machine_derived,True,False
ORT1888-art-001743,ORT1888-cand-001743,1743,ORTEGA1888-TEPIC-IA,78,74,4268,4268,Planta del pié,Busca pié,Planta del pié. — Busca pié,em_dash,matched_headword,high,machine_accepted,direct_page_headword_match,machine_derived,True,False
ORT1888-art-001744,ORT1888-cand-001744,1744,ORTEGA1888-TEPIC-IA,78,74,4269,4269,Plantar árboles,Hixte. Neti.,Plantar árboles. — Hixte. Neti.,em_dash,matched_headword,high,machine_accepted,direct_page_headword_match,machine_derived,True,False
ORT1888-art-001745,ORT1888-cand-001745,1745,ORTEGA1888-TEPIC-IA,78,74,4270,4270,Platicar con otro,Busca parlar.,Platicar con otro. — Busca parlar.,em_dash,matched_headword,high,machine_accepted,direct_page_headword_match,machine_derived,True,False
ORT1888-art-001746,ORT1888-cand-001746,1746,ORTEGA1888-TEPIC-IA,78,74,4271,4271,Plática tal,Xahtzit.,Plática tal. ^ — Xahtzit.,em_dash,matched_headword,high,machine_accepted,direct_page_headword_match,machine_derived,True,False
ORT1888-art-001747,ORT1888-cand-001747,1747,ORTEGA1888-TEPIC-IA,78,74,4272,4272,Plátano,Xánarit.,Plátano.-^ Xánarit.,hyphen_variant,matched_headword,medium,machine_accepted,direct_page_headword_match,machine_derived,True,False
ORT1888-art-001748,ORT1888-cand-001748,1748,ORTEGA1888-TEPIC-IA,78,74,4273,4278,"Placer, regocijo",Busca gozo.,"Placer, regocijo. — Busca gozo. | ,Tajas. Busca pedernal",em_dash,matched_headword,high,machine_accepted,direct_page_headword_match,machine_derived,True,False
ORT1888-art-001749,ORT1888-cand-001749,1749,ORTEGA1888-TEPIC-IA,79,75,4285,4286,"Plazo, poner. r",Ateihteri. Ne.,"Plazo, poner. r— Ateihteri. Ne.",em_dash,matched_headword,high,machine_accepted,direct_page_headword_match,machine_derived,True,False
ORT1888-art-001750,ORT1888-cand-001750,1750,ORTEGA1888-TEPIC-IA,79,75,4287,4288,Plegar,Busca fruncir.,Plegar. —Busca fruncir.,em_dash,matched_headword,high,machine_accepted,direct_page_headword_match,machine_derived,True,False
ORT1888-art-001751,ORT1888-cand-001751,1751,ORTEGA1888-TEPIC-IA,79,75,4289,4290,Pleito aver,Maucúbua.,Pleito aver. — Maucúbua.,em_dash,matched_headword,high,machine_accepted,direct_page_headword_match,machine_derived,True,False
ORT1888-art-001752,ORT1888-cand-001752,1752,ORTEGA1888-TEPIC-IA,79,75,4291,4292,Pluma,Atratz.,Pluma. — Atratz.,em_dash,matched_headword,high,machine_accepted,direct_page_headword_match,machine_derived,True,False
ORT1888-art-001753,ORT1888-cand-001753,1753,ORTEGA1888-TEPIC-IA,79,75,4293,4294,Plumero.',Busca penacho.,Plumero.' — Busca penacho.,em_dash,matched_headword,high,machine_accepted,direct_page_headword_match,machine_derived,True,False
ORT1888-art-001754,ORT1888-cand-001754,1754,ORTEGA1888-TEPIC-IA,79,75,4295,4296,Pobre estar,Nempúeheké. nenuehke.,Pobre estar. ^-Nempúeheké. nenuehke.,hyphen_variant,matched_headword,medium,machine_accepted,direct_page_headword_match,machine_derived,True,False
ORT1888-art-001755,ORT1888-cand-001755,1755,ORTEGA1888-TEPIC-IA,79,75,4297,4298,"Poco, nombre adj",Atzú.,"Poco, nombre adj. — Atzú.",em_dash,matched_headword,high,machine_accepted,direct_page_headword_match,machine_derived,True,False
ORT1888-art-001756,ORT1888-cand-001756,1756,ORTEGA1888-TEPIC-IA,79,75,4299,4300,Poco antes,"Busca, no ha mucho.","Poco antes. — Busca, no ha mucho.",em_dash,matched_headword,high,machine_accepted,direct_page_headword_match,machine_derived,True,False
ORT1888-art-001757,ORT1888-cand-001757,1757,ORTEGA1888-TEPIC-IA,79,75,4301,4302,Pocas veces,Atzüpoamáxu,Pocas veces. — Atzüpoamáxu,em_dash,matched_headword,high,machine_accepted,direct_page_headword_match,machine_derived,True,False
ORT1888-art-001758,ORT1888-cand-001758,1758,ORTEGA1888-TEPIC-IA,79,75,4303,4304,Poco a poco,> Xah ten.,Poco a poco.— > Xah ten.,em_dash,matched_headword,high,machine_accepted,direct_page_headword_match,machine_derived,True,False
ORT1888-art-001759,ORT1888-cand-001759,1759,ORTEGA1888-TEPIC-IA,79,75,4305,4306,Podar,Behche. Neti.,Podar. — Behche. Neti.,em_dash,matched_headword,high,machine_accepted,direct_page_headword_match,machine_derived,True,False
ORT1888-art-001760,ORT1888-cand-001760,1760,ORTEGA1888-TEPIC-IA,79,75,4307,4308,"Poder, nombre",Huata^/riat.,"Poder, nombre. — Huata^/riat.",em_dash,matched_headword,high,machine_accepted,direct_page_headword_match,machine_derived,True,False
ORT1888-art-001761,ORT1888-cand-001761,1761,ORTEGA1888-TEPIC-IA,79,75,4309,4312,"Poder, verbo",Huatap/hbe. Hatacihbe,"Poder, verbo. ^— Huatap/hbe. Hatacihbe | Poderoso. Huata<°/hl)acame. pl. tzi.",em_dash,matched_headword,high,machine_accepted,direct_page_headword_match,machine_derived,True,False
ORT1888-art-001762,ORT1888-cand-001762,1762,ORTEGA1888-TEPIC-IA,79,75,4313,4314,Podre,Busca materia.,Podre. — Busca materia.,em_dash,matched_headword,high,machine_accepted,direct_page_headword_match,machine_derived,True,False
ORT1888-art-001763,ORT1888-cand-001763,1763,ORTEGA1888-TEPIC-IA,79,75,4315,4316,Podrirse la cosa,Petné. Ne.,Podrirse la cosa. — Petné. Ne.,em_dash,matched_headword,high,machine_accepted,direct_page_headword_match,machine_derived,True,False
ORT1888-art-001764,ORT1888-cand-001764,1764,ORTEGA1888-TEPIC-IA,79,75,4317,4318,Polilla,Tipenitéhahuame. pl. tzi.,Polilla. — Tipenitéhahuame. pl. tzi.,em_dash,matched_headword,high,machine_accepted,direct_page_headword_match,machine_derived,True,False
ORT1888-art-001765,ORT1888-cand-001765,1765,ORTEGA1888-TEPIC-IA,79,75,4319,4320,Polvo,Chuehti,Polvo. — Chuehti,em_dash,matched_headword,high,machine_accepted,direct_page_headword_match,machine_derived,True,False
ORT1888-art-001766,ORT1888-cand-001766,1766,ORTEGA1888-TEPIC-IA,79,75,4321,4322,"Pollo, hijo de la gallina",Busca gallina.,"Pollo, hijo de la gallina. —Busca gallina.",em_dash,matched_headword,high,machine_accepted,direct_page_headword_match,machine_derived,True,False
ORT1888-art-001767,ORT1888-cand-001767,1767,ORTEGA1888-TEPIC-IA,79,75,4323,4324,Poner,^ Ye púa-. Yenüa.,Poner.— ^ Ye púa-. Yenüa.,em_dash,matched_headword,high,machine_accepted,direct_page_headword_match,machine_derived,True,False
ORT1888-art-001768,ORT1888-cand-001768,1768,ORTEGA1888-TEPIC-IA,79,75,4325,4326,Poner la gallina,Nuí. Neti.,Poner la gallina. — Nuí. Neti.,em_dash,matched_headword,high,machine_accepted,direct_page_headword_match,machine_derived,True,False
ORT1888-art-001769,ORT1888-cand-001769,1769,ORTEGA1888-TEPIC-IA,79,75,4327,4328,Ponerse el capote,Yepuateáte. yenateate.,Ponerse el capote. — Yepuateáte. yenateate.,em_dash,matched_headword,high,machine_accepted,direct_page_headword_match,machine_derived,True,False
ORT1888-art-001770,ORT1888-cand-001770,1770,ORTEGA1888-TEPIC-IA,79,75,4329,4330,"Por, prep. para dar causa",Keme.,"Por, prep. para dar causa. — Keme.",em_dash,matched_headword,high,machine_accepted,direct_page_headword_match,machine_derived,True,False
ORT1888-art-001771,ORT1888-cand-001771,1771,ORTEGA1888-TEPIC-IA,79,75,4331,4332,Por ventura,-Ne.,Por ventura.- -Ne.,hyphen_variant,matched_headword,medium,machine_accepted,direct_page_headword_match,machine_derived,True,False
ORT1888-art-001772,ORT1888-cand-001772,1772,ORTEGA1888-TEPIC-IA,79,75,4333,4334,Por dónde1?,>Aeineitta?,Por dónde1?.— >Aeineitta?,em_dash,matched_headword,high,machine_accepted,direct_page_headword_match,machine_derived,True,False
ORT1888-art-001773,ORT1888-cand-001773,1773,ORTEGA1888-TEPIC-IA,79,75,4335,4336,Por qué?,Aeineitta?,Por qué? — Aeineitta?,em_dash,matched_headword,high,machine_accepted,direct_page_headword_match,machine_derived,True,False
ORT1888-art-001774,ORT1888-cand-001774,1774,ORTEGA1888-TEPIC-IA,79,75,4337,4338,Poseer,Cheaé. Neti.,Poseer. — Cheaé. Neti.,em_dash,matched_headword,high,machine_accepted,direct_page_headword_match,machine_derived,True,False
ORT1888-art-001775,ORT1888-cand-001775,1775,ORTEGA1888-TEPIC-IA,79,75,4339,4340,Pozo,Tetécüne.,Pozo. — Tetécüne.,em_dash,matched_headword,high,machine_accepted,direct_page_headword_match,machine_derived,True,False
ORT1888-art-001776,ORT1888-cand-001776,1776,ORTEGA1888-TEPIC-IA,79,75,4341,4342,"Predicar, hacer sermon",Muaté. Neti,"Predicar, hacer sermon. — Muaté. Neti",em_dash,matched_headword,high,machine_accepted,direct_page_headword_match,machine_derived,True,False
ORT1888-art-001777,ORT1888-cand-001777,1777,ORTEGA1888-TEPIC-IA,79,75,4343,4344,Predicador,Timuateahuame. pl. tzi.,Predicador. — Timuateahuame. pl. tzi.,em_dash,matched_headword,high,machine_accepted,direct_page_headword_match,machine_derived,True,False
ORT1888-art-001778,ORT1888-cand-001778,1778,ORTEGA1888-TEPIC-IA,79,75,4345,4346,Predicación,Muatihat.,Predicación. — Muatihat.,em_dash,matched_headword,high,machine_accepted,direct_page_headword_match,machine_derived,True,False
ORT1888-art-001779,ORT1888-cand-001779,1779,ORTEGA1888-TEPIC-IA,79,75,4347,4352,Pregonar,Hihhua. Neti.,Pregonar. — Hihhua. Neti. | 76,em_dash,matched_headword,high,machine_accepted,direct_page_headword_match,machine_derived,True,False
ORT1888-art-001780,ORT1888-cand-001780,1780,ORTEGA1888-TEPIC-IA,80,76,4358,4359,Pregunta,Huavirit.,Pregunta. — Huavirit.,em_dash,matched_headword,high,machine_accepted,direct_page_headword_match,machine_derived,True,False
ORT1888-art-001781,ORT1888-cand-001781,1781,ORTEGA1888-TEPIC-IA,80,76,4360,4361,"Premiar, r",Tacare. Nete.,"Premiar, r— Tacare. Nete.",em_dash,matched_headword,high,machine_accepted,direct_page_headword_match,machine_derived,True,False
ORT1888-art-001782,ORT1888-cand-001782,1782,ORTEGA1888-TEPIC-IA,80,76,4362,4363,Prender la planta,Ahtanezim.,Prender la planta. — Ahtanezim.,em_dash,matched_headword,high,machine_accepted,direct_page_headword_match,machine_derived,True,False
ORT1888-art-001783,ORT1888-cand-001783,1783,ORTEGA1888-TEPIC-IA,80,76,4364,4365,Preñada estar,"Hutza, Ne.","Preñada estar. — Hutza, Ne.",em_dash,matched_headword,high,machine_accepted,direct_page_headword_match,machine_derived,True,False
ORT1888-art-001784,ORT1888-cand-001784,1784,ORTEGA1888-TEPIC-IA,80,76,4366,4367,Prestar como quiera,Nehte. Neteu,Prestar como quiera. — Nehte. Neteu,em_dash,matched_headword,high,machine_accepted,direct_page_headword_match,machine_derived,True,False
ORT1888-art-001785,ORT1888-cand-001785,1785,ORTEGA1888-TEPIC-IA,80,76,4368,4369,Presto ado,Üiyétat.,Presto ado — Üiyétat.,em_dash,matched_headword,high,machine_accepted,direct_page_headword_match,machine_derived,True,False
ORT1888-art-001786,ORT1888-cand-001786,1786,ORTEGA1888-TEPIC-IA,80,76,4370,4371,Prieto,Busca negro.,Prieto. — Busca negro.,em_dash,matched_headword,high,machine_accepted,direct_page_headword_match,machine_derived,True,False
ORT1888-art-001787,ORT1888-cand-001787,1787,ORTEGA1888-TEPIC-IA,80,76,4372,4373,Primero,Ahcuata.,"Primero. ,— Ahcuata.",em_dash,matched_headword,high,machine_accepted,direct_page_headword_match,machine_derived,True,False
ORT1888-art-001788,ORT1888-cand-001788,1788,ORTEGA1888-TEPIC-IA,80,76,4374,4375,Pi i ra a herman a,Ti hu tz i,Pi i ra a herman a . — Ti hu tz i,em_dash,matched_headword,high,machine_accepted,direct_page_headword_match,machine_derived,True,False
ORT1888-art-001789,ORT1888-cand-001789,1789,ORTEGA1888-TEPIC-IA,80,76,4376,4379,Primo hermano,"Tihát/i,","Primo hermano. —Tihát/i, | Primo y prima segunda.-",em_dash,matched_headword,high,machine_accepted,direct_page_headword_match,machine_derived,True,False
ORT1888-art-001790,ORT1888-cand-001790,1790,ORTEGA1888-TEPIC-IA,80,76,4380,4381,Prometer,Yxate. Neteu.,Prometer. — Yxate. Neteu.,em_dash,matched_headword,high,machine_accepted,direct_page_headword_match,machine_derived,True,False
ORT1888-art-001791,ORT1888-cand-001791,1791,ORTEGA1888-TEPIC-IA,80,76,4382,4383,Proponer algo,Purhuaohé,Proponer algo — Purhuaohé,em_dash,matched_headword,high,machine_accepted,direct_page_headword_match,machine_derived,True,False
ORT1888-art-001792,ORT1888-cand-001792,1792,ORTEGA1888-TEPIC-IA,80,76,4384,4385,Probar algo,Muat/é. Neti.,Probar algo.— Muat/é. Neti.,em_dash,matched_headword,high,machine_accepted,direct_page_headword_match,machine_derived,True,False
ORT1888-art-001793,ORT1888-cand-001793,1793,ORTEGA1888-TEPIC-IA,80,76,4386,4387,Provocar á otro,Haxeite.,Provocar á otro. — Haxeite.,em_dash,matched_headword,high,machine_accepted,direct_page_headword_match,machine_derived,True,False
ORT1888-art-001794,ORT1888-cand-001794,1794,ORTEGA1888-TEPIC-IA,80,76,4388,4389,Próximo,Tühuá. pl. Tühuamoa.,Próximo. -^Tühuá. pl. Tühuamoa.,hyphen_variant,matched_headword,medium,machine_accepted,direct_page_headword_match,machine_derived,True,False
ORT1888-art-001795,ORT1888-cand-001795,1795,ORTEGA1888-TEPIC-IA,80,76,4390,4391,Público ser,Moarérihua.,Público ser. — Moarérihua.,em_dash,matched_headword,high,machine_accepted,direct_page_headword_match,machine_derived,True,False
ORT1888-art-001796,ORT1888-cand-001796,1796,ORTEGA1888-TEPIC-IA,80,76,4392,4393,"Pueblo, de gente",M^/oceihre.,"Pueblo, de gente. — M^/oceihre.",em_dash,matched_headword,high,machine_accepted,direct_page_headword_match,machine_derived,True,False
ORT1888-art-001797,ORT1888-cand-001797,1797,ORTEGA1888-TEPIC-IA,80,76,4394,4395,Puente,Tean tahét.,Puente. — Tean tahét.,em_dash,matched_headword,high,machine_accepted,direct_page_headword_match,machine_derived,True,False
ORT1888-art-001798,ORT1888-cand-001798,1798,ORTEGA1888-TEPIC-IA,80,76,4396,4397,Puerco ó puerca,Tuíno,Puerco ó puerca.-^ Tuíno,hyphen_variant,matched_headword,medium,machine_accepted,direct_page_headword_match,machine_derived,True,False
ORT1888-art-001799,ORT1888-cand-001799,1799,ORTEGA1888-TEPIC-IA,80,76,4398,4399,Pulga,Teapuit. pl. t/i.,"Pulga,— Teapuit. pl. t/i.",em_dash,matched_headword,high,machine_accepted,direct_page_headword_match,machine_derived,True,False
ORT1888-art-001800,ORT1888-cand-001800,1800,ORTEGA1888-TEPIC-IA,80,76,4400,4401,Pulpito,Chauhrit.,Pulpito. — Chauhrit.,em_dash,matched_headword,high,machine_accepted,direct_page_headword_match,machine_derived,True,False
ORT1888-art-001801,ORT1888-cand-001801,1801,ORTEGA1888-TEPIC-IA,80,76,4402,4403,Punzar,Tzet. Neteu.,Punzar.— Tzet. Neteu.,em_dash,matched_headword,high,machine_accepted,direct_page_headword_match,machine_derived,True,False
ORT1888-art-001802,ORT1888-cand-001802,1802,ORTEGA1888-TEPIC-IA,80,76,4404,4405,Punta de cosa delgada,Antipitní,Punta de cosa delgada. — Antipitní,em_dash,matched_headword,high,machine_accepted,direct_page_headword_match,machine_derived,True,False
ORT1888-art-001803,ORT1888-cand-001803,1803,ORTEGA1888-TEPIC-IA,80,76,4406,4407,"Punta, sacar",Antipitnihwe. Neu.,"Punta, sacar.— Antipitnihwe. Neu.",em_dash,matched_headword,high,machine_accepted,direct_page_headword_match,machine_derived,True,False
ORT1888-art-001804,ORT1888-cand-001804,1804,ORTEGA1888-TEPIC-IA,80,76,4408,4413,Purgar la herida,Apuxuachye,Purgar la herida.— Apuxuachye | pl.,em_dash,matched_headword,high,machine_accepted,direct_page_headword_match,machine_derived,True,False
ORT1888-art-001805,ORT1888-cand-001805,1805,ORTEGA1888-TEPIC-IA,80,76,4416,4416,Qué?,Titane?,Qué?— Titane?,em_dash,anchored_same_page,medium,machine_accepted,same_page_anchor_support,machine_derived,True,False
ORT1888-art-001806,ORT1888-cand-001806,1806,ORTEGA1888-TEPIC-IA,80,76,4417,4417,Quebrar,Tapoa. Neteu.,"Quebrar.,^- Tapoa. Neteu.",hyphen_variant,matched_headword,medium,machine_accepted,direct_page_headword_match,machine_derived,True,False
ORT1888-art-001807,ORT1888-cand-001807,1807,ORTEGA1888-TEPIC-IA,80,76,4418,4423,Quebrantar la ley,Busca ofender,Quebrantar la ley.— Busca ofender | 77:,em_dash,matched_headword,high,machine_accepted,direct_page_headword_match,machine_derived,True,False
ORT1888-art-001808,ORT1888-cand-001808,1808,ORTEGA1888-TEPIC-IA,81,77,4424,4424,Quebrarse el hueso,. Antinácheca.,Quebrarse el hueso.— . Antinácheca.,em_dash,matched_headword,high,machine_accepted,direct_page_headword_match,machine_derived,True,False
ORT1888-art-001809,ORT1888-cand-001809,1809,ORTEGA1888-TEPIC-IA,81,77,4425,4425,Quedarse,Huateáhtua. Neteahtua.,Quedarse. — Huateáhtua. Neteahtua.,em_dash,matched_headword,high,machine_accepted,direct_page_headword_match,machine_derived,True,False
ORT1888-art-001810,ORT1888-cand-001810,1810,ORTEGA1888-TEPIC-IA,81,77,4426,4426,"Quedar, sobrar",NB visca sobrar.,"Quedar, sobrar,— NB visca sobrar.",em_dash,matched_headword,high,machine_accepted,direct_page_headword_match,machine_derived,True,False
ORT1888-art-001811,ORT1888-cand-001811,1811,ORTEGA1888-TEPIC-IA,81,77,4427,4427,Quemar alguna cosa,Taiya. Neti.,Quemar alguna cosa. — Taiya. Neti.,em_dash,matched_headword,high,machine_accepted,direct_page_headword_match,machine_derived,True,False
ORT1888-art-001812,ORT1888-cand-001812,1812,ORTEGA1888-TEPIC-IA,81,77,4428,4428,Quemadura tal,Tairiat.,Quemadura tal. — Tairiat.,em_dash,matched_headword,high,machine_accepted,direct_page_headword_match,machine_derived,True,False
ORT1888-art-001813,ORT1888-cand-001813,1813,ORTEGA1888-TEPIC-IA,81,77,4429,4429,Quemarse,Huataixe. Natáixe.,Quemarse. — Huataixe. Natáixe.,em_dash,matched_headword,high,machine_accepted,direct_page_headword_match,machine_derived,True,False
ORT1888-art-001814,ORT1888-cand-001814,1814,ORTEGA1888-TEPIC-IA,81,77,4430,4430,Querer alguna cosa,Xébe. Neti.,"Querer alguna cosa.,— Xébe. Neti.",em_dash,matched_headword,high,machine_accepted,direct_page_headword_match,machine_derived,True,False
ORT1888-art-001815,ORT1888-cand-001815,1815,ORTEGA1888-TEPIC-IA,81,77,4431,4431,Querellarse,Teutaxáhtaca. Ne.,Querellarse. — Teutaxáhtaca. Ne.,em_dash,matched_headword,high,machine_accepted,direct_page_headword_match,machine_derived,True,False
ORT1888-art-001816,ORT1888-cand-001816,1816,ORTEGA1888-TEPIC-IA,81,77,4432,4432,Querella,Tiaxahtziri-,Querella — Tiaxahtziri-,em_dash,matched_headword,high,machine_accepted,direct_page_headword_match,machine_derived,True,False
ORT1888-art-001817,ORT1888-cand-001817,1817,ORTEGA1888-TEPIC-IA,81,77,4433,4433,Quizá?,Hico.,"Quizá?. ,— Hico.",em_dash,matched_headword,high,machine_accepted,direct_page_headword_match,machine_derived,True,False
ORT1888-art-001818,ORT1888-cand-001818,1818,ORTEGA1888-TEPIC-IA,81,77,4434,4434,Quién?,Atena?,Quién?.— Atena?,em_dash,matched_headword,high,machine_accepted,direct_page_headword_match,machine_derived,True,False
ORT1888-art-001819,ORT1888-cand-001819,1819,ORTEGA1888-TEPIC-IA,81,77,4435,4435,Quién eres?,Atenapepéne?,Quién eres? — Atenapepéne?,em_dash,matched_headword,high,machine_accepted,direct_page_headword_match,machine_derived,True,False
ORT1888-art-001820,ORT1888-cand-001820,1820,ORTEGA1888-TEPIC-IA,81,77,4436,4436,Quién sois?,Atenecepéne?,Quién sois? — Atenecepéne?,em_dash,matched_headword,high,machine_accepted,direct_page_headword_match,machine_derived,True,False
ORT1888-art-001821,ORT1888-cand-001821,1821,ORTEGA1888-TEPIC-IA,81,77,4437,4437,Quién es?,Atanepuéne?,Quién es?— Atanepuéne?,em_dash,matched_headword,high,machine_accepted,direct_page_headword_match,machine_derived,True,False
ORT1888-art-001822,ORT1888-cand-001822,1822,ORTEGA1888-TEPIC-IA,81,77,4438,4438,Quienes son?,Atanemepene?,Quienes son? — Atanemepene?,em_dash,matched_headword,high,machine_accepted,direct_page_headword_match,machine_derived,True,False
ORT1888-art-001823,ORT1888-cand-001823,1823,ORTEGA1888-TEPIC-IA,81,77,4439,4439,"Quitar, apartar algo",Tea. Neti.,"Quitar, apartar algo. — Tea. Neti.",em_dash,matched_headword,high,machine_accepted,direct_page_headword_match,machine_derived,True,False
ORT1888-art-001824,ORT1888-cand-001824,1824,ORTEGA1888-TEPIC-IA,81,77,4440,4440,Quitar algo á otro,Anahairi. Nete.,Quitar algo á otro. — Anahairi. Nete.,em_dash,matched_headword,high,machine_accepted,direct_page_headword_match,machine_derived,True,False
ORT1888-art-001825,ORT1888-cand-001825,1825,ORTEGA1888-TEPIC-IA,81,77,4441,4446,Qwijada,Aytfí?hrit.,Qwijada.-^Aytfí?hrit. | E.,hyphen_variant,matched_headword,medium,machine_accepted,direct_page_headword_match,machine_derived,True,False
ORT1888-art-001826,ORT1888-cand-001826,1826,ORTEGA1888-TEPIC-IA,81,77,4447,4448,Rabadilla,Ket> apoati.,Rabadilla — Ket> apoati.,em_dash,matched_headword,high,machine_accepted,direct_page_headword_match,machine_derived,True,False
ORT1888-art-001827,ORT1888-cand-001827,1827,ORTEGA1888-TEPIC-IA,81,77,4449,4450,Rabo de animal,Ketzapóati.,Rabo de animal. — Ketzapóati.,em_dash,matched_headword,high,machine_accepted,direct_page_headword_match,machine_derived,True,False
ORT1888-art-001828,ORT1888-cand-001828,1828,ORTEGA1888-TEPIC-IA,81,77,4451,4452,Raer,Cazizá. Neti.,Raer. — Cazizá. Neti.,em_dash,matched_headword,high,machine_accepted,direct_page_headword_match,machine_derived,True,False
ORT1888-art-001829,ORT1888-cand-001829,1829,ORTEGA1888-TEPIC-IA,81,77,4453,4454,"Rayar, hacer raya",Yhte. Neti.,"Rayar, hacer raya. — Yhte. Neti.",em_dash,matched_headword,high,machine_accepted,direct_page_headword_match,machine_derived,True,False
ORT1888-art-001830,ORT1888-cand-001830,1830,ORTEGA1888-TEPIC-IA,81,77,4455,4456,Raiz de árbol,Nanat.,Raiz de árbol. — Nanat.,em_dash,matched_headword,high,machine_accepted,direct_page_headword_match,machine_derived,True,False
ORT1888-art-001831,ORT1888-cand-001831,1831,ORTEGA1888-TEPIC-IA,81,77,4457,4458,Rajar madera,^Aziztara. Ne.,"Rajar madera,— ^Aziztara. Ne.",em_dash,matched_headword,high,machine_accepted,direct_page_headword_match,machine_derived,True,False
ORT1888-art-001832,ORT1888-cand-001832,1832,ORTEGA1888-TEPIC-IA,81,77,4459,4460,Rala cosa,Emuapéte.,Rala cosa. — Emuapéte.,em_dash,matched_headword,high,machine_accepted,direct_page_headword_match,machine_derived,True,False
ORT1888-art-001833,ORT1888-cand-001833,1833,ORTEGA1888-TEPIC-IA,81,77,4461,4462,Rama de árbol,Piznári.,Rama de árbol. — Piznári.,em_dash,matched_headword,high,machine_accepted,direct_page_headword_match,machine_derived,True,False
ORT1888-art-001834,ORT1888-cand-001834,1834,ORTEGA1888-TEPIC-IA,81,77,4463,4464,"Ramera, puta",Capuuhmuahche.,"Ramera, puta. — Capuuhmuahche.",em_dash,matched_headword,high,machine_accepted,direct_page_headword_match,machine_derived,True,False
ORT1888-art-001835,ORT1888-cand-001835,1835,ORTEGA1888-TEPIC-IA,81,77,4465,4466,"Ramas, hechar el árbol",Antanenéca.,"Ramas, hechar el árbol. — Antanenéca.",em_dash,matched_headword,high,machine_accepted,direct_page_headword_match,machine_derived,True,False
ORT1888-art-001836,ORT1888-cand-001836,1836,ORTEGA1888-TEPIC-IA,81,77,4467,4472,Rana,"Xeucuat, pl. tzi.","Rana. — Xeucuat, pl. tzi. | r,. . .. , - •■",em_dash,matched_headword,high,machine_accepted,direct_page_headword_match,machine_derived,True,False
ORT1888-art-001837,ORT1888-cand-001837,1837,ORTEGA1888-TEPIC-IA,82,78,4473,4474,Rapar el pelo,Busca raer.,"Rapar el pelo. ,— Busca raer.",em_dash,matched_headword,high,machine_accepted,direct_page_headword_match,machine_derived,True,False
ORT1888-art-001838,ORT1888-cand-001838,1838,ORTEGA1888-TEPIC-IA,82,78,4475,4476,Rasar,Cíirácache. Neteu.,Rasar. — Cíirácache. Neteu.,em_dash,matched_headword,high,machine_accepted,direct_page_headword_match,machine_derived,True,False
ORT1888-art-001839,ORT1888-cand-001839,1839,ORTEGA1888-TEPIC-IA,82,78,4477,4478,Rasarse el Cielo,Abénelui.,Rasarse el Cielo. — Abénelui.,em_dash,matched_headword,high,machine_accepted,direct_page_headword_match,machine_derived,True,False
ORT1888-art-001840,ORT1888-cand-001840,1840,ORTEGA1888-TEPIC-IA,82,78,4479,4480,Rascuar,Cúina. Neti.,Rascuar. — Cúina. Neti.,em_dash,matched_headword,high,machine_accepted,direct_page_headword_match,machine_derived,True,False
ORT1888-art-001841,ORT1888-cand-001841,1841,ORTEGA1888-TEPIC-IA,82,78,4481,4482,Rasgar,"^Tza, Neteu.","Rasgar.— ^Tza, Neteu.",em_dash,matched_headword,high,machine_accepted,direct_page_headword_match,machine_derived,True,False
ORT1888-art-001842,ORT1888-cand-001842,1842,ORTEGA1888-TEPIC-IA,82,78,4483,4484,Raspar,Acuracuina. Nete.,Raspar. — Acuracuina. Nete.,em_dash,matched_headword,high,machine_accepted,direct_page_headword_match,machine_derived,True,False
ORT1888-art-001843,ORT1888-cand-001843,1843,ORTEGA1888-TEPIC-IA,82,78,4485,4486,Rastrear como el podenco,Atv/hehui. Neti.,Rastrear como el podenco. — Atv/hehui. Neti.,em_dash,matched_headword,high,machine_accepted,direct_page_headword_match,machine_derived,True,False
ORT1888-art-001844,ORT1888-cand-001844,1844,ORTEGA1888-TEPIC-IA,82,78,4487,4490,Rastro dejar,Yaliué. Ni.,Rastro dejar. — Yaliué. Ni. | Rastro aver.^Yahhuécehápuari. Ne.,em_dash,matched_headword,high,machine_accepted,direct_page_headword_match,machine_derived,True,False
ORT1888-art-001845,ORT1888-cand-001845,1845,ORTEGA1888-TEPIC-IA,82,78,4491,4492,Raton,Naicat. pl. tzi,Raton. — Naicat. pl. tzi,em_dash,matched_headword,high,machine_accepted,direct_page_headword_match,machine_derived,True,False
ORT1888-art-001846,ORT1888-cand-001846,1846,ORTEGA1888-TEPIC-IA,82,78,4493,4494,Raton otro,Teácuai. pl tzi.,Raton otro. — Teácuai. pl tzi.,em_dash,matched_headword,high,machine_accepted,direct_page_headword_match,machine_derived,True,False
ORT1888-art-001847,ORT1888-cand-001847,1847,ORTEGA1888-TEPIC-IA,82,78,4495,4496,Raton otro,Vyaniúca. pl. tzi.,Raton otro. — Vyaniúca. pl. tzi.,em_dash,matched_headword,high,machine_accepted,direct_page_headword_match,machine_derived,True,False
ORT1888-art-001848,ORT1888-cand-001848,1848,ORTEGA1888-TEPIC-IA,82,78,4497,4498,Raton otro,Cirh. pl Cirútze.,Raton otro. — Cirh. pl Cirútze.,em_dash,matched_headword,high,machine_accepted,direct_page_headword_match,machine_derived,True,False
ORT1888-art-001849,ORT1888-cand-001849,1849,ORTEGA1888-TEPIC-IA,82,78,4499,4500,Rebatar,Huanahuáire. Nete.,Rebatar. — Huanahuáire. Nete.,em_dash,matched_headword,high,machine_accepted,direct_page_headword_match,machine_derived,True,False
ORT1888-art-001850,ORT1888-cand-001850,1850,ORTEGA1888-TEPIC-IA,82,78,4501,4502,Rebatiña,Huanahuáireat.,Rebatiña. — Huanahuáireat.,em_dash,matched_headword,high,machine_accepted,direct_page_headword_match,machine_derived,True,False
ORT1888-art-001851,ORT1888-cand-001851,1851,ORTEGA1888-TEPIC-IA,82,78,4503,4504,Rebentar,Autatzá. N.,Rebentar. — Autatzá. N.,em_dash,matched_headword,high,machine_accepted,direct_page_headword_match,machine_derived,True,False
ORT1888-art-001852,ORT1888-cand-001852,1852,ORTEGA1888-TEPIC-IA,82,78,4505,4506,Rebentar la flor del botón,Huataxota.,Rebentar la flor del botón. — Huataxota.,em_dash,matched_headword,high,machine_accepted,direct_page_headword_match,machine_derived,True,False
ORT1888-art-001853,ORT1888-cand-001853,1853,ORTEGA1888-TEPIC-IA,82,78,4507,4508,Rebuznar,IZeux. Ne.,"Rebuznar., — IZeux. Ne.",em_dash,matched_headword,high,machine_accepted,direct_page_headword_match,machine_derived,True,False
ORT1888-art-001854,ORT1888-cand-001854,1854,ORTEGA1888-TEPIC-IA,82,78,4509,4510,Rebolcarse,Vhiré. Ncniré.,Rebolcarse. — Vhiré. Ncniré.,em_dash,matched_headword,high,machine_accepted,direct_page_headword_match,machine_derived,True,False
ORT1888-art-001855,ORT1888-cand-001855,1855,ORTEGA1888-TEPIC-IA,82,78,4511,4512,Rebol ver una cosa con otrar*,Busca mesclar.,Rebol ver una cosa con otrar* — Busca mesclar.,em_dash,matched_headword,high,machine_accepted,direct_page_headword_match,machine_derived,True,False
ORT1888-art-001856,ORT1888-cand-001856,1856,ORTEGA1888-TEPIC-IA,82,78,4513,4514,Recoger lo esparcido,■Ceflíiehre. Neti.,Recoger lo esparcido. — ■Ceflíiehre. Neti.,em_dash,matched_headword,high,machine_accepted,direct_page_headword_match,machine_derived,True,False
ORT1888-art-001857,ORT1888-cand-001857,1857,ORTEGA1888-TEPIC-IA,82,78,4515,4516,Rechinar la puerta,Y raima.,Rechinar la puerta. — Y raima.,em_dash,matched_headword,high,machine_accepted,direct_page_headword_match,machine_derived,True,False
ORT1888-art-001858,ORT1888-cand-001858,1858,ORTEGA1888-TEPIC-IA,82,78,4517,4518,Rechinar los dientes,■ Anteukénie. Nantiukeme.,Rechinar los dientes.— ■ Anteukénie. Nantiukeme.,em_dash,matched_headword,high,machine_accepted,direct_page_headword_match,machine_derived,True,False
ORT1888-art-001859,ORT1888-cand-001859,1859,ORTEGA1888-TEPIC-IA,82,78,4519,4520,Recular,Thuáritacáine. Nehuáritancáme,Recular. — Thuáritacáine. Nehuáritancáme,em_dash,matched_headword,high,machine_accepted,direct_page_headword_match,machine_derived,True,False
ORT1888-art-001860,ORT1888-cand-001860,1860,ORTEGA1888-TEPIC-IA,82,78,4521,4522,Red para pescar,Atatu.,Red para pescar. — Atatu.,em_dash,matched_headword,high,machine_accepted,direct_page_headword_match,machine_derived,True,False
ORT1888-art-001861,ORT1888-cand-001861,1861,ORTEGA1888-TEPIC-IA,82,78,4523,4524,Redimir,Anáha. Nete.,Redimir. — Anáha. Nete.,em_dash,matched_headword,high,machine_accepted,direct_page_headword_match,machine_derived,True,False
ORT1888-art-001862,ORT1888-cand-001862,1862,ORTEGA1888-TEPIC-IA,82,78,4525,4526,Redentor,Teanahanárae. pl. tzi.,Redentor. — Teanahanárae. pl. tzi.,em_dash,matched_headword,high,machine_accepted,direct_page_headword_match,machine_derived,True,False
ORT1888-art-001863,ORT1888-cand-001863,1863,ORTEGA1888-TEPIC-IA,82,78,4527,4528,Redondo,Cikeuva. Neti.,Redondo. — Cikeuva. Neti.,em_dash,matched_headword,high,machine_accepted,direct_page_headword_match,machine_derived,True,False
ORT1888-art-001864,ORT1888-cand-001864,1864,ORTEGA1888-TEPIC-IA,82,78,4529,4530,Redondear,Cxkeura.,Redondear. — Cxkeura.,em_dash,matched_headword,high,machine_accepted,direct_page_headword_match,machine_derived,True,False
ORT1888-art-001865,ORT1888-cand-001865,1865,ORTEGA1888-TEPIC-IA,82,78,4531,4532,Regañar,Teaxe. Neti.,Regañar.- Teaxe. Neti.,hyphen_variant,matched_headword,medium,machine_accepted,direct_page_headword_match,machine_derived,True,False
ORT1888-art-001866,ORT1888-cand-001866,1866,ORTEGA1888-TEPIC-IA,82,78,4533,4534,Regaño,IV^xat.,Regaño. — IV^xat.,em_dash,matched_headword,high,machine_accepted,direct_page_headword_match,machine_derived,True,False
ORT1888-art-001867,ORT1888-cand-001867,1867,ORTEGA1888-TEPIC-IA,82,78,4535,4540,Regar,"Yhpoa. Neti,","Regar. — Yhpoa. Neti, | 79",em_dash,matched_headword,high,machine_accepted,direct_page_headword_match,machine_derived,True,False
ORT1888-art-001868,ORT1888-cand-001868,1868,ORTEGA1888-TEPIC-IA,83,79,4541,4542,"""Reglar con regla",Busca rayar.,"""Reglar con regla — Busca rayar.",em_dash,matched_headword,high,machine_accepted,direct_page_headword_match,machine_derived,True,False
ORT1888-art-001869,ORT1888-cand-001869,1869,ORTEGA1888-TEPIC-IA,83,79,4543,4544,Regoldar,Tarróhua . Ne,Regoldar. — Tarróhua . Ne,em_dash,matched_headword,high,machine_accepted,direct_page_headword_match,machine_derived,True,False
ORT1888-art-001870,ORT1888-cand-001870,1870,ORTEGA1888-TEPIC-IA,83,79,4545,4546,Regüeldo,Tarcahueat.,Regüeldo. — Tarcahueat.,em_dash,matched_headword,high,machine_accepted,direct_page_headword_match,machine_derived,True,False
ORT1888-art-001871,ORT1888-cand-001871,1871,ORTEGA1888-TEPIC-IA,83,79,4547,4548,Reírse,Nana. Neananá.,Reírse. — Nana. Neananá.,em_dash,matched_headword,high,machine_accepted,direct_page_headword_match,machine_derived,True,False
ORT1888-art-001872,ORT1888-cand-001872,1872,ORTEGA1888-TEPIC-IA,83,79,4549,4550,Remedar al padre,.Busca parecerse.,Remedar al padre.— .Busca parecerse.,em_dash,matched_headword,high,machine_accepted,direct_page_headword_match,machine_derived,True,False
ORT1888-art-001873,ORT1888-cand-001873,1873,ORTEGA1888-TEPIC-IA,83,79,4551,4552,Remendar,Bibpua. Neti.,Remendar. — Bibpua. Neti.,em_dash,matched_headword,high,machine_accepted,direct_page_headword_match,machine_derived,True,False
ORT1888-art-001874,ORT1888-cand-001874,1874,ORTEGA1888-TEPIC-IA,83,79,4553,4554,Remojar. r,Uné. Neti.,Remojar. r-Uné. Neti.,hyphen_variant,matched_headword,medium,machine_accepted,direct_page_headword_match,machine_derived,True,False
ORT1888-art-001875,ORT1888-cand-001875,1875,ORTEGA1888-TEPIC-IA,83,79,4555,4556,Remudar,Puatatá Neti.,Remudar. — Puatatá Neti.,em_dash,matched_headword,high,machine_accepted,direct_page_headword_match,machine_derived,True,False
ORT1888-art-001876,ORT1888-cand-001876,1876,ORTEGA1888-TEPIC-IA,83,79,4557,4558,Renovar,xHahcuare. Neti,Renovar.— xHahcuare. Neti,em_dash,matched_headword,high,machine_accepted,direct_page_headword_match,machine_derived,True,False
ORT1888-art-001877,ORT1888-cand-001877,1877,ORTEGA1888-TEPIC-IA,83,79,4559,4560,Reñir,Busca Regañar.,"Reñir. ,— Busca Regañar.",em_dash,matched_headword,high,machine_accepted,direct_page_headword_match,machine_derived,True,False
ORT1888-art-001878,ORT1888-cand-001878,1878,ORTEGA1888-TEPIC-IA,83,79,4561,4562,Repartir algo,Huatzane. Neti,Repartir algo. — Huatzane. Neti,em_dash,matched_headword,high,machine_accepted,direct_page_headword_match,machine_derived,True,False
ORT1888-art-001879,ORT1888-cand-001879,1879,ORTEGA1888-TEPIC-IA,83,79,4563,4566,Repicar campanas,Atañüre. Ne.,Repicar campanas. — Atañüre. Ne. | Reprender.,em_dash,matched_headword,high,machine_accepted,direct_page_headword_match,machine_derived,True,False
ORT1888-art-001880,ORT1888-cand-001880,1880,ORTEGA1888-TEPIC-IA,83,79,4567,4568,Reprehender,Busca.,"Reprehender., — Busca.",em_dash,matched_headword,high,machine_accepted,direct_page_headword_match,machine_derived,True,False
ORT1888-art-001881,ORT1888-cand-001881,1881,ORTEGA1888-TEPIC-IA,83,79,4569,4570,Resbalar 6 deslizarse,Antiputzi. Neti,Resbalar 6 deslizarse. ^-Antiputzi. Neti,hyphen_variant,matched_headword,medium,machine_accepted,direct_page_headword_match,machine_derived,True,False
ORT1888-art-001882,ORT1888-cand-001882,1882,ORTEGA1888-TEPIC-IA,83,79,4571,4572,Resollar,Tiyéye. Nehyéye.,Resollar. -Tiyéye. Nehyéye.,hyphen_variant,matched_headword,medium,machine_accepted,direct_page_headword_match,machine_derived,True,False
ORT1888-art-001883,ORT1888-cand-001883,1883,ORTEGA1888-TEPIC-IA,83,79,4573,4574,"Resina, del árbol",Yzuméti.,"Resina, del árbol. — Yzuméti.",em_dash,matched_headword,high,machine_accepted,direct_page_headword_match,machine_derived,True,False
ORT1888-art-001884,ORT1888-cand-001884,1884,ORTEGA1888-TEPIC-IA,83,79,4575,4576,Responder,Eá. Neti.,Responder. ^—Eá. Neti.,em_dash,matched_headword,high,machine_accepted,direct_page_headword_match,machine_derived,True,False
ORT1888-art-001885,ORT1888-cand-001885,1885,ORTEGA1888-TEPIC-IA,83,79,4577,4578,Respuesta,Eát.,Respuesta. — Eát.,em_dash,matched_headword,high,machine_accepted,direct_page_headword_match,machine_derived,True,False
ORT1888-art-001886,ORT1888-cand-001886,1886,ORTEGA1888-TEPIC-IA,83,79,4579,4580,Resucitar,Hna/>. Nenó. Ache. N.,Resucitar. — Hna/>. Nenó. Ache. N.,em_dash,matched_headword,high,machine_accepted,direct_page_headword_match,machine_derived,True,False
ORT1888-art-001887,ORT1888-cand-001887,1887,ORTEGA1888-TEPIC-IA,83,79,4581,4582,Retosar,"Mea mué. Teatamue, es })rimera persona,","Retosar. — Mea mué. Teatamue, es })rimera persona,",em_dash,matched_headword,high,machine_accepted,direct_page_headword_match,machine_derived,True,False
ORT1888-art-001888,ORT1888-cand-001888,1888,ORTEGA1888-TEPIC-IA,83,79,4583,4584,Retar ó desafiar,Bevite Nete.,Retar ó desafiar. — Bevite Nete.,em_dash,matched_headword,high,machine_accepted,direct_page_headword_match,machine_derived,True,False
ORT1888-art-001889,ORT1888-cand-001889,1889,ORTEGA1888-TEPIC-IA,83,79,4585,4586,Reverdecer,NHuataó.,Reverdecer. — NHuataó.,em_dash,matched_headword,high,machine_accepted,direct_page_headword_match,machine_derived,True,False
ORT1888-art-001890,ORT1888-cand-001890,1890,ORTEGA1888-TEPIC-IA,83,79,4587,4588,Rezai,Mu ate. Neti.,Rezai-. — Mu ate. Neti.,em_dash,matched_headword,high,machine_accepted,direct_page_headword_match,machine_derived,True,False
ORT1888-art-001891,ORT1888-cand-001891,1891,ORTEGA1888-TEPIC-IA,83,79,4589,4590,Ribera de cualquier agua,Busca orilla,Ribera de cualquier agua. — Busca orilla,em_dash,matched_headword,high,machine_accepted,direct_page_headword_match,machine_derived,True,False
ORT1888-art-001892,ORT1888-cand-001892,1892,ORTEGA1888-TEPIC-IA,83,79,4591,4592,Rico estar,Aráru. Ne.,Rico estar. ^— Aráru. Ne.,em_dash,matched_headword,high,machine_accepted,direct_page_headword_match,machine_derived,True,False
ORT1888-art-001893,ORT1888-cand-001893,1893,ORTEGA1888-TEPIC-IA,83,79,4593,4594,Rio,Até.,Rio.— Até.,em_dash,matched_headword,high,machine_accepted,direct_page_headword_match,machine_derived,True,False
ORT1888-art-001894,ORT1888-cand-001894,1894,ORTEGA1888-TEPIC-IA,83,79,4595,4596,Rio de Lerma,Moanimehtzé,Rio de Lerma. — Moanimehtzé,em_dash,matched_headword,high,machine_accepted,direct_page_headword_match,machine_derived,True,False
ORT1888-art-001895,ORT1888-cand-001895,1895,ORTEGA1888-TEPIC-IA,83,79,4597,4598,Rifa,Nanaihti.,Rifa. — Nanaihti.,em_dash,matched_headword,high,machine_accepted,direct_page_headword_match,machine_derived,True,False
ORT1888-art-001896,ORT1888-cand-001896,1896,ORTEGA1888-TEPIC-IA,83,79,4599,4600,Robar,Busca hurtar,Robar. — Busca hurtar,em_dash,matched_headword,high,machine_accepted,direct_page_headword_match,machine_derived,True,False
ORT1888-art-001897,ORT1888-cand-001897,1897,ORTEGA1888-TEPIC-IA,83,79,4601,4602,Roca,Busca peñasco.,Roca — Busca peñasco.,em_dash,matched_headword,high,machine_accepted,direct_page_headword_match,machine_derived,True,False
ORT1888-art-001898,ORT1888-cand-001898,1898,ORTEGA1888-TEPIC-IA,83,79,4603,4608,Rocío de la noche,Huahaacareatá.,Rocío de la noche. — Huahaacareatá. | 80,em_dash,matched_headword,high,machine_accepted,direct_page_headword_match,machine_derived,True,False
ORT1888-art-001899,ORT1888-cand-001899,1899,ORTEGA1888-TEPIC-IA,84,80,4609,4610,Rociar con la boca,Taapútzi. Neteu.,Rociar con la boca. — Taapútzi. Neteu.,em_dash,matched_headword,high,machine_accepted,direct_page_headword_match,machine_derived,True,False
ORT1888-art-001900,ORT1888-cand-001900,1900,ORTEGA1888-TEPIC-IA,84,80,4611,4612,Rodar cuesta abajo,Huátáohiri. Natanire.,Rodar cuesta abajo. -^Huátáohiri. Natanire.,hyphen_variant,matched_headword,medium,machine_accepted,direct_page_headword_match,machine_derived,True,False
ORT1888-art-001901,ORT1888-cand-001901,1901,ORTEGA1888-TEPIC-IA,84,80,4613,4614,Rodela,N Busca adarga.,Rodela. — N Busca adarga.,em_dash,matched_headword,high,machine_accepted,direct_page_headword_match,machine_derived,True,False
ORT1888-art-001902,ORT1888-cand-001902,1902,ORTEGA1888-TEPIC-IA,84,80,4615,4616,Rodilla,Tunúti.,Rodilla. — Tunúti.,em_dash,matched_headword,high,machine_accepted,direct_page_headword_match,machine_derived,True,False
ORT1888-art-001903,ORT1888-cand-001903,1903,ORTEGA1888-TEPIC-IA,84,80,4617,4618,Rogar,-Vcubé. Neancubé.,Rogar.- -Vcubé. Neancubé.,hyphen_variant,matched_headword,medium,machine_accepted,direct_page_headword_match,machine_derived,True,False
ORT1888-art-001904,ORT1888-cand-001904,1904,ORTEGA1888-TEPIC-IA,84,80,4619,4620,Romadizo,Muucaziti.,Romadizo. — Muucaziti.,em_dash,matched_headword,high,machine_accepted,direct_page_headword_match,machine_derived,True,False
ORT1888-art-001905,ORT1888-cand-001905,1905,ORTEGA1888-TEPIC-IA,84,80,4621,4622,Romper,Busca rasgar.,Romper. — Busca rasgar.,em_dash,matched_headword,high,machine_accepted,direct_page_headword_match,machine_derived,True,False
ORT1888-art-001906,ORT1888-cand-001906,1906,ORTEGA1888-TEPIC-IA,84,80,4623,4624,Roncar,Moaníihua Ne.,Roncar. — Moaníihua Ne.,em_dash,matched_headword,high,machine_accepted,direct_page_headword_match,machine_derived,True,False
ORT1888-art-001907,ORT1888-cand-001907,1907,ORTEGA1888-TEPIC-IA,84,80,4625,4626,Roncha hacer,Ateánare. N.,Roncha hacer. — Ateánare. N.,em_dash,matched_headword,high,machine_accepted,direct_page_headword_match,machine_derived,True,False
ORT1888-art-001908,ORT1888-cand-001908,1908,ORTEGA1888-TEPIC-IA,84,80,4627,4628,Rondar,Yeixeréne. Ne.,Rondar.- — Yeixeréne. Ne.,em_dash,matched_headword,high,machine_accepted,direct_page_headword_match,machine_derived,True,False
ORT1888-art-001909,ORT1888-cand-001909,1909,ORTEGA1888-TEPIC-IA,84,80,4629,4630,Ropa,Taziti.,Ropa. — Taziti.,em_dash,matched_headword,high,machine_accepted,direct_page_headword_match,machine_derived,True,False
ORT1888-art-001910,ORT1888-cand-001910,1910,ORTEGA1888-TEPIC-IA,84,80,4631,4632,Rostro,> Busca cara.,Rostro.— > Busca cara.,em_dash,matched_headword,high,machine_accepted,direct_page_headword_match,machine_derived,True,False
ORT1888-art-001911,ORT1888-cand-001911,1911,ORTEGA1888-TEPIC-IA,84,80,4633,4636,"Rueda, r",Busca redonda cosa.,"Rueda, r— Busca redonda cosa. | s.",em_dash,matched_headword,high,machine_accepted,direct_page_headword_match,machine_derived,True,False
ORT1888-art-001912,ORT1888-cand-001912,1912,ORTEGA1888-TEPIC-IA,84,80,4637,4638,"Saber, generalmente",Euve. Neti. Muarere. Neti,"Saber, generalmente. — Euve. Neti. Muarere. Neti",em_dash,matched_headword,high,machine_accepted,direct_page_headword_match,machine_derived,True,False
ORT1888-art-001913,ORT1888-cand-001913,1913,ORTEGA1888-TEPIC-IA,84,80,4639,4640,Sabio ó sabidor,Tieuhve pl. MetiVwhre.,Sabio ó sabidor. — Tieuhve pl. MetiVwhre.,em_dash,matched_headword,high,machine_accepted,direct_page_headword_match,machine_derived,True,False
ORT1888-art-001914,ORT1888-cand-001914,1914,ORTEGA1888-TEPIC-IA,84,80,4641,4642,Sabiduría,Moatziat. Euhrihtzite.,Sabiduría. — Moatziat. Euhrihtzite.,em_dash,matched_headword,high,machine_accepted,direct_page_headword_match,machine_derived,True,False
ORT1888-art-001915,ORT1888-cand-001915,1915,ORTEGA1888-TEPIC-IA,84,80,4643,4644,Saber el manjar,"Euhripoatát?,","Saber el manjar. — Euhripoatát?,",em_dash,matched_headword,high,machine_accepted,direct_page_headword_match,machine_derived,True,False
ORT1888-art-001916,ORT1888-cand-001916,1916,ORTEGA1888-TEPIC-IA,84,80,4645,4646,Sacar del corral de la casa,Vbehepua. Nete.,"Sacar del corral de la casa. ,— Vbehepua. Nete.",em_dash,matched_headword,high,machine_accepted,direct_page_headword_match,machine_derived,True,False
ORT1888-art-001917,ORT1888-cand-001917,1917,ORTEGA1888-TEPIC-IA,84,80,4647,4648,Sacar de la caja,TVáeare. Nete.,Sacar de la caja.- — TVáeare. Nete.,em_dash,matched_headword,high,machine_accepted,direct_page_headword_match,machine_derived,True,False
ORT1888-art-001918,ORT1888-cand-001918,1918,ORTEGA1888-TEPIC-IA,84,80,4649,4650,"Sacar vino, r",Tiyátza. Ne,"Sacar vino, r— Tiyátza. Ne",em_dash,matched_headword,high,machine_accepted,direct_page_headword_match,machine_derived,True,False
ORT1888-art-001919,ORT1888-cand-001919,1919,ORTEGA1888-TEPIC-IA,84,80,4651,4652,Sacar del agua,Taha. Nete.,Sacar del agua. — Taha. Nete.,em_dash,matched_headword,high,machine_accepted,direct_page_headword_match,machine_derived,True,False
ORT1888-art-001920,ORT1888-cand-001920,1920,ORTEGA1888-TEPIC-IA,84,80,4653,4654,Sacar pollos el ave,..Huaitahána.,Sacar pollos el ave.-- ..Huaitahána.,hyphen_variant,matched_headword,medium,machine_accepted,direct_page_headword_match,machine_derived,True,False
ORT1888-art-001921,ORT1888-cand-001921,1921,ORTEGA1888-TEPIC-IA,84,80,4655,4656,Sacudir,Teácatze. Neteu.,Sacudir. — Teácatze. Neteu.,em_dash,matched_headword,high,machine_accepted,direct_page_headword_match,machine_derived,True,False
ORT1888-art-001922,ORT1888-cand-001922,1922,ORTEGA1888-TEPIC-IA,84,80,4657,4658,Saeta,"Emit],","Saeta. — Emit],",em_dash,matched_headword,high,machine_accepted,direct_page_headword_match,machine_derived,True,False
ORT1888-art-001923,ORT1888-cand-001923,1923,ORTEGA1888-TEPIC-IA,84,80,4659,4660,Sahumar,Ketziviat.,"Sahumar. ,— Ketziviat.",em_dash,matched_headword,high,machine_accepted,direct_page_headword_match,machine_derived,True,False
ORT1888-art-001924,ORT1888-cand-001924,1924,ORTEGA1888-TEPIC-IA,84,80,4661,4662,Sal,Unnti.,Sal. — Unnti.,em_dash,matched_headword,high,machine_accepted,direct_page_headword_match,machine_derived,True,False
ORT1888-art-001925,ORT1888-cand-001925,1925,ORTEGA1888-TEPIC-IA,84,80,4663,4664,Salar,Unamoa. Neti..,Salar.- — Unamoa. Neti..,em_dash,matched_headword,high,machine_accepted,direct_page_headword_match,machine_derived,True,False
ORT1888-art-001926,ORT1888-cand-001926,1926,ORTEGA1888-TEPIC-IA,84,80,4665,4666,Salario,Nahchitérit.,Salario. — Nahchitérit.,em_dash,matched_headword,high,machine_accepted,direct_page_headword_match,machine_derived,True,False
ORT1888-art-001927,ORT1888-cand-001927,1927,ORTEGA1888-TEPIC-IA,84,80,4667,4672,Salir de la casa,Vbéme. N.,"Salir de la casa, — Vbéme. N. | mam",em_dash,matched_headword,high,machine_accepted,direct_page_headword_match,machine_derived,True,False
ORT1888-art-001928,ORT1888-cand-001928,1928,ORTEGA1888-TEPIC-IA,85,81,4673,4678,^SVJ&lí,V?*.**,^SVJ&lí-V?*.** | Sal i | Sal i,hyphen_variant,matched_headword,medium,machine_accepted,direct_page_headword_match,machine_derived,True,False
ORT1888-art-001929,ORT1888-cand-001929,1929,ORTEGA1888-TEPIC-IA,85,81,4690,4690,Saltar,Busca brincar.,Saltar. — Busca brincar.,em_dash,matched_headword,high,machine_accepted,direct_page_headword_match,machine_derived,True,False
ORT1888-art-001930,ORT1888-cand-001930,1930,ORTEGA1888-TEPIC-IA,85,81,4691,4693,Saludar,Teáuhte. Neti,Saludar.— Teáuhte. Neti,em_dash,matched_headword,high,machine_accepted,direct_page_headword_match,machine_derived,True,False
ORT1888-art-001931,ORT1888-cand-001931,1931,ORTEGA1888-TEPIC-IA,85,81,4694,4699,Salvar,Bi,Salvar.— Bi | Sanar A otr | id i mu,em_dash,matched_headword,high,machine_accepted,direct_page_headword_match,machine_derived,True,False
ORT1888-art-001932,ORT1888-cand-001932,1932,ORTEGA1888-TEPIC-IA,85,81,4713,4718,Sanguijuela,Chúihnete. pl. Chúihnetzi.,Sanguijuela. — Chúihnete. pl. Chúihnetzi. | Sai,em_dash,matched_headword,high,machine_accepted,direct_page_headword_match,machine_derived,True,False
ORT1888-art-001933,ORT1888-cand-001933,1933,ORTEGA1888-TEPIC-IA,85,81,4722,4722,Saiga abrir,Acacúnata. Ne.,Saiga abrir. — Acacúnata. Ne.,em_dash,matched_headword,high,machine_accepted,direct_page_headword_match,machine_derived,True,False
ORT1888-art-001934,ORT1888-cand-001934,1934,ORTEGA1888-TEPIC-IA,85,81,4723,4723,k apo,Teacúzt. ],k apo. — Teacúzt. ],em_dash,matched_headword,high,machine_accepted,direct_page_headword_match,machine_derived,True,False
ORT1888-art-001935,ORT1888-cand-001935,1935,ORTEGA1888-TEPIC-IA,85,81,4724,4729,Sarna,At/áti.,Sarna. — At/áti. | eacuzi,em_dash,matched_headword,high,machine_accepted,direct_page_headword_match,machine_derived,True,False
ORT1888-art-001936,ORT1888-cand-001936,1936,ORTEGA1888-TEPIC-IA,85,81,4742,4747,l,Hi,l.-Hi | íhti,hyphen_variant,anchored_same_page,low,machine_accepted,same_page_anchor_support,machine_derived,True,False
ORT1888-art-001937,ORT1888-cand-001937,1937,ORTEGA1888-TEPIC-IA,85,81,4748,4753,ciarse la fruta,Busca madura estar,ciarse la fruta.- — Busca madura estar | Huatzia. Neti. Y,em_dash,matched_headword,high,machine_accepted,direct_page_headword_match,machine_derived,True,False
ORT1888-art-001938,ORT1888-cand-001938,1938,ORTEGA1888-TEPIC-IA,85,81,4769,4770,Sed,Imwcat.,Sed. — Imwcat.,em_dash,matched_headword,high,machine_accepted,direct_page_headword_match,machine_derived,True,False
ORT1888-art-001939,ORT1888-cand-001939,1939,ORTEGA1888-TEPIC-IA,85,81,4771,4774,Sed tener,Imue N<,Sed tener — Imue N< | ¡segar inieses.,em_dash,matched_headword,high,machine_accepted,direct_page_headword_match,machine_derived,True,False
ORT1888-art-001940,ORT1888-cand-001940,1940,ORTEGA1888-TEPIC-IA,85,81,4775,4780,Seguir,Tabt,Seguir. — Tabt | ■Zizche. Neti. | e. Neteu.,em_dash,matched_headword,high,machine_accepted,direct_page_headword_match,machine_derived,True,False
ORT1888-art-001941,ORT1888-cand-001941,1941,ORTEGA1888-TEPIC-IA,85,81,4792,4797,Sembrar,At/a. Neti.,Sembrar. — At/a. Neti. | Sí,em_dash,matched_headword,high,machine_accepted,direct_page_headword_match,machine_derived,True,False
ORT1888-art-001942,ORT1888-cand-001942,1942,ORTEGA1888-TEPIC-IA,85,81,4838,4843,Señalar,Ihte. Net,Señalar. — Ihte. Net | •en u l tai,em_dash,matched_headword,high,machine_accepted,direct_page_headword_match,machine_derived,True,False
ORT1888-art-001943,ORT1888-cand-001943,1943,ORTEGA1888-TEPIC-IA,86,82,4856,4856,Seq ii edad,H u át ú at.,Seq ii edad . — H u át ú at.,em_dash,matched_headword,high,machine_accepted,direct_page_headword_match,machine_derived,True,False
ORT1888-art-001944,ORT1888-cand-001944,1944,ORTEGA1888-TEPIC-IA,86,82,4857,4857,Ser,Busca al fin.,Ser —Busca al fin.,em_dash,matched_headword,high,machine_accepted,direct_page_headword_match,machine_derived,True,False
ORT1888-art-001945,ORT1888-cand-001945,1945,ORTEGA1888-TEPIC-IA,86,82,4858,4858,Servir,Mué. Nefci.,Servir. — Mué. Nefci.,em_dash,matched_headword,high,machine_accepted,direct_page_headword_match,machine_derived,True,False
ORT1888-art-001946,ORT1888-cand-001946,1946,ORTEGA1888-TEPIC-IA,86,82,4859,4859,Servicio tal,Muéat.,Servicio tal — Muéat.,em_dash,matched_headword,high,machine_accepted,direct_page_headword_match,machine_derived,True,False
ORT1888-art-001947,ORT1888-cand-001947,1947,ORTEGA1888-TEPIC-IA,86,82,4860,4860,Sesos,Muchuxeti.,Sesos. .— Muchuxeti.,em_dash,matched_headword,high,machine_accepted,direct_page_headword_match,machine_derived,True,False
ORT1888-art-001948,ORT1888-cand-001948,1948,ORTEGA1888-TEPIC-IA,86,82,4861,4861,Sebo sin derretir,Te/ehuit.,Sebo sin derretir. — Te/ehuit.,em_dash,matched_headword,high,machine_accepted,direct_page_headword_match,machine_derived,True,False
ORT1888-art-001949,ORT1888-cand-001949,1949,ORTEGA1888-TEPIC-IA,86,82,4862,4862,"Si, ado",E. tánénat. aviat.,"Si, ado, — E. tánénat. aviat.",em_dash,matched_headword,high,machine_accepted,direct_page_headword_match,machine_derived,True,False
ORT1888-art-001950,ORT1888-cand-001950,1950,ORTEGA1888-TEPIC-IA,86,82,4863,4863,"Si, conj",Tepoac.,"Si, conj. — Tepoac.",em_dash,matched_headword,high,machine_accepted,direct_page_headword_match,machine_derived,True,False
ORT1888-art-001951,ORT1888-cand-001951,1951,ORTEGA1888-TEPIC-IA,86,82,4864,4864,Siempre,Hüihma. huihma.,Siempre. — Hüihma. huihma.,em_dash,matched_headword,high,machine_accepted,direct_page_headword_match,machine_derived,True,False
ORT1888-art-001952,ORT1888-cand-001952,1952,ORTEGA1888-TEPIC-IA,86,82,4865,4865,Sierra para cortar,Zizcheméti,Sierra para cortar. — Zizcheméti,em_dash,matched_headword,high,machine_accepted,direct_page_headword_match,machine_derived,True,False
ORT1888-art-001953,ORT1888-cand-001953,1953,ORTEGA1888-TEPIC-IA,86,82,4866,4866,"Sierra, monte",-Busca monte.,"Sierra, monte. ,— -Busca monte.",em_dash,matched_headword,high,machine_accepted,direct_page_headword_match,machine_derived,True,False
ORT1888-art-001954,ORT1888-cand-001954,1954,ORTEGA1888-TEPIC-IA,86,82,4867,4867,Sieso el sahonor,CimuUité.,Sieso el sahonor. — CimuUité.,em_dash,matched_headword,high,machine_accepted,direct_page_headword_match,machine_derived,True,False
ORT1888-art-001955,ORT1888-cand-001955,1955,ORTEGA1888-TEPIC-IA,86,82,4868,4868,Signarse o persignarse,Acá vité. Nacamité.,Signarse o persignarse. — Acá vité. Nacamité.,em_dash,matched_headword,high,machine_accepted,direct_page_headword_match,machine_derived,True,False
ORT1888-art-001956,ORT1888-cand-001956,1956,ORTEGA1888-TEPIC-IA,86,82,4869,4869,Silla para asentarse,Sirn. vel. Eupuárit.,Silla para asentarse. — Sirn. vel. Eupuárit.,em_dash,matched_headword,high,machine_accepted,direct_page_headword_match,machine_derived,True,False
ORT1888-art-001957,ORT1888-cand-001957,1957,ORTEGA1888-TEPIC-IA,86,82,4870,4870,Simiente,Busca semilla.,Simiente. — Busca semilla.,em_dash,matched_headword,high,machine_accepted,direct_page_headword_match,machine_derived,True,False
ORT1888-art-001958,ORT1888-cand-001958,1958,ORTEGA1888-TEPIC-IA,86,82,4871,4871,"Sino, conj",Tepoaccai.,"Sino, conj. — Tepoaccai.",em_dash,matched_headword,high,machine_accepted,direct_page_headword_match,machine_derived,True,False
ORT1888-art-001959,ORT1888-cand-001959,1959,ORTEGA1888-TEPIC-IA,86,82,4872,4872,Sobaco,>Yhtzicuarifc.,Sobaco.— >Yhtzicuarifc.,em_dash,matched_headword,high,machine_accepted,direct_page_headword_match,machine_derived,True,False
ORT1888-art-001960,ORT1888-cand-001960,1960,ORTEGA1888-TEPIC-IA,86,82,4873,4873,Sobrar,Busca quedar.,"Sobrar.,— Busca quedar.",em_dash,matched_headword,high,machine_accepted,direct_page_headword_match,machine_derived,True,False
ORT1888-art-001961,ORT1888-cand-001961,1961,ORTEGA1888-TEPIC-IA,86,82,4874,4875,Sobre,Apoan.,Sobre. — Apoan.,em_dash,matched_headword,high,machine_accepted,direct_page_headword_match,machine_derived,True,False
ORT1888-art-001962,ORT1888-cand-001962,1962,ORTEGA1888-TEPIC-IA,86,82,4876,4876,Sobrepujar,Amuaeheyite. Nete.,Sobrepujar. — Amuaeheyite. Nete.,em_dash,matched_headword,high,machine_accepted,direct_page_headword_match,machine_derived,True,False
ORT1888-art-001963,ORT1888-cand-001963,1963,ORTEGA1888-TEPIC-IA,86,82,4877,4877,Sobrina y sobrino,Tinaozi. pl. moatitata. pl. tai.,Sobrina y sobrino. — Tinaozi. pl. moatitata. pl. tai.,em_dash,matched_headword,high,machine_accepted,direct_page_headword_match,machine_derived,True,False
ORT1888-art-001964,ORT1888-cand-001964,1964,ORTEGA1888-TEPIC-IA,86,82,4878,4879,Socorrer,"Busca ayudar,","Socorrer. — Busca ayudar,",em_dash,matched_headword,high,machine_accepted,direct_page_headword_match,machine_derived,True,False
ORT1888-art-001965,ORT1888-cand-001965,1965,ORTEGA1888-TEPIC-IA,86,82,4880,4881,Sol,"Xewcat. Decirle. Tayoappa, es idolatrar, porque de-","Sol. — Xewcat. Decirle. Tayoappa, es idolatrar, porque de- | cían que era su padre.",em_dash,matched_headword,high,machine_accepted,direct_page_headword_match,machine_derived,True,False
ORT1888-art-001966,ORT1888-cand-001966,1966,ORTEGA1888-TEPIC-IA,86,82,4882,4882,Soldarse el hueso,Antenbite.,"Soldarse el hueso. ,— Antenbite.",em_dash,matched_headword,high,machine_accepted,direct_page_headword_match,machine_derived,True,False
ORT1888-art-001967,ORT1888-cand-001967,1967,ORTEGA1888-TEPIC-IA,86,82,4883,4883,Soltar lo que se tenia,Tátoa. Neteu.,Soltar lo que se tenia. — Tátoa. Neteu.,em_dash,matched_headword,high,machine_accepted,direct_page_headword_match,machine_derived,True,False
ORT1888-art-001968,ORT1888-cand-001968,1968,ORTEGA1888-TEPIC-IA,86,82,4884,4884,Soltero,Témuávi.,Soltero. — Témuávi.,em_dash,matched_headword,high,machine_accepted,direct_page_headword_match,machine_derived,True,False
ORT1888-art-001969,ORT1888-cand-001969,1969,ORTEGA1888-TEPIC-IA,86,82,4885,4885,Sombra,"Oaciniat,","Sombra. — Oaciniat,",em_dash,matched_headword,high,machine_accepted,direct_page_headword_match,machine_derived,True,False
ORT1888-art-001970,ORT1888-cand-001970,1970,ORTEGA1888-TEPIC-IA,86,82,4886,4886,Sombra hacer,Canamuercána. N.,Sombra hacer. — Canamuercána. N.,em_dash,matched_headword,high,machine_accepted,direct_page_headword_match,machine_derived,True,False
ORT1888-art-001971,ORT1888-cand-001971,1971,ORTEGA1888-TEPIC-IA,86,82,4887,4887,Sombrero,Mocotzit,Sombrero. — Mocotzit,em_dash,matched_headword,high,machine_accepted,direct_page_headword_match,machine_derived,True,False
ORT1888-art-001972,ORT1888-cand-001972,1972,ORTEGA1888-TEPIC-IA,86,82,4888,4888,"Sombrerete, lugar",Mocotzata.,"Sombrerete, lugar. — Mocotzata.",em_dash,matched_headword,high,machine_accepted,direct_page_headword_match,machine_derived,True,False
ORT1888-art-001973,ORT1888-cand-001973,1973,ORTEGA1888-TEPIC-IA,86,82,4889,4894,Sonar,Táhuane. Ne.,Sonar. — Táhuane. Ne. | 'ffii,em_dash,matched_headword,high,machine_accepted,direct_page_headword_match,machine_derived,True,False
ORT1888-art-001974,ORT1888-cand-001974,1974,ORTEGA1888-TEPIC-IA,87,83,4898,4899,Sonarse las narices,Busca limpiar.,Sonarse las narices.— Busca limpiar.,em_dash,matched_headword,high,machine_accepted,direct_page_headword_match,machine_derived,True,False
ORT1888-art-001975,ORT1888-cand-001975,1975,ORTEGA1888-TEPIC-IA,86,82,4900,4901,Soñar,Maca. Neteu.,Soñar.— Maca. Neteu.,em_dash,matched_headword,high,machine_accepted,direct_page_headword_match,machine_derived,True,False
ORT1888-art-001976,ORT1888-cand-001976,1976,ORTEGA1888-TEPIC-IA,87,83,4902,4903,Sueño tal,Cúhmuave.,Sueño tal.— Cúhmuave.,em_dash,matched_headword,high,machine_accepted,direct_page_headword_match,machine_derived,True,False
ORT1888-art-001977,ORT1888-cand-001977,1977,ORTEGA1888-TEPIC-IA,87,83,4904,4905,Soplar,"Ipuetza, Ne.","Soplar.— Ipuetza, Ne.",em_dash,matched_headword,high,machine_accepted,direct_page_headword_match,machine_derived,True,False
ORT1888-art-001978,ORT1888-cand-001978,1978,ORTEGA1888-TEPIC-IA,87,83,4906,4907,Soplo ó soplido,Tpútziat.,Soplo ó soplido. — Tpútziat.,em_dash,matched_headword,high,machine_accepted,direct_page_headword_match,machine_derived,True,False
ORT1888-art-001979,ORT1888-cand-001979,1979,ORTEGA1888-TEPIC-IA,87,83,4908,4909,Sordo,Capuiteanamoá.,Sordo. — Capuiteanamoá.,em_dash,matched_headword,high,machine_accepted,direct_page_headword_match,machine_derived,True,False
ORT1888-art-001980,ORT1888-cand-001980,1980,ORTEGA1888-TEPIC-IA,87,83,4910,4911,Sorber,Xurai pihua. Neti.,Sorber.— Xurai pihua. Neti.,em_dash,matched_headword,high,machine_accepted,direct_page_headword_match,machine_derived,True,False
ORT1888-art-001981,ORT1888-cand-001981,1981,ORTEGA1888-TEPIC-IA,87,83,4912,4913,Suave al tacto,", Méchea.","Suave al tacto.-, Méchea.",hyphen_variant,matched_headword,medium,machine_accepted,direct_page_headword_match,machine_derived,True,False
ORT1888-art-001982,ORT1888-cand-001982,1982,ORTEGA1888-TEPIC-IA,87,83,4914,4915,Subir,", Antea. N.","Subir.-, Antea. N.",hyphen_variant,matched_headword,medium,machine_accepted,direct_page_headword_match,machine_derived,True,False
ORT1888-art-001983,ORT1888-cand-001983,1983,ORTEGA1888-TEPIC-IA,87,83,4916,4917,Subir algo,"Mitoa, Neti.","Subir algo.— Mitoa, Neti.",em_dash,matched_headword,high,machine_accepted,direct_page_headword_match,machine_derived,True,False
ORT1888-art-001984,ORT1888-cand-001984,1984,ORTEGA1888-TEPIC-IA,87,83,4918,4919,Suceder al que precede,"Poa tata, Neti.","Suceder al que precede. — Poa tata, Neti.",em_dash,matched_headword,high,machine_accepted,direct_page_headword_match,machine_derived,True,False
ORT1888-art-001985,ORT1888-cand-001985,1985,ORTEGA1888-TEPIC-IA,87,83,4920,4921,Sudar,Taixe. Ne.,Sudar.— Taixe. Ne.,em_dash,matched_headword,high,machine_accepted,direct_page_headword_match,machine_derived,True,False
ORT1888-art-001986,ORT1888-cand-001986,1986,ORTEGA1888-TEPIC-IA,87,83,4922,4923,Sudor,Taixeat.,Sudor. — Taixeat.,em_dash,matched_headword,high,machine_accepted,direct_page_headword_match,machine_derived,True,False
ORT1888-art-001987,ORT1888-cand-001987,1987,ORTEGA1888-TEPIC-IA,87,83,4924,4925,Sudadero para la silla,Itaaiti.,Sudadero para la silla. — Itaaiti.,em_dash,matched_headword,high,machine_accepted,direct_page_headword_match,machine_derived,True,False
ORT1888-art-001988,ORT1888-cand-001988,1988,ORTEGA1888-TEPIC-IA,87,83,4926,4927,Suegro,Tim ún i.,Suegro. — Tim ún i.,em_dash,matched_headword,high,machine_accepted,direct_page_headword_match,machine_derived,True,False
ORT1888-art-001989,ORT1888-cand-001989,1989,ORTEGA1888-TEPIC-IA,87,83,4928,4929,Suegra,-Tirnuní.,Suegra. — -Tirnuní.,em_dash,matched_headword,high,machine_accepted,direct_page_headword_match,machine_derived,True,False
ORT1888-art-001990,ORT1888-cand-001990,1990,ORTEGA1888-TEPIC-IA,87,83,4930,4931,Suelo,Chuata.,Suelo.. — Chuata.,em_dash,matched_headword,high,machine_accepted,direct_page_headword_match,machine_derived,True,False
ORT1888-art-001991,ORT1888-cand-001991,1991,ORTEGA1888-TEPIC-IA,87,83,4932,4933,Sufrir,"Busca paciencia, tener.","Sufrir. — Busca paciencia, tener.",em_dash,matched_headword,high,machine_accepted,direct_page_headword_match,machine_derived,True,False
ORT1888-art-001992,ORT1888-cand-001992,1992,ORTEGA1888-TEPIC-IA,87,83,4934,4935,Sumirse en el agua,Ateahuipicbe. N.,Sumirse en el agua. — Ateahuipicbe. N.,em_dash,matched_headword,high,machine_accepted,direct_page_headword_match,machine_derived,True,False
ORT1888-art-001993,ORT1888-cand-001993,1993,ORTEGA1888-TEPIC-IA,87,83,4936,4937,Sumirse en la tierra,Ateahupíi. N.,Sumirse en la tierra. — Ateahupíi. N.,em_dash,matched_headword,high,machine_accepted,direct_page_headword_match,machine_derived,True,False
ORT1888-art-001994,ORT1888-cand-001994,1994,ORTEGA1888-TEPIC-IA,87,83,4938,4939,Sucia cosa,Chuámoa.,Sucia cosa. — Chuámoa.,em_dash,matched_headword,high,machine_accepted,direct_page_headword_match,machine_derived,True,False
ORT1888-art-001995,ORT1888-cand-001995,1995,ORTEGA1888-TEPIC-IA,87,83,4940,4942,Suciedad,Chuámoarcat,Suciedad. — Chuámoarcat,em_dash,matched_headword,high,machine_accepted,direct_page_headword_match,machine_derived,True,False
ORT1888-art-001996,ORT1888-cand-001996,1996,ORTEGA1888-TEPIC-IA,87,83,4943,4943,"Taba, del pié",Carápozi.,"Taba, del pié — Carápozi.",em_dash,matched_headword,high,machine_accepted,direct_page_headword_match,machine_derived,True,False
ORT1888-art-001997,ORT1888-cand-001997,1997,ORTEGA1888-TEPIC-IA,87,83,4944,4944,Talar monte. r,Tabézim. N,Talar monte. r-Tabézim. N,hyphen_variant,matched_headword,medium,machine_accepted,direct_page_headword_match,machine_derived,True,False
ORT1888-art-001998,ORT1888-cand-001998,1998,ORTEGA1888-TEPIC-IA,87,83,4945,4945,Talón del pié,Chatzoriti.,Talón del pié. — Chatzoriti.,em_dash,matched_headword,high,machine_accepted,direct_page_headword_match,machine_derived,True,False
ORT1888-art-001999,ORT1888-cand-001999,1999,ORTEGA1888-TEPIC-IA,87,83,4946,4946,"También, ado",Acta.,"También, ado. — Acta.",em_dash,matched_headword,high,machine_accepted,direct_page_headword_match,machine_derived,True,False
ORT1888-art-002000,ORT1888-cand-002000,2000,ORTEGA1888-TEPIC-IA,87,83,4947,4948,Tanto,", Muuxo.","Tanto.—, Muuxo. | Tener instrumento músico.",em_dash,matched_headword,high,machine_accepted,direct_page_headword_match,machine_derived,True,False
ORT1888-art-002001,ORT1888-cand-002001,2001,ORTEGA1888-TEPIC-IA,87,83,4949,4954,Tapar,^Bána. Net©-.,Tapar.— ^Bána. Net©-. | Cuina. Neti,em_dash,matched_headword,high,machine_accepted,direct_page_headword_match,machine_derived,True,False
ORT1888-art-002002,ORT1888-cand-002002,2002,ORTEGA1888-TEPIC-IA,88,84,4958,4959,Tapón,Itúpuáme.,Tapón. — Itúpuáme.,em_dash,matched_headword,high,machine_accepted,direct_page_headword_match,machine_derived,True,False
ORT1888-art-002003,ORT1888-cand-002003,2003,ORTEGA1888-TEPIC-IA,88,84,4960,4961,Tarde,C h u m áa na.,Tarde. — C h u m áa na.,em_dash,matched_headword,high,machine_accepted,direct_page_headword_match,machine_derived,True,False
ORT1888-art-002004,ORT1888-cand-002004,2004,ORTEGA1888-TEPIC-IA,88,84,4962,4963,Távano,",Arü pl. tzi.","Távano. — ,Arü pl. tzi.",em_dash,matched_headword,high,machine_accepted,direct_page_headword_match,machine_derived,True,False
ORT1888-art-002005,ORT1888-cand-002005,2005,ORTEGA1888-TEPIC-IA,88,84,4964,4965,Tea de pino,Utzite.,Tea de pino. — Utzite.,em_dash,matched_headword,high,machine_accepted,direct_page_headword_match,machine_derived,True,False
ORT1888-art-002006,ORT1888-cand-002006,2006,ORTEGA1888-TEPIC-IA,88,84,4966,4967,Techar casa. r,Chive. Ne.,Techar casa. r— Chive. Ne.,em_dash,matched_headword,high,machine_accepted,direct_page_headword_match,machine_derived,True,False
ORT1888-art-002007,ORT1888-cand-002007,2007,ORTEGA1888-TEPIC-IA,88,84,4968,4969,Tela íaña,B en n a vé be .,Tela íaña. — B en n a vé be .,em_dash,matched_headword,high,machine_accepted,direct_page_headword_match,machine_derived,True,False
ORT1888-art-002008,ORT1888-cand-002008,2008,ORTEGA1888-TEPIC-IA,88,84,4970,4971,Temblar,Vbibé. Nenebibé.,Temblar. — Vbibé. Nenebibé.,em_dash,matched_headword,high,machine_accepted,direct_page_headword_match,machine_derived,True,False
ORT1888-art-002009,ORT1888-cand-002009,2009,ORTEGA1888-TEPIC-IA,88,84,4972,4973,Temblar la siena,Huatahuax.,Temblar la siena. — Huatahuax.,em_dash,matched_headword,high,machine_accepted,direct_page_headword_match,machine_derived,True,False
ORT1888-art-002010,ORT1888-cand-002010,2010,ORTEGA1888-TEPIC-IA,88,84,4974,4975,Temblor tal,Huataubivaxa.,Temblor tal. — Huataubivaxa.,em_dash,matched_headword,high,machine_accepted,direct_page_headword_match,machine_derived,True,False
ORT1888-art-002011,ORT1888-cand-002011,2011,ORTEGA1888-TEPIC-IA,88,84,4976,4977,Temer á otro,Tzc//ne. Neti.,Temer á otro. — Tzc//ne. Neti.,em_dash,matched_headword,high,machine_accepted,direct_page_headword_match,machine_derived,True,False
ORT1888-art-002012,ORT1888-cand-002012,2012,ORTEGA1888-TEPIC-IA,88,84,4978,4979,Temor,Tzéuniat.,"Temor, — Tzéuniat.",em_dash,matched_headword,high,machine_accepted,direct_page_headword_match,machine_derived,True,False
ORT1888-art-002013,ORT1888-cand-002013,2013,ORTEGA1888-TEPIC-IA,88,84,4980,4981,Templar el instrumento,Catné. Neti.,Templar el instrumento. — Catné. Neti.,em_dash,matched_headword,high,machine_accepted,direct_page_headword_match,machine_derived,True,False
ORT1888-art-002014,ORT1888-cand-002014,2014,ORTEGA1888-TEPIC-IA,88,84,4982,4983,"Temprano, ado",Arcapoáco. .',"Temprano, ado. — Arcapoáco. .'",em_dash,matched_headword,high,machine_accepted,direct_page_headword_match,machine_derived,True,False
ORT1888-art-002015,ORT1888-cand-002015,2015,ORTEGA1888-TEPIC-IA,88,84,4984,4985,Tender,-Tábtf/azt. Neten.- .,Tender.- -Tábtf/azt. Neten.- .,hyphen_variant,matched_headword,medium,machine_accepted,direct_page_headword_match,machine_derived,True,False
ORT1888-art-002016,ORT1888-cand-002016,2016,ORTEGA1888-TEPIC-IA,88,84,4986,4987,Tender al sol,Iay^/xazt. Neten.,Tender al sol. — Iay^/xazt. Neten.,em_dash,matched_headword,high,machine_accepted,direct_page_headword_match,machine_derived,True,False
ORT1888-art-002017,ORT1888-cand-002017,2017,ORTEGA1888-TEPIC-IA,88,84,4988,4989,Tener con las manos,Busca agarrar.,Tener con las manos. — Busca agarrar.,em_dash,matched_headword,high,machine_accepted,direct_page_headword_match,machine_derived,True,False
ORT1888-art-002018,ORT1888-cand-002018,2018,ORTEGA1888-TEPIC-IA,88,84,4990,4991,Tener ambre,"Busca, amble.","Tener ambre. — Busca, amble.",em_dash,matched_headword,high,machine_accepted,direct_page_headword_match,machine_derived,True,False
ORT1888-art-002019,ORT1888-cand-002019,2019,ORTEGA1888-TEPIC-IA,88,84,4992,4993,Tener sed,Busca sed tener.,Tener sed — Busca sed tener.,em_dash,matched_headword,high,machine_accepted,direct_page_headword_match,machine_derived,True,False
ORT1888-art-002020,ORT1888-cand-002020,2020,ORTEGA1888-TEPIC-IA,88,84,4994,4995,Tener á la que quiere parir,Nuépe. Neti.,Tener á la que quiere parir. — Nuépe. Neti.,em_dash,matched_headword,high,machine_accepted,direct_page_headword_match,machine_derived,True,False
ORT1888-art-002021,ORT1888-cand-002021,2021,ORTEGA1888-TEPIC-IA,88,84,4996,4997,Tentar con las manos,Busca paipai-.,"Tentar con las manos: ,— Busca paipai-.",em_dash,matched_headword,high,machine_accepted,direct_page_headword_match,machine_derived,True,False
ORT1888-art-002022,ORT1888-cand-002022,2022,ORTEGA1888-TEPIC-IA,88,84,4998,4999,Teñir,Iihua. Neti.,Teñir. — Iihua. Neti.,em_dash,matched_headword,high,machine_accepted,direct_page_headword_match,machine_derived,True,False
ORT1888-art-002023,ORT1888-cand-002023,2023,ORTEGA1888-TEPIC-IA,88,84,5000,5001,Terrible,T/^wnive.,Terrible. — T/^wnive.,em_dash,matched_headword,high,machine_accepted,direct_page_headword_match,machine_derived,True,False
ORT1888-art-002024,ORT1888-cand-002024,2024,ORTEGA1888-TEPIC-IA,88,84,5002,5003,Teta,Tziméti.,Teta. — Tziméti.,em_dash,matched_headword,high,machine_accepted,direct_page_headword_match,machine_derived,True,False
ORT1888-art-002025,ORT1888-cand-002025,2025,ORTEGA1888-TEPIC-IA,88,84,5004,5005,Tejer,Itza. Neti.,Tejer. — Itza. Neti.,em_dash,matched_headword,high,machine_accepted,direct_page_headword_match,machine_derived,True,False
ORT1888-art-002026,ORT1888-cand-002026,2026,ORTEGA1888-TEPIC-IA,88,84,5006,5007,Tia y tio,Titata. Tinaózi.,Tia y tio.— Titata. Tinaózi.,em_dash,matched_headword,high,machine_accepted,direct_page_headword_match,machine_derived,True,False
ORT1888-art-002027,ORT1888-cand-002027,2027,ORTEGA1888-TEPIC-IA,88,84,5008,5009,Tiempo,Te vi.,Tiempo. — Te vi.,em_dash,matched_headword,high,machine_accepted,direct_page_headword_match,machine_derived,True,False
ORT1888-art-002028,ORT1888-cand-002028,2028,ORTEGA1888-TEPIC-IA,87,83,5010,5011,Tierra,Chuéhti,Tierra.— Chuéhti,em_dash,matched_headword,high,machine_accepted,direct_page_headword_match,machine_derived,True,False
ORT1888-art-002029,ORT1888-cand-002029,2029,ORTEGA1888-TEPIC-IA,88,84,5012,5013,Tinaja de barro,Xarit.,Tinaja de barro. — Xarit.,em_dash,matched_headword,high,machine_accepted,direct_page_headword_match,machine_derived,True,False
ORT1888-art-002030,ORT1888-cand-002030,2030,ORTEGA1888-TEPIC-IA,88,84,5014,5015,Tinta para escribir,Te x urna vi.,Tinta para escribir. — Te x urna vi.,em_dash,matched_headword,high,machine_accepted,direct_page_headword_match,machine_derived,True,False
ORT1888-art-002031,ORT1888-cand-002031,2031,ORTEGA1888-TEPIC-IA,88,84,5016,5017,Tirar con piedra,> Vteahaché. Vnteahachg.,Tirar con piedra.— > Vteahaché. Vnteahachg.,em_dash,matched_headword,high,machine_accepted,direct_page_headword_match,machine_derived,True,False
ORT1888-art-002032,ORT1888-cand-002032,2032,ORTEGA1888-TEPIC-IA,88,84,5018,5019,Tiro de piedra,VteahaayrtHe.,Tiro de piedra.-— VteahaayrtHe.,em_dash,matched_headword,high,machine_accepted,direct_page_headword_match,machine_derived,True,False
ORT1888-art-002033,ORT1888-cand-002033,2033,ORTEGA1888-TEPIC-IA,88,84,5020,5025,Tirar estirando,Busca estirar.,Tirar estirando. -Busca estirar. | WSM,hyphen_variant,matched_headword,medium,machine_accepted,direct_page_headword_match,machine_derived,True,False
ORT1888-art-002034,ORT1888-cand-002034,2034,ORTEGA1888-TEPIC-IA,89,85,5029,5030,Tirar ó arroja*,VitE Ne.,Tirar ó arroja*. -^VitE Ne.,hyphen_variant,matched_headword,medium,machine_accepted,direct_page_headword_match,machine_derived,True,False
ORT1888-art-002035,ORT1888-cand-002035,2035,ORTEGA1888-TEPIC-IA,89,85,5031,5032,Tiritar de frió,Xámue. Ne.,"Tiritar de frió. ,— Xámue. Ne.",em_dash,matched_headword,high,machine_accepted,direct_page_headword_match,machine_derived,True,False
ORT1888-art-002036,ORT1888-cand-002036,2036,ORTEGA1888-TEPIC-IA,89,85,5033,5034,Tijeras,Yamoámmet.,Tijeras . — Yamoámmet.,em_dash,matched_headword,high,machine_accepted,direct_page_headword_match,machine_derived,True,False
ORT1888-art-002037,ORT1888-cand-002037,2037,ORTEGA1888-TEPIC-IA,89,85,5035,5036,Tiznar,Auéhmua. Nete,Tiznar.— Auéhmua. Nete,em_dash,matched_headword,high,machine_accepted,direct_page_headword_match,machine_derived,True,False
ORT1888-art-002038,ORT1888-cand-002038,2038,ORTEGA1888-TEPIC-IA,89,85,5037,5038,Tizne,Busca tinta.,Tizne.- — Busca tinta.,em_dash,matched_headword,high,machine_accepted,direct_page_headword_match,machine_derived,True,False
ORT1888-art-002039,ORT1888-cand-002039,2039,ORTEGA1888-TEPIC-IA,89,85,5039,5040,Tizón,Tait.,Tizón— Tait.,em_dash,matched_headword,high,machine_accepted,direct_page_headword_match,machine_derived,True,False
ORT1888-art-002040,ORT1888-cand-002040,2040,ORTEGA1888-TEPIC-IA,89,85,5041,5042,Tocar,Busca palpar.,Tocar. — Busca palpar.,em_dash,matched_headword,high,machine_accepted,direct_page_headword_match,machine_derived,True,False
ORT1888-art-002041,ORT1888-cand-002041,2041,ORTEGA1888-TEPIC-IA,89,85,5043,5044,Todo,Naeiinie. pl. Manaiéeic.,Todo. — Naeiinie. pl. Manaiéeic.,em_dash,matched_headword,high,machine_accepted,direct_page_headword_match,machine_derived,True,False
ORT1888-art-002042,ORT1888-cand-002042,2042,ORTEGA1888-TEPIC-IA,89,85,5045,5046,Tomar,Tazime. Neti.,Tomar. — Tazime. Neti.,em_dash,matched_headword,high,machine_accepted,direct_page_headword_match,machine_derived,True,False
ORT1888-art-002043,ORT1888-cand-002043,2043,ORTEGA1888-TEPIC-IA,89,85,5047,5048,Topar encontrando con otro,Náhehe. Neti.,Topar encontrando con otro. — Náhehe. Neti.,em_dash,matched_headword,high,machine_accepted,direct_page_headword_match,machine_derived,True,False
ORT1888-art-002044,ORT1888-cand-002044,2044,ORTEGA1888-TEPIC-IA,89,85,5049,5050,"Topo, animal",Busca escarabajo.,"Topo, animal. — Busca escarabajo.",em_dash,matched_headword,high,machine_accepted,direct_page_headword_match,machine_derived,True,False
ORT1888-art-002045,ORT1888-cand-002045,2045,ORTEGA1888-TEPIC-IA,89,85,5051,5052,Torcer hilo 6 soga,Ancuána. Ne.,Torcer hilo 6 soga. — Ancuána. Ne.,em_dash,matched_headword,high,machine_accepted,direct_page_headword_match,machine_derived,True,False
ORT1888-art-002046,ORT1888-cand-002046,2046,ORTEGA1888-TEPIC-IA,89,85,5053,5054,Torcerse el árbol,Acate.,Torcerse el árbol. — Acate.,em_dash,matched_headword,high,machine_accepted,direct_page_headword_match,machine_derived,True,False
ORT1888-art-002047,ORT1888-cand-002047,2047,ORTEGA1888-TEPIC-IA,89,85,5055,5056,Tomar el vino al <pie lo bebe,Huateahtahuai.,Tomar el vino al <pie lo bebe. — Huateahtahuai.,em_dash,matched_headword,high,machine_accepted,direct_page_headword_match,machine_derived,True,False
ORT1888-art-002048,ORT1888-cand-002048,2048,ORTEGA1888-TEPIC-IA,89,85,5057,5058,Torear./,A. Neti.,Torear./ — A. Neti.,em_dash,matched_headword,high,machine_accepted,direct_page_headword_match,machine_derived,True,False
ORT1888-art-002049,ORT1888-cand-002049,2049,ORTEGA1888-TEPIC-IA,89,85,5059,5060,"Tortilla, pan de los indios",Hamuit.,"Tortilla, pan de los indios — Hamuit.",em_dash,matched_headword,high,machine_accepted,direct_page_headword_match,machine_derived,True,False
ORT1888-art-002050,ORT1888-cand-002050,2050,ORTEGA1888-TEPIC-IA,89,85,5061,5062,Tordo,",Tzapuzt. pl. Tzapuzi.","Tordo. — ,Tzapuzt. pl. Tzapuzi.",em_dash,matched_headword,high,machine_accepted,direct_page_headword_match,machine_derived,True,False
ORT1888-art-002051,ORT1888-cand-002051,2051,ORTEGA1888-TEPIC-IA,89,85,5063,5064,Tortuga,Moíirizti. pl. Moarizi.,"Tortuga,. — Moíirizti. pl. Moarizi.",em_dash,matched_headword,high,machine_accepted,direct_page_headword_match,machine_derived,True,False
ORT1888-art-002052,ORT1888-cand-002052,2052,ORTEGA1888-TEPIC-IA,89,85,5065,5066,Toser,Caz tda.h mu'i ti.,Toser. — Caz tda.h mu'i ti.,em_dash,matched_headword,high,machine_accepted,direct_page_headword_match,machine_derived,True,False
ORT1888-art-002053,ORT1888-cand-002053,2053,ORTEGA1888-TEPIC-IA,89,85,5067,5068,Tos,Casteahuariti.,Tos — Casteahuariti.,em_dash,matched_headword,high,machine_accepted,direct_page_headword_match,machine_derived,True,False
ORT1888-art-002054,ORT1888-cand-002054,2054,ORTEGA1888-TEPIC-IA,89,85,5069,5070,Tostar,Eré. Neti.,Tostar.— Eré. Neti.,em_dash,matched_headword,high,machine_accepted,direct_page_headword_match,machine_derived,True,False
ORT1888-art-002055,ORT1888-cand-002055,2055,ORTEGA1888-TEPIC-IA,89,85,5071,5072,Tostar maiz,Xáxche. Neti.,Tostar maiz.— Xáxche. Neti.,em_dash,matched_headword,high,machine_accepted,direct_page_headword_match,machine_derived,True,False
ORT1888-art-002056,ORT1888-cand-002056,2056,ORTEGA1888-TEPIC-IA,89,85,5073,5074,Trabajo,> Mué rit.,Trabajo.— > Mué rit.,em_dash,matched_headword,high,machine_accepted,direct_page_headword_match,machine_derived,True,False
ORT1888-art-002057,ORT1888-cand-002057,2057,ORTEGA1888-TEPIC-IA,89,85,5075,5076,Trabajar,Mué. Neti.,Trabajar.— Mué. Neti.,em_dash,matched_headword,high,machine_accepted,direct_page_headword_match,machine_derived,True,False
ORT1888-art-002058,ORT1888-cand-002058,2058,ORTEGA1888-TEPIC-IA,89,85,5077,5078,Trabarse con la ponzoña,Huateceácaz.,Trabarse con la ponzoña.— Huateceácaz.,em_dash,matched_headword,high,machine_accepted,direct_page_headword_match,machine_derived,True,False
ORT1888-art-002059,ORT1888-cand-002059,2059,ORTEGA1888-TEPIC-IA,89,85,5079,5081,Traer cosas largas como palo,Vhychehui. Vuychehuy.,Traer cosas largas como palo. — Vhychehui. Vuychehuy. | Vhytiae. Vn.,em_dash,matched_headword,high,machine_accepted,direct_page_headword_match,machine_derived,True,False
ORT1888-art-002060,ORT1888-cand-002060,2060,ORTEGA1888-TEPIC-IA,89,85,5082,5084,"Traer cosa, viviente. Vhyahanua. Vnyahánna",Vh-,"Traer cosa, viviente. Vhyahanua. Vnyahánna — Vh- | yahápuen. Vn",em_dash,matched_headword,high,machine_accepted,direct_page_headword_match,machine_derived,True,False
ORT1888-art-002061,ORT1888-cand-002061,2061,ORTEGA1888-TEPIC-IA,89,85,5085,5090,Traer cosas redondas como piedras.- Vhaatew,">,Vn-","Traer cosas redondas como piedras.- Vhaatew. — >,Vn- | va a liten. Vnvaahtútu Uu. | 1",em_dash,matched_headword,high,machine_accepted,direct_page_headword_match,machine_derived,True,False
ORT1888-art-002062,ORT1888-cand-002062,2062,ORTEGA1888-TEPIC-IA,90,86,5099,5099,Tragar,Vy aoze z in. Vn .,Tragar. — Vy aoze z in. Vn .,em_dash,matched_headword,high,machine_accepted,direct_page_headword_match,machine_derived,True,False
ORT1888-art-002063,ORT1888-cand-002063,2063,ORTEGA1888-TEPIC-IA,90,86,5100,5100,"Trapo, r",Cánariti.,"Trapo, r— Cánariti.",em_dash,matched_headword,high,machine_accepted,direct_page_headword_match,machine_derived,True,False
ORT1888-art-002064,ORT1888-cand-002064,2064,ORTEGA1888-TEPIC-IA,90,86,5101,5101,Tras. prep,Tihuarita.,Tras. prep. — Tihuarita.,em_dash,matched_headword,high,machine_accepted,direct_page_headword_match,machine_derived,True,False
ORT1888-art-002065,ORT1888-cand-002065,2065,ORTEGA1888-TEPIC-IA,90,86,5102,5102,Trasponer plantas,Busca plantar.,Trasponer plantas. — Busca plantar.,em_dash,matched_headword,high,machine_accepted,direct_page_headword_match,machine_derived,True,False
ORT1888-art-002066,ORT1888-cand-002066,2066,ORTEGA1888-TEPIC-IA,90,86,5103,5103,Trasquilar,Toya moa. Neti,Trasquilar. — Toya moa. Neti,em_dash,matched_headword,high,machine_accepted,direct_page_headword_match,machine_derived,True,False
ORT1888-art-002067,ORT1888-cand-002067,2067,ORTEGA1888-TEPIC-IA,90,86,5104,5104,Trillar,Chetzina. Nete.,Trillar.— Chetzina. Nete.,em_dash,matched_headword,high,machine_accepted,direct_page_headword_match,machine_derived,True,False
ORT1888-art-002068,ORT1888-cand-002068,2068,ORTEGA1888-TEPIC-IA,90,86,5105,5105,Tripa,Chuitoriti.,Tripa. — Chuitoriti.,em_dash,matched_headword,high,machine_accepted,direct_page_headword_match,machine_derived,True,False
ORT1888-art-002069,ORT1888-cand-002069,2069,ORTEGA1888-TEPIC-IA,90,86,5106,5106,Tristeza,Xa muehri teat.,Tristeza.— Xa muehri teat.,em_dash,matched_headword,high,machine_accepted,direct_page_headword_match,machine_derived,True,False
ORT1888-art-002070,ORT1888-cand-002070,2070,ORTEGA1888-TEPIC-IA,90,86,5107,5107,Triste estar,Vxainuchriti. Nema.,"Triste estar. ,—Vxainuchriti. Nema.",em_dash,matched_headword,high,machine_accepted,direct_page_headword_match,machine_derived,True,False
ORT1888-art-002071,ORT1888-cand-002071,2071,ORTEGA1888-TEPIC-IA,90,86,5108,5108,Tronar el Cielo,Vméte. neuca.,Tronar el Cielo. — Vméte. neuca.,em_dash,matched_headword,high,machine_accepted,direct_page_headword_match,machine_derived,True,False
ORT1888-art-002072,ORT1888-cand-002072,2072,ORTEGA1888-TEPIC-IA,90,86,5109,5109,Tronar,"Tatziné, Ne.","Tronar. — Tatziné, Ne.",em_dash,matched_headword,high,machine_accepted,direct_page_headword_match,machine_derived,True,False
ORT1888-art-002073,ORT1888-cand-002073,2073,ORTEGA1888-TEPIC-IA,90,86,5110,5110,"Tropezar. ,■",An teu xu x cá. Nanti n x u x cá,"Tropezar. ,■— An teu xu x cá. Nanti n x u x cá",em_dash,matched_headword,high,machine_accepted,direct_page_headword_match,machine_derived,True,False
ORT1888-art-002074,ORT1888-cand-002074,2074,ORTEGA1888-TEPIC-IA,90,86,5111,5111,Troje,Cha uliri t.,Troje.— Cha uliri t.,em_dash,matched_headword,high,machine_accepted,direct_page_headword_match,machine_derived,True,False
ORT1888-art-002075,ORT1888-cand-002075,2075,ORTEGA1888-TEPIC-IA,90,86,5112,5112,"Trucha, pez. r",Arihcrtt. pl. tzi.,"Trucha, pez. r- Arihcrtt. pl. tzi.",hyphen_variant,matched_headword,medium,machine_accepted,direct_page_headword_match,machine_derived,True,False
ORT1888-art-002076,ORT1888-cand-002076,2076,ORTEGA1888-TEPIC-IA,90,86,5113,5113,"Tuerto, no derecho",Nah pirará.,"Tuerto, no derecho. — Nah pirará.",em_dash,matched_headword,high,machine_accepted,direct_page_headword_match,machine_derived,True,False
ORT1888-art-002077,ORT1888-cand-002077,2077,ORTEGA1888-TEPIC-IA,90,86,5114,5114,Tuerto de un ojo,Acune.,Tuerto de un ojo — Acune.,em_dash,matched_headword,high,machine_accepted,direct_page_headword_match,machine_derived,True,False
ORT1888-art-002078,ORT1888-cand-002078,2078,ORTEGA1888-TEPIC-IA,90,86,5115,5115,Tuétano,Tútano.,"Tuétano. ,— Tútano.",em_dash,matched_headword,high,machine_accepted,direct_page_headword_match,machine_derived,True,False
ORT1888-art-002079,ORT1888-cand-002079,2079,ORTEGA1888-TEPIC-IA,90,86,5116,5116,Tuna,Naca ti.,"Tuna,— Naca ti.",em_dash,matched_headword,high,machine_accepted,direct_page_headword_match,machine_derived,True,False
ORT1888-art-002080,ORT1888-cand-002080,2080,ORTEGA1888-TEPIC-IA,90,86,5117,5122,"Tuza, animal",Te iuxat. pl. tzi.,"Tuza, animal. ,— Te iuxat. pl. tzi. | v.",em_dash,matched_headword,high,machine_accepted,direct_page_headword_match,machine_derived,True,False
ORT1888-art-002081,ORT1888-cand-002081,2081,ORTEGA1888-TEPIC-IA,90,86,5123,5124,Veso,Cari ti.,Veso. — Cari ti.,em_dash,matched_headword,high,machine_accepted,direct_page_headword_match,machine_derived,True,False
ORT1888-art-002082,ORT1888-cand-002082,2082,ORTEGA1888-TEPIC-IA,90,86,5125,5126,Vagia,ento.V^Airataidt:,Vagia-ento.V^Airataidt:,hyphen_variant,matched_headword,medium,machine_accepted,direct_page_headword_match,machine_derived,True,False
ORT1888-art-002083,ORT1888-cand-002083,2083,ORTEGA1888-TEPIC-IA,90,86,5127,5128,V. Vña,X^í/teti.,V. Vña. — X^í/teti.,em_dash,matched_headword,high,machine_accepted,direct_page_headword_match,machine_derived,True,False
ORT1888-art-002084,ORT1888-cand-002084,2084,ORTEGA1888-TEPIC-IA,90,86,5129,5130,Vntar,"Huate. Neti,","Vntar— Huate. Neti,",em_dash,matched_headword,high,machine_accepted,direct_page_headword_match,machine_derived,True,False
ORT1888-art-002085,ORT1888-cand-002085,2085,ORTEGA1888-TEPIC-IA,90,86,5131,5132,Vrdir tela,Hutfona. Neti.,Vrdir tela. — Hutfona. Neti.,em_dash,matched_headword,high,machine_accepted,direct_page_headword_match,machine_derived,True,False
ORT1888-art-002086,ORT1888-cand-002086,2086,ORTEGA1888-TEPIC-IA,90,86,5133,5134,Vaciar lo que está lleno,Xéhrihua. Neti.,Vaciar lo que está lleno.— Xéhrihua. Neti.,em_dash,matched_headword,high,machine_accepted,direct_page_headword_match,machine_derived,True,False
ORT1888-art-002087,ORT1888-cand-002087,2087,ORTEGA1888-TEPIC-IA,90,86,5135,5136,Vacío estar,Muávi. Ne. - -,Vacío estar. — Muávi. Ne. - -,em_dash,matched_headword,high,machine_accepted,direct_page_headword_match,machine_derived,True,False
ORT1888-art-002088,ORT1888-cand-002088,2088,ORTEGA1888-TEPIC-IA,90,86,5137,5142,Vadear el rio,-Busca pasar el rio por vado,Vadear el rio.— -Busca pasar el rio por vado | Vhyaáha. Vnyahaa,em_dash,matched_headword,high,machine_accepted,direct_page_headword_match,machine_derived,True,False
ORT1888-art-002089,ORT1888-cand-002089,2089,ORTEGA1888-TEPIC-IA,91,87,5146,5147,Valer en precio,Tianahche.,Valer en precio.— Tianahche.,em_dash,matched_headword,high,machine_accepted,direct_page_headword_match,machine_derived,True,False
ORT1888-art-002090,ORT1888-cand-002090,2090,ORTEGA1888-TEPIC-IA,91,87,5148,5149,Valeroso,Captitzewne,Valeroso. — Captitzewne,em_dash,matched_headword,high,machine_accepted,direct_page_headword_match,machine_derived,True,False
ORT1888-art-002091,ORT1888-cand-002091,2091,ORTEGA1888-TEPIC-IA,91,87,5150,5151,Valor,Captitz«wniat.,Valor. — Captitz«wniat.,em_dash,matched_headword,high,machine_accepted,direct_page_headword_match,machine_derived,True,False
ORT1888-art-002092,ORT1888-cand-002092,2092,ORTEGA1888-TEPIC-IA,91,87,5152,5153,"Vana, estar la fruta",Vhuamué,"Vana, estar la fruta. ,^-Vhuamué",hyphen_variant,matched_headword,medium,machine_accepted,direct_page_headword_match,machine_derived,True,False
ORT1888-art-002093,ORT1888-cand-002093,2093,ORTEGA1888-TEPIC-IA,91,87,5154,5155,Vara,Piznari.,Vara. — Piznari.,em_dash,matched_headword,high,machine_accepted,direct_page_headword_match,machine_derived,True,False
ORT1888-art-002094,ORT1888-cand-002094,2094,ORTEGA1888-TEPIC-IA,91,87,5156,5157,"Varear, dar con vara",Curevia. Neti.,"Varear, dar con vara, — Curevia. Neti.",em_dash,matched_headword,high,machine_accepted,direct_page_headword_match,machine_derived,True,False
ORT1888-art-002095,ORT1888-cand-002095,2095,ORTEGA1888-TEPIC-IA,91,87,5158,5159,Varón,Teata. pl. Teteácari.,Varón. — Teata. pl. Teteácari.,em_dash,matched_headword,high,machine_accepted,direct_page_headword_match,machine_derived,True,False
ORT1888-art-002096,ORT1888-cand-002096,2096,ORTEGA1888-TEPIC-IA,91,87,5160,5161,Vaso,Caitzat,Vaso. — Caitzat,em_dash,matched_headword,high,machine_accepted,direct_page_headword_match,machine_derived,True,False
ORT1888-art-002097,ORT1888-cand-002097,2097,ORTEGA1888-TEPIC-IA,91,87,5162,5163,Vasura,Xaériti,Vasura.-^Xaériti,hyphen_variant,matched_headword,medium,machine_accepted,direct_page_headword_match,machine_derived,True,False
ORT1888-art-002098,ORT1888-cand-002098,2098,ORTEGA1888-TEPIC-IA,91,87,5164,5165,Veer,Oéfia. Neti.,Veer.— Oéfia. Neti.,em_dash,matched_headword,high,machine_accepted,direct_page_headword_match,machine_derived,True,False
ORT1888-art-002099,ORT1888-cand-002099,2099,ORTEGA1888-TEPIC-IA,91,87,5166,5167,Vello del c:¡erpo,Vxafc.,Vello del c:¡erpo. — Vxafc.,em_dash,matched_headword,high,machine_accepted,direct_page_headword_match,machine_derived,True,False
ORT1888-art-002100,ORT1888-cand-002100,2100,ORTEGA1888-TEPIC-IA,91,87,5168,5169,Vena,Tátat.,Vena.— Tátat.,em_dash,matched_headword,high,machine_accepted,direct_page_headword_match,machine_derived,True,False
ORT1888-art-002101,ORT1888-cand-002101,2101,ORTEGA1888-TEPIC-IA,91,87,5170,5171,Venado,Muaxati. pl. eri.,Venado. — Muaxati. pl. eri.,em_dash,matched_headword,high,machine_accepted,direct_page_headword_match,machine_derived,True,False
ORT1888-art-002102,ORT1888-cand-002102,2102,ORTEGA1888-TEPIC-IA,91,87,5172,5173,Venado pequeño,Muáriti. pl. Muáritzi,Venado pequeño. — Muáriti. pl. Muáritzi,em_dash,matched_headword,high,machine_accepted,direct_page_headword_match,machine_derived,True,False
ORT1888-art-002103,ORT1888-cand-002103,2103,ORTEGA1888-TEPIC-IA,91,87,5174,5175,Vence)-.',Tavicuaéie. Neteu.,Vence)-.' — Tavicuaéie. Neteu.,em_dash,matched_headword,high,machine_accepted,direct_page_headword_match,machine_derived,True,False
ORT1888-art-002104,ORT1888-cand-002104,2104,ORTEGA1888-TEPIC-IA,91,87,5176,5177,Vencimiento,Huatavicuareat.,Vencimiento — Huatavicuareat.,em_dash,matched_headword,high,machine_accepted,direct_page_headword_match,machine_derived,True,False
ORT1888-art-002105,ORT1888-cand-002105,2105,ORTEGA1888-TEPIC-IA,91,87,5178,5179,Vender,A Toa Neti.,Vender -A Toa Neti.,hyphen_variant,matched_headword,medium,machine_accepted,direct_page_headword_match,machine_derived,True,False
ORT1888-art-002106,ORT1888-cand-002106,2106,ORTEGA1888-TEPIC-IA,91,87,5180,5181,Vendedor,Titoanie. pl. tzi.,Vendedor. — Titoanie. pl. tzi.,em_dash,matched_headword,high,machine_accepted,direct_page_headword_match,machine_derived,True,False
ORT1888-art-002107,ORT1888-cand-002107,2107,ORTEGA1888-TEPIC-IA,91,87,5182,5183,Vendicion,Toirit.,Vendicion. — Toirit.,em_dash,matched_headword,high,machine_accepted,direct_page_headword_match,machine_derived,True,False
ORT1888-art-002108,ORT1888-cand-002108,2108,ORTEGA1888-TEPIC-IA,91,87,5184,5185,Veno-a rse,Ahróhue. Neahuanaé.,Veno-a rse. — Ahróhue. Neahuanaé.,em_dash,matched_headword,high,machine_accepted,direct_page_headword_match,machine_derived,True,False
ORT1888-art-002109,ORT1888-cand-002109,2109,ORTEGA1888-TEPIC-IA,91,87,5186,5187,Vengar ;í otro,Yahué. Neteahué.,Vengar ;í otro. — Yahué. Neteahué.,em_dash,matched_headword,high,machine_accepted,direct_page_headword_match,machine_derived,True,False
ORT1888-art-002110,ORT1888-cand-002110,2110,ORTEGA1888-TEPIC-IA,91,87,5188,5189,Veneno,Huáberit.,Veneno. — Huáberit.,em_dash,matched_headword,high,machine_accepted,direct_page_headword_match,machine_derived,True,False
ORT1888-art-002111,ORT1888-cand-002111,2111,ORTEGA1888-TEPIC-IA,91,87,5190,5191,Venenoso ser,Titáhuaite.,Venenoso ser.— Titáhuaite.,em_dash,matched_headword,high,machine_accepted,direct_page_headword_match,machine_derived,True,False
ORT1888-art-002112,ORT1888-cand-002112,2112,ORTEGA1888-TEPIC-IA,91,87,5192,5193,Venir,Mepebéme. Yembeme.,Venir. — Mepebéme. Yembeme.,em_dash,matched_headword,high,machine_accepted,direct_page_headword_match,machine_derived,True,False
ORT1888-art-002113,ORT1888-cand-002113,2113,ORTEGA1888-TEPIC-IA,91,87,5194,5195,Verano,Xuxcatrí.,Verano. — Xuxcatrí.,em_dash,matched_headword,high,machine_accepted,direct_page_headword_match,machine_derived,True,False
ORT1888-art-002114,ORT1888-cand-002114,2114,ORTEGA1888-TEPIC-IA,91,87,5196,5197,Verdad,Euhv'i.,Verdad. — Euhv'i.,em_dash,matched_headword,high,machine_accepted,direct_page_headword_match,machine_derived,True,False
ORT1888-art-002115,ORT1888-cand-002115,2115,ORTEGA1888-TEPIC-IA,91,87,5198,5199,"Verde, color",Huaravi.,"Verde, color. — Huaravi.",em_dash,matched_headword,high,machine_accepted,direct_page_headword_match,machine_derived,True,False
ORT1888-art-002116,ORT1888-cand-002116,2116,ORTEGA1888-TEPIC-IA,91,87,5200,5201,Verdolagas,Nacarixa.,Verdolagas.— Nacarixa.,em_dash,matched_headword,high,machine_accepted,direct_page_headword_match,machine_derived,True,False
ORT1888-art-002117,ORT1888-cand-002117,2117,ORTEGA1888-TEPIC-IA,91,87,5202,5203,Vergüenza,Taviaketi.,Vergüenza. — Taviaketi.,em_dash,matched_headword,high,machine_accepted,direct_page_headword_match,machine_derived,True,False
ORT1888-art-002118,ORT1888-cand-002118,2118,ORTEGA1888-TEPIC-IA,91,87,5204,5205,Vergüenza tener,-Tévia. Neti.,Vergüenza tener.- — -Tévia. Neti.,em_dash,matched_headword,high,machine_accepted,direct_page_headword_match,machine_derived,True,False
ORT1888-art-002119,ORT1888-cand-002119,2119,ORTEGA1888-TEPIC-IA,91,87,5206,5207,Vestir,Acbéhte. Neti.,Vestir. — Acbéhte. Neti.,em_dash,matched_headword,high,machine_accepted,direct_page_headword_match,machine_derived,True,False
ORT1888-art-002120,ORT1888-cand-002120,2120,ORTEGA1888-TEPIC-IA,91,87,5208,5209,Vestido ó vestidura,sChemiat.,Vestido ó vestidura. — sChemiat.,em_dash,matched_headword,high,machine_accepted,direct_page_headword_match,machine_derived,True,False
ORT1888-art-002121,ORT1888-cand-002121,2121,ORTEGA1888-TEPIC-IA,91,87,5210,5215,Vida,>Huriat.,Vida.— >Huriat. | 88,em_dash,matched_headword,high,machine_accepted,direct_page_headword_match,machine_derived,True,False
ORT1888-art-002122,ORT1888-cand-002122,2122,ORTEGA1888-TEPIC-IA,92,88,5216,5216,Vida tener,Húri. Ne.,Vida tener. — Húri. Ne.,em_dash,matched_headword,high,machine_accepted,direct_page_headword_match,machine_derived,True,False
ORT1888-art-002123,ORT1888-cand-002123,2123,ORTEGA1888-TEPIC-IA,92,88,5217,5217,Viejo,Busca anciano.,Viejo. — Busca anciano.,em_dash,matched_headword,high,machine_accepted,direct_page_headword_match,machine_derived,True,False
ORT1888-art-002124,ORT1888-cand-002124,2124,ORTEGA1888-TEPIC-IA,92,88,5218,5218,Viento,Busca aire.,Viento. — Busca aire.,em_dash,matched_headword,high,machine_accepted,direct_page_headword_match,machine_derived,True,False
ORT1888-art-002125,ORT1888-cand-002125,2125,ORTEGA1888-TEPIC-IA,92,88,5219,5219,Vihuela ó guitarra,Canári.,Vihuela ó guitarra. — Canári.,em_dash,matched_headword,high,machine_accepted,direct_page_headword_match,machine_derived,True,False
ORT1888-art-002126,ORT1888-cand-002126,2126,ORTEGA1888-TEPIC-IA,92,88,5220,5220,Vino Mezcal,Nahuáti.,Vino Mezcal. — Nahuáti.,em_dash,matched_headword,high,machine_accepted,direct_page_headword_match,machine_derived,True,False
ORT1888-art-002127,ORT1888-cand-002127,2127,ORTEGA1888-TEPIC-IA,92,88,5221,5221,Visabuelo,Tituiú.,Visabuelo.— Tituiú.,em_dash,matched_headword,high,machine_accepted,direct_page_headword_match,machine_derived,True,False
ORT1888-art-002128,ORT1888-cand-002128,2128,ORTEGA1888-TEPIC-IA,92,88,5222,5222,Visabuela,Tituiú.,Visabuela. — Tituiú.,em_dash,matched_headword,high,machine_accepted,direct_page_headword_match,machine_derived,True,False
ORT1888-art-002129,ORT1888-cand-002129,2129,ORTEGA1888-TEPIC-IA,92,88,5223,5223,Visitar,Téze. Neteu.,Visitar. — Téze. Neteu.,em_dash,matched_headword,high,machine_accepted,direct_page_headword_match,machine_derived,True,False
ORT1888-art-002130,ORT1888-cand-002130,2130,ORTEGA1888-TEPIC-IA,92,88,5224,5224,Vista,Céhriat.,Vista. — Céhriat.,em_dash,matched_headword,high,machine_accepted,direct_page_headword_match,machine_derived,True,False
ORT1888-art-002131,ORT1888-cand-002131,2131,ORTEGA1888-TEPIC-IA,92,88,5225,5225,Voluntad,-Xéhviat.,Voluntad.- -Xéhviat.,hyphen_variant,matched_headword,medium,machine_accepted,direct_page_headword_match,machine_derived,True,False
ORT1888-art-002132,ORT1888-cand-002132,2132,ORTEGA1888-TEPIC-IA,92,88,5226,5226,Vomitar,Ha. Neti,"Vomitar. ,— Ha. Neti",em_dash,matched_headword,high,machine_accepted,direct_page_headword_match,machine_derived,True,False
ORT1888-art-002133,ORT1888-cand-002133,2133,ORTEGA1888-TEPIC-IA,92,88,5227,5229,Vle,Vret.,Vle.— Vret.,em_dash,matched_headword,high,machine_accepted,direct_page_headword_match,machine_derived,True,False
ORT1888-art-002134,ORT1888-cand-002134,2134,ORTEGA1888-TEPIC-IA,92,88,5230,5231,Zelar,Trafcza. JNeti.,Zelar. — Trafcza. JNeti.,em_dash,matched_headword,high,machine_accepted,direct_page_headword_match,machine_derived,True,False
ORT1888-art-002135,ORT1888-cand-002135,2135,ORTEGA1888-TEPIC-IA,92,88,5232,5233,Zelo,Teatzacat.,Zelo. -Teatzacat.,hyphen_variant,matched_headword,medium,machine_accepted,direct_page_headword_match,machine_derived,True,False
ORT1888-art-002136,ORT1888-cand-002136,2136,ORTEGA1888-TEPIC-IA,92,88,5234,5235,Zorra,Arachuihti. pl. Arachuizi.,Zorra. ^-Arachuihti. pl. Arachuizi.,hyphen_variant,matched_headword,medium,machine_accepted,direct_page_headword_match,machine_derived,True,False
ORT1888-art-002137,ORT1888-cand-002137,2137,ORTEGA1888-TEPIC-IA,92,88,5236,5237,Zorrillo,Eupiht. pl. tzi.,Zorrillo. — Eupiht. pl. tzi.,em_dash,matched_headword,high,machine_accepted,direct_page_headword_match,machine_derived,True,False
ORT1888-art-002138,ORT1888-cand-002138,2138,ORTEGA1888-TEPIC-IA,92,88,5238,5239,Zumbar,TJhhuána,Zumbar. — TJhhuána,em_dash,matched_headword,high,machine_accepted,direct_page_headword_match,machine_derived,True,False
ORT1888-art-002139,ORT1888-cand-002139,2139,ORTEGA1888-TEPIC-IA,92,88,5240,5241,Zumbar los oidos,Vcaxana.,Zumbar los oidos.— Vcaxana.,em_dash,matched_headword,high,machine_accepted,direct_page_headword_match,machine_derived,True,False
ORT1888-art-002140,ORT1888-cand-002140,2140,ORTEGA1888-TEPIC-IA,92,88,5242,5244,Zumbar la abeja,Uhhuána.,Zumbar la abeja.— Uhhuána.,em_dash,matched_headword,high,machine_accepted,direct_page_headword_match,machine_derived,True,False
