ID,Language_ID,Headword,Part_Of_Speech,Source,CHD_Candidate_ID,CHD_Source_Witness_ID,CHD_Source_PDF_Page,CHD_Source_Printed_Page,CHD_Source_OCR_Line_Start,CHD_Source_OCR_Line_End,CHD_Raw_Span_OCR,CHD_Separator_Type,CHD_Page_Alignment_Status,CHD_Extraction_Confidence,CHD_Machine_Status,CHD_Machine_Rationale,CHD_Authority_Status,CHD_Release_Eligible,CHD_Human_Verified
ORT1888-art-000001,spa,"A., denotando la persona que padece",,Ortega1888[15],ORT1888-cand-000001,ORTEGA1888-TEPIC-IA,19,15,547,548,"A., denotando la persona que padece. — A., hua.",em_dash,matched_headword,high,machine_accepted,direct_page_headword_match,machine_derived,true,false
ORT1888-art-000002,spa,Abajar algo,,Ortega1888[15],ORT1888-cand-000002,ORTEGA1888-TEPIC-IA,19,15,549,550,Abajar algo. — Acátoa. Nete. Acucare. Nete.,em_dash,matched_headword,high,machine_accepted,direct_page_headword_match,machine_derived,true,false
ORT1888-art-000003,spa,Abajar alguno,,Ortega1888[15],ORT1888-cand-000003,ORTEGA1888-TEPIC-IA,19,15,551,552,Abajar alguno. — Acátezin Nete. Acahazéme. Nete.,em_dash,matched_headword,high,machine_accepted,direct_page_headword_match,machine_derived,true,false
ORT1888-art-000004,spa,Abajar la cabeza,,Ortega1888[15],ORT1888-cand-000004,ORTEGA1888-TEPIC-IA,19,15,553,554,Abajar la cabeza. — Abaútona. Nabántona.,em_dash,matched_headword,high,machine_accepted,direct_page_headword_match,machine_derived,true,false
ORT1888-art-000005,spa,Abajar ó decender,,Ortega1888[15],ORT1888-cand-000005,ORTEGA1888-TEPIC-IA,19,15,555,556,Abajar ó decender. — Acame. N.,em_dash,matched_headword,high,machine_accepted,direct_page_headword_match,machine_derived,true,false
ORT1888-art-000006,spa,Abajar y alzar á menudo la cabeza,,Ortega1888[15],ORT1888-cand-000006,ORTEGA1888-TEPIC-IA,19,15,557,558,Abajar y alzar á menudo la cabeza. — Temubá. Ne.,em_dash,matched_headword,high,machine_accepted,direct_page_headword_match,machine_derived,true,false
ORT1888-art-000007,spa,Abajarse inclinándose,,Ortega1888[15],ORT1888-cand-000007,ORTEGA1888-TEPIC-IA,19,15,559,560,Abajarse inclinándose. — Abaútona. Nabántona.,em_dash,matched_headword,high,machine_accepted,direct_page_headword_match,machine_derived,true,false
ORT1888-art-000008,spa,"Abajar la rama del árbol, doblegándola",,Ortega1888[15],ORT1888-cand-000008,ORTEGA1888-TEPIC-IA,19,15,561,563,"Abajar la rama del árbol, doblegándola. — Acahutacá Ne- | 'te.",em_dash,matched_headword,high,machine_accepted,direct_page_headword_match,machine_derived,true,false
ORT1888-art-000009,spa,Abajo por donde corre el rio,,Ortega1888[15],ORT1888-cand-000009,ORTEGA1888-TEPIC-IA,19,15,564,564,Abajo por donde corre el rio. — Iúte Mete.,em_dash,matched_headword,high,machine_accepted,direct_page_headword_match,machine_derived,true,false
ORT1888-art-000010,spa,Abajo respecto de lo alto,,Ortega1888[15],ORT1888-cand-000010,ORTEGA1888-TEPIC-IA,19,15,565,565,Abajo respecto de lo alto. — Make Muke Ake.,em_dash,matched_headword,high,machine_accepted,direct_page_headword_match,machine_derived,true,false
ORT1888-art-000011,spa,Abarcar entre los brazos,,Ortega1888[15],ORT1888-cand-000011,ORTEGA1888-TEPIC-IA,19,15,566,566,Abarcar entre los brazos.— Bévi. Nete.,em_dash,matched_headword,high,machine_accepted,direct_page_headword_match,machine_derived,true,false
ORT1888-art-000012,spa,Abarcar debajo del sobaco,,Ortega1888[15],ORT1888-cand-000012,ORTEGA1888-TEPIC-IA,19,15,567,567,Abarcar debajo del sobaco. — Vicurétzina. Nete.,em_dash,matched_headword,high,machine_accepted,direct_page_headword_match,machine_derived,true,false
ORT1888-art-000013,spa,Abasta adv,,Ortega1888[15],ORT1888-cand-000013,ORTEGA1888-TEPIC-IA,19,15,568,568,Abasta adv. — Ayápúche. Arepoá.,em_dash,matched_headword,high,machine_accepted,direct_page_headword_match,machine_derived,true,false
ORT1888-art-000014,spa,Abeja mansa de colmena,,Ortega1888[15],ORT1888-cand-000014,ORTEGA1888-TEPIC-IA,19,15,569,569,Abeja mansa de colmena. — Zearáte. pl. ri.,em_dash,matched_headword,high,machine_accepted,direct_page_headword_match,machine_derived,true,false
ORT1888-art-000015,spa,"Abeja que cria dentro del árbol, y tiene miel",,Ortega1888[15],ORT1888-cand-000015,ORTEGA1888-TEPIC-IA,19,15,570,575,"Abeja que cria dentro del árbol, y tiene miel. — Xumuate. | pl. ri. | J",em_dash,matched_headword,high,machine_accepted,direct_page_headword_match,machine_derived,true,false
ORT1888-art-000016,spa,Abeja m'oüteza de color blanco,,Ortega1888[16],ORT1888-cand-000016,ORTEGA1888-TEPIC-IA,20,16,580,580,Abeja m'oüteza de color blanco. — Tucaixarizt. Caretsing.,em_dash,matched_headword,high,machine_accepted,direct_page_headword_match,machine_derived,true,false
ORT1888-art-000017,spa,Abeja que cuelga el nido como de un hilo,,Ortega1888[16],ORT1888-cand-000017,ORTEGA1888-TEPIC-IA,20,16,581,586,"Abeja que cuelga el nido como de un hilo.- Tzihcn. \\. | Tziheá cariti,",hyphen_variant,matched_headword,medium,machine_accepted,direct_page_headword_match,machine_derived,true,false
ORT1888-art-000018,spa,Abeja que aun no vuela,,Ortega1888[16],ORT1888-cand-000018,ORTEGA1888-TEPIC-IA,20,16,587,587,Abeja que aun no vuela. — Tzinuiate. {>1. ri,em_dash,matched_headword,high,machine_accepted,direct_page_headword_match,machine_derived,true,false
ORT1888-art-000019,spa,Abeja que anida en las nenas,,Ortega1888[16],ORT1888-cand-000019,ORTEGA1888-TEPIC-IA,20,16,588,588,Abeja que anida en las nenas. — Chuarete pl ri,em_dash,matched_headword,high,machine_accepted,direct_page_headword_match,machine_derived,true,false
ORT1888-art-000020,spa,"Abeja que cria, debajo de la tierra",,Ortega1888[16],ORT1888-cand-000020,ORTEGA1888-TEPIC-IA,20,16,589,592,"Abeja que cria, debajo de la tierra: — Iúte. [>l. ri. | Abeja pequeñita que cria tambiel) debajo de la tierra, | Ailiqueze. pl. ri.",em_dash,matched_headword,high,machine_accepted,direct_page_headword_match,machine_derived,true,false
ORT1888-art-000021,spa,Abertura de la boca,,Ortega1888[16],ORT1888-cand-000021,ORTEGA1888-TEPIC-IA,20,16,593,594,Abertura de la boca. — Ancáeúne.,em_dash,matched_headword,high,machine_accepted,direct_page_headword_match,machine_derived,true,false
ORT1888-art-000022,spa,Abertura de lo serrado,,Ortega1888[16],ORT1888-cand-000022,ORTEGA1888-TEPIC-IA,20,16,595,596,Abertura de lo serrado. — A.ntáruneat.,em_dash,matched_headword,high,machine_accepted,direct_page_headword_match,machine_derived,true,false
ORT1888-art-000023,spa,Abertura de la tierra,,Ortega1888[16],ORT1888-cand-000023,ORTEGA1888-TEPIC-IA,20,16,597,598,Abertura de la tierra. — Aca.ihrliihuatéme.,em_dash,matched_headword,high,machine_accepted,direct_page_headword_match,machine_derived,true,false
ORT1888-art-000024,spa,"Abismo, agua profunda",,Ortega1888[16],ORT1888-cand-000024,ORTEGA1888-TEPIC-IA,20,16,599,600,"Abismo, agua profunda. — Ateat>v/.",em_dash,matched_headword,high,machine_accepted,direct_page_headword_match,machine_derived,true,false
ORT1888-art-000025,spa,"Abismo, cosa profunda y baja",,Ortega1888[16],ORT1888-cand-000025,ORTEGA1888-TEPIC-IA,20,16,601,602,"Abismo, cosa profunda y baja. — Vhniuéye.",em_dash,matched_headword,high,machine_accepted,direct_page_headword_match,machine_derived,true,false
ORT1888-art-000026,spa,Abispa que hace su casa de iodo,,Ortega1888[16],ORT1888-cand-000026,ORTEGA1888-TEPIC-IA,20,16,603,604,Abispa que hace su casa de iodo. — UMiuái. pl. tzi.,em_dash,matched_headword,high,machine_accepted,direct_page_headword_match,machine_derived,true,false
ORT1888-art-000027,spa,Abispa grande y ponzoñosa,,Ortega1888[16],ORT1888-cand-000027,ORTEGA1888-TEPIC-IA,20,16,605,606,Abispa grande y ponzoñosa. — A^//\acat. pl. t/i.,em_dash,matched_headword,high,machine_accepted,direct_page_headword_match,machine_derived,true,false
ORT1888-art-000028,spa,Abivar á otro,,Ortega1888[16],ORT1888-cand-000028,ORTEGA1888-TEPIC-IA,20,16,607,608,Abivar á otro. — Tuca. Neti.,em_dash,matched_headword,high,machine_accepted,direct_page_headword_match,machine_derived,true,false
ORT1888-art-000029,spa,Ablandar Jo que está duro como barro,,Ortega1888[16],ORT1888-cand-000029,ORTEGA1888-TEPIC-IA,20,16,609,610,Ablandar Jo que está duro como barro. -Putna. Neti.,hyphen_variant,matched_headword,medium,machine_accepted,direct_page_headword_match,machine_derived,true,false
ORT1888-art-000030,spa,Ablandar el corazón,,Ortega1888[16],ORT1888-cand-000030,ORTEGA1888-TEPIC-IA,20,16,611,612,Ablandar el corazón. — Vcácnane. N.,em_dash,matched_headword,high,machine_accepted,direct_page_headword_match,machine_derived,true,false
ORT1888-art-000031,spa,Abofetear,,Ortega1888[16],ORT1888-cand-000031,ORTEGA1888-TEPIC-IA,20,16,613,614,Abofetear. — Vitebéchexe. Neti.,em_dash,matched_headword,high,machine_accepted,direct_page_headword_match,machine_derived,true,false
ORT1888-art-000032,spa,Aboreteador,,Ortega1888[16],ORT1888-cand-000032,ORTEGA1888-TEPIC-IA,20,16,615,616,Aboreteador. — Tibeite becheme pl. tzi.,em_dash,matched_headword,high,machine_accepted,direct_page_headword_match,machine_derived,true,false
ORT1888-art-000033,spa,Abogar por otro,,Ortega1888[16],ORT1888-cand-000033,ORTEGA1888-TEPIC-IA,20,16,617,618,Abogar por otro. — Muecube. Netiucube.,em_dash,matched_headword,high,machine_accepted,direct_page_headword_match,machine_derived,true,false
ORT1888-art-000034,spa,Abogada,,Ortega1888[16],ORT1888-cand-000034,ORTEGA1888-TEPIC-IA,20,16,619,620,Abogada. — Cubihat.,em_dash,matched_headword,high,machine_accepted,direct_page_headword_match,machine_derived,true,false
ORT1888-art-000035,spa,Abogado,,Ortega1888[16],ORT1888-cand-000035,ORTEGA1888-TEPIC-IA,20,16,621,622,Abogado. — Hucabihuáme. pl. tzi.,em_dash,matched_headword,high,machine_accepted,direct_page_headword_match,machine_derived,true,false
ORT1888-art-000036,spa,Abollar,,Ortega1888[16],ORT1888-cand-000036,ORTEGA1888-TEPIC-IA,20,16,623,624,Abollar. — Teáutze. Nete.,em_dash,matched_headword,high,machine_accepted,direct_page_headword_match,machine_derived,true,false
ORT1888-art-000037,spa,"Abordar, salir ;i la orilla",,Ortega1888[16],ORT1888-cand-000037,ORTEGA1888-TEPIC-IA,20,16,625,626,"Abordar, salir ;i la orilla. — Vtécbeziin. N.",em_dash,matched_headword,high,machine_accepted,direct_page_headword_match,machine_derived,true,false
ORT1888-art-000038,spa,Aborrecer,,Ortega1888[16],ORT1888-cand-000038,ORTEGA1888-TEPIC-IA,20,16,627,628,"Aborrecer. — Haxéhvia, Neti.",em_dash,matched_headword,high,machine_accepted,direct_page_headword_match,machine_derived,true,false
ORT1888-art-000039,spa,Aborrecimiento,,Ortega1888[16],ORT1888-cand-000039,ORTEGA1888-TEPIC-IA,20,16,629,630,Aborrecimiento. — Haxelmviat.,em_dash,matched_headword,high,machine_accepted,direct_page_headword_match,machine_derived,true,false
ORT1888-art-000040,spa,Aborrecedor,,Ortega1888[16],ORT1888-cand-000040,ORTEGA1888-TEPIC-IA,20,16,631,632,Aborrecedor. — Muhaxihvia.,em_dash,matched_headword,high,machine_accepted,direct_page_headword_match,machine_derived,true,false
ORT1888-art-000041,spa,Abortar,,Ortega1888[16],ORT1888-cand-000041,ORTEGA1888-TEPIC-IA,20,16,633,634,Abortar. — Ahee. Nete.,em_dash,matched_headword,high,machine_accepted,direct_page_headword_match,machine_derived,true,false
ORT1888-art-000042,spa,Abortad ura,,Ortega1888[16],ORT1888-cand-000042,ORTEGA1888-TEPIC-IA,20,16,635,640,Abortad ura. — tal. A vial. | wim*,em_dash,matched_headword,high,machine_accepted,direct_page_headword_match,machine_derived,true,false
ORT1888-art-000043,spa,Abotonarse la flor,,Ortega1888[17],ORT1888-cand-000043,ORTEGA1888-TEPIC-IA,21,17,647,648,Abotonarse la flor. — Aacáite.,em_dash,matched_headword,high,machine_accepted,direct_page_headword_match,machine_derived,true,false
ORT1888-art-000044,spa,Abrazar á otro,,Ortega1888[17],ORT1888-cand-000044,ORTEGA1888-TEPIC-IA,21,17,649,650,Abrazar á otro. — Vicurechui. Neti.,em_dash,matched_headword,high,machine_accepted,direct_page_headword_match,machine_derived,true,false
ORT1888-art-000045,spa,Abrazarse dos,,Ortega1888[17],ORT1888-cand-000045,ORTEGA1888-TEPIC-IA,21,17,651,652,Abrazarse dos.— .Muicurá hitipu.,em_dash,matched_headword,high,machine_accepted,direct_page_headword_match,machine_derived,true,false
ORT1888-art-000046,spa,Abrazarse de calor interior,,Ortega1888[17],ORT1888-cand-000046,ORTEGA1888-TEPIC-IA,21,17,653,654,Abrazarse de calor interior. — Vpuzcheá. n.,em_dash,matched_headword,high,machine_accepted,direct_page_headword_match,machine_derived,true,false
ORT1888-art-000047,spa,Abrazarse de sol,,Ortega1888[17],ORT1888-cand-000047,ORTEGA1888-TEPIC-IA,21,17,655,656,Abrazarse de sol. — Taixe. Ne.,em_dash,matched_headword,high,machine_accepted,direct_page_headword_match,machine_derived,true,false
ORT1888-art-000048,spa,Abrazarse con fuego,,Ortega1888[17],ORT1888-cand-000048,ORTEGA1888-TEPIC-IA,21,17,657,658,Abrazarse con fuego. — Huantaixe. Nataixe.,em_dash,matched_headword,high,machine_accepted,direct_page_headword_match,machine_derived,true,false
ORT1888-art-000049,spa,Abrigado lugar,,Ortega1888[17],ORT1888-cand-000049,ORTEGA1888-TEPIC-IA,21,17,659,660,Abrigado lugar. — Namihua.,em_dash,matched_headword,high,machine_accepted,direct_page_headword_match,machine_derived,true,false
ORT1888-art-000050,spa,Abrigar ;í otro con ropa,,Ortega1888[17],ORT1888-cand-000050,ORTEGA1888-TEPIC-IA,21,17,661,662,Abrigar ;í otro con ropa. — Baña. Nete.,em_dash,matched_headword,high,machine_accepted,direct_page_headword_match,machine_derived,true,false
ORT1888-art-000051,spa,Abrigarse para defenderse del viento,,Ortega1888[17],ORT1888-cand-000051,ORTEGA1888-TEPIC-IA,21,17,663,665,Abrigarse para defenderse del viento. — Huateavihcatacá. | Natenihcatacá.,em_dash,matched_headword,high,machine_accepted,direct_page_headword_match,machine_derived,true,false
ORT1888-art-000052,spa,Abrir como puerta,,Ortega1888[17],ORT1888-cand-000052,ORTEGA1888-TEPIC-IA,21,17,666,667,Abrir como puerta. — Antacü. Nete.,em_dash,matched_headword,high,machine_accepted,direct_page_headword_match,machine_derived,true,false
ORT1888-art-000053,spa,Abrir como caja,,Ortega1888[17],ORT1888-cand-000053,ORTEGA1888-TEPIC-IA,21,17,668,668,Abrir como caja. — -Anticú. Nete.,em_dash,matched_headword,high,machine_accepted,direct_page_headword_match,machine_derived,true,false
ORT1888-art-000054,spa,Abril- la boca,,Ortega1888[17],ORT1888-cand-000054,ORTEGA1888-TEPIC-IA,21,17,669,670,Abril- la boca. — Ácacuaxa. N.,em_dash,matched_headword,high,machine_accepted,direct_page_headword_match,machine_derived,true,false
ORT1888-art-000055,spa,Abrir como libro,,Ortega1888[17],ORT1888-cand-000055,ORTEGA1888-TEPIC-IA,21,17,671,672,"Abrir como libro, — A u tacú. Ne.",em_dash,matched_headword,high,machine_accepted,direct_page_headword_match,machine_derived,true,false
ORT1888-art-000056,spa,Abrir la mano,,Ortega1888[17],ORT1888-cand-000056,ORTEGA1888-TEPIC-IA,21,17,673,674,Abrir la mano. — Atátva. Ne.,em_dash,matched_headword,high,machine_accepted,direct_page_headword_match,machine_derived,true,false
ORT1888-art-000057,spa,Abrir zanja 6 cimiento,,Ortega1888[17],ORT1888-cand-000057,ORTEGA1888-TEPIC-IA,21,17,675,676,Abrir zanja 6 cimiento. — Aeihché. Ne.,em_dash,matched_headword,high,machine_accepted,direct_page_headword_match,machine_derived,true,false
ORT1888-art-000058,spa,Abrochar,,Ortega1888[17],ORT1888-cand-000058,ORTEGA1888-TEPIC-IA,21,17,677,678,Abrochar. — Ainuaíitéhua. Nea nautéhua.,em_dash,matched_headword,high,machine_accepted,direct_page_headword_match,machine_derived,true,false
ORT1888-art-000059,spa,Abrojo,,Ortega1888[17],ORT1888-cand-000059,ORTEGA1888-TEPIC-IA,21,17,679,680,Abrojo. — Tzicaréte.,em_dash,matched_headword,high,machine_accepted,direct_page_headword_match,machine_derived,true,false
ORT1888-art-000060,spa,Abstenerse,,Ortega1888[17],ORT1888-cand-000060,ORTEGA1888-TEPIC-IA,21,17,681,682,Abstenerse. — Tapoaketaeá. Neteu.,em_dash,matched_headword,high,machine_accepted,direct_page_headword_match,machine_derived,true,false
ORT1888-art-000061,spa,Abuela,,Ortega1888[17],ORT1888-cand-000061,ORTEGA1888-TEPIC-IA,21,17,683,684,Abuela. — Tiyácuari. pl. tzi.,em_dash,matched_headword,high,machine_accepted,direct_page_headword_match,machine_derived,true,false
ORT1888-art-000062,spa,Abuelo,,Ortega1888[17],ORT1888-cand-000062,ORTEGA1888-TEPIC-IA,21,17,685,686,Abuelo. — Tiyaxú. pl tzi.,em_dash,matched_headword,high,machine_accepted,direct_page_headword_match,machine_derived,true,false
ORT1888-art-000063,spa,Abundar en riquezas,,Ortega1888[17],ORT1888-cand-000063,ORTEGA1888-TEPIC-IA,21,17,687,688,Abundar en riquezas. — Tipini. Ne.,em_dash,matched_headword,high,machine_accepted,direct_page_headword_match,machine_derived,true,false
ORT1888-art-000064,spa,"Abundar la gente, ó el ganado",,Ortega1888[17],ORT1888-cand-000064,ORTEGA1888-TEPIC-IA,21,17,689,690,"Abundar la gente, ó el ganado. — Ampuéne. Acá. Iye.",em_dash,matched_headword,high,machine_accepted,direct_page_headword_match,machine_derived,true,false
ORT1888-art-000065,spa,Acabar la obra,,Ortega1888[17],ORT1888-cand-000065,ORTEGA1888-TEPIC-IA,21,17,691,692,Acabar la obra. — Kete. Neteu.,em_dash,matched_headword,high,machine_accepted,direct_page_headword_match,machine_derived,true,false
ORT1888-art-000066,spa,Acabarse la cosí»,,Ortega1888[17],ORT1888-cand-000066,ORTEGA1888-TEPIC-IA,21,17,693,694,Acabarse la cosí». — Huaxé*.,em_dash,matched_headword,high,machine_accepted,direct_page_headword_match,machine_derived,true,false
ORT1888-art-000067,spa,Acabarse la vida,,Ortega1888[17],ORT1888-cand-000067,ORTEGA1888-TEPIC-IA,21,17,695,696,Acabarse la vida. — Vipuareca. N.,em_dash,matched_headword,high,machine_accepted,direct_page_headword_match,machine_derived,true,false
ORT1888-art-000068,spa,A sacar agua del poso,,Ortega1888[17],ORT1888-cand-000068,ORTEGA1888-TEPIC-IA,21,17,697,698,"A sacar agua del poso. — Atánehve, Ne.",em_dash,matched_headword,high,machine_accepted,direct_page_headword_match,machine_derived,true,false
ORT1888-art-000069,spa,A cada paso,,Ortega1888[17],ORT1888-cand-000069,ORTEGA1888-TEPIC-IA,21,17,699,700,A cada paso. — Iya puche.,em_dash,matched_headword,high,machine_accepted,direct_page_headword_match,machine_derived,true,false
ORT1888-art-000070,spa,Acallar al que llora,,Ortega1888[17],ORT1888-cand-000070,ORTEGA1888-TEPIC-IA,21,17,701,703,Acallar al que llora.— Ihmoéa. Neti. Taih.-Moaéhri. Ne. | ten.,em_dash,matched_headword,high,machine_accepted,direct_page_headword_match,machine_derived,true,false
ORT1888-art-000071,spa,Acarrear,,Ortega1888[17],ORT1888-cand-000071,ORTEGA1888-TEPIC-IA,21,17,704,704,Acarrear.— Atoatüeca. Nete.,em_dash,matched_headword,high,machine_accepted,direct_page_headword_match,machine_derived,true,false
ORT1888-art-000072,spa,Acarrear de adentro á fuera,,Ortega1888[17],ORT1888-cand-000072,ORTEGA1888-TEPIC-IA,21,17,705,710,Acarrear de adentro á fuera.— NVvátoah Nete. | y,em_dash,matched_headword,high,machine_accepted,direct_page_headword_match,machine_derived,true,false
ORT1888-art-000073,spa,Acarrear de afuera para adentro,,Ortega1888[18],ORT1888-cand-000073,ORTEGA1888-TEPIC-IA,22,18,714,715,Acarrear de afuera para adentro. — Vitátoah. Nete.,em_dash,matched_headword,high,machine_accepted,direct_page_headword_match,machine_derived,true,false
ORT1888-art-000074,spa,Acarrear de lo alto ni suelo,,Ortega1888[18],ORT1888-cand-000074,ORTEGA1888-TEPIC-IA,22,18,716,717,Acarrear de lo alto ni suelo. — Acátoah. Nete.,em_dash,matched_headword,high,machine_accepted,direct_page_headword_match,machine_derived,true,false
ORT1888-art-000075,spa,Acarrear de abajo á lo alto,,Ortega1888[18],ORT1888-cand-000075,ORTEGA1888-TEPIC-IA,22,18,718,719,Acarrear de abajo á lo alto. — Antitoah. Nete.,em_dash,matched_headword,high,machine_accepted,direct_page_headword_match,machine_derived,true,false
ORT1888-art-000076,spa,Acarrear hacia arriba,,Ortega1888[18],ORT1888-cand-000076,ORTEGA1888-TEPIC-IA,22,18,720,721,Acarrear hacia arriba. — Vtatoah. Nete.,em_dash,matched_headword,high,machine_accepted,direct_page_headword_match,machine_derived,true,false
ORT1888-art-000077,spa,Acarrear hacia abajo,,Ortega1888[18],ORT1888-cand-000077,ORTEGA1888-TEPIC-IA,22,18,722,723,Acarrear hacia abajo. — Vhuátoah. Nete.,em_dash,matched_headword,high,machine_accepted,direct_page_headword_match,machine_derived,true,false
ORT1888-art-000078,spa,Acarrear agua,,Ortega1888[18],ORT1888-cand-000078,ORTEGA1888-TEPIC-IA,22,18,724,725,Acarrear agua. — Heiva. Ne.,em_dash,matched_headword,high,machine_accepted,direct_page_headword_match,machine_derived,true,false
ORT1888-art-000079,spa,"Acatar, tener respeto",,Ortega1888[18],ORT1888-cand-000079,ORTEGA1888-TEPIC-IA,22,18,726,727,"Acatar, tener respeto. — Tzahuate. Nete.",em_dash,matched_headword,high,machine_accepted,direct_page_headword_match,machine_derived,true,false
ORT1888-art-000080,spa,"Acaudalarse, hacerse rijo",,Ortega1888[18],ORT1888-cand-000080,ORTEGA1888-TEPIC-IA,22,18,728,730,"Acaudalarse, hacerse rijo. — Huatahuázezt. Nuhuatancá- | zezt.",em_dash,matched_headword,high,machine_accepted,direct_page_headword_match,machine_derived,true,false
ORT1888-art-000081,spa,Acaudillar,,Ortega1888[18],ORT1888-cand-000081,ORTEGA1888-TEPIC-IA,22,18,731,731,Acaudillar. — Huáxehte. Ne.,em_dash,matched_headword,high,machine_accepted,direct_page_headword_match,machine_derived,true,false
ORT1888-art-000082,spa,Acechar ó espiar,,Ortega1888[18],ORT1888-cand-000082,ORTEGA1888-TEPIC-IA,22,18,732,732,"Acechar ó espiar, — Miiihin//*"". Neti.",em_dash,matched_headword,high,machine_accepted,direct_page_headword_match,machine_derived,true,false
ORT1888-art-000083,spa,"Acelerarse, darse prisa",,Ortega1888[18],ORT1888-cand-000083,ORTEGA1888-TEPIC-IA,22,18,733,733,"Acelerarse, darse prisa. — Vivaba. Néniyéta.",em_dash,matched_headword,high,machine_accepted,direct_page_headword_match,machine_derived,true,false
ORT1888-art-000084,spa,Aceleramiento,,Ortega1888[18],ORT1888-cand-000084,ORTEGA1888-TEPIC-IA,22,18,734,734,Aceleramiento. — Vi yeta t.,em_dash,matched_headword,high,machine_accepted,direct_page_headword_match,machine_derived,true,false
ORT1888-art-000085,spa,Acepillar,,Ortega1888[18],ORT1888-cand-000085,ORTEGA1888-TEPIC-IA,22,18,735,735,Acepillar.— Metné. Neti.,em_dash,matched_headword,high,machine_accepted,direct_page_headword_match,machine_derived,true,false
ORT1888-art-000086,spa,"Aceptar, petición",,Ortega1888[18],ORT1888-cand-000086,ORTEGA1888-TEPIC-IA,22,18,736,736,"Aceptar, petición. — Xé'oe. Neti.",em_dash,matched_headword,high,machine_accepted,direct_page_headword_match,machine_derived,true,false
ORT1888-art-000087,spa,Azequia,,Ortega1888[18],ORT1888-cand-000087,ORTEGA1888-TEPIC-IA,22,18,737,737,Azequia. — Apoanti.,em_dash,matched_headword,high,machine_accepted,direct_page_headword_match,machine_derived,true,false
ORT1888-art-000088,spa,Acercarse,,Ortega1888[18],ORT1888-cand-000088,ORTEGA1888-TEPIC-IA,22,18,738,738,Acercarse ^— Apuxeurizt Manúxeiirizt.,em_dash,matched_headword,high,machine_accepted,direct_page_headword_match,machine_derived,true,false
ORT1888-art-000089,spa,Acertar al blanco,,Ortega1888[18],ORT1888-cand-000089,ORTEGA1888-TEPIC-IA,22,18,739,739,Acertar al blanco. — Ahv/¿otoa. Nahiiautoa.,em_dash,matched_headword,high,machine_accepted,direct_page_headword_match,machine_derived,true,false
ORT1888-art-000090,spa,Acezar. r,,Ortega1888[18],ORT1888-cand-000090,ORTEGA1888-TEPIC-IA,22,18,740,740,Acezar. r— Yaxuhpua. Ni. Yateu«¿\ Ni. Ye. Ni.,em_dash,matched_headword,high,machine_accepted,direct_page_headword_match,machine_derived,true,false
ORT1888-art-000091,spa,"Acerrar, cortar con sierra",,Ortega1888[18],ORT1888-cand-000091,ORTEGA1888-TEPIC-IA,22,18,741,741,"Acerrar, cortar con sierra. — Ntizizchizt. Nete.",em_dash,matched_headword,high,machine_accepted,direct_page_headword_match,machine_derived,true,false
ORT1888-art-000092,spa,"Aclarar el tiempo, r",,Ortega1888[18],ORT1888-cand-000092,ORTEGA1888-TEPIC-IA,22,18,742,742,"Aclarar el tiempo, r— Man xé.",em_dash,matched_headword,high,machine_accepted,direct_page_headword_match,machine_derived,true,false
ORT1888-art-000093,spa,Aclararse lo que está turbio,,Ortega1888[18],ORT1888-cand-000093,ORTEGA1888-TEPIC-IA,22,18,743,743,Aclararse lo que está turbio. — Huaohcácari.,em_dash,matched_headword,high,machine_accepted,direct_page_headword_match,machine_derived,true,false
ORT1888-art-000094,spa,Acocear á otro,,Ortega1888[18],ORT1888-cand-000094,ORTEGA1888-TEPIC-IA,22,18,744,744,Acocear á otro. — Tachetzina. Neti.,em_dash,matched_headword,high,machine_accepted,direct_page_headword_match,machine_derived,true,false
ORT1888-art-000095,spa,Acometer valerosamente al enemigo,,Ortega1888[18],ORT1888-cand-000095,ORTEGA1888-TEPIC-IA,22,18,745,747,Acometer valerosamente al enemigo. — Huatáhua Nata- | nea.,em_dash,matched_headword,high,machine_accepted,direct_page_headword_match,machine_derived,true,false
ORT1888-art-000096,spa,Acompañar á otro,,Ortega1888[18],ORT1888-cand-000096,ORTEGA1888-TEPIC-IA,22,18,748,748,Acompañar á otro .-^ Anta neáxcaca. Nete.,hyphen_variant,matched_headword,medium,machine_accepted,direct_page_headword_match,machine_derived,true,false
ORT1888-art-000097,spa,Aconsejar,,Ortega1888[18],ORT1888-cand-000097,ORTEGA1888-TEPIC-IA,22,18,749,749,Aconsejar.— ^Hebe. Neti.,em_dash,matched_headword,high,machine_accepted,direct_page_headword_match,machine_derived,true,false
ORT1888-art-000098,spa,Acordarse,,Ortega1888[18],ORT1888-cand-000098,ORTEGA1888-TEPIC-IA,22,18,750,750,Acordarse. —Vtamuarem/ea Nete.,em_dash,matched_headword,high,machine_accepted,direct_page_headword_match,machine_derived,true,false
ORT1888-art-000099,spa,Acostarse,,Ortega1888[18],ORT1888-cand-000099,ORTEGA1888-TEPIC-IA,22,18,751,751,Acostarse. — Huateahuzemi. Nateahuizemi.,em_dash,matched_headword,high,machine_accepted,direct_page_headword_match,machine_derived,true,false
ORT1888-art-000100,spa,Acostado estar,,Ortega1888[18],ORT1888-cand-000100,ORTEGA1888-TEPIC-IA,22,18,752,752,Acostado estar. — Huatwhui. Natetfhui.,em_dash,matched_headword,high,machine_accepted,direct_page_headword_match,machine_derived,true,false
ORT1888-art-000101,spa,Acostar á otro,,Ortega1888[18],ORT1888-cand-000101,ORTEGA1888-TEPIC-IA,22,18,753,753,Acostar á otro.— ATete. Neteu.,em_dash,matched_headword,high,machine_accepted,direct_page_headword_match,machine_derived,true,false
ORT1888-art-000102,spa,Azosar,,Ortega1888[18],ORT1888-cand-000102,ORTEGA1888-TEPIC-IA,22,18,754,759,Azosar.— >Amutzi. | sirs,em_dash,matched_headword,high,machine_accepted,direct_page_headword_match,machine_derived,true,false
ORT1888-art-000103,spa,"Azotar con cuero, ó soga",,Ortega1888[19],ORT1888-cand-000103,ORTEGA1888-TEPIC-IA,23,19,764,765,"Azotar con cuero, ó soga. — Bé Net i.",em_dash,matched_headword,high,machine_accepted,direct_page_headword_match,machine_derived,true,false
ORT1888-art-000104,spa,Azotar con vara al caballo,,Ortega1888[19],ORT1888-cand-000104,ORTEGA1888-TEPIC-IA,23,19,766,767,Azotar con vara al caballo. — Cureva Neti.,em_dash,matched_headword,high,machine_accepted,direct_page_headword_match,machine_derived,true,false
ORT1888-art-000105,spa,"Azote, el acto de azotar",,Ortega1888[19],ORT1888-cand-000105,ORTEGA1888-TEPIC-IA,23,19,768,769,"Azote, el acto de azotar. —Beyat.",em_dash,matched_headword,high,machine_accepted,direct_page_headword_match,machine_derived,true,false
ORT1888-art-000106,spa,"Azote, con que se azota",,Ortega1888[19],ORT1888-cand-000106,ORTEGA1888-TEPIC-IA,23,19,770,771,"Azote, con que se azota —NNaviti.",em_dash,matched_headword,high,machine_accepted,direct_page_headword_match,machine_derived,true,false
ORT1888-art-000107,spa,Acrecentar algo,,Ortega1888[19],ORT1888-cand-000107,ORTEGA1888-TEPIC-IA,23,19,772,773,"Acrecentar algo.— NHiiíwiutiéhre. Neii, tearauéhre.",em_dash,matched_headword,high,machine_accepted,direct_page_headword_match,machine_derived,true,false
ORT1888-art-000108,spa,Acucharrarse,,Ortega1888[19],ORT1888-cand-000108,ORTEGA1888-TEPIC-IA,23,19,774,775,Acucharrarse — NTzúchá Ne,em_dash,matched_headword,high,machine_accepted,direct_page_headword_match,machine_derived,true,false
ORT1888-art-000109,spa,Acuchillar á otro,,Ortega1888[19],ORT1888-cand-000109,ORTEGA1888-TEPIC-IA,23,19,776,777,Acuchillar á otro. — Taba Neti.,em_dash,matched_headword,high,machine_accepted,direct_page_headword_match,machine_derived,true,false
ORT1888-art-000110,spa,Acullá. /,,Ortega1888[19],ORT1888-cand-000110,ORTEGA1888-TEPIC-IA,23,19,778,779,Acullá. /— M«>me. Euk.,em_dash,matched_headword,high,machine_accepted,direct_page_headword_match,machine_derived,true,false
ORT1888-art-000111,spa,Acusar á alguno,,Ortega1888[19],ORT1888-cand-000111,ORTEGA1888-TEPIC-IA,23,19,780,781,Acusar á alguno. — xT¡axahtzi-ri,em_dash,matched_headword,high,machine_accepted,direct_page_headword_match,machine_derived,true,false
ORT1888-art-000112,spa,Azúcar,,Ortega1888[19],ORT1888-cand-000112,ORTEGA1888-TEPIC-IA,23,19,782,783,"Azúcar. , — An caca. | — Namuáti.",em_dash,matched_headword,high,machine_accepted,direct_page_headword_match,machine_derived,true,false
ORT1888-art-000113,spa,«e,,Ortega1888[19],ORT1888-cand-000113,ORTEGA1888-TEPIC-IA,23,19,784,785,«e. — Teaunamua. Netemamua.,em_dash,anchored_same_page,medium,machine_accepted,same_page_anchor_support,machine_derived,true,false
ORT1888-art-000114,spa,Adelante,,Ortega1888[19],ORT1888-cand-000114,ORTEGA1888-TEPIC-IA,23,19,786,787,"Adelante. ,—M.ueiuevé.",em_dash,matched_headword,high,machine_accepted,direct_page_headword_match,machine_derived,true,false
ORT1888-art-000115,spa,Adelgazar tablas ó piedras,,Ortega1888[19],ORT1888-cand-000115,ORTEGA1888-TEPIC-IA,23,19,788,789,Adelgazar tablas ó piedras. — Tazné. Neti.,em_dash,matched_headword,high,machine_accepted,direct_page_headword_match,machine_derived,true,false
ORT1888-art-000116,spa,Adelgazar hilo ó cosas largas,,Ortega1888[19],ORT1888-cand-000116,ORTEGA1888-TEPIC-IA,23,19,790,791,Adelgazar hilo ó cosas largas. — Pitzire. Neti.,em_dash,matched_headword,high,machine_accepted,direct_page_headword_match,machine_derived,true,false
ORT1888-art-000117,spa,Aderezar,,Ortega1888[19],ORT1888-cand-000117,ORTEGA1888-TEPIC-IA,23,19,792,794,"Aderezar. ,— /?>/hripent¡ tahua. £#uhrimentitáhua. £fahriti- | auhve Euhúñtwure.",em_dash,matched_headword,high,machine_accepted,direct_page_headword_match,machine_derived,true,false
ORT1888-art-000118,spa,Adeudarse tomando prestado,,Ortega1888[19],ORT1888-cand-000118,ORTEGA1888-TEPIC-IA,23,19,795,796,Adeudarse tomando prestado. — vVnea. Neunca.,em_dash,matched_headword,high,machine_accepted,direct_page_headword_match,machine_derived,true,false
ORT1888-art-000119,spa,Adiestrar al ciego./,,Ortega1888[19],ORT1888-cand-000119,ORTEGA1888-TEPIC-IA,23,19,797,797,Adiestrar al ciego./— Teahnane. Neti.,em_dash,matched_headword,high,machine_accepted,direct_page_headword_match,machine_derived,true,false
ORT1888-art-000120,spa,Adive,,Ortega1888[19],ORT1888-cand-000120,ORTEGA1888-TEPIC-IA,23,19,798,798,Adive. — Huáve. pl. tzi.,em_dash,matched_headword,high,machine_accepted,direct_page_headword_match,machine_derived,true,false
ORT1888-art-000121,spa,Adivinar,,Ortega1888[19],ORT1888-cand-000121,ORTEGA1888-TEPIC-IA,23,19,799,799,Adivinar. — Amuahrere. Net.,em_dash,matched_headword,high,machine_accepted,direct_page_headword_match,machine_derived,true,false
ORT1888-art-000122,spa,Adivino,,Ortega1888[19],ORT1888-cand-000122,ORTEGA1888-TEPIC-IA,23,19,800,800,Adivino. — Tiéhre. pl. Metühre.,em_dash,matched_headword,high,machine_accepted,direct_page_headword_match,machine_derived,true,false
ORT1888-art-000123,spa,Admirarse. r,,Ortega1888[19],ORT1888-cand-000123,ORTEGA1888-TEPIC-IA,23,19,801,801,Admirarse. r— Atzáhuate. Ne.,em_dash,matched_headword,high,machine_accepted,direct_page_headword_match,machine_derived,true,false
ORT1888-art-000124,spa,Admitir,,Ortega1888[19],ORT1888-cand-000124,ORTEGA1888-TEPIC-IA,23,19,802,802,Admitir. — At zahuate. Nete.,em_dash,matched_headword,high,machine_accepted,direct_page_headword_match,machine_derived,true,false
ORT1888-art-000125,spa,"Adobar, cueros",,Ortega1888[19],ORT1888-cand-000125,ORTEGA1888-TEPIC-IA,23,19,803,803,"Adobar, cueros. — Ihua. Neti.",em_dash,matched_headword,high,machine_accepted,direct_page_headword_match,machine_derived,true,false
ORT1888-art-000126,spa,Adobado asi,,Ortega1888[19],ORT1888-cand-000126,ORTEGA1888-TEPIC-IA,23,19,804,804,Adobado asi. — Ihuaihua.,em_dash,matched_headword,high,machine_accepted,direct_page_headword_match,machine_derived,true,false
ORT1888-art-000127,spa,Adobe de barro,,Ortega1888[19],ORT1888-cand-000127,ORTEGA1888-TEPIC-IA,23,19,805,805,Adobe de barro. — Xamit.,em_dash,matched_headword,high,machine_accepted,direct_page_headword_match,machine_derived,true,false
ORT1888-art-000128,spa,"Adobes, hacer",,Ortega1888[19],ORT1888-cand-000128,ORTEGA1888-TEPIC-IA,23,19,806,806,"Adobes, hacer. — Anáhcona. Ne.",em_dash,matched_headword,high,machine_accepted,direct_page_headword_match,machine_derived,true,false
ORT1888-art-000129,spa,Adonde?,,Ortega1888[19],ORT1888-cand-000129,ORTEGA1888-TEPIC-IA,23,19,807,807,Adonde? — Auné?,em_dash,matched_headword,high,machine_accepted,direct_page_headword_match,machine_derived,true,false
ORT1888-art-000130,spa,Adonde,,Ortega1888[19],ORT1888-cand-000130,ORTEGA1888-TEPIC-IA,23,19,808,808,Adonde.— Aupéhye.,em_dash,matched_headword,high,machine_accepted,direct_page_headword_match,machine_derived,true,false
ORT1888-art-000131,spa,Adorar á Dios,,Ortega1888[19],ORT1888-cand-000131,ORTEGA1888-TEPIC-IA,23,19,809,809,Adorar á Dios. — Atzahuate. Ne.,em_dash,matched_headword,high,machine_accepted,direct_page_headword_match,machine_derived,true,false
ORT1888-art-000132,spa,Adormecer al niño,,Ortega1888[19],ORT1888-cand-000132,ORTEGA1888-TEPIC-IA,23,19,810,815,Adormecer al niño. — Cozté. Neti. | ílffti,em_dash,matched_headword,high,machine_accepted,direct_page_headword_match,machine_derived,true,false
ORT1888-art-000133,spa,Adormecerse los dientes,,Ortega1888[20],ORT1888-cand-000133,ORTEGA1888-TEPIC-IA,24,20,822,822,"Adormecerse los dientes. — Taatzihmoaca, Ne.",em_dash,matched_headword,high,machine_accepted,direct_page_headword_match,machine_derived,true,false
ORT1888-art-000134,spa,Adormecerse el pié ó la mano,,Ortega1888[20],ORT1888-cand-000134,ORTEGA1888-TEPIC-IA,24,20,823,823,Adormecerse el pié ó la mano. — Acáze. Ne.,em_dash,matched_headword,high,machine_accepted,direct_page_headword_match,machine_derived,true,false
ORT1888-art-000135,spa,Adornar,,Ortega1888[20],ORT1888-cand-000135,ORTEGA1888-TEPIC-IA,24,20,824,824,Adornar — Veá-se aderezar,em_dash,matched_headword,high,machine_accepted,direct_page_headword_match,machine_derived,true,false
ORT1888-art-000136,spa,Advertir al que hiena,,Ortega1888[20],ORT1888-cand-000136,ORTEGA1888-TEPIC-IA,24,20,825,825,Advertir al que hiena — Hebe Nete.,em_dash,matched_headword,high,machine_accepted,direct_page_headword_match,machine_derived,true,false
ORT1888-art-000137,spa,"A ello, manos á la obra",,Ortega1888[20],ORT1888-cand-000137,ORTEGA1888-TEPIC-IA,24,20,826,826,"A ello, manos á la obra. — Maco.",em_dash,matched_headword,high,machine_accepted,direct_page_headword_match,machine_derived,true,false
ORT1888-art-000138,spa,"A empujones, hechar",,Ortega1888[20],ORT1888-cand-000138,ORTEGA1888-TEPIC-IA,24,20,827,827,"A empujones, hechar. — Tatachiácá, Neteu.",em_dash,matched_headword,high,machine_accepted,direct_page_headword_match,machine_derived,true,false
ORT1888-art-000139,spa,A escondidas,,Ortega1888[20],ORT1888-cand-000139,ORTEGA1888-TEPIC-IA,24,20,828,828,A escondidas. — Avitzike.,em_dash,matched_headword,high,machine_accepted,direct_page_headword_match,machine_derived,true,false
ORT1888-art-000140,spa,A esta hora,,Ortega1888[20],ORT1888-cand-000140,ORTEGA1888-TEPIC-IA,24,20,829,829,A esta hora. — Iapúc,em_dash,matched_headword,high,machine_accepted,direct_page_headword_match,machine_derived,true,false
ORT1888-art-000141,spa,Afable,,Ortega1888[20],ORT1888-cand-000141,ORTEGA1888-TEPIC-IA,24,20,830,830,Afable. — Euhv\eue. pl. Enhiiméne.,em_dash,matched_headword,high,machine_accepted,direct_page_headword_match,machine_derived,true,false
ORT1888-art-000142,spa,Asear alguna cosa,,Ortega1888[20],ORT1888-cand-000142,ORTEGA1888-TEPIC-IA,24,20,831,831,Asear alguna cosa. — Xana ve Neti.,em_dash,matched_headword,high,machine_accepted,direct_page_headword_match,machine_derived,true,false
ORT1888-art-000143,spa,Afeitar á otro la barba,,Ortega1888[20],ORT1888-cand-000143,ORTEGA1888-TEPIC-IA,24,20,832,832,Afeitar á otro la barba. — Muei/.ipe. Neti.,em_dash,matched_headword,high,machine_accepted,direct_page_headword_match,machine_derived,true,false
ORT1888-art-000144,spa,"Afeitar á otro la cabeza, quitarle el pelo",,Ortega1888[20],ORT1888-cand-000144,ORTEGA1888-TEPIC-IA,24,20,833,833,"Afeitar á otro la cabeza, quitarle el pelo. — Cayezim Neti.",em_dash,matched_headword,high,machine_accepted,direct_page_headword_match,machine_derived,true,false
ORT1888-art-000145,spa,Afeminado,,Ortega1888[20],ORT1888-cand-000145,ORTEGA1888-TEPIC-IA,24,20,834,834,Afeminado. — Vitazeupeiie. pl. Vitazeuméne.,em_dash,matched_headword,high,machine_accepted,direct_page_headword_match,machine_derived,true,false
ORT1888-art-000146,spa,Afilar,,Ortega1888[20],ORT1888-cand-000146,ORTEGA1888-TEPIC-IA,24,20,835,835,Afilar. -Cache. Neti. Pitné. Neti.,hyphen_variant,matched_headword,medium,machine_accepted,direct_page_headword_match,machine_derived,true,false
ORT1888-art-000147,spa,Afilador,,Ortega1888[20],ORT1888-cand-000147,ORTEGA1888-TEPIC-IA,24,20,836,836,Afilador.— ^Tipitnihuame pl. tzi.,em_dash,matched_headword,high,machine_accepted,direct_page_headword_match,machine_derived,true,false
ORT1888-art-000148,spa,Afligir á otro,,Ortega1888[20],ORT1888-cand-000148,ORTEGA1888-TEPIC-IA,24,20,837,838,Afligir á otro. — Apuaíte. Neti.,em_dash,matched_headword,high,machine_accepted,direct_page_headword_match,machine_derived,true,false
ORT1888-art-000149,spa,Afligirse,,Ortega1888[20],ORT1888-cand-000149,ORTEGA1888-TEPIC-IA,24,20,839,839,Afligirse. — Apurarse. Nemputeamoaté. Neuuteamoaté.,em_dash,matched_headword,high,machine_accepted,direct_page_headword_match,machine_derived,true,false
ORT1888-art-000150,spa,Aflojar lo que está apretado,,Ortega1888[20],ORT1888-cand-000150,ORTEGA1888-TEPIC-IA,24,20,840,840,Aflojar lo que está apretado. — Cuaxe/.tn. Neteu.,em_dash,matched_headword,high,machine_accepted,direct_page_headword_match,machine_derived,true,false
ORT1888-art-000151,spa,Aflojar lo que está tirando,,Ortega1888[20],ORT1888-cand-000151,ORTEGA1888-TEPIC-IA,24,20,841,844,"Aflojar lo que está tirando. — Tacuaxeztn, Neteu. Tacua- | ne, Neteu.",em_dash,matched_headword,high,machine_accepted,direct_page_headword_match,machine_derived,true,false
ORT1888-art-000152,spa,Aflojar la enfermedad,,Ortega1888[20],ORT1888-cand-000152,ORTEGA1888-TEPIC-IA,24,20,845,845,Aflojar la enfermedad. — Teúcazt.,em_dash,matched_headword,high,machine_accepted,direct_page_headword_match,machine_derived,true,false
ORT1888-art-000153,spa,Aforrar algo,,Ortega1888[20],ORT1888-cand-000153,ORTEGA1888-TEPIC-IA,24,20,846,846,Aforrar algo. — Vcurrebi pihua. Nete.,em_dash,matched_headword,high,machine_accepted,direct_page_headword_match,machine_derived,true,false
ORT1888-art-000154,spa,Afrentar á otro,,Ortega1888[20],ORT1888-cand-000154,ORTEGA1888-TEPIC-IA,24,20,847,847,Afrentar á otro. — Tebea. Kéte. Neti.,em_dash,matched_headword,high,machine_accepted,direct_page_headword_match,machine_derived,true,false
ORT1888-art-000155,spa,Afrentadamente,,Ortega1888[20],ORT1888-cand-000155,ORTEGA1888-TEPIC-IA,24,20,848,848,Afrentadamente. — Teben. Kéte.,em_dash,matched_headword,high,machine_accepted,direct_page_headword_match,machine_derived,true,false
ORT1888-art-000156,spa,Afrentador,,Ortega1888[20],ORT1888-cand-000156,ORTEGA1888-TEPIC-IA,24,20,849,849,Afrentador.-- Titebea. Kéte.,hyphen_variant,matched_headword,medium,machine_accepted,direct_page_headword_match,machine_derived,true,false
ORT1888-art-000157,spa,Agazaparse,,Ortega1888[20],ORT1888-cand-000157,ORTEGA1888-TEPIC-IA,24,20,850,850,Agazaparse. ^-Abaútona. Abántona.,hyphen_variant,matched_headword,medium,machine_accepted,direct_page_headword_match,machine_derived,true,false
ORT1888-art-000158,spa,Agacharse,,Ortega1888[20],ORT1888-cand-000158,ORTEGA1888-TEPIC-IA,24,20,851,851,Agacharse. — Abaútotze. Abautotze.,em_dash,matched_headword,high,machine_accepted,direct_page_headword_match,machine_derived,true,false
ORT1888-art-000159,spa,Agarrar,,Ortega1888[20],ORT1888-cand-000159,ORTEGA1888-TEPIC-IA,24,20,852,852,Agarrar.-^ Via. Neti. Tebi. Neteu.,hyphen_variant,matched_headword,medium,machine_accepted,direct_page_headword_match,machine_derived,true,false
ORT1888-art-000160,spa,Agazajar,,Ortega1888[20],ORT1888-cand-000160,ORTEGA1888-TEPIC-IA,24,20,853,853,"Agazajar.— ^ Zíwhripoauhii. /""¿/hrinaühre.",em_dash,matched_headword,high,machine_accepted,direct_page_headword_match,machine_derived,true,false
ORT1888-art-000161,spa,Agonizar,,Ortega1888[20],ORT1888-cand-000161,ORTEGA1888-TEPIC-IA,24,20,854,859,"Agonizar,--.. M?^ké. Ne. Vi tzi te Nencavitzite. | *T*fiR1",hyphen_variant,matched_headword,medium,machine_accepted,direct_page_headword_match,machine_derived,true,false
ORT1888-art-000162,spa,Agora,,Ortega1888[21],ORT1888-cand-000162,ORTEGA1888-TEPIC-IA,25,21,866,867,Agora. — Ico.,em_dash,matched_headword,high,machine_accepted,direct_page_headword_match,machine_derived,true,false
ORT1888-art-000163,spa,Agora un año,,Ortega1888[21],ORT1888-cand-000163,ORTEGA1888-TEPIC-IA,25,21,868,869,Agora un año. — Vzi.,em_dash,matched_headword,high,machine_accepted,direct_page_headword_match,machine_derived,true,false
ORT1888-art-000164,spa,Acotarse el agua!,,Ortega1888[21],ORT1888-cand-000164,ORTEGA1888-TEPIC-IA,25,21,870,871,Acotarse el agua! — Huateahuatziri. Neteahuatziri.,em_dash,matched_headword,high,machine_accepted,direct_page_headword_match,machine_derived,true,false
ORT1888-art-000165,spa,Agra cosa,,Ortega1888[21],ORT1888-cand-000165,ORTEGA1888-TEPIC-IA,25,21,872,873,Agra cosa. — Antzina.,em_dash,matched_headword,high,machine_accepted,direct_page_headword_match,machine_derived,true,false
ORT1888-art-000166,spa,Agro hacerse,,Ortega1888[21],ORT1888-cand-000166,ORTEGA1888-TEPIC-IA,25,21,874,877,"Agro hacerse. — Huatetzinaca. | Agradarme lo que veo, ó oigo.",em_dash,matched_headword,high,machine_accepted,direct_page_headword_match,machine_derived,true,false
ORT1888-art-000167,spa,Agradecer,,Ortega1888[21],ORT1888-cand-000167,ORTEGA1888-TEPIC-IA,25,21,878,879,Agradecer. — Atzahuate. Nete.,em_dash,matched_headword,high,machine_accepted,direct_page_headword_match,machine_derived,true,false
ORT1888-art-000168,spa,Agraviar á otro,,Ortega1888[21],ORT1888-cand-000168,ORTEGA1888-TEPIC-IA,25,21,880,881,Agraviar á otro.- Bene. Neteu.,hyphen_variant,matched_headword,medium,machine_accepted,direct_page_headword_match,machine_derived,true,false
ORT1888-art-000169,spa,Agraviar,,Ortega1888[21],ORT1888-cand-000169,ORTEGA1888-TEPIC-IA,25,21,882,883,Agraviar. — Benear.,em_dash,matched_headword,high,machine_accepted,direct_page_headword_match,machine_derived,true,false
ORT1888-art-000170,spa,Agua,,Ortega1888[21],ORT1888-cand-000170,ORTEGA1888-TEPIC-IA,25,21,884,885,Agua. — Ah ti.,em_dash,matched_headword,high,machine_accepted,direct_page_headword_match,machine_derived,true,false
ORT1888-art-000171,spa,"Agua, traer de la pila ó del rio",,Ortega1888[21],ORT1888-cand-000171,ORTEGA1888-TEPIC-IA,25,21,886,887,"Agua, traer de la pila ó del rio — Yhebme. N.",em_dash,matched_headword,high,machine_accepted,direct_page_headword_match,machine_derived,true,false
ORT1888-art-000172,spa,Agua traer para las manos,,Ortega1888[21],ORT1888-cand-000172,ORTEGA1888-TEPIC-IA,25,21,888,889,Agua traer para las manos. — Lo mismo que arriba.,em_dash,matched_headword,high,machine_accepted,direct_page_headword_match,machine_derived,true,false
ORT1888-art-000173,spa,"Aguacate, fruta indiana",,Ortega1888[21],ORT1888-cand-000173,ORTEGA1888-TEPIC-IA,25,21,890,891,"Aguacate, fruta indiana. — Yaóhea.",em_dash,matched_headword,high,machine_accepted,direct_page_headword_match,machine_derived,true,false
ORT1888-art-000174,spa,Aguacero,,Ortega1888[21],ORT1888-cand-000174,ORTEGA1888-TEPIC-IA,25,21,892,893,Aguacero. — Vi tori.,em_dash,matched_headword,high,machine_accepted,direct_page_headword_match,machine_derived,true,false
ORT1888-art-000175,spa,Agua caliente,,Ortega1888[21],ORT1888-cand-000175,ORTEGA1888-TEPIC-IA,25,21,894,895,Agua caliente. — Puxcáre.,em_dash,matched_headword,high,machine_accepted,direct_page_headword_match,machine_derived,true,false
ORT1888-art-000176,spa,Ag u a< lo esta r,,Ortega1888[21],ORT1888-cand-000176,ORTEGA1888-TEPIC-IA,25,21,896,897,Ag u a< lo esta r. — Ai níia v i .,em_dash,matched_headword,high,machine_accepted,direct_page_headword_match,machine_derived,true,false
ORT1888-art-000177,spa,Aguar alguna cosa,,Ortega1888[21],ORT1888-cand-000177,ORTEGA1888-TEPIC-IA,25,21,898,899,Aguar alguna cosa. — Háinoarc. Neti.,em_dash,matched_headword,high,machine_accepted,direct_page_headword_match,machine_derived,true,false
ORT1888-art-000178,spa,Agualdar,,Ortega1888[21],ORT1888-cand-000178,ORTEGA1888-TEPIC-IA,25,21,900,901,Agualdar. — Chucve. Neti.,em_dash,matched_headword,high,machine_accepted,direct_page_headword_match,machine_derived,true,false
ORT1888-art-000179,spa,"Aguda cosa, tener buena punta",,Ortega1888[21],ORT1888-cand-000179,ORTEGA1888-TEPIC-IA,25,21,902,903,"Aguda cosa, tener buena punta. — Antipitné.",em_dash,matched_headword,high,machine_accepted,direct_page_headword_match,machine_derived,true,false
ORT1888-art-000180,spa,Agujerear con escoplo,,Ortega1888[21],ORT1888-cand-000180,ORTEGA1888-TEPIC-IA,25,21,904,905,Agujerear con escoplo. — Cuna Neti.,em_dash,matched_headword,high,machine_accepted,direct_page_headword_match,machine_derived,true,false
ORT1888-art-000181,spa,Agujero asi,,Ortega1888[21],ORT1888-cand-000181,ORTEGA1888-TEPIC-IA,25,21,906,907,Agujero asi. — Anacucúne.,em_dash,matched_headword,high,machine_accepted,direct_page_headword_match,machine_derived,true,false
ORT1888-art-000182,spa,Agujerear con barrena,,Ortega1888[21],ORT1888-cand-000182,ORTEGA1888-TEPIC-IA,25,21,908,909,Agujerear con barrena. — Anamimézim. Nete.,em_dash,matched_headword,high,machine_accepted,direct_page_headword_match,machine_derived,true,false
ORT1888-art-000183,spa,Agujerear con hierro caliente,,Ortega1888[21],ORT1888-cand-000183,ORTEGA1888-TEPIC-IA,25,21,910,911,Agujerear con hierro caliente. — Anatayáxe. Nete.,em_dash,matched_headword,high,machine_accepted,direct_page_headword_match,machine_derived,true,false
ORT1888-art-000184,spa,Agujero así,,Ortega1888[21],ORT1888-cand-000184,ORTEGA1888-TEPIC-IA,25,21,912,913,Agujero así — Anacüni.,em_dash,matched_headword,high,machine_accepted,direct_page_headword_match,machine_derived,true,false
ORT1888-art-000185,spa,Agujerear pared ó cerro,,Ortega1888[21],ORT1888-cand-000185,ORTEGA1888-TEPIC-IA,25,21,914,915,Agujerear pared ó cerro. — Anacunazt. Nete.,em_dash,matched_headword,high,machine_accepted,direct_page_headword_match,machine_derived,true,false
ORT1888-art-000186,spa,Aguj e ro asi,,Ortega1888[21],ORT1888-cand-000186,ORTEGA1888-TEPIC-IA,25,21,916,917,Aguj e ro asi . — V ca c u n i .,em_dash,matched_headword,high,machine_accepted,direct_page_headword_match,machine_derived,true,false
ORT1888-art-000187,spa,Águila grande por su especie,,Ortega1888[21],ORT1888-cand-000187,ORTEGA1888-TEPIC-IA,25,21,918,919,Águila grande por su especie. — Muaxemét. pl. tzi.,em_dash,matched_headword,high,machine_accepted,direct_page_headword_match,machine_derived,true,false
ORT1888-art-000188,spa,Águila pequeña por su especie,,Ortega1888[21],ORT1888-cand-000188,ORTEGA1888-TEPIC-IA,25,21,920,921,Águila pequeña por su especie. — Aihnatame. pl. tzi.,em_dash,matched_headword,high,machine_accepted,direct_page_headword_match,machine_derived,true,false
ORT1888-art-000189,spa,"Águila, otra de cabeza blanca",,Ortega1888[21],ORT1888-cand-000189,ORTEGA1888-TEPIC-IA,25,21,922,923,"Águila, otra de cabeza blanca. — Quáiravet. pl. tzi.",em_dash,matched_headword,high,machine_accepted,direct_page_headword_match,machine_derived,true,false
ORT1888-art-000190,spa,Aguja para trancas,,Ortega1888[21],ORT1888-cand-000190,ORTEGA1888-TEPIC-IA,25,21,924,925,Aguja para trancas — Tanacucúne.,em_dash,matched_headword,high,machine_accepted,direct_page_headword_match,machine_derived,true,false
ORT1888-art-000191,spa,Ahechar ó limpiar algo,,Ortega1888[21],ORT1888-cand-000191,ORTEGA1888-TEPIC-IA,25,21,926,927,Ahechar ó limpiar algo. — Heácari. Neti.,em_dash,matched_headword,high,machine_accepted,direct_page_headword_match,machine_derived,true,false
ORT1888-art-000192,spa,Ahitarse,,Ortega1888[21],ORT1888-cand-000192,ORTEGA1888-TEPIC-IA,25,21,928,933,Ahitarse. — Huacuaitzá. Nacuaitza. | 22—,em_dash,matched_headword,high,machine_accepted,direct_page_headword_match,machine_derived,true,false
ORT1888-art-000193,spa,Ahogar á otro,,Ortega1888[22],ORT1888-cand-000193,ORTEGA1888-TEPIC-IA,26,22,934,934,Ahogar á otro. — Aohamuezfc. Nete.,em_dash,matched_headword,high,machine_accepted,direct_page_headword_match,machine_derived,true,false
ORT1888-art-000194,spa,Ahogarse coa el bocado,,Ortega1888[22],ORT1888-cand-000194,ORTEGA1888-TEPIC-IA,26,22,935,935,Ahogarse coa el bocado. — Autácatzi. Is,em_dash,matched_headword,high,machine_accepted,direct_page_headword_match,machine_derived,true,false
ORT1888-art-000195,spa,Ahorcar,,Ortega1888[22],ORT1888-cand-000195,ORTEGA1888-TEPIC-IA,26,22,936,936,Ahorcar. — Nteacuáime. Nete.,em_dash,matched_headword,high,machine_accepted,direct_page_headword_match,machine_derived,true,false
ORT1888-art-000196,spa,Ahumar algo,,Ortega1888[22],ORT1888-cand-000196,ORTEGA1888-TEPIC-IA,26,22,937,937,Ahumar algo. — Ketzimoarite Neteu.,em_dash,matched_headword,high,machine_accepted,direct_page_headword_match,machine_derived,true,false
ORT1888-art-000197,spa,"Ay, donde tú estas",,Ortega1888[22],ORT1888-cand-000197,ORTEGA1888-TEPIC-IA,26,22,938,938,"Ay, donde tú estas. — Amaihna.",em_dash,matched_headword,high,machine_accepted,direct_page_headword_match,machine_derived,true,false
ORT1888-art-000198,spa,"Ay, quejándose",,Ortega1888[22],ORT1888-cand-000198,ORTEGA1888-TEPIC-IA,26,22,939,939,"Ay, quejándose. — Anái, Ahuí, Aipoc.",em_dash,matched_headword,high,machine_accepted,direct_page_headword_match,machine_derived,true,false
ORT1888-art-000199,spa,Ayer,,Ortega1888[22],ORT1888-cand-000199,ORTEGA1888-TEPIC-IA,26,22,940,941,Ayer. — Tahcai.,em_dash,matched_headword,high,machine_accepted,direct_page_headword_match,machine_derived,true,false
ORT1888-art-000200,spa,Ayrar á otro,,Ortega1888[22],ORT1888-cand-000200,ORTEGA1888-TEPIC-IA,26,22,942,942,Ayrar á otro. ^— Haxéihte. Neti.,em_dash,matched_headword,high,machine_accepted,direct_page_headword_match,machine_derived,true,false
ORT1888-art-000201,spa,Ayre,,Ortega1888[22],ORT1888-cand-000201,ORTEGA1888-TEPIC-IA,26,22,943,943,Ayre. — Acate.,em_dash,matched_headword,high,machine_accepted,direct_page_headword_match,machine_derived,true,false
ORT1888-art-000202,spa,"Ayre, hacer",,Ortega1888[22],ORT1888-cand-000202,ORTEGA1888-TEPIC-IA,26,22,944,944,"Ayre, hacer. — Huaác.",em_dash,matched_headword,high,machine_accepted,direct_page_headword_match,machine_derived,true,false
ORT1888-art-000203,spa,Ayudar á otro,,Ortega1888[22],ORT1888-cand-000203,ORTEGA1888-TEPIC-IA,26,22,945,945,Ayudar á otro. — Vaehre Neti,em_dash,matched_headword,high,machine_accepted,direct_page_headword_match,machine_derived,true,false
ORT1888-art-000204,spa,Ayuda asi,,Ortega1888[22],ORT1888-cand-000204,ORTEGA1888-TEPIC-IA,26,22,946,946,Ayuda asi. — Vaehreat.,em_dash,matched_headword,high,machine_accepted,direct_page_headword_match,machine_derived,true,false
ORT1888-art-000205,spa,Ayudado],,Ortega1888[22],ORT1888-cand-000205,ORTEGA1888-TEPIC-IA,26,22,947,947,"Ayudado]- asi. ^-Tivaehrel) name, pl. tzi.",hyphen_variant,matched_headword,medium,machine_accepted,direct_page_headword_match,machine_derived,true,false
ORT1888-art-000206,spa,Ayudar misa. r,,Ortega1888[22],ORT1888-cand-000206,ORTEGA1888-TEPIC-IA,26,22,948,948,Ayudar misa. r— Taihri. Neteu.,em_dash,matched_headword,high,machine_accepted,direct_page_headword_match,machine_derived,true,false
ORT1888-art-000207,spa,Ayuda asi,,Ortega1888[22],ORT1888-cand-000207,ORTEGA1888-TEPIC-IA,26,22,949,949,Ayuda asi.^— Taihriat.,em_dash,matched_headword,high,machine_accepted,direct_page_headword_match,machine_derived,true,false
ORT1888-art-000208,spa,Ayunar,,Ortega1888[22],ORT1888-cand-000208,ORTEGA1888-TEPIC-IA,26,22,950,950,Ayunar. — Vitzive. Nénit/íve.,em_dash,matched_headword,high,machine_accepted,direct_page_headword_match,machine_derived,true,false
ORT1888-art-000209,spa,Ayuanador,,Ortega1888[22],ORT1888-cand-000209,ORTEGA1888-TEPIC-IA,26,22,951,951,Ayuanador — >Vitzivehuame. ]>1. tzi.,em_dash,matched_headword,high,machine_accepted,direct_page_headword_match,machine_derived,true,false
ORT1888-art-000210,spa,Ayuno,,Ortega1888[22],ORT1888-cand-000210,ORTEGA1888-TEPIC-IA,26,22,952,952,Ayuno. — Itziviat.,em_dash,matched_headword,high,machine_accepted,direct_page_headword_match,machine_derived,true,false
ORT1888-art-000211,spa,Ajena cosa,,Ortega1888[22],ORT1888-cand-000211,ORTEGA1888-TEPIC-IA,26,22,953,953,Ajena cosa. — Tipiní. Ticutzí.,em_dash,matched_headword,high,machine_accepted,direct_page_headword_match,machine_derived,true,false
ORT1888-art-000212,spa,Ala de ave,,Ortega1888[22],ORT1888-cand-000212,ORTEGA1888-TEPIC-IA,26,22,954,954,Ala de ave.^— Anáti.,em_dash,matched_headword,high,machine_accepted,direct_page_headword_match,machine_derived,true,false
ORT1888-art-000213,spa,Alacrán,,Ortega1888[22],ORT1888-cand-000213,ORTEGA1888-TEPIC-IA,26,22,955,955,Alacrán. — Tfaxcn. pl. te.,em_dash,matched_headword,high,machine_accepted,direct_page_headword_match,machine_derived,true,false
ORT1888-art-000214,spa,Alabar á otro,,Ortega1888[22],ORT1888-cand-000214,ORTEGA1888-TEPIC-IA,26,22,956,956,Alabar á otro -^Euhriyaomoara. Euh,hyphen_variant,matched_headword,medium,machine_accepted,direct_page_headword_match,machine_derived,true,false
ORT1888-art-000215,spa,A mi mano derecha,,Ortega1888[22],ORT1888-cand-000215,ORTEGA1888-TEPIC-IA,26,22,957,957,A mi mano derecha. — Negrita.,em_dash,matched_headword,high,machine_accepted,direct_page_headword_match,machine_derived,true,false
ORT1888-art-000216,spa,A mi mano izquierda,,Ortega1888[22],ORT1888-cand-000216,ORTEGA1888-TEPIC-IA,26,22,958,958,A mi mano izquierda. ^—Necutatá.,em_dash,matched_headword,high,machine_accepted,direct_page_headword_match,machine_derived,true,false
ORT1888-art-000217,spa,Alambre,,Ortega1888[22],ORT1888-cand-000217,ORTEGA1888-TEPIC-IA,26,22,959,959,Alambre. -^Tepuzti.,hyphen_variant,matched_headword,medium,machine_accepted,direct_page_headword_match,machine_derived,true,false
ORT1888-art-000218,spa,A la postre,,Ortega1888[22],ORT1888-cand-000218,ORTEGA1888-TEPIC-IA,26,22,960,960,A la postre. — Vbetat.,em_dash,matched_headword,high,machine_accepted,direct_page_headword_match,machine_derived,true,false
ORT1888-art-000219,spa,Alargar algo,,Ortega1888[22],ORT1888-cand-000219,ORTEGA1888-TEPIC-IA,26,22,961,961,Alargar algo. — Taána. Neti.,em_dash,matched_headword,high,machine_accepted,direct_page_headword_match,machine_derived,true,false
ORT1888-art-000220,spa,A la sazón,,Ortega1888[22],ORT1888-cand-000220,ORTEGA1888-TEPIC-IA,26,22,962,963,A la sazón. — Tet.,em_dash,matched_headword,high,machine_accepted,direct_page_headword_match,machine_derived,true,false
ORT1888-art-000221,spa,Alcanzar al que va delante,,Ortega1888[22],ORT1888-cand-000221,ORTEGA1888-TEPIC-IA,26,22,964,964,Alcanzar al que va delante. — Teázeca.,em_dash,matched_headword,high,machine_accepted,direct_page_headword_match,machine_derived,true,false
ORT1888-art-000222,spa,Alcanzar lo que está alto,,Ortega1888[22],ORT1888-cand-000222,ORTEGA1888-TEPIC-IA,26,22,965,965,Alcanzar lo que está alto. — Antiáze. N.,em_dash,matched_headword,high,machine_accepted,direct_page_headword_match,machine_derived,true,false
ORT1888-art-000223,spa,Alzar algo como palo,,Ortega1888[22],ORT1888-cand-000223,ORTEGA1888-TEPIC-IA,26,22,966,971,Alzar algo como palo.--Téazim. Neti.. Teahpuazt. | ti. | nnyaomóara.,hyphen_variant,matched_headword,medium,machine_accepted,direct_page_headword_match,machine_derived,true,false
ORT1888-art-000224,spa,Alzar algo como piedra,,Ortega1888[23],ORT1888-cand-000224,ORTEGA1888-TEPIC-IA,27,23,987,988,Alzar algo como piedra. -Tézim. Neti. Tutuizem. Neti.,hyphen_variant,matched_headword,medium,machine_accepted,direct_page_headword_match,machine_derived,true,false
ORT1888-art-000225,spa,Alzar y bajar continuamente la cabeza,,Ortega1888[23],ORT1888-cand-000225,ORTEGA1888-TEPIC-IA,27,23,989,990,Alzar y bajar continuamente la cabeza.— Team uva. Ne.,em_dash,matched_headword,high,machine_accepted,direct_page_headword_match,machine_derived,true,false
ORT1888-art-000226,spa,Alear,,Ortega1888[23],ORT1888-cand-000226,ORTEGA1888-TEPIC-IA,27,23,991,992,Alear.-Teanava. Ne.,hyphen_variant,matched_headword,medium,machine_accepted,direct_page_headword_match,machine_derived,true,false
ORT1888-art-000227,spa,A I eorarse,,Ortega1888[23],ORT1888-cand-000227,ORTEGA1888-TEPIC-IA,27,23,993,994,A I eorarse. — Vtea m un vé;,em_dash,matched_headword,high,machine_accepted,direct_page_headword_match,machine_derived,true,false
ORT1888-art-000228,spa,Alegre,,Ortega1888[23],ORT1888-cand-000228,ORTEGA1888-TEPIC-IA,27,23,995,996,Alegre. ^—Uteainuavihnanie. pl. tzi.,em_dash,matched_headword,high,machine_accepted,direct_page_headword_match,machine_derived,true,false
ORT1888-art-000229,spa,Alegría,,Ortega1888[23],ORT1888-cand-000229,ORTEGA1888-TEPIC-IA,27,23,997,997,Alegría. — Team na via t.,em_dash,matched_headword,high,machine_accepted,direct_page_headword_match,machine_derived,true,false
ORT1888-art-000230,spa,• Alentar á otro,,Ortega1888[23],ORT1888-cand-000230,ORTEGA1888-TEPIC-IA,27,23,998,999,• Alentar á otro. — Gane Neti.,em_dash,matched_headword,high,machine_accepted,direct_page_headword_match,machine_derived,true,false
ORT1888-art-000231,spa,Algo,,Ortega1888[22],ORT1888-cand-000231,ORTEGA1888-TEPIC-IA,26,22,1000,1001,Algo. — v Ti tac.,em_dash,matched_headword,high,machine_accepted,direct_page_headword_match,machine_derived,true,false
ORT1888-art-000232,spa,Algocln. r,,Ortega1888[23],ORT1888-cand-000232,ORTEGA1888-TEPIC-IA,27,23,1002,1002,Algocln. r— MmíxiUí.,em_dash,matched_headword,high,machine_accepted,direct_page_headword_match,machine_derived,true,false
ORT1888-art-000233,spa,Alguna cosa,,Ortega1888[23],ORT1888-cand-000233,ORTEGA1888-TEPIC-IA,27,23,1003,1004,Alguna cosa. — Ti tac.,em_dash,matched_headword,high,machine_accepted,direct_page_headword_match,machine_derived,true,false
ORT1888-art-000234,spa,Alguna vez,,Ortega1888[23],ORT1888-cand-000234,ORTEGA1888-TEPIC-IA,27,23,1005,1006,Alguna vez. — Atzáco.,em_dash,matched_headword,high,machine_accepted,direct_page_headword_match,machine_derived,true,false
ORT1888-art-000235,spa,Algún tanto de tiempo,,Ortega1888[23],ORT1888-cand-000235,ORTEGA1888-TEPIC-IA,27,23,1007,1008,Algún tanto de tiempo. — Muacátá.,em_dash,matched_headword,high,machine_accepted,direct_page_headword_match,machine_derived,true,false
ORT1888-art-000236,spa,Alguno ó Alguna,,Ortega1888[23],ORT1888-cand-000236,ORTEGA1888-TEPIC-IA,27,23,1009,1010,"Alguno ó Alguna. — Atañe, pl, Aténio.",em_dash,matched_headword,high,machine_accepted,direct_page_headword_match,machine_derived,true,false
ORT1888-art-000237,spa,Aliento ó liueigo,,Ortega1888[23],ORT1888-cand-000237,ORTEGA1888-TEPIC-IA,27,23,1011,1012,Aliento ó liueigo. — Yeyeat.,em_dash,matched_headword,high,machine_accepted,direct_page_headword_match,machine_derived,true,false
ORT1888-art-000238,spa,Al i m piar algo,,Ortega1888[23],ORT1888-cand-000238,ORTEGA1888-TEPIC-IA,27,23,1013,1014,Al i m piar algo. — Heacari. Neti.,em_dash,matched_headword,high,machine_accepted,direct_page_headword_match,machine_derived,true,false
ORT1888-art-000239,spa,Aljaba,,Ortega1888[23],ORT1888-cand-000239,ORTEGA1888-TEPIC-IA,27,23,1015,1016,Aljaba. — Naviti.,em_dash,matched_headword,high,machine_accepted,direct_page_headword_match,machine_derived,true,false
ORT1888-art-000240,spa,Allá,,Ortega1888[23],ORT1888-cand-000240,ORTEGA1888-TEPIC-IA,27,23,1017,1018,Allá.— Uu.,em_dash,matched_headword,high,machine_accepted,direct_page_headword_match,machine_derived,true,false
ORT1888-art-000241,spa,Allanar el suelo,,Ortega1888[23],ORT1888-cand-000241,ORTEGA1888-TEPIC-IA,27,23,1019,1020,Allanar el suelo. — Temuapoaure Temuanaúre.,em_dash,matched_headword,high,machine_accepted,direct_page_headword_match,machine_derived,true,false
ORT1888-art-000242,spa,Allende del rio,,Ortega1888[23],ORT1888-cand-000242,ORTEGA1888-TEPIC-IA,27,23,1021,1022,Allende del rio. — Vtabána.,em_dash,matched_headword,high,machine_accepted,direct_page_headword_match,machine_derived,true,false
ORT1888-art-000243,spa,Allí,,Ortega1888[23],ORT1888-cand-000243,ORTEGA1888-TEPIC-IA,27,23,1023,1024,Allí. — Mufiue. Eua.,em_dash,matched_headword,high,machine_accepted,direct_page_headword_match,machine_derived,true,false
ORT1888-art-000244,spa,Alma,,Ortega1888[23],ORT1888-cand-000244,ORTEGA1888-TEPIC-IA,27,23,1025,1026,Alma. — Tixaménkare.,em_dash,matched_headword,high,machine_accepted,direct_page_headword_match,machine_derived,true,false
ORT1888-art-000245,spa,Almagre,,Ortega1888[23],ORT1888-cand-000245,ORTEGA1888-TEPIC-IA,27,23,1027,1028,Almagre. — Cea táriti.,em_dash,matched_headword,high,machine_accepted,direct_page_headword_match,machine_derived,true,false
ORT1888-art-000246,spa,Almohada,,Ortega1888[23],ORT1888-cand-000246,ORTEGA1888-TEPIC-IA,27,23,1029,1030,Almohada. — Míiútziti.,em_dash,matched_headword,high,machine_accepted,direct_page_headword_match,machine_derived,true,false
ORT1888-art-000247,spa,Almorrana tener,,Ortega1888[23],ORT1888-cand-000247,ORTEGA1888-TEPIC-IA,27,23,1031,1032,Almorrana tener. — Neuhritzé .N.,em_dash,matched_headword,high,machine_accepted,direct_page_headword_match,machine_derived,true,false
ORT1888-art-000248,spa,Alta cosa,,Ortega1888[23],ORT1888-cand-000248,ORTEGA1888-TEPIC-IA,27,23,1033,1034,Alta cosa.— An ti te vi.,em_dash,matched_headword,high,machine_accepted,direct_page_headword_match,machine_derived,true,false
ORT1888-art-000249,spa,Alto a ello,,Ortega1888[23],ORT1888-cand-000249,ORTEGA1888-TEPIC-IA,27,23,1035,1036,Alto a ello. — Naco.,em_dash,matched_headword,high,machine_accepted,direct_page_headword_match,machine_derived,true,false
ORT1888-art-000250,spa,Alto como árbol,,Ortega1888[23],ORT1888-cand-000250,ORTEGA1888-TEPIC-IA,27,23,1037,1038,Alto como árbol.— Vhuatéte.,em_dash,matched_headword,high,machine_accepted,direct_page_headword_match,machine_derived,true,false
ORT1888-art-000251,spa,Alto de cuerpo,,Ortega1888[23],ORT1888-cand-000251,ORTEGA1888-TEPIC-IA,27,23,1039,1040,Alto de cuerpo. — Vhuatévi.,em_dash,matched_headword,high,machine_accepted,direct_page_headword_match,machine_derived,true,false
ORT1888-art-000252,spa,Alumbrar con candela,,Ortega1888[23],ORT1888-cand-000252,ORTEGA1888-TEPIC-IA,27,23,1041,1042,Alumbrar con candela — Tatzabé. Ne.,em_dash,matched_headword,high,machine_accepted,direct_page_headword_match,machine_derived,true,false
ORT1888-art-000253,spa,Alumbrar el sol,,Ortega1888[23],ORT1888-cand-000253,ORTEGA1888-TEPIC-IA,27,23,1043,1044,"Alumbrar el sol.— NHuaxeca,",em_dash,matched_headword,high,machine_accepted,direct_page_headword_match,machine_derived,true,false
ORT1888-art-000254,spa,Alumbre,,Ortega1888[23],ORT1888-cand-000254,ORTEGA1888-TEPIC-IA,27,23,1045,1050,Alumbre. — Táatzi. | 24,em_dash,matched_headword,high,machine_accepted,direct_page_headword_match,machine_derived,true,false
ORT1888-art-000255,spa,Albergarse para defenderse de la lluvia,,Ortega1888[24],ORT1888-cand-000255,ORTEGA1888-TEPIC-IA,28,24,1051,1053,Albergarse para defenderse de la lluvia. — Vhuavíte Xt. | Neahvite.,em_dash,matched_headword,high,machine_accepted,direct_page_headword_match,machine_derived,true,false
ORT1888-art-000256,spa,Albergarle para defenderse del Sol,,Ortega1888[24],ORT1888-cand-000256,ORTEGA1888-TEPIC-IA,28,24,1054,1056,Albergarle para defenderse del Sol. — Vkéuite. N-eneké- | ni te.,em_dash,matched_headword,high,machine_accepted,direct_page_headword_match,machine_derived,true,false
ORT1888-art-000257,spa,Ama de leche,,Ortega1888[24],ORT1888-cand-000257,ORTEGA1888-TEPIC-IA,28,24,1057,1057,Ama de leche. — vTétitzitc.,em_dash,matched_headword,high,machine_accepted,direct_page_headword_match,machine_derived,true,false
ORT1888-art-000258,spa,Amador,,Ortega1888[24],ORT1888-cand-000258,ORTEGA1888-TEPIC-IA,28,24,1058,1058,Amador. — Timuáchéacáme. pl. tzi.,em_dash,matched_headword,high,machine_accepted,direct_page_headword_match,machine_derived,true,false
ORT1888-art-000259,spa,Amaga,,Ortega1888[24],ORT1888-cand-000259,ORTEGA1888-TEPIC-IA,28,24,1059,1059,Amaga:. — Anenéchihua. Nete.,em_dash,matched_headword,high,machine_accepted,direct_page_headword_match,machine_derived,true,false
ORT1888-art-000260,spa,Amancebarse hurtando la mtiger,,Ortega1888[24],ORT1888-cand-000260,ORTEGA1888-TEPIC-IA,28,24,1060,1060,Amancebarse hurtando la mtiger. — Taunahua. Ni.,em_dash,matched_headword,high,machine_accepted,direct_page_headword_match,machine_derived,true,false
ORT1888-art-000261,spa,A mano derecha,,Ortega1888[24],ORT1888-cand-000261,ORTEGA1888-TEPIC-IA,28,24,1061,1061,A mano derecha. — Taranta.,em_dash,matched_headword,high,machine_accepted,direct_page_headword_match,machine_derived,true,false
ORT1888-art-000262,spa,A mano izquierda,,Ortega1888[24],ORT1888-cand-000262,ORTEGA1888-TEPIC-IA,28,24,1062,1063,A mano izquierda. — Táutatá.,em_dash,matched_headword,high,machine_accepted,direct_page_headword_match,machine_derived,true,false
ORT1888-art-000263,spa,"Amanecer, empezar á amanecer",,Ortega1888[24],ORT1888-cand-000263,ORTEGA1888-TEPIC-IA,28,24,1064,1064,"Amanecer, empezar á amanecer. — Huatanéric. Kerist.",em_dash,matched_headword,high,machine_accepted,direct_page_headword_match,machine_derived,true,false
ORT1888-art-000264,spa,"Amanecer, escl ai .- reí",,Ortega1888[24],ORT1888-cand-000264,ORTEGA1888-TEPIC-IA,28,24,1065,1065,"Amanecer, escl ai .- reí . — H iiai fé ri ■. H ■•■■:■■■ ■ oareca.",em_dash,matched_headword,high,machine_accepted,direct_page_headword_match,machine_derived,true,false
ORT1888-art-000265,spa,Amanzar animales,,Ortega1888[24],ORT1888-cand-000265,ORTEGA1888-TEPIC-IA,28,24,1066,1066,Amanzar animales.— M até. Neti.,em_dash,matched_headword,high,machine_accepted,direct_page_headword_match,machine_derived,true,false
ORT1888-art-000266,spa,Amar á oti,,Ortega1888[24],ORT1888-cand-000266,ORTEGA1888-TEPIC-IA,28,24,1067,1067,Amar á oti . — M íche. Neti.,em_dash,matched_headword,high,machine_accepted,direct_page_headword_match,machine_derived,true,false
ORT1888-art-000267,spa,Amarga cosa,,Ortega1888[24],ORT1888-cand-000267,ORTEGA1888-TEPIC-IA,28,24,1068,1068,Amarga cosa — Antzihvi.,em_dash,matched_headword,high,machine_accepted,direct_page_headword_match,machine_derived,true,false
ORT1888-art-000268,spa,Amarillo,,Ortega1888[24],ORT1888-cand-000268,ORTEGA1888-TEPIC-IA,28,24,1069,1069,Amarillo. — Téamuavi.,em_dash,matched_headword,high,machine_accepted,direct_page_headword_match,machine_derived,true,false
ORT1888-art-000269,spa,Amarillo estar,,Ortega1888[24],ORT1888-cand-000269,ORTEGA1888-TEPIC-IA,28,24,1070,1070,Amarillo estar. — Teáumuá. Ne.,em_dash,matched_headword,high,machine_accepted,direct_page_headword_match,machine_derived,true,false
ORT1888-art-000270,spa,Amasar,,Ortega1888[24],ORT1888-cand-000270,ORTEGA1888-TEPIC-IA,28,24,1071,1071,Amasar.— Putna. Neti.,em_dash,matched_headword,high,machine_accepted,direct_page_headword_match,machine_derived,true,false
ORT1888-art-000271,spa,Am : „ s,,Ortega1888[24],ORT1888-cand-000271,ORTEGA1888-TEPIC-IA,28,24,1072,1072,Am : „ s. — Mahuaf át.,em_dash,anchored_same_page,medium,machine_accepted,same_page_anchor_support,machine_derived,true,false
ORT1888-art-000272,spa,A media noche,,Ortega1888[24],ORT1888-cand-000272,ORTEGA1888-TEPIC-IA,28,24,1073,1073,A media noche. — Aeítapoát. A'itateca.,em_dash,matched_headword,high,machine_accepted,direct_page_headword_match,machine_derived,true,false
ORT1888-art-000273,spa,A medio dia,,Ortega1888[24],ORT1888-cand-000273,ORTEGA1888-TEPIC-IA,28,24,1074,1074,A medio dia. — Tahapoatacáco.,em_dash,matched_headword,high,machine_accepted,direct_page_headword_match,machine_derived,true,false
ORT1888-art-000274,spa,Amo de siervo,,Ortega1888[24],ORT1888-cand-000274,ORTEGA1888-TEPIC-IA,28,24,1075,1075,Amo de siervo. — Tetecual.,em_dash,matched_headword,high,machine_accepted,direct_page_headword_match,machine_derived,true,false
ORT1888-art-000275,spa,Amohinar a otro,,Ortega1888[24],ORT1888-cand-000275,ORTEGA1888-TEPIC-IA,28,24,1076,1076,Amohinar a otro. — Haxcihie. Neti.,em_dash,matched_headword,high,machine_accepted,direct_page_headword_match,machine_derived,true,false
ORT1888-art-000276,spa,Amolar,,Ortega1888[24],ORT1888-cand-000276,ORTEGA1888-TEPIC-IA,28,24,1077,1077,Amolar. — Véase «filar.,em_dash,matched_headword,high,machine_accepted,direct_page_headword_match,machine_derived,true,false
ORT1888-art-000277,spa,Amonestar,,Ortega1888[24],ORT1888-cand-000277,ORTEGA1888-TEPIC-IA,28,24,1078,1078,Amonestar. — Hih e. Neti.,em_dash,matched_headword,high,machine_accepted,direct_page_headword_match,machine_derived,true,false
ORT1888-art-000278,spa,Amonestación,,Ortega1888[24],ORT1888-cand-000278,ORTEGA1888-TEPIC-IA,28,24,1079,1079,Amonestación. — Hihhuárití.,em_dash,matched_headword,high,machine_accepted,direct_page_headword_match,machine_derived,true,false
ORT1888-art-000279,spa,Amontonar,,Ortega1888[24],ORT1888-cand-000279,ORTEGA1888-TEPIC-IA,28,24,1080,1080,"Amontonar. ,— Zewekre. Neti.",em_dash,matched_headword,high,machine_accepted,direct_page_headword_match,machine_derived,true,false
ORT1888-art-000280,spa,Amor,,Ortega1888[24],ORT1888-cand-000280,ORTEGA1888-TEPIC-IA,28,24,1081,1081,Amor. — Muáhchiat.,em_dash,matched_headword,high,machine_accepted,direct_page_headword_match,machine_derived,true,false
ORT1888-art-000281,spa,Amortajar,,Ortega1888[24],ORT1888-cand-000281,ORTEGA1888-TEPIC-IA,28,24,1082,1083,Amortajar — Ihche. Xeti.,em_dash,matched_headword,high,machine_accepted,direct_page_headword_match,machine_derived,true,false
ORT1888-art-000282,spa,Ampararse detras de algo,,Ortega1888[24],ORT1888-cand-000282,ORTEGA1888-TEPIC-IA,28,24,1084,1084,Ampararse detras de algo. — V hu a bata. Neneabata.,em_dash,matched_headword,high,machine_accepted,direct_page_headword_match,machine_derived,true,false
ORT1888-art-000283,spa,A . - tener,,Ortega1888[23],ORT1888-cand-000283,ORTEGA1888-TEPIC-IA,27,23,1085,1090,A . - tener. — A-inomezchea. N. | mm,em_dash,matched_headword,high,machine_accepted,direct_page_headword_match,machine_derived,true,false
ORT1888-art-000284,spa,Anca ó cuadril,,Ortega1888[25],ORT1888-cand-000284,ORTEGA1888-TEPIC-IA,29,25,1094,1095,Anca ó cuadril. — Ketzapoati.,em_dash,matched_headword,high,machine_accepted,direct_page_headword_match,machine_derived,true,false
ORT1888-art-000285,spa,Ancha cosa,,Ortega1888[25],ORT1888-cand-000285,ORTEGA1888-TEPIC-IA,29,25,1096,1097,Ancha cosa. — Yaohhua.,em_dash,matched_headword,high,machine_accepted,direct_page_headword_match,machine_derived,true,false
ORT1888-art-000286,spa,Anciana,,Ortega1888[25],ORT1888-cand-000286,ORTEGA1888-TEPIC-IA,29,25,1098,1099,Anciana. — -Purvearizt. pl. Murvearizi.,em_dash,matched_headword,high,machine_accepted,direct_page_headword_match,machine_derived,true,false
ORT1888-art-000287,spa,Anciano,,Ortega1888[25],ORT1888-cand-000287,ORTEGA1888-TEPIC-IA,29,25,1100,1101,Anciano. — Purvaztah. pl. Murb<whzi.,em_dash,matched_headword,high,machine_accepted,direct_page_headword_match,machine_derived,true,false
ORT1888-art-000288,spa,Andar,,Ortega1888[25],ORT1888-cand-000288,ORTEGA1888-TEPIC-IA,29,25,1102,1103,Andar — Ayeca. N.,em_dash,matched_headword,high,machine_accepted,direct_page_headword_match,machine_derived,true,false
ORT1888-art-000289,spa,Andar aprisa,,Ortega1888[25],ORT1888-cand-000289,ORTEGA1888-TEPIC-IA,29,25,1104,1105,Andar aprisa. — Ayihbe.' N.,em_dash,matched_headword,high,machine_accepted,direct_page_headword_match,machine_derived,true,false
ORT1888-art-000290,spa,Andar sobre uno de los pies,,Ortega1888[25],ORT1888-cand-000290,ORTEGA1888-TEPIC-IA,29,25,1106,1107,Andar sobre uno de los pies. — Titzunáche. Neatzonache.,em_dash,matched_headword,high,machine_accepted,direct_page_headword_match,machine_derived,true,false
ORT1888-art-000291,spa,Andar perdido en camino,,Ortega1888[25],ORT1888-cand-000291,ORTEGA1888-TEPIC-IA,29,25,1108,1109,Andar perdido en camino. — Áubet. Ne.,em_dash,matched_headword,high,machine_accepted,direct_page_headword_match,machine_derived,true,false
ORT1888-art-000292,spa,Andas,,Ortega1888[25],ORT1888-cand-000292,ORTEGA1888-TEPIC-IA,29,25,1110,1111,Andas.— Vtátziti.,em_dash,matched_headword,high,machine_accepted,direct_page_headword_match,machine_derived,true,false
ORT1888-art-000293,spa,Andas de muertos,,Ortega1888[25],ORT1888-cand-000293,ORTEGA1888-TEPIC-IA,29,25,1112,1113,Andas de muertos. — Muechitvtátzi.,em_dash,matched_headword,high,machine_accepted,direct_page_headword_match,machine_derived,true,false
ORT1888-art-000294,spa,Aligarse algo,,Ortega1888[25],ORT1888-cand-000294,ORTEGA1888-TEPIC-IA,29,25,1114,1115,Aligarse algo. — Huacura Money ecá.,em_dash,matched_headword,high,machine_accepted,direct_page_headword_match,machine_derived,true,false
ORT1888-art-000295,spa,"Angarilla, donde llevan la carga",,Ortega1888[25],ORT1888-cand-000295,ORTEGA1888-TEPIC-IA,29,25,1116,1117,"Angarilla, donde llevan la carga. — Cacázti.",em_dash,matched_headword,high,machine_accepted,direct_page_headword_match,machine_derived,true,false
ORT1888-art-000296,spa,Angosta cosa,,Ortega1888[25],ORT1888-cand-000296,ORTEGA1888-TEPIC-IA,29,25,1118,1119,Angosta cosa. — At'úpuyaóhhua.,em_dash,matched_headword,high,machine_accepted,direct_page_headword_match,machine_derived,true,false
ORT1888-art-000297,spa,Angosto camino,,Ortega1888[25],ORT1888-cand-000297,ORTEGA1888-TEPIC-IA,29,25,1120,1121,Angosto camino. — A tzüpu yánteme.,em_dash,matched_headword,high,machine_accepted,direct_page_headword_match,machine_derived,true,false
ORT1888-art-000298,spa,Anguilla,,Ortega1888[25],ORT1888-cand-000298,ORTEGA1888-TEPIC-IA,29,25,1122,1123,Anguilla.— ^Vánacaé. pl. tzi.,em_dash,matched_headword,high,machine_accepted,direct_page_headword_match,machine_derived,true,false
ORT1888-art-000299,spa,Angustiarse,,Ortega1888[25],ORT1888-cand-000299,ORTEGA1888-TEPIC-IA,29,25,1124,1125,Angustiarse. — Busca afligirse.,em_dash,matched_headword,high,machine_accepted,direct_page_headword_match,machine_derived,true,false
ORT1888-art-000300,spa,Angustia,,Ortega1888[25],ORT1888-cand-000300,ORTEGA1888-TEPIC-IA,29,25,1126,1127,Angustia. — Xamuéhreat.,em_dash,matched_headword,high,machine_accepted,direct_page_headword_match,machine_derived,true,false
ORT1888-art-000301,spa,Angustiar á otro,,Ortega1888[25],ORT1888-cand-000301,ORTEGA1888-TEPIC-IA,29,25,1128,1129,Angustiar á otro — Busca afligir.,em_dash,matched_headword,high,machine_accepted,direct_page_headword_match,machine_derived,true,false
ORT1888-art-000302,spa,"Anidar, hacer nido",,Ortega1888[25],ORT1888-cand-000302,ORTEGA1888-TEPIC-IA,29,25,1130,1131,"Anidar, hacer nido. — Tevitoate. Netinitoaté.",em_dash,matched_headword,high,machine_accepted,direct_page_headword_match,machine_derived,true,false
ORT1888-art-000303,spa,"Animar, esforzar",,Ortega1888[25],ORT1888-cand-000303,ORTEGA1888-TEPIC-IA,29,25,1132,1133,"Animar, esforzar. ,— Cañe. Neti.",em_dash,matched_headword,high,machine_accepted,direct_page_headword_match,machine_derived,true,false
ORT1888-art-000304,spa,Animoso,,Ortega1888[25],ORT1888-cand-000304,ORTEGA1888-TEPIC-IA,29,25,1134,1135,Animoso.— ^CaptitzWhne.,em_dash,matched_headword,high,machine_accepted,direct_page_headword_match,machine_derived,true,false
ORT1888-art-000305,spa,Anoche,,Ortega1888[24],ORT1888-cand-000305,ORTEGA1888-TEPIC-IA,28,24,1136,1137,Anoche. — Tahcaitecá.,em_dash,matched_headword,high,machine_accepted,direct_page_headword_match,machine_derived,true,false
ORT1888-art-000306,spa,Anochecer,,Ortega1888[25],ORT1888-cand-000306,ORTEGA1888-TEPIC-IA,29,25,1138,1139,Anochecer. — Huácánacá.,em_dash,matched_headword,high,machine_accepted,direct_page_headword_match,machine_derived,true,false
ORT1888-art-000307,spa,An tiei,,Ortega1888[25],ORT1888-cand-000307,ORTEGA1888-TEPIC-IA,29,25,1140,1141,An tiei-. — Antahacai.,em_dash,matched_headword,high,machine_accepted,direct_page_headword_match,machine_derived,true,false
ORT1888-art-000308,spa,Ante alguna persona,,Ortega1888[25],ORT1888-cand-000308,ORTEGA1888-TEPIC-IA,29,25,1142,1143,"Ante alguna persona, — T'úiauzé. Tinericmetzé.",em_dash,matched_headword,high,machine_accepted,direct_page_headword_match,machine_derived,true,false
ORT1888-art-000309,spa,Anteceder o guiar,,Ortega1888[25],ORT1888-cand-000309,ORTEGA1888-TEPIC-IA,29,25,1144,1145,Anteceder o guiar. -Anahcate. Ne.,hyphen_variant,matched_headword,medium,machine_accepted,direct_page_headword_match,machine_derived,true,false
ORT1888-art-000310,spa,Antenado de varón,,Ortega1888[25],ORT1888-cand-000310,ORTEGA1888-TEPIC-IA,29,25,1146,1147,Antenado de varón. — Tinaozi.,em_dash,matched_headword,high,machine_accepted,direct_page_headword_match,machine_derived,true,false
ORT1888-art-000311,spa,Antenado de muger,,Ortega1888[25],ORT1888-cand-000311,ORTEGA1888-TEPIC-IA,29,25,1148,1149,Antenado de muger. — Tiyaoxahuari.,em_dash,matched_headword,high,machine_accepted,direct_page_headword_match,machine_derived,true,false
ORT1888-art-000312,spa,Antes ó primero,,Ortega1888[25],ORT1888-cand-000312,ORTEGA1888-TEPIC-IA,29,25,1150,1151,Antes ó primero.— Ahcuazt.,em_dash,matched_headword,high,machine_accepted,direct_page_headword_match,machine_derived,true,false
ORT1888-art-000313,spa,Antiguamente,,Ortega1888[25],ORT1888-cand-000313,ORTEGA1888-TEPIC-IA,29,25,1152,1153,Antiguamente. — Armita. Purmi. Mimacam.,em_dash,matched_headword,high,machine_accepted,direct_page_headword_match,machine_derived,true,false
ORT1888-art-000314,spa,Anzuelo,,Ortega1888[25],ORT1888-cand-000314,ORTEGA1888-TEPIC-IA,29,25,1154,1159,"Anzuelo. — Quaitzepoari, | 26",em_dash,matched_headword,high,machine_accepted,direct_page_headword_match,machine_derived,true,false
ORT1888-art-000315,spa,"Anzuelo, echar para pezcar",,Ortega1888[26],ORT1888-cand-000315,ORTEGA1888-TEPIC-IA,30,26,1160,1161,"Anzuelo, echar para pezcar. — IJpequaitzépo.' Unequaitzé-",em_dash,matched_headword,high,machine_accepted,direct_page_headword_match,machine_derived,true,false
ORT1888-art-000316,spa,Añadir algo á lo que está falto,,Ortega1888[26],ORT1888-cand-000316,ORTEGA1888-TEPIC-IA,30,26,1162,1164,"Añadir algo á lo que está falto. — Ntibite. Nete. tbihpoaca | Nete""",em_dash,matched_headword,high,machine_accepted,direct_page_headword_match,machine_derived,true,false
ORT1888-art-000317,spa,"Añublado, estar todo el cielo",,Ortega1888[26],ORT1888-cand-000317,ORTEGA1888-TEPIC-IA,30,26,1165,1166,"Añublado, estar todo el cielo. — Muabebé. | Añublado, estar eu partes el cielo. Huaháita.",em_dash,matched_headword,high,machine_accepted,direct_page_headword_match,machine_derived,true,false
ORT1888-art-000318,spa,Añudar algo,,Ortega1888[26],ORT1888-cand-000318,ORTEGA1888-TEPIC-IA,30,26,1167,1167,Añudar algo. — Ntitápe. Nete.,em_dash,matched_headword,high,machine_accepted,direct_page_headword_match,machine_derived,true,false
ORT1888-art-000319,spa,Apacentar ganado,,Ortega1888[26],ORT1888-cand-000319,ORTEGA1888-TEPIC-IA,30,26,1168,1168,Apacentar ganado.— Huacuáite. Neti.,em_dash,matched_headword,high,machine_accepted,direct_page_headword_match,machine_derived,true,false
ORT1888-art-000320,spa,Apagar fuego,,Ortega1888[26],ORT1888-cand-000320,ORTEGA1888-TEPIC-IA,30,26,1169,1169,Apagar fuego. — Átiiátza. Ne.,em_dash,matched_headword,high,machine_accepted,direct_page_headword_match,machine_derived,true,false
ORT1888-art-000321,spa,Apagar la luz,,Ortega1888[26],ORT1888-cand-000321,ORTEGA1888-TEPIC-IA,30,26,1170,1170,Apagar la luz. — Ak/itza. Ne. Ahéicata. Ne.,em_dash,matched_headword,high,machine_accepted,direct_page_headword_match,machine_derived,true,false
ORT1888-art-000322,spa,Apalear,,Ortega1888[26],ORT1888-cand-000322,ORTEGA1888-TEPIC-IA,30,26,1171,1172,Apalear. — Teva. Neti.,em_dash,matched_headword,high,machine_accepted,direct_page_headword_match,machine_derived,true,false
ORT1888-art-000323,spa,Aparejarse para hacer algo,,Ortega1888[26],ORT1888-cand-000323,ORTEGA1888-TEPIC-IA,30,26,1173,1173,Aparejarse para hacer algo.— Timoátze. Ne.,em_dash,matched_headword,high,machine_accepted,direct_page_headword_match,machine_derived,true,false
ORT1888-art-000324,spa,Aparejar muías,,Ortega1888[26],ORT1888-cand-000324,ORTEGA1888-TEPIC-IA,30,26,1174,1174,Aparejar muías. — Tezeáromaté. Neti.,em_dash,matched_headword,high,machine_accepted,direct_page_headword_match,machine_derived,true,false
ORT1888-art-000325,spa,Aparejo asi,,Ortega1888[26],ORT1888-cand-000325,ORTEGA1888-TEPIC-IA,30,26,1175,1175,Aparejo asi. — Zearomoa.,em_dash,matched_headword,high,machine_accepted,direct_page_headword_match,machine_derived,true,false
ORT1888-art-000326,spa,Apartar algo,,Ortega1888[26],ORT1888-cand-000326,ORTEGA1888-TEPIC-IA,30,26,1176,1176,"Apartar algo.,— Báhuana. Nete.",em_dash,matched_headword,high,machine_accepted,direct_page_headword_match,machine_derived,true,false
ORT1888-art-000327,spa,Apartamiento así,,Ortega1888[26],ORT1888-cand-000327,ORTEGA1888-TEPIC-IA,30,26,1177,1180,Apartamiento así. — Abáhuáueat. | Apartar la gente para abrir camino. Uhuhuáhtache. | Unahuahtacbe.,em_dash,matched_headword,high,machine_accepted,direct_page_headword_match,machine_derived,true,false
ORT1888-art-000328,spa,Apartar ganado,,Ortega1888[26],ORT1888-cand-000328,ORTEGA1888-TEPIC-IA,30,26,1181,1181,Apartar ganado. — Auatáliuana. Nebuan tahua na.,em_dash,matched_headword,high,machine_accepted,direct_page_headword_match,machine_derived,true,false
ORT1888-art-000329,spa,Apartarse dos caminos,,Ortega1888[26],ORT1888-cand-000329,ORTEGA1888-TEPIC-IA,30,26,1182,1182,Apartarse dos caminos. — Antacáte.,em_dash,matched_headword,high,machine_accepted,direct_page_headword_match,machine_derived,true,false
ORT1888-art-000330,spa,Aparte,,Ortega1888[26],ORT1888-cand-000330,ORTEGA1888-TEPIC-IA,30,26,1183,1183,"Aparte.,— Qea. Kémáeame.",em_dash,matched_headword,high,machine_accepted,direct_page_headword_match,machine_derived,true,false
ORT1888-art-000331,spa,Apartarse del Caballo,,Ortega1888[26],ORT1888-cand-000331,ORTEGA1888-TEPIC-IA,30,26,1184,1184,Apartarse del Caballo. — Acamé. N.,em_dash,matched_headword,high,machine_accepted,direct_page_headword_match,machine_derived,true,false
ORT1888-art-000332,spa,Apedrear á otro,,Ortega1888[26],ORT1888-cand-000332,ORTEGA1888-TEPIC-IA,30,26,1185,1185,Apedrear á otro. — Titoáxe. Neti.,em_dash,matched_headword,high,machine_accepted,direct_page_headword_match,machine_derived,true,false
ORT1888-art-000333,spa,Apercibirse para hacer algo,,Ortega1888[26],ORT1888-cand-000333,ORTEGA1888-TEPIC-IA,30,26,1186,1186,Apercibirse para hacer algo. — Busca aparejarse.,em_dash,matched_headword,high,machine_accepted,direct_page_headword_match,machine_derived,true,false
ORT1888-art-000334,spa,Apetecer algo,,Ortega1888[26],ORT1888-cand-000334,ORTEGA1888-TEPIC-IA,30,26,1187,1187,Apetecer algo. — Xebé. Neti.,em_dash,matched_headword,high,machine_accepted,direct_page_headword_match,machine_derived,true,false
ORT1888-art-000335,spa,Aplacar a alguno,,Ortega1888[26],ORT1888-cand-000335,ORTEGA1888-TEPIC-IA,30,26,1188,1188,Aplacar a alguno. — Taihmowhri. Neteu.,em_dash,matched_headword,high,machine_accepted,direct_page_headword_match,machine_derived,true,false
ORT1888-art-000336,spa,Aporrear con tierra alguna cosa,,Ortega1888[26],ORT1888-cand-000336,ORTEGA1888-TEPIC-IA,30,26,1189,1189,"Aporrear con tierra alguna cosa. — Chuáma. Neti,",em_dash,matched_headword,high,machine_accepted,direct_page_headword_match,machine_derived,true,false
ORT1888-art-000337,spa,Aporrear á alguno,,Ortega1888[26],ORT1888-cand-000337,ORTEGA1888-TEPIC-IA,30,26,1190,1190,Aporrear á alguno. — Meé. Neti.,em_dash,matched_headword,high,machine_accepted,direct_page_headword_match,machine_derived,true,false
ORT1888-art-000338,spa,Apostar en el juego,,Ortega1888[26],ORT1888-cand-000338,ORTEGA1888-TEPIC-IA,30,26,1191,1191,Apostar en el juego. — Tea. Neti.,em_dash,matched_headword,high,machine_accepted,direct_page_headword_match,machine_derived,true,false
ORT1888-art-000339,spa,Aprensar,,Ortega1888[26],ORT1888-cand-000339,ORTEGA1888-TEPIC-IA,30,26,1192,1192,Aprensar. — Tache. Neti.,em_dash,matched_headword,high,machine_accepted,direct_page_headword_match,machine_derived,true,false
ORT1888-art-000340,spa,Aprensadora,,Ortega1888[26],ORT1888-cand-000340,ORTEGA1888-TEPIC-IA,30,26,1193,1193,"Aprensadora, — Táchehat.",em_dash,matched_headword,high,machine_accepted,direct_page_headword_match,machine_derived,true,false
ORT1888-art-000341,spa,Apresurarse,,Ortega1888[26],ORT1888-cand-000341,ORTEGA1888-TEPIC-IA,30,26,1194,1196,"Apresurarse, — Viyéta. Neniyeta.",em_dash,matched_headword,high,machine_accepted,direct_page_headword_match,machine_derived,true,false
ORT1888-art-000343,spa,Apresuramiento,,Ortega1888[27],ORT1888-cand-000343,ORTEGA1888-TEPIC-IA,31,27,1203,1204,Apresuramiento. — V.iyéfcat:,em_dash,matched_headword,high,machine_accepted,direct_page_headword_match,machine_derived,true,false
ORT1888-art-000344,spa,Apretar algo con los brazos,,Ortega1888[27],ORT1888-cand-000344,ORTEGA1888-TEPIC-IA,31,27,1205,1206,Apretar algo con los brazos. — Caté. Neti.,em_dash,matched_headword,high,machine_accepted,direct_page_headword_match,machine_derived,true,false
ORT1888-art-000345,spa,Apretar la reata por medio de la carga,,Ortega1888[27],ORT1888-cand-000345,ORTEGA1888-TEPIC-IA,31,27,1207,1208,Apretar la reata por medio de la carga. — Á\¿ean&. Ne.,em_dash,matched_headword,high,machine_accepted,direct_page_headword_match,machine_derived,true,false
ORT1888-art-000346,spa,Apretar por detras ó delante de la mida,,Ortega1888[27],ORT1888-cand-000346,ORTEGA1888-TEPIC-IA,31,27,1209,1211,Apretar por detras ó delante de la mida. — Acurarahuána. | Ne. Acuracáne. Ne.,em_dash,matched_headword,high,machine_accepted,direct_page_headword_match,machine_derived,true,false
ORT1888-art-000347,spa,Apretar como el tercio,,Ortega1888[27],ORT1888-cand-000347,ORTEGA1888-TEPIC-IA,31,27,1212,1213,"Apretar como el tercio. ,— Acurahékehua. Nete.",em_dash,matched_headword,high,machine_accepted,direct_page_headword_match,machine_derived,true,false
ORT1888-art-000348,spa,Apretar algo como la mano,,Ortega1888[27],ORT1888-cand-000348,ORTEGA1888-TEPIC-IA,31,27,1214,1215,Apretar algo como la mano. — Nteácate. Nete.,em_dash,matched_headword,high,machine_accepted,direct_page_headword_match,machine_derived,true,false
ORT1888-art-000349,spa,Apretar los dientes,,Ortega1888[27],ORT1888-cand-000349,ORTEGA1888-TEPIC-IA,31,27,1216,1217,Apretar los dientes.— s Aheche. Nebeche.,em_dash,matched_headword,high,machine_accepted,direct_page_headword_match,machine_derived,true,false
ORT1888-art-000350,spa,Apriesa,,Ortega1888[27],ORT1888-cand-000350,ORTEGA1888-TEPIC-IA,31,27,1218,1219,Apriesa. — Viyetat.,em_dash,matched_headword,high,machine_accepted,direct_page_headword_match,machine_derived,true,false
ORT1888-art-000351,spa,Apropiarse alguna cosa,,Ortega1888[27],ORT1888-cand-000351,ORTEGA1888-TEPIC-IA,31,27,1220,1222,Apropiarse alguna cosa — Huateuacórtzite. Neteutancórt- | zite.,em_dash,matched_headword,high,machine_accepted,direct_page_headword_match,machine_derived,true,false
ORT1888-art-000352,spa,Aprobar alguna cosa por buena,,Ortega1888[27],ORT1888-cand-000352,ORTEGA1888-TEPIC-IA,31,27,1223,1224,Aprobar alguna cosa por buena. — Taxébe. Neteu.,em_dash,matched_headword,high,machine_accepted,direct_page_headword_match,machine_derived,true,false
ORT1888-art-000353,spa,Apuntar á otro,,Ortega1888[27],ORT1888-cand-000353,ORTEGA1888-TEPIC-IA,31,27,1225,1226,Apuntar á otro. — Gurebechi. Neti.,em_dash,matched_headword,high,machine_accepted,direct_page_headword_match,machine_derived,true,false
ORT1888-art-000354,spa,Apuntalar algo,,Ortega1888[27],ORT1888-cand-000354,ORTEGA1888-TEPIC-IA,31,27,1227,1228,Apuntalar algo. — fttzit/é Neteu.,em_dash,matched_headword,high,machine_accepted,direct_page_headword_match,machine_derived,true,false
ORT1888-art-000355,spa,Apuntar con el dedo a alguna parte,,Ortega1888[27],ORT1888-cand-000355,ORTEGA1888-TEPIC-IA,31,27,1229,1231,Apuntar con el dedo a alguna parte. -Vpauxeté. Vnauxe- | té.,hyphen_variant,matched_headword,medium,machine_accepted,direct_page_headword_match,machine_derived,true,false
ORT1888-art-000356,spa,Arpié hora?,,Ortega1888[27],ORT1888-cand-000356,ORTEGA1888-TEPIC-IA,31,27,1232,1233,Arpié hora? — Atzatue?,em_dash,matched_headword,high,machine_accepted,direct_page_headword_match,machine_derived,true,false
ORT1888-art-000357,spa,Aquel,,Ortega1888[27],ORT1888-cand-000357,ORTEGA1888-TEPIC-IA,31,27,1234,1235,Aquel. -^Aehpu.,hyphen_variant,matched_headword,medium,machine_accepted,direct_page_headword_match,machine_derived,true,false
ORT1888-art-000358,spa,Aquellos,,Ortega1888[27],ORT1888-cand-000358,ORTEGA1888-TEPIC-IA,31,27,1236,1237,Aquellos. — A ehmo.,em_dash,matched_headword,high,machine_accepted,direct_page_headword_match,machine_derived,true,false
ORT1888-art-000359,spa,Aquello,,Ortega1888[27],ORT1888-cand-000359,ORTEGA1888-TEPIC-IA,31,27,1238,1239,Aquello. — Etnie. Mtf^inuec.,em_dash,matched_headword,high,machine_accepted,direct_page_headword_match,machine_derived,true,false
ORT1888-art-000360,spa,Aqueso mismo,,Ortega1888[27],ORT1888-cand-000360,ORTEGA1888-TEPIC-IA,31,27,1240,1241,Aqueso mismo. — Amuéhca.,em_dash,matched_headword,high,machine_accepted,direct_page_headword_match,machine_derived,true,false
ORT1888-art-000361,spa,Aqueste mismo,,Ortega1888[27],ORT1888-cand-000361,ORTEGA1888-TEPIC-IA,31,27,1242,1243,Aqueste mismo. — Tic.,em_dash,matched_headword,high,machine_accepted,direct_page_headword_match,machine_derived,true,false
ORT1888-art-000362,spa,A qué tiempo?,,Ortega1888[27],ORT1888-cand-000362,ORTEGA1888-TEPIC-IA,31,27,1244,1245,A qué tiempo? — Anatuc?,em_dash,matched_headword,high,machine_accepted,direct_page_headword_match,machine_derived,true,false
ORT1888-art-000363,spa,Aquí,,Ortega1888[27],ORT1888-cand-000363,ORTEGA1888-TEPIC-IA,31,27,1246,1247,Aquí. — Iye.,em_dash,matched_headword,high,machine_accepted,direct_page_headword_match,machine_derived,true,false
ORT1888-art-000364,spa,A quien?,,Ortega1888[27],ORT1888-cand-000364,ORTEGA1888-TEPIC-IA,31,27,1248,1249,A quien?; — Atac?,em_dash,matched_headword,high,machine_accepted,direct_page_headword_match,machine_derived,true,false
ORT1888-art-000365,spa,Arar con bueyes,,Ortega1888[27],ORT1888-cand-000365,ORTEGA1888-TEPIC-IA,31,27,1250,1251,Arar con bueyes. — Taceáhua. Ne.,em_dash,matched_headword,high,machine_accepted,direct_page_headword_match,machine_derived,true,false
ORT1888-art-000366,spa,Araña,,Ortega1888[27],ORT1888-cand-000366,ORTEGA1888-TEPIC-IA,31,27,1252,1253,"Araña. — Tucati. pl. Tu cate i,",em_dash,matched_headword,high,machine_accepted,direct_page_headword_match,machine_derived,true,false
ORT1888-art-000367,spa,"Árbol, generalmente palo ó madero",,Ortega1888[27],ORT1888-cand-000367,ORTEGA1888-TEPIC-IA,31,27,1254,1256,"Árbol, generalmente palo ó madero.— ^Couyet. | Árbol cuya raiz tomada en la boca es muy eficaz para do-",em_dash,matched_headword,high,machine_accepted,direct_page_headword_match,machine_derived,true,false
ORT1888-art-000368,spa,lor de muelas,,Ortega1888[27],ORT1888-cand-000368,ORTEGA1888-TEPIC-IA,31,27,1257,1259,lor de muelas. — Tamaehhuoa. | Árbol cuya corteza sirve para ínchasones de golpe y para,em_dash,matched_headword,high,machine_accepted,direct_page_headword_match,machine_derived,true,false
ORT1888-art-000369,spa,encarnar mataduras de Caballo,,Ortega1888[27],ORT1888-cand-000369,ORTEGA1888-TEPIC-IA,31,27,1260,1265,encarnar mataduras de Caballo. — Hunuaxá. | BÍírea*'^,em_dash,matched_headword,high,machine_accepted,direct_page_headword_match,machine_derived,true,false
ORT1888-art-000370,spa,matar los piojos,,Ortega1888[28],ORT1888-cand-000370,ORTEGA1888-TEPIC-IA,32,28,1269,1272,"matar los piojos. — Umuás- | í las mujeres, que pa-",em_dash,matched_headword,high,machine_accepted,direct_page_headword_match,machine_derived,true,false
ORT1888-art-000371,spa,em peines,,Ortega1888[28],ORT1888-cand-000371,ORTEGA1888-TEPIC-IA,32,28,1273,1278,"em peines. — Aitzü- | ani males, como Le.o- | Arbol cuya corteza sirve para",em_dash,matched_headword,high,machine_accepted,direct_page_headword_match,machine_derived,true,false
ORT1888-art-000372,spa,decen de las caderas,,Ortega1888[28],ORT1888-cand-000372,ORTEGA1888-TEPIC-IA,32,28,1282,1287,decen de las caderas. — Muaxa. | Árbol cuya leche es buena para cu raí | ri. | Árbol cuya raiz es eficaz para matar,em_dash,matched_headword,high,machine_accepted,direct_page_headword_match,machine_derived,true,false
ORT1888-art-000373,spa,"nes, Caimanes, etc",,Ortega1888[28],ORT1888-cand-000373,ORTEGA1888-TEPIC-IA,32,28,1288,1290,"nes, Caimanes, etc. — Cayechi. | Árbol cuyas hojas y cáscalas hervidas, y bebida el agua",em_dash,matched_headword,high,machine_accepted,direct_page_headword_match,machine_derived,true,false
ORT1888-art-000374,spa,dicen ser eficaz para el que tiene cursos,,Ortega1888[28],ORT1888-cand-000374,ORTEGA1888-TEPIC-IA,32,28,1291,1295,dicen ser eficaz para el que tiene cursos. — Euvn. | Árbol cuya corteza suele servir de jabón á los pobres. — | Quanixa. | Árbol cuya raiz es eficaz para soldar cualquier hueso que-,em_dash,matched_headword,high,machine_accepted,direct_page_headword_match,machine_derived,true,false
ORT1888-art-000375,spa,brado,,Ortega1888[28],ORT1888-cand-000375,ORTEGA1888-TEPIC-IA,32,28,1296,1296,brado.— Náchiabhua.,em_dash,matched_headword,high,machine_accepted,direct_page_headword_match,machine_derived,true,false
ORT1888-art-000376,spa,Arboleda,,Ortega1888[28],ORT1888-cand-000376,ORTEGA1888-TEPIC-IA,32,28,1297,1297,Arboleda. — Cóuyetzahta,em_dash,matched_headword,high,machine_accepted,direct_page_headword_match,machine_derived,true,false
ORT1888-art-000377,spa,Arco para tirar flecha,,Ortega1888[28],ORT1888-cand-000377,ORTEGA1888-TEPIC-IA,32,28,1298,1298,Arco para tirar flecha. — Tunamoati.,em_dash,matched_headword,high,machine_accepted,direct_page_headword_match,machine_derived,true,false
ORT1888-art-000378,spa,Arco del cielo,,Ortega1888[28],ORT1888-cand-000378,ORTEGA1888-TEPIC-IA,32,28,1299,1299,Arco del cielo. — Cuuxat.,em_dash,matched_headword,high,machine_accepted,direct_page_headword_match,machine_derived,true,false
ORT1888-art-000379,spa,Arco,,Ortega1888[27],ORT1888-cand-000379,ORTEGA1888-TEPIC-IA,31,27,1300,1300,Arco. — Tot u a ri.,em_dash,matched_headword,high,machine_accepted,direct_page_headword_match,machine_derived,true,false
ORT1888-art-000380,spa,Arcos poner,,Ortega1888[28],ORT1888-cand-000380,ORTEGA1888-TEPIC-IA,32,28,1301,1301,Arcos poner.— Titotna. Ne.,em_dash,matched_headword,high,machine_accepted,direct_page_headword_match,machine_derived,true,false
ORT1888-art-000381,spa,Arderse algo,,Ortega1888[28],ORT1888-cand-000381,ORTEGA1888-TEPIC-IA,32,28,1302,1302,Arderse algo — Taa Nea.,em_dash,matched_headword,high,machine_accepted,direct_page_headword_match,machine_derived,true,false
ORT1888-art-000382,spa,Arder la lumbre,,Ortega1888[28],ORT1888-cand-000382,ORTEGA1888-TEPIC-IA,32,28,1303,1303,Arder la lumbre. — Ata.,em_dash,matched_headword,high,machine_accepted,direct_page_headword_match,machine_derived,true,false
ORT1888-art-000383,spa,Arder la candela,,Ortega1888[28],ORT1888-cand-000383,ORTEGA1888-TEPIC-IA,32,28,1304,1304,Arder la candela. — Antitá.,em_dash,matched_headword,high,machine_accepted,direct_page_headword_match,machine_derived,true,false
ORT1888-art-000384,spa,Arena,,Ortega1888[28],ORT1888-cand-000384,ORTEGA1888-TEPIC-IA,32,28,1305,1305,Arena. — Cehti.,em_dash,matched_headword,high,machine_accepted,direct_page_headword_match,machine_derived,true,false
ORT1888-art-000385,spa,Arenal. r,,Ortega1888[28],ORT1888-cand-000385,ORTEGA1888-TEPIC-IA,32,28,1306,1306,Arenal. r-Ceáta.,hyphen_variant,matched_headword,medium,machine_accepted,direct_page_headword_match,machine_derived,true,false
ORT1888-art-000386,spa,Arenosa cosa,,Ortega1888[28],ORT1888-cand-000386,ORTEGA1888-TEPIC-IA,32,28,1307,1307,Arenosa cosa. — Ceamuavi.,em_dash,matched_headword,high,machine_accepted,direct_page_headword_match,machine_derived,true,false
ORT1888-art-000387,spa,Arina,,Ortega1888[28],ORT1888-cand-000387,ORTEGA1888-TEPIC-IA,32,28,1308,1309,Arina. — Maa/^wziti.,em_dash,matched_headword,high,machine_accepted,direct_page_headword_match,machine_derived,true,false
ORT1888-art-000388,spa,Armarse para batalla,,Ortega1888[28],ORT1888-cand-000388,ORTEGA1888-TEPIC-IA,32,28,1310,1310,Armarse para batalla.-- Utahua. Nean tahua.,hyphen_variant,matched_headword,medium,machine_accepted,direct_page_headword_match,machine_derived,true,false
ORT1888-art-000389,spa,"Armadillo, animal",,Ortega1888[28],ORT1888-cand-000389,ORTEGA1888-TEPIC-IA,32,28,1311,1311,"Armadillo, animal. — X^wyet. pl. tzi",em_dash,matched_headword,high,machine_accepted,direct_page_headword_match,machine_derived,true,false
ORT1888-art-000390,spa,Arraigarse algo ó hechar raices,,Ortega1888[28],ORT1888-cand-000390,ORTEGA1888-TEPIC-IA,32,28,1312,1312,Arraigarse algo ó hechar raices. — Ahuaobauate. N.,em_dash,matched_headword,high,machine_accepted,direct_page_headword_match,machine_derived,true,false
ORT1888-art-000391,spa,Arrancar algo de raiz,,Ortega1888[28],ORT1888-cand-000391,ORTEGA1888-TEPIC-IA,32,28,1313,1313,"Arrancar algo de raiz.— , Tacú pí. Nete.",em_dash,matched_headword,high,machine_accepted,direct_page_headword_match,machine_derived,true,false
ORT1888-art-000392,spa,Arrancar lo que está hincado,,Ortega1888[28],ORT1888-cand-000392,ORTEGA1888-TEPIC-IA,32,28,1314,1319,"Arrancar lo que está hincado. — Tana, Nete. | 29",em_dash,matched_headword,high,machine_accepted,direct_page_headword_match,machine_derived,true,false
ORT1888-art-000393,spa,Arrancar pelos,,Ortega1888[29],ORT1888-cand-000393,ORTEGA1888-TEPIC-IA,33,29,1320,1321,Arrancar pelos --Tacupi. Nete._,hyphen_variant,matched_headword,medium,machine_accepted,direct_page_headword_match,machine_derived,true,false
ORT1888-art-000394,spa,Arrastrar algo,,Ortega1888[29],ORT1888-cand-000394,ORTEGA1888-TEPIC-IA,33,29,1322,1323,Arrastrar algo. — Teahánane. Neti.,em_dash,matched_headword,high,machine_accepted,direct_page_headword_match,machine_derived,true,false
ORT1888-art-000395,spa,Arrastrar el Caballo á alguno,,Ortega1888[29],ORT1888-cand-000395,ORTEGA1888-TEPIC-IA,33,29,1324,1325,Arrastrar el Caballo á alguno. — Tzftrazte. Neten.,em_dash,matched_headword,high,machine_accepted,direct_page_headword_match,machine_derived,true,false
ORT1888-art-000396,spa,Arrastrar de los cabellos,,Ortega1888[29],ORT1888-cand-000396,ORTEGA1888-TEPIC-IA,33,29,1326,1327,"Arrastrar de los cabellos.— .Cancona, Neti.",em_dash,matched_headword,high,machine_accepted,direct_page_headword_match,machine_derived,true,false
ORT1888-art-000397,spa,Arrebatar algo,,Ortega1888[29],ORT1888-cand-000397,ORTEGA1888-TEPIC-IA,33,29,1328,1329,"Arrebatar algo. ,— Ahueanahuári. Nete.",em_dash,matched_headword,high,machine_accepted,direct_page_headword_match,machine_derived,true,false
ORT1888-art-000398,spa,Arremangar á la muger,,Ortega1888[29],ORT1888-cand-000398,ORTEGA1888-TEPIC-IA,33,29,1330,1331,Arremangar á la muger. — Vhyeuhpata. Nete.,em_dash,matched_headword,high,machine_accepted,direct_page_headword_match,machine_derived,true,false
ORT1888-art-000399,spa,Arrendar algo á renta,,Ortega1888[29],ORT1888-cand-000399,ORTEGA1888-TEPIC-IA,33,29,1332,1333,Arrendar algo á renta. — Tte Neten.,em_dash,matched_headword,high,machine_accepted,direct_page_headword_match,machine_derived,true,false
ORT1888-art-000400,spa,Arrepentirse de lo hecho,,Ortega1888[29],ORT1888-cand-000400,ORTEGA1888-TEPIC-IA,33,29,1334,1335,Arrepentirse de lo hecho. — .Autaumuarercaca. N.,em_dash,matched_headword,high,machine_accepted,direct_page_headword_match,machine_derived,true,false
ORT1888-art-000401,spa,Anesgarse á hacer algo. r,,Ortega1888[29],ORT1888-cand-000401,ORTEGA1888-TEPIC-IA,33,29,1336,1337,Anesgarse á hacer algo. r-Veanheiyete. Nucaneiyete.,hyphen_variant,matched_headword,medium,machine_accepted,direct_page_headword_match,machine_derived,true,false
ORT1888-art-000402,spa,Arriba,,Ortega1888[29],ORT1888-cand-000402,ORTEGA1888-TEPIC-IA,33,29,1338,1339,Arriba.— Méhtevi.,em_dash,matched_headword,high,machine_accepted,direct_page_headword_match,machine_derived,true,false
ORT1888-art-000403,spa,Arriba no lejos,,Ortega1888[29],ORT1888-cand-000403,ORTEGA1888-TEPIC-IA,33,29,1340,1341,Arriba no lejos. — Mehtivéhiri.,em_dash,matched_headword,high,machine_accepted,direct_page_headword_match,machine_derived,true,false
ORT1888-art-000404,spa,Arriba lejos y alto conn» el cerro,,Ortega1888[29],ORT1888-cand-000404,ORTEGA1888-TEPIC-IA,33,29,1342,1343,Arriba lejos y alto conn» el cerro. ^-Vhtevicühmoa.,hyphen_variant,matched_headword,medium,machine_accepted,direct_page_headword_match,machine_derived,true,false
ORT1888-art-000405,spa,Ai riba por donde viene el rio,,Ortega1888[29],ORT1888-cand-000405,ORTEGA1888-TEPIC-IA,33,29,1344,1345,Ai riba por donde viene el rio. — Yuhtepoa. Mehtepoa.,em_dash,matched_headword,high,machine_accepted,direct_page_headword_match,machine_derived,true,false
ORT1888-art-000406,spa,Arriba como en la azotea,,Ortega1888[29],ORT1888-cand-000406,ORTEGA1888-TEPIC-IA,33,29,1346,1347,Arriba como en la azotea. — Méntevi.,em_dash,matched_headword,high,machine_accepted,direct_page_headword_match,machine_derived,true,false
ORT1888-art-000407,spa,Animarse á alguna cosa,,Ortega1888[29],ORT1888-cand-000407,ORTEGA1888-TEPIC-IA,33,29,1348,1350,Animarse á alguna cosa. — Etzanpuhaxcuhre. Etzanuá | xenliere.,em_dash,matched_headword,high,machine_accepted,direct_page_headword_match,machine_derived,true,false
ORT1888-art-000408,spa,Arrodillarse,,Ortega1888[29],ORT1888-cand-000408,ORTEGA1888-TEPIC-IA,33,29,1351,1351,Arrodillarse. — Ti ton 6'. Neatonó.,em_dash,matched_headword,high,machine_accepted,direct_page_headword_match,machine_derived,true,false
ORT1888-art-000409,spa,Atrojar algo,,Ortega1888[29],ORT1888-cand-000409,ORTEGA1888-TEPIC-IA,33,29,1352,1352,Atrojar algo. — Tae. Neten.,em_dash,matched_headword,high,machine_accepted,direct_page_headword_match,machine_derived,true,false
ORT1888-art-000410,spa,Arroyo,,Ortega1888[29],ORT1888-cand-000410,ORTEGA1888-TEPIC-IA,33,29,1353,1354,Arroyo. — A<hit.,em_dash,matched_headword,high,machine_accepted,direct_page_headword_match,machine_derived,true,false
ORT1888-art-000411,spa,"Arrollar manta, estera, etc",,Ortega1888[29],ORT1888-cand-000411,ORTEGA1888-TEPIC-IA,33,29,1355,1355,"Arrollar manta, estera, etc. — Tahiií. Neten.",em_dash,matched_headword,high,machine_accepted,direct_page_headword_match,machine_derived,true,false
ORT1888-art-000412,spa,Arropai',,Ortega1888[29],ORT1888-cand-000412,ORTEGA1888-TEPIC-IA,33,29,1356,1356,Arropai'. — Bánamoa. Nete.,em_dash,matched_headword,high,machine_accepted,direct_page_headword_match,machine_derived,true,false
ORT1888-art-000413,spa,Arrugar ó plegar,,Ortega1888[29],ORT1888-cand-000413,ORTEGA1888-TEPIC-IA,33,29,1357,1357,Arrugar ó plegar. — Auxütaí. Neti.,em_dash,matched_headword,high,machine_accepted,direct_page_headword_match,machine_derived,true,false
ORT1888-art-000414,spa,Arrugada tener la cara,,Ortega1888[29],ORT1888-cand-000414,ORTEGA1888-TEPIC-IA,33,29,1358,1358,"Arrugada tener la cara, — Viteahuaini Ne.",em_dash,matched_headword,high,machine_accepted,direct_page_headword_match,machine_derived,true,false
ORT1888-art-000415,spa,Altarse por comer mucho,,Ortega1888[29],ORT1888-cand-000415,ORTEGA1888-TEPIC-IA,33,29,1359,1359,Altarse por comer mucho. — Huatahuxái. Natahuaxai.,em_dash,matched_headword,high,machine_accepted,direct_page_headword_match,machine_derived,true,false
ORT1888-art-000416,spa,Asaetear,,Ortega1888[29],ORT1888-cand-000416,ORTEGA1888-TEPIC-IA,33,29,1360,1360,Asaetear. — Tamui. Neten.,em_dash,matched_headword,high,machine_accepted,direct_page_headword_match,machine_derived,true,false
ORT1888-art-000417,spa,Asco tener de algo,,Ortega1888[29],ORT1888-cand-000417,ORTEGA1888-TEPIC-IA,33,29,1361,1361,"Asco tener de algo. ,— Xanavi Neti.",em_dash,matched_headword,high,machine_accepted,direct_page_headword_match,machine_derived,true,false
ORT1888-art-000418,spa,Asir algo,,Ortega1888[29],ORT1888-cand-000418,ORTEGA1888-TEPIC-IA,33,29,1362,1362,Asir algo. — Té vi. Neten.,em_dash,matched_headword,high,machine_accepted,direct_page_headword_match,machine_derived,true,false
ORT1888-art-000419,spa,Asirse de algo,,Ortega1888[29],ORT1888-cand-000419,ORTEGA1888-TEPIC-IA,33,29,1363,1363,Asirse de algo — Tiatévi. Tinatévi.,em_dash,matched_headword,high,machine_accepted,direct_page_headword_match,machine_derived,true,false
ORT1888-art-000420,spa,Asma tener,,Ortega1888[29],ORT1888-cand-000420,ORTEGA1888-TEPIC-IA,33,29,1364,1364,Asma tener. — Iaxuhpua. Ne.,em_dash,matched_headword,high,machine_accepted,direct_page_headword_match,machine_derived,true,false
ORT1888-art-000421,spa,Asolear algo,,Ortega1888[29],ORT1888-cand-000421,ORTEGA1888-TEPIC-IA,33,29,1365,1365,"Asolear algo. — Hatzia, Neti.",em_dash,matched_headword,high,machine_accepted,direct_page_headword_match,machine_derived,true,false
ORT1888-art-000422,spa,Áspera cosa,,Ortega1888[29],ORT1888-cand-000422,ORTEGA1888-TEPIC-IA,33,29,1366,1371,Áspera cosa. — Cachea Ceauehiá. | 30,em_dash,matched_headword,high,machine_accepted,direct_page_headword_match,machine_derived,true,false
ORT1888-art-000423,spa,Asena ó brasa,,Ortega1888[30],ORT1888-cand-000423,ORTEGA1888-TEPIC-IA,34,30,1372,1373,Asena ó brasa.-^Teuxcuárit.,hyphen_variant,matched_headword,medium,machine_accepted,direct_page_headword_match,machine_derived,true,false
ORT1888-art-000424,spa,Asar,,Ortega1888[30],ORT1888-cand-000424,ORTEGA1888-TEPIC-IA,34,30,1374,1375,Asar. — Huarácca. Neti.,em_dash,matched_headword,high,machine_accepted,direct_page_headword_match,machine_derived,true,false
ORT1888-art-000425,spa,Asador en que se asa,,Ortega1888[30],ORT1888-cand-000425,ORTEGA1888-TEPIC-IA,34,30,1376,1377,Asador en que se asa. — Hua^'xcamet.,em_dash,matched_headword,high,machine_accepted,direct_page_headword_match,machine_derived,true,false
ORT1888-art-000426,spa,Asentarse las heces,,Ortega1888[30],ORT1888-cand-000426,ORTEGA1888-TEPIC-IA,34,30,1378,1379,Asentarse las heces.— Vhuateyeux. Vhuáteaoceaehri.,em_dash,matched_headword,high,machine_accepted,direct_page_headword_match,machine_derived,true,false
ORT1888-art-000427,spa,Asi,,Ortega1888[30],ORT1888-cand-000427,ORTEGA1888-TEPIC-IA,34,30,1380,1381,Asi. — Ayahna.,em_dash,matched_headword,high,machine_accepted,direct_page_headword_match,machine_derived,true,false
ORT1888-art-000428,spa,"Así, de ests manera",,Ortega1888[30],ORT1888-cand-000428,ORTEGA1888-TEPIC-IA,34,30,1382,1384,"Así, de ests manera. — leí Iteupi. Iescu. Iteupene. Iete- | vi.",em_dash,matched_headword,high,machine_accepted,direct_page_headword_match,machine_derived,true,false
ORT1888-art-000429,spa,"Asiento, donde se sientan",,Ortega1888[30],ORT1888-cand-000429,ORTEGA1888-TEPIC-IA,34,30,1385,1385,"Asiento, donde se sientan. — Eupuarr.",em_dash,matched_headword,high,machine_accepted,direct_page_headword_match,machine_derived,true,false
ORT1888-art-000430,spa,Asolar ó destruir,,Ortega1888[30],ORT1888-cand-000430,ORTEGA1888-TEPIC-IA,34,30,1386,1386,"Asolar ó destruir. — Xeux, Neti.",em_dash,matched_headword,high,machine_accepted,direct_page_headword_match,machine_derived,true,false
ORT1888-art-000431,spa,Asomar la cabeza,,Ortega1888[30],ORT1888-cand-000431,ORTEGA1888-TEPIC-IA,34,30,1387,1387,Asomar la cabeza.— Amoaneri. N.,em_dash,matched_headword,high,machine_accepted,direct_page_headword_match,machine_derived,true,false
ORT1888-art-000432,spa,Asombrarse,,Ortega1888[30],ORT1888-cand-000432,ORTEGA1888-TEPIC-IA,34,30,1388,1388,Asombrarse.— Viten xa bu a. N.,em_dash,matched_headword,high,machine_accepted,direct_page_headword_match,machine_derived,true,false
ORT1888-art-000433,spa,Astillas,,Ortega1888[30],ORT1888-cand-000433,ORTEGA1888-TEPIC-IA,34,30,1389,1389,"Astillas. — Tzatzái lit,",em_dash,matched_headword,high,machine_accepted,direct_page_headword_match,machine_derived,true,false
ORT1888-art-000434,spa,Asta cuando?,,Ortega1888[30],ORT1888-cand-000434,ORTEGA1888-TEPIC-IA,34,30,1390,1390,Asta cuando?— Anaene?,em_dash,matched_headword,high,machine_accepted,direct_page_headword_match,machine_derived,true,false
ORT1888-art-000435,spa,Asta que,,Ortega1888[30],ORT1888-cand-000435,ORTEGA1888-TEPIC-IA,34,30,1391,1391,Asta que. — Anah.,em_dash,matched_headword,high,machine_accepted,direct_page_headword_match,machine_derived,true,false
ORT1888-art-000436,spa,Atar algo,,Ortega1888[29],ORT1888-cand-000436,ORTEGA1888-TEPIC-IA,33,29,1392,1392,"Atar algo.-., Tape. Neti.",hyphen_variant,matched_headword,medium,machine_accepted,direct_page_headword_match,machine_derived,true,false
ORT1888-art-000437,spa,Atar las manos,,Ortega1888[30],ORT1888-cand-000437,ORTEGA1888-TEPIC-IA,34,30,1393,1393,Atar las manos. — Amúaheca. Nete,em_dash,matched_headword,high,machine_accepted,direct_page_headword_match,machine_derived,true,false
ORT1888-art-000438,spa,Atar del cuello,,Ortega1888[30],ORT1888-cand-000438,ORTEGA1888-TEPIC-IA,34,30,1394,1394,Atar del cuello. — Neteáheca. Nete.,em_dash,matched_headword,high,machine_accepted,direct_page_headword_match,machine_derived,true,false
ORT1888-art-000439,spa,Atar manos y pies,,Ortega1888[30],ORT1888-cand-000439,ORTEGA1888-TEPIC-IA,34,30,1395,1395,Atar manos y pies. — Teáheca. Neteu,em_dash,matched_headword,high,machine_accepted,direct_page_headword_match,machine_derived,true,false
ORT1888-art-000440,spa,Atar los pies,,Ortega1888[30],ORT1888-cand-000440,ORTEGA1888-TEPIC-IA,34,30,1396,1396,Atar los pies. — Amuáheca: Nete.,em_dash,matched_headword,high,machine_accepted,direct_page_headword_match,machine_derived,true,false
ORT1888-art-000441,spa,Atar por medio del cuerpo,,Ortega1888[30],ORT1888-cand-000441,ORTEGA1888-TEPIC-IA,34,30,1397,1397,"Atar por medio del cuerpo. — Báheca, Nete.",em_dash,matched_headword,high,machine_accepted,direct_page_headword_match,machine_derived,true,false
ORT1888-art-000442,spa,Atarse el pelo,,Ortega1888[30],ORT1888-cand-000442,ORTEGA1888-TEPIC-IA,34,30,1398,1398,Atarse el pelo. — Vbaúheke. Nubehneke.,em_dash,matched_headword,high,machine_accepted,direct_page_headword_match,machine_derived,true,false
ORT1888-art-000443,spa,Atajar á otro,,Ortega1888[30],ORT1888-cand-000443,ORTEGA1888-TEPIC-IA,34,30,1399,1400,Atajar á otro. — Teaii. Neteu.,em_dash,matched_headword,high,machine_accepted,direct_page_headword_match,machine_derived,true,false
ORT1888-art-000444,spa,Atajar ir por camino mas breve,,Ortega1888[30],ORT1888-cand-000444,ORTEGA1888-TEPIC-IA,34,30,1401,1401,Atajar ir por camino mas breve.— Ancurehey^tá. N.,em_dash,matched_headword,high,machine_accepted,direct_page_headword_match,machine_derived,true,false
ORT1888-art-000445,spa,Ataviarse,,Ortega1888[30],ORT1888-cand-000445,ORTEGA1888-TEPIC-IA,34,30,1402,1402,Ataviarse. — Fuhvipouhve. Eubrincaóure.,em_dash,matched_headword,high,machine_accepted,direct_page_headword_match,machine_derived,true,false
ORT1888-art-000446,spa,Atemorisar á alguno,,Ortega1888[30],ORT1888-cand-000446,ORTEGA1888-TEPIC-IA,34,30,1403,1403,Atemorisar á alguno. — Amuarite. Neti.,em_dash,matched_headword,high,machine_accepted,direct_page_headword_match,machine_derived,true,false
ORT1888-art-000447,spa,"Atento, estar á lo que se dice",,Ortega1888[30],ORT1888-cand-000447,ORTEGA1888-TEPIC-IA,34,30,1404,1406,"Atento, estar á lo que se dice. — Temuapuanamoá. Temua- | n an moa,",em_dash,matched_headword,high,machine_accepted,direct_page_headword_match,machine_derived,true,false
ORT1888-art-000448,spa,Atestiguar,,Ortega1888[30],ORT1888-cand-000448,ORTEGA1888-TEPIC-IA,34,30,1407,1407,Atestiguar. — Ti moaré re. Nete.,em_dash,matched_headword,high,machine_accepted,direct_page_headword_match,machine_derived,true,false
ORT1888-art-000449,spa,Atizar el fuego,,Ortega1888[30],ORT1888-cand-000449,ORTEGA1888-TEPIC-IA,34,30,1408,1408,Atizar el fuego. — Aiíáá. N.,em_dash,matched_headword,high,machine_accepted,direct_page_headword_match,machine_derived,true,false
ORT1888-art-000450,spa,Atollarse,,Ortega1888[30],ORT1888-cand-000450,ORTEGA1888-TEPIC-IA,34,30,1409,1409,Atollarse. — Huaopi. Naopi.,em_dash,matched_headword,high,machine_accepted,direct_page_headword_match,machine_derived,true,false
ORT1888-art-000451,spa,Aturdido estar,,Ortega1888[30],ORT1888-cand-000451,ORTEGA1888-TEPIC-IA,34,30,1410,1410,Aturdido estar. — Tecaihre. Ne.,em_dash,matched_headword,high,machine_accepted,direct_page_headword_match,machine_derived,true,false
ORT1888-art-000452,spa,Atormentar,,Ortega1888[30],ORT1888-cand-000452,ORTEGA1888-TEPIC-IA,34,30,1411,1416,Atormentar. ^-Poaihte Neti. | r^*^/1 **,hyphen_variant,matched_headword,medium,machine_accepted,direct_page_headword_match,machine_derived,true,false
ORT1888-art-000453,spa,Atrancar puerta desde el suelo,,Ortega1888[31],ORT1888-cand-000453,ORTEGA1888-TEPIC-IA,35,31,1420,1421,Atrancar puerta desde el suelo.— Aetzitzé. Ne.,em_dash,matched_headword,high,machine_accepted,direct_page_headword_match,machine_derived,true,false
ORT1888-art-000454,spa,"Atravesar la flecha, al blanco",,Ortega1888[31],ORT1888-cand-000454,ORTEGA1888-TEPIC-IA,35,31,1422,1423,"Atravesar la flecha, al blanco. — Atne.",em_dash,matched_headword,high,machine_accepted,direct_page_headword_match,machine_derived,true,false
ORT1888-art-000455,spa,Atravesar y pasar toda la flecha,,Ortega1888[31],ORT1888-cand-000455,ORTEGA1888-TEPIC-IA,35,31,1424,1425,Atravesar y pasar toda la flecha. — Anáhoa.,em_dash,matched_headword,high,machine_accepted,direct_page_headword_match,machine_derived,true,false
ORT1888-art-000456,spa,Atropellar,,Ortega1888[31],ORT1888-cand-000456,ORTEGA1888-TEPIC-IA,35,31,1426,1427,"Atropellar. — Ntitacheaea, Nete.",em_dash,matched_headword,high,machine_accepted,direct_page_headword_match,machine_derived,true,false
ORT1888-art-000457,spa,"Atole, bebida de Indias",,Ortega1888[31],ORT1888-cand-000457,ORTEGA1888-TEPIC-IA,35,31,1428,1429,"Atole, bebida de Indias. — Puztéri, Zeüneare»",em_dash,matched_headword,high,machine_accepted,direct_page_headword_match,machine_derived,true,false
ORT1888-art-000458,spa,Avaro,,Ortega1888[31],ORT1888-cand-000458,ORTEGA1888-TEPIC-IA,35,31,1430,1431,Avaro. — Nempntzamoaté.,em_dash,matched_headword,high,machine_accepted,direct_page_headword_match,machine_derived,true,false
ORT1888-art-000459,spa,Ave,,Ortega1888[31],ORT1888-cand-000459,ORTEGA1888-TEPIC-IA,35,31,1432,1433,Ave. — Pinazt. pl. Pinazéri.,em_dash,matched_headword,high,machine_accepted,direct_page_headword_match,machine_derived,true,false
ORT1888-art-000460,spa,Avecindarse,,Ortega1888[31],ORT1888-cand-000460,ORTEGA1888-TEPIC-IA,35,31,1434,1435,Avecindarse. — Ichhnátahuá. lenhuataneá.,em_dash,matched_headword,high,machine_accepted,direct_page_headword_match,machine_derived,true,false
ORT1888-art-000461,spa,Aventajar,,Ortega1888[31],ORT1888-cand-000461,ORTEGA1888-TEPIC-IA,35,31,1436,1437,Aventajar. — Amuaéhyetc Nete.,em_dash,matched_headword,high,machine_accepted,direct_page_headword_match,machine_derived,true,false
ORT1888-art-000462,spa,Aventar como trigo,,Ortega1888[31],ORT1888-cand-000462,ORTEGA1888-TEPIC-IA,35,31,1438,1439,Aventar como trigo. — Neatze. Neti.,em_dash,matched_headword,high,machine_accepted,direct_page_headword_match,machine_derived,true,false
ORT1888-art-000463,spa,Añilar el adive,,Ortega1888[31],ORT1888-cand-000463,ORTEGA1888-TEPIC-IA,35,31,1440,1441,Añilar el adive. — Ktfaxa.,em_dash,matched_headword,high,machine_accepted,direct_page_headword_match,machine_derived,true,false
ORT1888-art-000464,spa,Ann no,,Ortega1888[31],ORT1888-cand-000464,ORTEGA1888-TEPIC-IA,35,31,1442,1443,Ann no. — Cexepó.,em_dash,matched_headword,high,machine_accepted,direct_page_headword_match,machine_derived,true,false
ORT1888-art-000465,spa,Anni|iie,,Ortega1888[31],ORT1888-cand-000465,ORTEGA1888-TEPIC-IA,35,31,1444,1445,Anni|iie. — Teinneri.,em_dash,matched_headword,high,machine_accepted,direct_page_headword_match,machine_derived,true,false
ORT1888-art-000466,spa,"Avenir, ó salir de madre e! rio",,Ortega1888[31],ORT1888-cand-000466,ORTEGA1888-TEPIC-IA,35,31,1446,1447,"Avenir, ó salir de madre e! rio. — Me",em_dash,matched_headword,high,machine_accepted,direct_page_headword_match,machine_derived,true,false
ORT1888-art-000467,spa,"Aventar, hacer aire",,Ortega1888[31],ORT1888-cand-000467,ORTEGA1888-TEPIC-IA,35,31,1448,1449,"Aventar, hacer aire. — Ahnttzé. Ne,",em_dash,matched_headword,high,machine_accepted,direct_page_headword_match,machine_derived,true,false
ORT1888-art-000468,spa,Aventador así,,Ortega1888[31],ORT1888-cand-000468,ORTEGA1888-TEPIC-IA,35,31,1450,1453,Aventador así. — TiheaUlhw-Mna. | Aventarse el vientre. Cnnztna.,em_dash,matched_headword,high,machine_accepted,direct_page_headword_match,machine_derived,true,false
ORT1888-art-000469,spa,Avergonzar á otro,,Ortega1888[31],ORT1888-cand-000469,ORTEGA1888-TEPIC-IA,35,31,1454,1455,Avergonzar á otro. ^-Te via. Kete Neti.,hyphen_variant,matched_headword,medium,machine_accepted,direct_page_headword_match,machine_derived,true,false
ORT1888-art-000470,spa,Aver ambre,,Ortega1888[31],ORT1888-cand-000470,ORTEGA1888-TEPIC-IA,35,31,1456,1457,Aver ambre. — Tülirixo.,em_dash,matched_headword,high,machine_accepted,direct_page_headword_match,machine_derived,true,false
ORT1888-art-000471,spa,Axi ó pimentón,,Ortega1888[31],ORT1888-cand-000471,ORTEGA1888-TEPIC-IA,35,31,1458,1459,Axi ó pimentón. — Cncniit.,em_dash,matched_headword,high,machine_accepted,direct_page_headword_match,machine_derived,true,false
ORT1888-art-000472,spa,Axi de los cerros,,Ortega1888[31],ORT1888-cand-000472,ORTEGA1888-TEPIC-IA,35,31,1460,1461,Axi de los cerros. — ..Purái.,em_dash,matched_headword,high,machine_accepted,direct_page_headword_match,machine_derived,true,false
ORT1888-art-000473,spa,Aceederse alofo,,Ortega1888[31],ORT1888-cand-000473,ORTEGA1888-TEPIC-IA,35,31,1462,1467,Aceederse alofo. — Hnatetzinaca. | v^ve.,em_dash,matched_headword,high,machine_accepted,direct_page_headword_match,machine_derived,true,false
ORT1888-art-000474,spa,tener el estomago,,Ortega1888[31],ORT1888-cand-000474,ORTEGA1888-TEPIC-IA,35,31,1468,1473,"tener el estomago. — Tatareáhna. N< | Acedo, | Azero, lo mismo.",em_dash,matched_headword,high,machine_accepted,direct_page_headword_match,machine_derived,true,false
ORT1888-art-000475,spa,"Azul, color",,Ortega1888[31],ORT1888-cand-000475,ORTEGA1888-TEPIC-IA,35,31,1475,1476,"Azul, color. — Hnarávi",em_dash,matched_headword,high,machine_accepted,direct_page_headword_match,machine_derived,true,false
ORT1888-art-000476,spa,Ambre,,Ortega1888[31],ORT1888-cand-000476,ORTEGA1888-TEPIC-IA,35,31,1477,1478,Ambre. -Tzürit.,hyphen_variant,matched_headword,medium,machine_accepted,direct_page_headword_match,machine_derived,true,false
ORT1888-art-000477,spa,Ambre tener,,Ortega1888[31],ORT1888-cand-000477,ORTEGA1888-TEPIC-IA,35,31,1479,1480,Ambre tener. — Icuatn. Ne.,em_dash,matched_headword,high,machine_accepted,direct_page_headword_match,machine_derived,true,false
ORT1888-art-000478,spa,Ardilla por su especie pequeña,,Ortega1888[31],ORT1888-cand-000478,ORTEGA1888-TEPIC-IA,35,31,1481,1482,"Ardilla por su especie pequeña. — Cahtzai. pl,",em_dash,matched_headword,high,machine_accepted,direct_page_headword_match,machine_derived,true,false
ORT1888-art-000479,spa,Ardilla por su especie grande,,Ortega1888[31],ORT1888-cand-000479,ORTEGA1888-TEPIC-IA,35,31,1483,1484,Ardilla por su especie grande. — Teake. pl. ri.,em_dash,matched_headword,high,machine_accepted,direct_page_headword_match,machine_derived,true,false
ORT1888-art-000480,spa,Ardilla que suele bajar al rio,,Ortega1888[31],ORT1888-cand-000480,ORTEGA1888-TEPIC-IA,35,31,1485,1486,Ardilla que suele bajar al rio.— Cheaehni. pl. tzi.,em_dash,matched_headword,high,machine_accepted,direct_page_headword_match,machine_derived,true,false
ORT1888-art-000481,spa,Átomo,,Ortega1888[31],ORT1888-cand-000481,ORTEGA1888-TEPIC-IA,35,31,1487,1492,Átomo. — Cnrúi. pl. tzi. | tzi.,em_dash,matched_headword,high,machine_accepted,direct_page_headword_match,machine_derived,true,false
ORT1888-art-000482,spa,Baba,,Ortega1888[32],ORT1888-cand-000482,ORTEGA1888-TEPIC-IA,36,32,1498,1499,Baba . - — Eu n c ai &,em_dash,matched_headword,high,machine_accepted,direct_page_headword_match,machine_derived,true,false
ORT1888-art-000483,spa,Babear,,Ortega1888[32],ORT1888-cand-000483,ORTEGA1888-TEPIC-IA,36,32,1500,1501,Babear. -^Vbachrieá N.,hyphen_variant,matched_headword,medium,machine_accepted,direct_page_headword_match,machine_derived,true,false
ORT1888-art-000484,spa,Baso para coser las tortillas,,Ortega1888[32],ORT1888-cand-000484,ORTEGA1888-TEPIC-IA,36,32,1502,1503,"Baso para coser las tortillas. ,— Xakéti.",em_dash,matched_headword,high,machine_accepted,direct_page_headword_match,machine_derived,true,false
ORT1888-art-000485,spa,"Baso, parte interior",,Ortega1888[32],ORT1888-cand-000485,ORTEGA1888-TEPIC-IA,36,32,1504,1505,"Baso, parte interior.— sVz-neam.",em_dash,matched_headword,high,machine_accepted,direct_page_headword_match,machine_derived,true,false
ORT1888-art-000486,spa,Bagre,,Ortega1888[32],ORT1888-cand-000486,ORTEGA1888-TEPIC-IA,36,32,1506,1507,Bagre. — Mucizit.,em_dash,matched_headword,high,machine_accepted,direct_page_headword_match,machine_derived,true,false
ORT1888-art-000487,spa,Bahcar,,Ortega1888[32],ORT1888-cand-000487,ORTEGA1888-TEPIC-IA,36,32,1508,1509,"Bahcar, — Tayeye. Ne.",em_dash,matched_headword,high,machine_accepted,direct_page_headword_match,machine_derived,true,false
ORT1888-art-000488,spa,Baho que sale de la boca,,Ortega1888[32],ORT1888-cand-000488,ORTEGA1888-TEPIC-IA,36,32,1510,1511,"Baho que sale de la boca — Yuexu&ii,",em_dash,matched_headword,high,machine_accepted,direct_page_headword_match,machine_derived,true,false
ORT1888-art-000489,spa,Baho que sale tie la tíerra,,Ortega1888[32],ORT1888-cand-000489,ORTEGA1888-TEPIC-IA,36,32,1512,1513,Baho que sale tie la tíerra.-^-Keutzitú,hyphen_variant,matched_headword,medium,machine_accepted,direct_page_headword_match,machine_derived,true,false
ORT1888-art-000490,spa,Bailar algún son,,Ortega1888[32],ORT1888-cand-000490,ORTEGA1888-TEPIC-IA,36,32,1514,1515,Bailar algún son. — Ne. Neti.,em_dash,matched_headword,high,machine_accepted,direct_page_headword_match,machine_derived,true,false
ORT1888-art-000491,spa,Bajar uno de lo alto,,Ortega1888[32],ORT1888-cand-000491,ORTEGA1888-TEPIC-IA,36,32,1516,1517,Bajar uno de lo alto. — Acame. N.,em_dash,matched_headword,high,machine_accepted,direct_page_headword_match,machine_derived,true,false
ORT1888-art-000492,spa,Bajo de cuerpo,,Ortega1888[32],ORT1888-cand-000492,ORTEGA1888-TEPIC-IA,36,32,1518,1519,Bajo de cuerpo. — Atzutetévi. Ateupuliuatebé.,em_dash,matched_headword,high,machine_accepted,direct_page_headword_match,machine_derived,true,false
ORT1888-art-000493,spa,Balza para pasar el rio,,Ortega1888[32],ORT1888-cand-000493,ORTEGA1888-TEPIC-IA,36,32,1520,1521,Balza para pasar el rio. — Vtát/.iti.,em_dash,matched_headword,high,machine_accepted,direct_page_headword_match,machine_derived,true,false
ORT1888-art-000494,spa,Bañar á otro,,Ortega1888[32],ORT1888-cand-000494,ORTEGA1888-TEPIC-IA,36,32,1522,1523,Bañar á otro. — Eiya. Neti.,em_dash,matched_headword,high,machine_accepted,direct_page_headword_match,machine_derived,true,false
ORT1888-art-000495,spa,"Baño, el acto de bañarse",,Ortega1888[32],ORT1888-cand-000495,ORTEGA1888-TEPIC-IA,36,32,1524,1525,"Baño, el acto de bañarse.,— Ehiyat.",em_dash,matched_headword,high,machine_accepted,direct_page_headword_match,machine_derived,true,false
ORT1888-art-000496,spa,Bañarsa,,Ortega1888[32],ORT1888-cand-000496,ORTEGA1888-TEPIC-IA,36,32,1526,1527,Bañarsa. — EÍiua. Ne.,em_dash,matched_headword,high,machine_accepted,direct_page_headword_match,machine_derived,true,false
ORT1888-art-000497,spa,"Barata, darse la cosa",,Ortega1888[32],ORT1888-cand-000497,ORTEGA1888-TEPIC-IA,36,32,1528,1529,"Barata, darse la cosa. — Capuachuanáhshi.",em_dash,matched_headword,high,machine_accepted,direct_page_headword_match,machine_derived,true,false
ORT1888-art-000498,spa,Barbero,,Ortega1888[32],ORT1888-cand-000498,ORTEGA1888-TEPIC-IA,36,32,1530,1531,Barbero. — Titemwtfeizi. Pehuanie pl. tzi.,em_dash,matched_headword,high,machine_accepted,direct_page_headword_match,machine_derived,true,false
ORT1888-art-000499,spa,Barbo,,Ortega1888[32],ORT1888-cand-000499,ORTEGA1888-TEPIC-IA,36,32,1532,1533,"Barbo. — Busca, Bagre.",em_dash,matched_headword,high,machine_accepted,direct_page_headword_match,machine_derived,true,false
ORT1888-art-000500,spa,"Barniz, que ponen a las bateas",,Ortega1888[32],ORT1888-cand-000500,ORTEGA1888-TEPIC-IA,36,32,1534,1535,"Barniz, que ponen a las bateas. — Zeatárit.",em_dash,matched_headword,high,machine_accepted,direct_page_headword_match,machine_derived,true,false
ORT1888-art-000501,spa,Barnizar asi,,Ortega1888[32],ORT1888-cand-000501,ORTEGA1888-TEPIC-IA,36,32,1536,1537,Barnizar asi. — Ewhnua. Neti.,em_dash,matched_headword,high,machine_accepted,direct_page_headword_match,machine_derived,true,false
ORT1888-art-000502,spa,Barranca,,Ortega1888[32],ORT1888-cand-000502,ORTEGA1888-TEPIC-IA,36,32,1538,1539,Barranca. — Xaiiáké,em_dash,matched_headword,high,machine_accepted,direct_page_headword_match,machine_derived,true,false
ORT1888-art-000503,spa,Barranca aver,,Ortega1888[32],ORT1888-cand-000503,ORTEGA1888-TEPIC-IA,36,32,1540,1541,Barranca aver. — Hun xana.,em_dash,matched_headword,high,machine_accepted,direct_page_headword_match,machine_derived,true,false
ORT1888-art-000504,spa,Barrenar,,Ortega1888[32],ORT1888-cand-000504,ORTEGA1888-TEPIC-IA,36,32,1542,1543,Barrenar. — Busca agujerar con barrena.,em_dash,matched_headword,high,machine_accepted,direct_page_headword_match,machine_derived,true,false
ORT1888-art-000505,spa,Barrer,,Ortega1888[32],ORT1888-cand-000505,ORTEGA1888-TEPIC-IA,36,32,1544,1545,Barrer. — Techaoufa. Neti.,em_dash,matched_headword,high,machine_accepted,direct_page_headword_match,machine_derived,true,false
ORT1888-art-000506,spa,Barriga,,Ortega1888[32],ORT1888-cand-000506,ORTEGA1888-TEPIC-IA,36,32,1546,1547,Barriga. — Húacáti.,em_dash,matched_headword,high,machine_accepted,direct_page_headword_match,machine_derived,true,false
ORT1888-art-000507,spa,Barro,,Ortega1888[32],ORT1888-cand-000507,ORTEGA1888-TEPIC-IA,36,32,1548,1549,Barro. — Xarit.,em_dash,matched_headword,high,machine_accepted,direct_page_headword_match,machine_derived,true,false
ORT1888-art-000508,spa,"Barba, parte de la cara",,Ortega1888[32],ORT1888-cand-000508,ORTEGA1888-TEPIC-IA,36,32,1550,1551,"Barba, parte de la cara. — Ayaéhrit.",em_dash,matched_headword,high,machine_accepted,direct_page_headword_match,machine_derived,true,false
ORT1888-art-000509,spa,"Barba, pelos de la cara",,Ortega1888[32],ORT1888-cand-000509,ORTEGA1888-TEPIC-IA,36,32,1552,1553,"Barba, pelos de la cara. — Mucizit.",em_dash,matched_headword,high,machine_accepted,direct_page_headword_match,machine_derived,true,false
ORT1888-art-000510,spa,"Basta, cosa sin pulir",,Ortega1888[32],ORT1888-cand-000510,ORTEGA1888-TEPIC-IA,36,32,1554,1559,"Basta, cosa sin pulir. — Cacutzápé. | Basta, mandando cesas de la obra, Arepoá. | che.",em_dash,matched_headword,high,machine_accepted,direct_page_headword_match,machine_derived,true,false
ORT1888-art-000511,spa,Bastecer al que va ele camino,,Ortega1888[33],ORT1888-cand-000511,ORTEGA1888-TEPIC-IA,37,33,1576,1577,Bastecer al que va ele camino. — Aínete. Neti.,em_dash,matched_headword,high,machine_accepted,direct_page_headword_match,machine_derived,true,false
ORT1888-art-000512,spa,Bastimento tal,,Ortega1888[33],ORT1888-cand-000512,ORTEGA1888-TEPIC-IA,37,33,1578,1579,Bastimento tal. — sYuéti.,em_dash,matched_headword,high,machine_accepted,direct_page_headword_match,machine_derived,true,false
ORT1888-art-000513,spa,Bastón,,Ortega1888[33],ORT1888-cand-000513,ORTEGA1888-TEPIC-IA,37,33,1580,1581,Bastón. — Uz^/hti.,em_dash,matched_headword,high,machine_accepted,direct_page_headword_match,machine_derived,true,false
ORT1888-art-000514,spa,Batallar los exércitos,,Ortega1888[33],ORT1888-cand-000514,ORTEGA1888-TEPIC-IA,37,33,1582,1583,Batallar los exércitos. — Míwcuhuáhta,em_dash,matched_headword,high,machine_accepted,direct_page_headword_match,machine_derived,true,false
ORT1888-art-000515,spa,Batea de la tierra,,Ortega1888[33],ORT1888-cand-000515,ORTEGA1888-TEPIC-IA,37,33,1584,1585,Batea de la tierra. — Tüxat.,em_dash,matched_headword,high,machine_accepted,direct_page_headword_match,machine_derived,true,false
ORT1888-art-000516,spa,Bautizar,,Ortega1888[33],ORT1888-cand-000516,ORTEGA1888-TEPIC-IA,37,33,1586,1587,Bautizar. — Euhiya.,em_dash,matched_headword,high,machine_accepted,direct_page_headword_match,machine_derived,true,false
ORT1888-art-000517,spa,Bautismo,,Ortega1888[33],ORT1888-cand-000517,ORTEGA1888-TEPIC-IA,37,33,1588,1589,Bautismo. — Euhriat.,em_dash,matched_headword,high,machine_accepted,direct_page_headword_match,machine_derived,true,false
ORT1888-art-000518,spa,Bautistei'ío,,Ortega1888[33],ORT1888-cand-000518,ORTEGA1888-TEPIC-IA,37,33,1590,1591,Bautistei'ío. — Mehteu acare.,em_dash,matched_headword,high,machine_accepted,direct_page_headword_match,machine_derived,true,false
ORT1888-art-000519,spa,Bajo,,Ortega1888[32],ORT1888-cand-000519,ORTEGA1888-TEPIC-IA,36,32,1592,1593,Bajo. — Nado — Taheté.,em_dash,matched_headword,medium,machine_accepted,direct_page_headword_match,machine_derived,true,false
ORT1888-art-000520,spa,Beber,,Ortega1888[33],ORT1888-cand-000520,ORTEGA1888-TEPIC-IA,37,33,1594,1595,Beber. —Ye. Neti.,em_dash,matched_headword,high,machine_accepted,direct_page_headword_match,machine_derived,true,false
ORT1888-art-000521,spa,Beber llevando el agua a la boca,,Ortega1888[33],ORT1888-cand-000521,ORTEGA1888-TEPIC-IA,37,33,1596,1597,Beber llevando el agua a la boca.- — Ucáye. Nete.,em_dash,matched_headword,high,machine_accepted,direct_page_headword_match,machine_derived,true,false
ORT1888-art-000522,spa,Begiga,,Ortega1888[33],ORT1888-cand-000522,ORTEGA1888-TEPIC-IA,37,33,1598,1599,Begiga. — Zixúriti.,em_dash,matched_headword,high,machine_accepted,direct_page_headword_match,machine_derived,true,false
ORT1888-art-000523,spa,Bellota de encino,,Ortega1888[33],ORT1888-cand-000523,ORTEGA1888-TEPIC-IA,37,33,1600,1601,Bellota de encino. — Zeuhatacái.,em_dash,matched_headword,high,machine_accepted,direct_page_headword_match,machine_derived,true,false
ORT1888-art-000524,spa,Beodo,,Ortega1888[33],ORT1888-cand-000524,ORTEGA1888-TEPIC-IA,37,33,1602,1603,Beodo. — Tahua. [>1. Meta rúa.,em_dash,matched_headword,high,machine_accepted,direct_page_headword_match,machine_derived,true,false
ORT1888-art-000525,spa,Berdolagas,,Ortega1888[33],ORT1888-cand-000525,ORTEGA1888-TEPIC-IA,37,33,1604,1605,Berdolagas — Naca ri xa.,em_dash,matched_headword,high,machine_accepted,direct_page_headword_match,machine_derived,true,false
ORT1888-art-000526,spa,Berraco,,Ortega1888[33],ORT1888-cand-000526,ORTEGA1888-TEPIC-IA,37,33,1606,1607,Berraco. — Tuixo. pl. ri.,em_dash,matched_headword,high,machine_accepted,direct_page_headword_match,machine_derived,true,false
ORT1888-art-000527,spa,Berruga,,Ortega1888[33],ORT1888-cand-000527,ORTEGA1888-TEPIC-IA,37,33,1608,1609,Berruga. — Teaxkeriti.,em_dash,matched_headword,high,machine_accepted,direct_page_headword_match,machine_derived,true,false
ORT1888-art-000528,spa,Besar á otro,,Ortega1888[33],ORT1888-cand-000528,ORTEGA1888-TEPIC-IA,37,33,1610,1611,Besar á otro. — Ancateniemoa. Nete.,em_dash,matched_headword,high,machine_accepted,direct_page_headword_match,machine_derived,true,false
ORT1888-art-000529,spa,"Baso, tal",,Ortega1888[33],ORT1888-cand-000529,ORTEGA1888-TEPIC-IA,37,33,1612,1617,"Baso, tal.— ^Téncat. | Besar las manos ó pies.- | Beber agua con la mam",em_dash,matched_headword,high,machine_accepted,direct_page_headword_match,machine_derived,true,false
ORT1888-art-000530,spa,Bebida de maiz tostado,,Ortega1888[33],ORT1888-cand-000530,ORTEGA1888-TEPIC-IA,37,33,1620,1620,Bebida de maiz tostado. — Atuxari.,em_dash,matched_headword,high,machine_accepted,direct_page_headword_match,machine_derived,true,false
ORT1888-art-000531,spa,Bebida de chia y maiz tostado,,Ortega1888[33],ORT1888-cand-000531,ORTEGA1888-TEPIC-IA,37,33,1621,1621,Bebida de chia y maiz tostado. — Quamehrit.,em_dash,matched_headword,high,machine_accepted,direct_page_headword_match,machine_derived,true,false
ORT1888-art-000532,spa,"Bebida, otra de maiz",,Ortega1888[33],ORT1888-cand-000532,ORTEGA1888-TEPIC-IA,37,33,1622,1624,"Bebida, otra de maiz — Tzinácateri. | Bibora.^Xayéti. pl. Xayetzi.",em_dash,matched_headword,high,machine_accepted,direct_page_headword_match,machine_derived,true,false
ORT1888-art-000533,spa,Bibora otra que llaman coralillo,,Ortega1888[33],ORT1888-cand-000533,ORTEGA1888-TEPIC-IA,37,33,1625,1625,Bibora otra que llaman coralillo. — Tetapohuitme,em_dash,matched_headword,high,machine_accepted,direct_page_headword_match,machine_derived,true,false
ORT1888-art-000534,spa,Bien está ado,,Ortega1888[33],ORT1888-cand-000534,ORTEGA1888-TEPIC-IA,37,33,1626,1626,"Bien está ado. — Xapoé, Xápoená.",em_dash,matched_headword,high,machine_accepted,direct_page_headword_match,machine_derived,true,false
ORT1888-art-000535,spa,B i u d a,,Ortega1888[33],ORT1888-cand-000535,ORTEGA1888-TEPIC-IA,37,33,1627,1628,B i u d a . — Té m n a v i .,em_dash,matched_headword,high,machine_accepted,direct_page_headword_match,machine_derived,true,false
ORT1888-art-000536,spa,Blanco de color,,Ortega1888[33],ORT1888-cand-000536,ORTEGA1888-TEPIC-IA,37,33,1629,1629,Blanco de color. — Quamá. pl. Meaquainavi.,em_dash,matched_headword,high,machine_accepted,direct_page_headword_match,machine_derived,true,false
ORT1888-art-000537,spa,"Blanco, hacer blanquear",,Ortega1888[33],ORT1888-cand-000537,ORTEGA1888-TEPIC-IA,37,33,1630,1630,"Blanco, hacer blanquear. — Quáinarimoa. Neti.",em_dash,matched_headword,high,machine_accepted,direct_page_headword_match,machine_derived,true,false
ORT1888-art-000538,spa,Blanda cosa,,Ortega1888[33],ORT1888-cand-000538,ORTEGA1888-TEPIC-IA,37,33,1631,1636,Blanda cosa. — Huamuáini. | Nalichi. Neti. | arrojándola á,em_dash,matched_headword,high,machine_accepted,direct_page_headword_match,machine_derived,true,false
ORT1888-art-000539,spa,boca,,Ortega1888[32],ORT1888-cand-000539,ORTEGA1888-TEPIC-IA,36,32,1638,1643,boca. — Ahyé. | 34,em_dash,matched_headword,high,machine_accepted,direct_page_headword_match,machine_derived,true,false
ORT1888-art-000540,spa,Bledos,,Ortega1888[34],ORT1888-cand-000540,ORTEGA1888-TEPIC-IA,38,34,1644,1645,Bledos. — Aguauhtle. Va vét.,em_dash,matched_headword,high,machine_accepted,direct_page_headword_match,machine_derived,true,false
ORT1888-art-000541,spa,Bledos negros,,Ortega1888[34],ORT1888-cand-000541,ORTEGA1888-TEPIC-IA,38,34,1646,1647,Bledos negros. — Chíxreu.,em_dash,matched_headword,high,machine_accepted,direct_page_headword_match,machine_derived,true,false
ORT1888-art-000542,spa,Bledos amarillos,,Ortega1888[34],ORT1888-cand-000542,ORTEGA1888-TEPIC-IA,38,34,1648,1649,Bledos amarillos. — Veúte.,em_dash,matched_headword,high,machine_accepted,direct_page_headword_match,machine_derived,true,false
ORT1888-art-000543,spa,Bledos blancos,,Ortega1888[34],ORT1888-cand-000543,ORTEGA1888-TEPIC-IA,38,34,1650,1651,Bledos blancos. — Moatzetfbiwíme.,em_dash,matched_headword,high,machine_accepted,direct_page_headword_match,machine_derived,true,false
ORT1888-art-000544,spa,Boca,,Ortega1888[33],ORT1888-cand-000544,ORTEGA1888-TEPIC-IA,37,33,1652,1653,Boca.— N Ten ni ti.,em_dash,matched_headword,high,machine_accepted,direct_page_headword_match,machine_derived,true,false
ORT1888-art-000545,spa,Bofe,,Ortega1888[34],ORT1888-cand-000545,ORTEGA1888-TEPIC-IA,38,34,1654,1655,Bofe. — Neámoat.,em_dash,matched_headword,high,machine_accepted,direct_page_headword_match,machine_derived,true,false
ORT1888-art-000546,spa,Bofetadas dar. r,,Ortega1888[34],ORT1888-cand-000546,ORTEGA1888-TEPIC-IA,38,34,1656,1657,Bofetadas dar. r— Vífcebechéxe. Neti.,em_dash,matched_headword,high,machine_accepted,direct_page_headword_match,machine_derived,true,false
ORT1888-art-000547,spa,Bola,,Ortega1888[34],ORT1888-cand-000547,ORTEGA1888-TEPIC-IA,38,34,1658,1659,Bola.— Vrá.,em_dash,matched_headword,high,machine_accepted,direct_page_headword_match,machine_derived,true,false
ORT1888-art-000548,spa,Bolar,,Ortega1888[34],ORT1888-cand-000548,ORTEGA1888-TEPIC-IA,38,34,1660,1661,Bolar.— Huataá. Nataa.,em_dash,matched_headword,high,machine_accepted,direct_page_headword_match,machine_derived,true,false
ORT1888-art-000549,spa,Bol ver de donde fué,,Ortega1888[34],ORT1888-cand-000549,ORTEGA1888-TEPIC-IA,38,34,1662,1663,Bol ver de donde fué. — Huacuréme. Nacuréme.,em_dash,matched_headword,high,machine_accepted,direct_page_headword_match,machine_derived,true,false
ORT1888-art-000550,spa,Bolver lo dentro á fuera,,Ortega1888[34],ORT1888-cand-000550,ORTEGA1888-TEPIC-IA,38,34,1664,1666,Bolver lo dentro á fuera.. — Puhmanpuhuateahpüa. Puh- | mannuhuteahpua.,em_dash,matched_headword,high,machine_accepted,direct_page_headword_match,machine_derived,true,false
ORT1888-art-000551,spa,Bordón,,Ortega1888[34],ORT1888-cand-000551,ORTEGA1888-TEPIC-IA,38,34,1667,1667,Bordón. — Busca bastón.,em_dash,matched_headword,high,machine_accepted,direct_page_headword_match,machine_derived,true,false
ORT1888-art-000552,spa,Borracho,,Ortega1888[34],ORT1888-cand-000552,ORTEGA1888-TEPIC-IA,38,34,1668,1668,Borracho. — Busca beodo.,em_dash,matched_headword,high,machine_accepted,direct_page_headword_match,machine_derived,true,false
ORT1888-art-000553,spa,Borrachera,,Ortega1888[34],ORT1888-cand-000553,ORTEGA1888-TEPIC-IA,38,34,1669,1669,Borrachera. — Tahua riat.,em_dash,matched_headword,high,machine_accepted,direct_page_headword_match,machine_derived,true,false
ORT1888-art-000554,spa,Borrar,,Ortega1888[34],ORT1888-cand-000554,ORTEGA1888-TEPIC-IA,38,34,1670,1670,"Borrar,-^ Tea n. Neteu.",hyphen_variant,matched_headword,medium,machine_accepted,direct_page_headword_match,machine_derived,true,false
ORT1888-art-000555,spa,Bossar ó bomitar,,Ortega1888[34],ORT1888-cand-000555,ORTEGA1888-TEPIC-IA,38,34,1671,1671,Bossar ó bomitar. — Ha;i. Ne.,em_dash,matched_headword,high,machine_accepted,direct_page_headword_match,machine_derived,true,false
ORT1888-art-000556,spa,Bossadura tal,,Ortega1888[34],ORT1888-cand-000556,ORTEGA1888-TEPIC-IA,38,34,1672,1672,Bossadura tal. — Iíaárit.,em_dash,matched_headword,high,machine_accepted,direct_page_headword_match,machine_derived,true,false
ORT1888-art-000557,spa,Bostessar,,Ortega1888[34],ORT1888-cand-000557,ORTEGA1888-TEPIC-IA,38,34,1673,1673,Bostessar.- Ateahua. Ne.,hyphen_variant,matched_headword,medium,machine_accepted,direct_page_headword_match,machine_derived,true,false
ORT1888-art-000558,spa,Botón de la flor,,Ortega1888[34],ORT1888-cand-000558,ORTEGA1888-TEPIC-IA,38,34,1674,1674,Botón de la flor. — Háeéaíhte.,em_dash,matched_headword,high,machine_accepted,direct_page_headword_match,machine_derived,true,false
ORT1888-art-000559,spa,"Braza, una, midiendo",,Ortega1888[34],ORT1888-cand-000559,ORTEGA1888-TEPIC-IA,38,34,1675,1675,"Braza, una, midiendo. — Cemoamat.",em_dash,matched_headword,high,machine_accepted,direct_page_headword_match,machine_derived,true,false
ORT1888-art-000560,spa,"Bracear, menear los brazos",,Ortega1888[34],ORT1888-cand-000560,ORTEGA1888-TEPIC-IA,38,34,1676,1676,"Bracear, menear los brazos. — Muamabé. Ne.",em_dash,matched_headword,high,machine_accepted,direct_page_headword_match,machine_derived,true,false
ORT1888-art-000561,spa,Brazo,,Ortega1888[34],ORT1888-cand-000561,ORTEGA1888-TEPIC-IA,38,34,1677,1677,Brazo. — Moamati.,em_dash,matched_headword,high,machine_accepted,direct_page_headword_match,machine_derived,true,false
ORT1888-art-000562,spa,Braza,,Ortega1888[34],ORT1888-cand-000562,ORTEGA1888-TEPIC-IA,38,34,1678,1678,Braza. — Busca ascua.,em_dash,matched_headword,high,machine_accepted,direct_page_headword_match,machine_derived,true,false
ORT1888-art-000563,spa,Brasil,,Ortega1888[34],ORT1888-cand-000563,ORTEGA1888-TEPIC-IA,38,34,1679,1679,Brasil.^-Eutzati.,hyphen_variant,matched_headword,medium,machine_accepted,direct_page_headword_match,machine_derived,true,false
ORT1888-art-000564,spa,Bramar los toros,,Ortega1888[34],ORT1888-cand-000564,ORTEGA1888-TEPIC-IA,38,34,1680,1680,"Bramar los toros. ,—Vyéin ni.",em_dash,matched_headword,high,machine_accepted,direct_page_headword_match,machine_derived,true,false
ORT1888-art-000565,spa,Bramar los siervos,,Ortega1888[34],ORT1888-cand-000565,ORTEGA1888-TEPIC-IA,38,34,1681,1681,Bramar los siervos. — Mumxe.,em_dash,matched_headword,high,machine_accepted,direct_page_headword_match,machine_derived,true,false
ORT1888-art-000566,spa,Bravo,,Ortega1888[34],ORT1888-cand-000566,ORTEGA1888-TEPIC-IA,38,34,1682,1682,Bravo — Veat/.n. pl. Mean cha tza.,em_dash,matched_headword,high,machine_accepted,direct_page_headword_match,machine_derived,true,false
ORT1888-art-000567,spa,"Brincar de alto, abajo",,Ortega1888[34],ORT1888-cand-000567,ORTEGA1888-TEPIC-IA,38,34,1683,1683,"Brincar de alto, abajo. — Acahtzocoa. N.",em_dash,matched_headword,high,machine_accepted,direct_page_headword_match,machine_derived,true,false
ORT1888-art-000568,spa,Brincar por el suelo,,Ortega1888[34],ORT1888-cand-000568,ORTEGA1888-TEPIC-IA,38,34,1684,1684,Brincar por el suelo. — Huatatzonazt. Natatsonzt.,em_dash,matched_headword,high,machine_accepted,direct_page_headword_match,machine_derived,true,false
ORT1888-art-000569,spa,Brotar los arboles,,Ortega1888[34],ORT1888-cand-000569,ORTEGA1888-TEPIC-IA,38,34,1685,1685,Brotar los arboles.— >Vitiné.,em_dash,matched_headword,high,machine_accepted,direct_page_headword_match,machine_derived,true,false
ORT1888-art-000570,spa,Brotar las flores,,Ortega1888[34],ORT1888-cand-000570,ORTEGA1888-TEPIC-IA,38,34,1686,1691,Brotar las flores. — xTémuré. | S3,em_dash,matched_headword,high,machine_accepted,direct_page_headword_match,machine_derived,true,false
ORT1888-art-000571,spa,Bruja,,Ortega1888[35],ORT1888-cand-000571,ORTEGA1888-TEPIC-IA,39,35,1695,1696,Bruja. — Vheziácam. pl. Vheziácametzi.,em_dash,matched_headword,high,machine_accepted,direct_page_headword_match,machine_derived,true,false
ORT1888-art-000572,spa,Bronce,,Ortega1888[35],ORT1888-cand-000572,ORTEGA1888-TEPIC-IA,39,35,1697,1698,Bronce.— .Aimitzi.,em_dash,matched_headword,high,machine_accepted,direct_page_headword_match,machine_derived,true,false
ORT1888-art-000573,spa,"Bronco, ser el Caballo o Toro etc",,Ortega1888[35],ORT1888-cand-000573,ORTEGA1888-TEPIC-IA,39,35,1699,1700,"Bronco, ser el Caballo o Toro etc. — Titzieune.",em_dash,matched_headword,high,machine_accepted,direct_page_headword_match,machine_derived,true,false
ORT1888-art-000574,spa,Buche de las Aves,,Ortega1888[35],ORT1888-cand-000574,ORTEGA1888-TEPIC-IA,39,35,1701,1702,Buche de las Aves. — Huxaimefc.,em_dash,matched_headword,high,machine_accepted,direct_page_headword_match,machine_derived,true,false
ORT1888-art-000575,spa,Bueyes,,Ortega1888[35],ORT1888-cand-000575,ORTEGA1888-TEPIC-IA,39,35,1703,1704,Bueyes. —Püyezi. pl. tzi.,em_dash,matched_headword,high,machine_accepted,direct_page_headword_match,machine_derived,true,false
ORT1888-art-000576,spa,"Buhio, ó casa pajiza",,Ortega1888[35],ORT1888-cand-000576,ORTEGA1888-TEPIC-IA,39,35,1705,1706,"Buhio, ó casa pajiza.— .Chihti.",em_dash,matched_headword,high,machine_accepted,direct_page_headword_match,machine_derived,true,false
ORT1888-art-000577,spa,Bullo,,Ortega1888[35],ORT1888-cand-000577,ORTEGA1888-TEPIC-IA,39,35,1707,1708,Bullo. — v.Mueeliiti. pl. eri.,em_dash,matched_headword,high,machine_accepted,direct_page_headword_match,machine_derived,true,false
ORT1888-art-000578,spa,"Burlar, hacer burla",,Ortega1888[35],ORT1888-cand-000578,ORTEGA1888-TEPIC-IA,39,35,1709,1710,"Burlar, hacer burla, — Hucáat?©. Nete.",em_dash,matched_headword,high,machine_accepted,direct_page_headword_match,machine_derived,true,false
ORT1888-art-000579,spa,Bullirse algo,,Ortega1888[35],ORT1888-cand-000579,ORTEGA1888-TEPIC-IA,39,35,1711,1712,Bullirse algo. — Tahuáne. Ne.,em_dash,matched_headword,high,machine_accepted,direct_page_headword_match,machine_derived,true,false
ORT1888-art-000580,spa,Buscar algo,,Ortega1888[35],ORT1888-cand-000580,ORTEGA1888-TEPIC-IA,39,35,1713,1714,Buscar algo. — Huahua Neti.,em_dash,matched_headword,high,machine_accepted,direct_page_headword_match,machine_derived,true,false
ORT1888-art-000581,spa,Buscar por el rasLro,,Ortega1888[35],ORT1888-cand-000581,ORTEGA1888-TEPIC-IA,39,35,1715,1717,Buscar por el rasLro. — Yeichi. Neti.,em_dash,matched_headword,high,machine_accepted,direct_page_headword_match,machine_derived,true,false
ORT1888-art-000582,spa,Cabar,,Ortega1888[35],ORT1888-cand-000582,ORTEGA1888-TEPIC-IA,39,35,1718,1721,Cabar — Teacíl. Nete. tehe Nete. | Caballo. Kepoati.,em_dash,matched_headword,high,machine_accepted,direct_page_headword_match,machine_derived,true,false
ORT1888-art-000583,spa,Caber,,Ortega1888[35],ORT1888-cand-000583,ORTEGA1888-TEPIC-IA,39,35,1722,1723,Caber.— Yeabéhri. N.,em_dash,matched_headword,high,machine_accepted,direct_page_headword_match,machine_derived,true,false
ORT1888-art-000584,spa,Cabeza,,Ortega1888[35],ORT1888-cand-000584,ORTEGA1888-TEPIC-IA,39,35,1724,1725,Cabeza. -Muti.,hyphen_variant,matched_headword,medium,machine_accepted,direct_page_headword_match,machine_derived,true,false
ORT1888-art-000585,spa,Cabecear el que tiene sueño,,Ortega1888[35],ORT1888-cand-000585,ORTEGA1888-TEPIC-IA,39,35,1726,1727,Cabecear el que tiene sueño. — Aba<?i¿tz N.,em_dash,matched_headword,high,machine_accepted,direct_page_headword_match,machine_derived,true,false
ORT1888-art-000586,spa,Cabestro,,Ortega1888[35],ORT1888-cand-000586,ORTEGA1888-TEPIC-IA,39,35,1728,1729,Cabestro.— N.Caúhnarit.,em_dash,matched_headword,high,machine_accepted,direct_page_headword_match,machine_derived,true,false
ORT1888-art-000587,spa,Cabra ó Cabrón,,Ortega1888[35],ORT1888-cand-000587,ORTEGA1888-TEPIC-IA,39,35,1730,1731,Cabra ó Cabrón. — xCaúrazi. pl. tzi.,em_dash,matched_headword,high,machine_accepted,direct_page_headword_match,machine_derived,true,false
ORT1888-art-000588,spa,Cazar 6 salir ;í caza,,Ortega1888[35],ORT1888-cand-000588,ORTEGA1888-TEPIC-IA,39,35,1732,1733,"Cazar 6 salir ;í caza, — Váreme. Ne.",em_dash,matched_headword,high,machine_accepted,direct_page_headword_match,machine_derived,true,false
ORT1888-art-000589,spa,Cazar con ratonera,,Ortega1888[35],ORT1888-cand-000589,ORTEGA1888-TEPIC-IA,39,35,1734,1735,"Cazar con ratonera., — Ipuaré. Ne.",em_dash,matched_headword,high,machine_accepted,direct_page_headword_match,machine_derived,true,false
ORT1888-art-000590,spa,Cacarear la Gallina,,Ortega1888[35],ORT1888-cand-000590,ORTEGA1888-TEPIC-IA,39,35,1736,1737,"Cacarear la Gallina. ,—Cacave.",em_dash,matched_headword,high,machine_accepted,direct_page_headword_match,machine_derived,true,false
ORT1888-art-000591,spa,Cada instante,,Ortega1888[35],ORT1888-cand-000591,ORTEGA1888-TEPIC-IA,39,35,1738,1739,Cada instante. .—ly apa puche.,em_dash,matched_headword,high,machine_accepted,direct_page_headword_match,machine_derived,true,false
ORT1888-art-000592,spa,"Cada, uno ser dos",,Ortega1888[35],ORT1888-cand-000592,ORTEGA1888-TEPIC-IA,39,35,1740,1741,"Cada, uno ser dos. — Ceaxuime.",em_dash,matched_headword,high,machine_accepted,direct_page_headword_match,machine_derived,true,false
ORT1888-art-000593,spa,Cadera,,Ortega1888[35],ORT1888-cand-000593,ORTEGA1888-TEPIC-IA,39,35,1742,1743,Cadera. — Ketzati.,em_dash,matched_headword,high,machine_accepted,direct_page_headword_match,machine_derived,true,false
ORT1888-art-000594,spa,Caer,,Ortega1888[35],ORT1888-cand-000594,ORTEGA1888-TEPIC-IA,39,35,1744,1745,Caer. — Huatéhbe. Natéhebe.,em_dash,matched_headword,high,machine_accepted,direct_page_headword_match,machine_derived,true,false
ORT1888-art-000595,spa,Caer siesta,,Ortega1888[35],ORT1888-cand-000595,ORTEGA1888-TEPIC-IA,39,35,1746,1747,Caer siesta. — Anáme.,em_dash,matched_headword,high,machine_accepted,direct_page_headword_match,machine_derived,true,false
ORT1888-art-000596,spa,Caerse de arriba,,Ortega1888[35],ORT1888-cand-000596,ORTEGA1888-TEPIC-IA,39,35,1748,1753,Caerse de arriba. — Acahbet N. | Caerse las hojas del árbol. | Cacrar.^Clui'ita. Ne.,em_dash,matched_headword,high,machine_accepted,direct_page_headword_match,machine_derived,true,false
ORT1888-art-000597,spa,Caiman,,Ortega1888[36],ORT1888-cand-000597,ORTEGA1888-TEPIC-IA,40,36,1758,1759,Caiman. — Axat. pi. tzi.,em_dash,matched_headword,high,machine_accepted,direct_page_headword_match,machine_derived,true,false
ORT1888-art-000598,spa,Cal,,Ortega1888[36],ORT1888-cand-000598,ORTEGA1888-TEPIC-IA,40,36,1760,1761,Cal. — vTénzti.,em_dash,matched_headword,high,machine_accepted,direct_page_headword_match,machine_derived,true,false
ORT1888-art-000599,spa,Calabaza,,Ortega1888[36],ORT1888-cand-000599,ORTEGA1888-TEPIC-IA,40,36,1762,1763,Calabaza. — Xotziti.,em_dash,matched_headword,high,machine_accepted,direct_page_headword_match,machine_derived,true,false
ORT1888-art-000600,spa,"Calabaza pequeña, tierna",,Ortega1888[36],ORT1888-cand-000600,ORTEGA1888-TEPIC-IA,40,36,1764,1765,"Calabaza pequeña, tierna— Xaihnúriti.",em_dash,matched_headword,high,machine_accepted,direct_page_headword_match,machine_derived,true,false
ORT1888-art-000601,spa,Calabaza que sirve de vaso,,Ortega1888[36],ORT1888-cand-000601,ORTEGA1888-TEPIC-IA,40,36,1766,1767,Calabaza que sirve de vaso. — Caitzat.,em_dash,matched_headword,high,machine_accepted,direct_page_headword_match,machine_derived,true,false
ORT1888-art-000602,spa,Calabaza que sirve de cántaro,,Ortega1888[36],ORT1888-cand-000602,ORTEGA1888-TEPIC-IA,40,36,1768,1769,Calabaza que sirve de cántaro. — Quxauriti.,em_dash,matched_headword,high,machine_accepted,direct_page_headword_match,machine_derived,true,false
ORT1888-art-000603,spa,"Calabaza tal, antes que sirva",,Ortega1888[36],ORT1888-cand-000603,ORTEGA1888-TEPIC-IA,40,36,1770,1771,"Calabaza tal, antes que sirva. ,— Erihti.",em_dash,matched_headword,high,machine_accepted,direct_page_headword_match,machine_derived,true,false
ORT1888-art-000604,spa,Calambre tener,,Ortega1888[36],ORT1888-cand-000604,ORTEGA1888-TEPIC-IA,40,36,1772,1775,"Calambre tener. — T. | Calar el agua, cuando llueve.",em_dash,matched_headword,high,machine_accepted,direct_page_headword_match,machine_derived,true,false
ORT1888-art-000605,spa,Calcañar,,Ortega1888[36],ORT1888-cand-000605,ORTEGA1888-TEPIC-IA,40,36,1776,1777,Calcañar. — Chatzóriti.,em_dash,matched_headword,high,machine_accepted,direct_page_headword_match,machine_derived,true,false
ORT1888-art-000606,spa,Calzado que usan,,Ortega1888[36],ORT1888-cand-000606,ORTEGA1888-TEPIC-IA,40,36,1778,1779,Calzado que usan. — Cacáhite.,em_dash,matched_headword,high,machine_accepted,direct_page_headword_match,machine_derived,true,false
ORT1888-art-000607,spa,Calzarse,,Ortega1888[36],ORT1888-cand-000607,ORTEGA1888-TEPIC-IA,40,36,1780,1781,Calzarse.— Veácáih te. Nenecácaihte.,em_dash,matched_headword,high,machine_accepted,direct_page_headword_match,machine_derived,true,false
ORT1888-art-000608,spa,Caldo,,Ortega1888[36],ORT1888-cand-000608,ORTEGA1888-TEPIC-IA,40,36,1782,1783,Caldo.— Haaáti.,em_dash,matched_headword,high,machine_accepted,direct_page_headword_match,machine_derived,true,false
ORT1888-art-000609,spa,Calentar,,Ortega1888[36],ORT1888-cand-000609,ORTEGA1888-TEPIC-IA,40,36,1784,1785,Calentar — Fuzte. Nefci.,em_dash,matched_headword,high,machine_accepted,direct_page_headword_match,machine_derived,true,false
ORT1888-art-000610,spa,Calentarse,,Ortega1888[36],ORT1888-cand-000610,ORTEGA1888-TEPIC-IA,40,36,1786,1787,Calentarse. — Vkexaite. Nenekexaite.,em_dash,matched_headword,high,machine_accepted,direct_page_headword_match,machine_derived,true,false
ORT1888-art-000611,spa,Calentura,,Ortega1888[36],ORT1888-cand-000611,ORTEGA1888-TEPIC-IA,40,36,1788,1789,Calentura. — X^/rihat.,em_dash,matched_headword,high,machine_accepted,direct_page_headword_match,machine_derived,true,false
ORT1888-art-000612,spa,Caliente,,Ortega1888[36],ORT1888-cand-000612,ORTEGA1888-TEPIC-IA,40,36,1790,1791,Caliente. — X^i/ca. P««ziii. Pue/.ti.,em_dash,matched_headword,high,machine_accepted,direct_page_headword_match,machine_derived,true,false
ORT1888-art-000613,spa,Callarse,,Ortega1888[36],ORT1888-cand-000613,ORTEGA1888-TEPIC-IA,40,36,1792,1793,Callarse. — Huateapoarecá. Ñatea poareca.,em_dash,matched_headword,high,machine_accepted,direct_page_headword_match,machine_derived,true,false
ORT1888-art-000614,spa,"Callos, tener en las manos ó pies",,Ortega1888[36],ORT1888-cand-000614,ORTEGA1888-TEPIC-IA,40,36,1794,1795,"Callos, tener en las manos ó pies. — Acánitme.",em_dash,matched_headword,high,machine_accepted,direct_page_headword_match,machine_derived,true,false
ORT1888-art-000615,spa,Calor,,Ortega1888[36],ORT1888-cand-000615,ORTEGA1888-TEPIC-IA,40,36,1796,1797,Calor. — Taíxeat.,em_dash,matched_headword,high,machine_accepted,direct_page_headword_match,machine_derived,true,false
ORT1888-art-000616,spa,Calor aver,,Ortega1888[36],ORT1888-cand-000616,ORTEGA1888-TEPIC-IA,40,36,1798,1799,Calor aver. — Teacaeca.,em_dash,matched_headword,high,machine_accepted,direct_page_headword_match,machine_derived,true,false
ORT1888-art-000617,spa,Calor tener,,Ortega1888[36],ORT1888-cand-000617,ORTEGA1888-TEPIC-IA,40,36,1800,1801,Calor tener. — Teáixe. Ne.,em_dash,matched_headword,high,machine_accepted,direct_page_headword_match,machine_derived,true,false
ORT1888-art-000618,spa,Calvo estar,,Ortega1888[36],ORT1888-cand-000618,ORTEGA1888-TEPIC-IA,40,36,1802,1803,Calvo estar — Capuabákepoa. Canabakepoa.,em_dash,matched_headword,high,machine_accepted,direct_page_headword_match,machine_derived,true,false
ORT1888-art-000619,spa,Calsones,,Ortega1888[36],ORT1888-cand-000619,ORTEGA1888-TEPIC-IA,40,36,1804,1805,Calsones. — Tumi te.,em_dash,matched_headword,high,machine_accepted,direct_page_headword_match,machine_derived,true,false
ORT1888-art-000620,spa,"Calandria, ave",,Ortega1888[36],ORT1888-cand-000620,ORTEGA1888-TEPIC-IA,40,36,1806,1807,"Calandria, ave. — Tzamazti. pl. T/anzi.",em_dash,matched_headword,high,machine_accepted,direct_page_headword_match,machine_derived,true,false
ORT1888-art-000621,spa,Cama,,Ortega1888[36],ORT1888-cand-000621,ORTEGA1888-TEPIC-IA,40,36,1808,1809,Cama. — Vtátzi ti .,em_dash,matched_headword,high,machine_accepted,direct_page_headword_match,machine_derived,true,false
ORT1888-art-000622,spa,Camarón,,Ortega1888[36],ORT1888-cand-000622,ORTEGA1888-TEPIC-IA,40,36,1810,1811,Camarón. — Túketzi. pl. Túkezi.,em_dash,matched_headword,high,machine_accepted,direct_page_headword_match,machine_derived,true,false
ORT1888-art-000623,spa,Cambiar,,Ortega1888[36],ORT1888-cand-000623,ORTEGA1888-TEPIC-IA,40,36,1812,1813,Cambiar. — P na tata.,em_dash,matched_headword,high,machine_accepted,direct_page_headword_match,machine_derived,true,false
ORT1888-art-000624,spa,"Camino, vereda. r",,Ortega1888[36],ORT1888-cand-000624,ORTEGA1888-TEPIC-IA,40,36,1814,1815,"Camino, vereda. r-Uyeti.",hyphen_variant,matched_headword,medium,machine_accepted,direct_page_headword_match,machine_derived,true,false
ORT1888-art-000625,spa,Campanilla de la agua,,Ortega1888[36],ORT1888-cand-000625,ORTEGA1888-TEPIC-IA,40,36,1816,1817,"Campanilla de la agua, — Axepútzihbé.",em_dash,matched_headword,high,machine_accepted,direct_page_headword_match,machine_derived,true,false
ORT1888-art-000626,spa,"Campo, tierra llana",,Ortega1888[36],ORT1888-cand-000626,ORTEGA1888-TEPIC-IA,40,36,1818,1819,"Campo, tierra llana. — Choata,",em_dash,matched_headword,high,machine_accepted,direct_page_headword_match,machine_derived,true,false
ORT1888-art-000627,spa,Cana,,Ortega1888[36],ORT1888-cand-000627,ORTEGA1888-TEPIC-IA,40,36,1820,1825,Cana. — Quáinave. | WS&,em_dash,matched_headword,high,machine_accepted,direct_page_headword_match,machine_derived,true,false
ORT1888-art-000628,spa,Canas tener,,Ortega1888[37],ORT1888-cand-000628,ORTEGA1888-TEPIC-IA,41,37,1832,1833,Canas tener. — Ahaquáinave. N.,em_dash,matched_headword,high,machine_accepted,direct_page_headword_match,machine_derived,true,false
ORT1888-art-000629,spa,Canasta,,Ortega1888[37],ORT1888-cand-000629,ORTEGA1888-TEPIC-IA,41,37,1834,1835,Canasta. — C'ikeuv'ú.,em_dash,matched_headword,high,machine_accepted,direct_page_headword_match,machine_derived,true,false
ORT1888-art-000630,spa,Cangrejo,,Ortega1888[37],ORT1888-cand-000630,ORTEGA1888-TEPIC-IA,41,37,1836,1837,Cangrejo. — Aíhna. pl. ri.,em_dash,matched_headword,high,machine_accepted,direct_page_headword_match,machine_derived,true,false
ORT1888-art-000631,spa,Cansa rse,,Ortega1888[37],ORT1888-cand-000631,ORTEGA1888-TEPIC-IA,41,37,1838,1839,Cansa rse.-^Vecv/owkene.,hyphen_variant,matched_headword,medium,machine_accepted,direct_page_headword_match,machine_derived,true,false
ORT1888-art-000632,spa,Cansancio,,Ortega1888[37],ORT1888-cand-000632,ORTEGA1888-TEPIC-IA,41,37,1840,1841,Cansancio. — Ceaonkeneat.,em_dash,matched_headword,high,machine_accepted,direct_page_headword_match,machine_derived,true,false
ORT1888-art-000633,spa,Cantar,,Ortega1888[36],ORT1888-cand-000633,ORTEGA1888-TEPIC-IA,40,36,1842,1843,Cantar. — Chuicat.,em_dash,matched_headword,high,machine_accepted,direct_page_headword_match,machine_derived,true,false
ORT1888-art-000634,spa,Cantor,,Ortega1888[37],ORT1888-cand-000634,ORTEGA1888-TEPIC-IA,41,37,1844,1845,Cantor. — Tichicáme. pl. tzi.,em_dash,matched_headword,high,machine_accepted,direct_page_headword_match,machine_derived,true,false
ORT1888-art-000635,spa,Cantar el gallo,,Ortega1888[37],ORT1888-cand-000635,ORTEGA1888-TEPIC-IA,41,37,1846,1847,Cantar el gallo. — Hihhna.,em_dash,matched_headword,high,machine_accepted,direct_page_headword_match,machine_derived,true,false
ORT1888-art-000636,spa,Can tar< >,,Ortega1888[36],ORT1888-cand-000636,ORTEGA1888-TEPIC-IA,40,36,1848,1849,Can tar< >. — Ay amet.,em_dash,matched_headword,high,machine_accepted,direct_page_headword_match,machine_derived,true,false
ORT1888-art-000637,spa,Caña hueca,,Ortega1888[37],ORT1888-cand-000637,ORTEGA1888-TEPIC-IA,41,37,1850,1851,Caña hueca. — Acáti.,em_dash,matched_headword,high,machine_accepted,direct_page_headword_match,machine_derived,true,false
ORT1888-art-000638,spa,Caña macisa,,Ortega1888[37],ORT1888-cand-000638,ORTEGA1888-TEPIC-IA,41,37,1852,1853,Caña macisa. — Acot.,em_dash,matched_headword,high,machine_accepted,direct_page_headword_match,machine_derived,true,false
ORT1888-art-000639,spa,Caña de maíz,,Ortega1888[37],ORT1888-cand-000639,ORTEGA1888-TEPIC-IA,41,37,1854,1855,Caña de maíz. — Huakexati.,em_dash,matched_headword,high,machine_accepted,direct_page_headword_match,machine_derived,true,false
ORT1888-art-000640,spa,Caña de castilla,,Ortega1888[37],ORT1888-cand-000640,ORTEGA1888-TEPIC-IA,41,37,1856,1859,Caña de castilla. — Huínniti. | Cañaveral . H nini x i tzahta .,em_dash,matched_headword,high,machine_accepted,direct_page_headword_match,machine_derived,true,false
ORT1888-art-000641,spa,Cañuto,,Ortega1888[37],ORT1888-cand-000641,ORTEGA1888-TEPIC-IA,41,37,1860,1861,Cañuto. — Tazeúrabétme. Tálleteme.,em_dash,matched_headword,high,machine_accepted,direct_page_headword_match,machine_derived,true,false
ORT1888-art-000642,spa,Capar,,Ortega1888[37],ORT1888-cand-000642,ORTEGA1888-TEPIC-IA,41,37,1862,1863,Capar. — Ataripéne. Neti.,em_dash,matched_headword,high,machine_accepted,direct_page_headword_match,machine_derived,true,false
ORT1888-art-000643,spa,Capador,,Ortega1888[37],ORT1888-cand-000643,ORTEGA1888-TEPIC-IA,41,37,1864,1865,Capador. — Titaaripchuáme. pl. tzi.,em_dash,matched_headword,high,machine_accepted,direct_page_headword_match,machine_derived,true,false
ORT1888-art-000644,spa,Capear el golpe,,Ortega1888[37],ORT1888-cand-000644,ORTEGA1888-TEPIC-IA,41,37,1866,1867,Capear el golpe — Huateaú. Netencíi.,em_dash,matched_headword,high,machine_accepted,direct_page_headword_match,machine_derived,true,false
ORT1888-art-000645,spa,Cara,,Ortega1888[37],ORT1888-cand-000645,ORTEGA1888-TEPIC-IA,41,37,1868,1869,Cara. -Nerimit.,hyphen_variant,matched_headword,medium,machine_accepted,direct_page_headword_match,machine_derived,true,false
ORT1888-art-000646,spa,"Cara, cosa",,Ortega1888[37],ORT1888-cand-000646,ORTEGA1888-TEPIC-IA,41,37,1870,1871,"Cara, cosa. — Tianahehe.",em_dash,matched_headword,high,machine_accepted,direct_page_headword_match,machine_derived,true,false
ORT1888-art-000647,spa,Caracol chico,,Ortega1888[37],ORT1888-cand-000647,ORTEGA1888-TEPIC-IA,41,37,1872,1873,Caracol chico. — Huácace. pl. ri.,em_dash,matched_headword,high,machine_accepted,direct_page_headword_match,machine_derived,true,false
ORT1888-art-000648,spa,Caracol grande,,Ortega1888[37],ORT1888-cand-000648,ORTEGA1888-TEPIC-IA,41,37,1874,1875,Caracol grande. — Xopot. pl. tzi.,em_dash,matched_headword,high,machine_accepted,direct_page_headword_match,machine_derived,true,false
ORT1888-art-000649,spa,Carámbano,,Ortega1888[37],ORT1888-cand-000649,ORTEGA1888-TEPIC-IA,41,37,1876,1879,Carámbano. — Cerit. | Carcoma de madera. -,em_dash,matched_headword,high,machine_accepted,direct_page_headword_match,machine_derived,true,false
ORT1888-art-000650,spa,Carbon,,Ortega1888[37],ORT1888-cand-000650,ORTEGA1888-TEPIC-IA,41,37,1880,1881,Carbon — TVwxquári.,em_dash,matched_headword,high,machine_accepted,direct_page_headword_match,machine_derived,true,false
ORT1888-art-000651,spa,Cárcel,,Ortega1888[37],ORT1888-cand-000651,ORTEGA1888-TEPIC-IA,41,37,1882,1883,Cárcel. — Eukeritan.,em_dash,matched_headword,high,machine_accepted,direct_page_headword_match,machine_derived,true,false
ORT1888-art-000652,spa,Cardar,,Ortega1888[37],ORT1888-cand-000652,ORTEGA1888-TEPIC-IA,41,37,1884,1885,Cardar. — Cana. Neti.,em_dash,matched_headword,high,machine_accepted,direct_page_headword_match,machine_derived,true,false
ORT1888-art-000653,spa,Carga llevar,,Ortega1888[37],ORT1888-cand-000653,ORTEGA1888-TEPIC-IA,41,37,1886,1887,Carga llevar. — Atéke. Nete.,em_dash,matched_headword,high,machine_accepted,direct_page_headword_match,machine_derived,true,false
ORT1888-art-000654,spa,Cargar,,Ortega1888[37],ORT1888-cand-000654,ORTEGA1888-TEPIC-IA,41,37,1888,1889,Cargar. — Ihcata. Neti.,em_dash,matched_headword,high,machine_accepted,direct_page_headword_match,machine_derived,true,false
ORT1888-art-000655,spa,Caridad,,Ortega1888[37],ORT1888-cand-000655,ORTEGA1888-TEPIC-IA,41,37,1890,1891,Caridad. — Muahchiat.,em_dash,matched_headword,high,machine_accepted,direct_page_headword_match,machine_derived,true,false
ORT1888-art-000656,spa,Carne,,Ortega1888[37],ORT1888-cand-000656,ORTEGA1888-TEPIC-IA,41,37,1892,1893,Carne. — Hncat.,em_dash,matched_headword,high,machine_accepted,direct_page_headword_match,machine_derived,true,false
ORT1888-art-000657,spa,Carne desear,,Ortega1888[37],ORT1888-cand-000657,ORTEGA1888-TEPIC-IA,41,37,1894,1899,Carne desear. — Huaine. Ne. | Coi^yékeméme. )4. tzi.,em_dash,matched_headword,high,machine_accepted,direct_page_headword_match,machine_derived,true,false
ORT1888-art-000658,spa,Carnero,,Ortega1888[38],ORT1888-cand-000658,ORTEGA1888-TEPIC-IA,42,38,1903,1904,Carnero. — Canax. pl. eri.,em_dash,matched_headword,high,machine_accepted,direct_page_headword_match,machine_derived,true,false
ORT1888-art-000659,spa,Caro venderse,,Ortega1888[38],ORT1888-cand-000659,ORTEGA1888-TEPIC-IA,42,38,1905,1906,Caro venderse. — Busca cara cosa.,em_dash,matched_headword,high,machine_accepted,direct_page_headword_match,machine_derived,true,false
ORT1888-art-000660,spa,Carrillo de cara,,Ortega1888[38],ORT1888-cand-000660,ORTEGA1888-TEPIC-IA,42,38,1907,1908,Carrillo de cara. — Vpéziti.,em_dash,matched_headword,high,machine_accepted,direct_page_headword_match,machine_derived,true,false
ORT1888-art-000661,spa,Cariiso,,Ortega1888[38],ORT1888-cand-000661,ORTEGA1888-TEPIC-IA,42,38,1909,1910,Cariiso — Busca caña hueca.,em_dash,matched_headword,high,machine_accepted,direct_page_headword_match,machine_derived,true,false
ORT1888-art-000662,spa,Carrizal,,Ortega1888[38],ORT1888-cand-000662,ORTEGA1888-TEPIC-IA,42,38,1911,1912,Carrizal. — Acátzahta.,em_dash,matched_headword,high,machine_accepted,direct_page_headword_match,machine_derived,true,false
ORT1888-art-000663,spa,Carta,,Ortega1888[38],ORT1888-cand-000663,ORTEGA1888-TEPIC-IA,42,38,1913,1914,Carta.— Yüxarit.,em_dash,matched_headword,high,machine_accepted,direct_page_headword_match,machine_derived,true,false
ORT1888-art-000664,spa,Casa,,Ortega1888[38],ORT1888-cand-000664,ORTEGA1888-TEPIC-IA,42,38,1915,1916,Casa. — Chihti.,em_dash,matched_headword,high,machine_accepted,direct_page_headword_match,machine_derived,true,false
ORT1888-art-000665,spa,Casar á otro,,Ortega1888[38],ORT1888-cand-000665,ORTEGA1888-TEPIC-IA,42,38,1917,1918,Casar á otro. — Nahehiten. Neti.,em_dash,matched_headword,high,machine_accepted,direct_page_headword_match,machine_derived,true,false
ORT1888-art-000666,spa,Casamiento,,Ortega1888[38],ORT1888-cand-000666,ORTEGA1888-TEPIC-IA,42,38,1919,1920,Casamiento. — Nahehiterit.,em_dash,matched_headword,high,machine_accepted,direct_page_headword_match,machine_derived,true,false
ORT1888-art-000667,spa,Cascabel,,Ortega1888[38],ORT1888-cand-000667,ORTEGA1888-TEPIC-IA,42,38,1921,1922,Cascabel. — Caerit.,em_dash,matched_headword,high,machine_accepted,direct_page_headword_match,machine_derived,true,false
ORT1888-art-000668,spa,Castigar,,Ortega1888[38],ORT1888-cand-000668,ORTEGA1888-TEPIC-IA,42,38,1923,1924,Castigar. — Tepoahte. Ne.,em_dash,matched_headword,high,machine_accepted,direct_page_headword_match,machine_derived,true,false
ORT1888-art-000669,spa,Castigo,,Ortega1888[38],ORT1888-cand-000669,ORTEGA1888-TEPIC-IA,42,38,1925,1926,Castigo. — Poáihtzit.,em_dash,matched_headword,high,machine_accepted,direct_page_headword_match,machine_derived,true,false
ORT1888-art-000670,spa,"Causa, el porque de la causa",,Ortega1888[38],ORT1888-cand-000670,ORTEGA1888-TEPIC-IA,42,38,1927,1928,"Causa, el porque de la causa. — Kenie.",em_dash,matched_headword,high,machine_accepted,direct_page_headword_match,machine_derived,true,false
ORT1888-art-000671,spa,Clamar,,Ortega1888[38],ORT1888-cand-000671,ORTEGA1888-TEPIC-IA,42,38,1929,1930,Clamar.--- Hihhua. Ne.,hyphen_variant,matched_headword,medium,machine_accepted,direct_page_headword_match,machine_derived,true,false
ORT1888-art-000672,spa,Clamor,,Ortega1888[38],ORT1888-cand-000672,ORTEGA1888-TEPIC-IA,42,38,1931,1932,Clamor. — Hihhuariti.,em_dash,matched_headword,high,machine_accepted,direct_page_headword_match,machine_derived,true,false
ORT1888-art-000673,spa,"Clara cosa, no turbia",,Ortega1888[38],ORT1888-cand-000673,ORTEGA1888-TEPIC-IA,42,38,1933,1934,"Clara cosa, no turbia — Huaravi.",em_dash,matched_headword,high,machine_accepted,direct_page_headword_match,machine_derived,true,false
ORT1888-art-000674,spa,Claro esta r,,Ortega1888[38],ORT1888-cand-000674,ORTEGA1888-TEPIC-IA,42,38,1935,1936,Claro esta r. — Huanérie.,em_dash,matched_headword,high,machine_accepted,direct_page_headword_match,machine_derived,true,false
ORT1888-art-000675,spa,Clavar,,Ortega1888[38],ORT1888-cand-000675,ORTEGA1888-TEPIC-IA,42,38,1937,1938,Clavar. — Tahtatai. Nete.,em_dash,matched_headword,high,machine_accepted,direct_page_headword_match,machine_derived,true,false
ORT1888-art-000676,spa,Coa de palo,,Ortega1888[38],ORT1888-cand-000676,ORTEGA1888-TEPIC-IA,42,38,1939,1940,Coa de palo. — Vicati.,em_dash,matched_headword,high,machine_accepted,direct_page_headword_match,machine_derived,true,false
ORT1888-art-000677,spa,Coa de hierro,,Ortega1888[38],ORT1888-cand-000677,ORTEGA1888-TEPIC-IA,42,38,1941,1942,Coa de hierro. — Tantimoa.,em_dash,matched_headword,high,machine_accepted,direct_page_headword_match,machine_derived,true,false
ORT1888-art-000678,spa,Cobrar lo que se debe,,Ortega1888[38],ORT1888-cand-000678,ORTEGA1888-TEPIC-IA,42,38,1943,1944,Cobrar lo que se debe — Ihbe. Neti.,em_dash,matched_headword,high,machine_accepted,direct_page_headword_match,machine_derived,true,false
ORT1888-art-000679,spa,"Cobre, metal",,Ortega1888[38],ORT1888-cand-000679,ORTEGA1888-TEPIC-IA,42,38,1945,1946,"Cobre, metal. — Auúitzi.",em_dash,matched_headword,high,machine_accepted,direct_page_headword_match,machine_derived,true,false
ORT1888-art-000680,spa,Codo de brazo,,Ortega1888[38],ORT1888-cand-000680,ORTEGA1888-TEPIC-IA,42,38,1947,1948,"Codo de brazo.,— Tzicúri ti.",em_dash,matched_headword,high,machine_accepted,direct_page_headword_match,machine_derived,true,false
ORT1888-art-000681,spa,Codorniz,,Ortega1888[38],ORT1888-cand-000681,ORTEGA1888-TEPIC-IA,42,38,1949,1950,Codorniz. — Zeaíi. pl. riti.,em_dash,matched_headword,high,machine_accepted,direct_page_headword_match,machine_derived,true,false
ORT1888-art-000682,spa,"Coger, agarrar",,Ortega1888[38],ORT1888-cand-000682,ORTEGA1888-TEPIC-IA,42,38,1951,1952,"Coger, agarrar. — Bia. Neti.",em_dash,matched_headword,high,machine_accepted,direct_page_headword_match,machine_derived,true,false
ORT1888-art-000683,spa,Coger como maíz de cosecha,,Ortega1888[38],ORT1888-cand-000683,ORTEGA1888-TEPIC-IA,42,38,1953,1954,Coger como maíz de cosecha. — Antácih. Nete.,em_dash,matched_headword,high,machine_accepted,direct_page_headword_match,machine_derived,true,false
ORT1888-art-000684,spa,"Coger algo del suelo, r",,Ortega1888[38],ORT1888-cand-000684,ORTEGA1888-TEPIC-IA,42,38,1955,1956,"Coger algo del suelo, r- Tea. Neti.",hyphen_variant,matched_headword,medium,machine_accepted,direct_page_headword_match,machine_derived,true,false
ORT1888-art-000685,spa,Cojear,,Ortega1888[38],ORT1888-cand-000685,ORTEGA1888-TEPIC-IA,42,38,1957,1958,"Cojear. — Capa^whri. huachiáca. Canocurihuachiaca,",em_dash,matched_headword,high,machine_accepted,direct_page_headword_match,machine_derived,true,false
ORT1888-art-000686,spa,Cojo,,Ortega1888[38],ORT1888-cand-000686,ORTEGA1888-TEPIC-IA,42,38,1959,1960,Cojo.— Nahche.,em_dash,matched_headword,high,machine_accepted,direct_page_headword_match,machine_derived,true,false
ORT1888-art-000687,spa,Cola de animal,,Ortega1888[38],ORT1888-cand-000687,ORTEGA1888-TEPIC-IA,42,38,1961,1962,Cola de animal. — Quaciti.,em_dash,matched_headword,high,machine_accepted,direct_page_headword_match,machine_derived,true,false
ORT1888-art-000688,spa,Colar,,Ortega1888[38],ORT1888-cand-000688,ORTEGA1888-TEPIC-IA,42,38,1963,1964,Colar. — Catze. Neti.,em_dash,matched_headword,high,machine_accepted,direct_page_headword_match,machine_derived,true,false
ORT1888-art-000689,spa,Colgar algo,,Ortega1888[38],ORT1888-cand-000689,ORTEGA1888-TEPIC-IA,42,38,1965,1970,"Colgar algo. — Heké. Neti, | 39",em_dash,matched_headword,high,machine_accepted,direct_page_headword_match,machine_derived,true,false
ORT1888-art-000690,spa,Colmar,,Ortega1888[39],ORT1888-cand-000690,ORTEGA1888-TEPIC-IA,43,39,1971,1971,Colmar. —Bahezt. Nete.,em_dash,matched_headword,high,machine_accepted,direct_page_headword_match,machine_derived,true,false
ORT1888-art-000691,spa,Comenzar,,Ortega1888[39],ORT1888-cand-000691,ORTEGA1888-TEPIC-IA,43,39,1972,1972,Comenzar. — Tehche Neteu.,em_dash,matched_headword,high,machine_accepted,direct_page_headword_match,machine_derived,true,false
ORT1888-art-000692,spa,"Comegen, animal",,Ortega1888[39],ORT1888-cand-000692,ORTEGA1888-TEPIC-IA,43,39,1973,1973,"Comegen, animal. — Teahpuazt. pl. Teahpuazi.",em_dash,matched_headword,high,machine_accepted,direct_page_headword_match,machine_derived,true,false
ORT1888-art-000693,spa,Comer,,Ortega1888[39],ORT1888-cand-000693,ORTEGA1888-TEPIC-IA,43,39,1974,1974,Comer. — Cua. Neti.,em_dash,matched_headword,high,machine_accepted,direct_page_headword_match,machine_derived,true,false
ORT1888-art-000694,spa,Comezón dar algo,,Ortega1888[39],ORT1888-cand-000694,ORTEGA1888-TEPIC-IA,43,39,1975,1975,Comezón dar algo. — Taeuné. Ne.,em_dash,matched_headword,high,machine_accepted,direct_page_headword_match,machine_derived,true,false
ORT1888-art-000695,spa,Con) ida,,Ortega1888[39],ORT1888-cand-000695,ORTEGA1888-TEPIC-IA,43,39,1976,1976,Con) ida. — Queahti.,em_dash,matched_headword,high,machine_accepted,direct_page_headword_match,machine_derived,true,false
ORT1888-art-000696,spa,Como?,,Ortega1888[38],ORT1888-cand-000696,ORTEGA1888-TEPIC-IA,42,38,1977,1977,Como? — Aitné?,em_dash,matched_headword,high,machine_accepted,direct_page_headword_match,machine_derived,true,false
ORT1888-art-000697,spa,Como,,Ortega1888[38],ORT1888-cand-000697,ORTEGA1888-TEPIC-IA,42,38,1978,1978,Como. — Eup&t.,em_dash,matched_headword,high,machine_accepted,direct_page_headword_match,machine_derived,true,false
ORT1888-art-000698,spa,Com padecerse,,Ortega1888[39],ORT1888-cand-000698,ORTEGA1888-TEPIC-IA,43,39,1979,1979,Com padecerse. -^Cube. Neti va.,hyphen_variant,matched_headword,medium,machine_accepted,direct_page_headword_match,machine_derived,true,false
ORT1888-art-000699,spa,Compañón ó cojou. r,,Ortega1888[39],ORT1888-cand-000699,ORTEGA1888-TEPIC-IA,43,39,1980,1981,Compañón ó cojou. r— Atari ti. | Compasar o medir con eoiupáz. == Yhte. Neti.,em_dash,matched_headword,high,machine_accepted,direct_page_headword_match,machine_derived,true,false
ORT1888-art-000700,spa,Compasión,,Ortega1888[39],ORT1888-cand-000700,ORTEGA1888-TEPIC-IA,43,39,1982,1982,"Compasión.,— Cu beat",em_dash,matched_headword,high,machine_accepted,direct_page_headword_match,machine_derived,true,false
ORT1888-art-000701,spa,Componer,,Ortega1888[39],ORT1888-cand-000701,ORTEGA1888-TEPIC-IA,43,39,1983,1983,Componer.— vAtahua. Neti.,em_dash,matched_headword,high,machine_accepted,direct_page_headword_match,machine_derived,true,false
ORT1888-art-000702,spa,Comprar aleo,,Ortega1888[39],ORT1888-cand-000702,ORTEGA1888-TEPIC-IA,43,39,1984,1984,Comprar aleo. — Nana. Neti.,em_dash,matched_headword,high,machine_accepted,direct_page_headword_match,machine_derived,true,false
ORT1888-art-000703,spa,C miprador,,Ortega1888[39],ORT1888-cand-000703,ORTEGA1888-TEPIC-IA,43,39,1985,1985,C miprador. ^-Tinanabeme. pl. tzi.,hyphen_variant,matched_headword,medium,machine_accepted,direct_page_headword_match,machine_derived,true,false
ORT1888-art-000704,spa,ComuIgar,,Ortega1888[39],ORT1888-cand-000704,ORTEGA1888-TEPIC-IA,43,39,1986,1986,ComuIgar.-^Tezahuateiiü Neti.,hyphen_variant,matched_headword,medium,machine_accepted,direct_page_headword_match,machine_derived,true,false
ORT1888-art-000705,spa,"Comunión, r",,Ortega1888[39],ORT1888-cand-000705,ORTEGA1888-TEPIC-IA,43,39,1987,1987,"Comunión, r— Tzahuatiat.",em_dash,matched_headword,high,machine_accepted,direct_page_headword_match,machine_derived,true,false
ORT1888-art-000706,spa,"Con, prep",,Ortega1888[39],ORT1888-cand-000706,ORTEGA1888-TEPIC-IA,43,39,1988,1989,"Con, prep. — Keme.",em_dash,matched_headword,high,machine_accepted,direct_page_headword_match,machine_derived,true,false
ORT1888-art-000707,spa,"Con, con alguno",,Ortega1888[39],ORT1888-cand-000707,ORTEGA1888-TEPIC-IA,43,39,1990,1990,"Con, con alguno. — Tiliemi. Tihamoan. Tihetzána.",em_dash,matched_headword,high,machine_accepted,direct_page_headword_match,machine_derived,true,false
ORT1888-art-000708,spa,Concha,,Ortega1888[39],ORT1888-cand-000708,ORTEGA1888-TEPIC-IA,43,39,1991,1991,Concha.— Kfí/xati.,em_dash,matched_headword,high,machine_accepted,direct_page_headword_match,machine_derived,true,false
ORT1888-art-000709,spa,Conchavar,,Ortega1888[39],ORT1888-cand-000709,ORTEGA1888-TEPIC-IA,43,39,1992,1992,Conchavar. — Acao.ner¡. Nete.,em_dash,matched_headword,high,machine_accepted,direct_page_headword_match,machine_derived,true,false
ORT1888-art-000710,spa,Conejo,,Ortega1888[39],ORT1888-cand-000710,ORTEGA1888-TEPIC-IA,43,39,1993,1993,Conejo.- -Tatzú. pl. ri.,hyphen_variant,matched_headword,medium,machine_accepted,direct_page_headword_match,machine_derived,true,false
ORT1888-art-000711,spa,Confesar,,Ortega1888[39],ORT1888-cand-000711,ORTEGA1888-TEPIC-IA,43,39,1994,1994,Confesar. --Huahua retiat. Nraztariat,hyphen_variant,matched_headword,medium,machine_accepted,direct_page_headword_match,machine_derived,true,false
ORT1888-art-000712,spa,Confesor,,Ortega1888[39],ORT1888-cand-000712,ORTEGA1888-TEPIC-IA,43,39,1995,2000,Confesor— Tihuhuretehuáme. pl. tzi. Tencaztacareme. | tzi. | Pl.,em_dash,matched_headword,high,machine_accepted,direct_page_headword_match,machine_derived,true,false
ORT1888-art-000713,spa,Confiar en alg,,Ortega1888[39],ORT1888-cand-000713,ORTEGA1888-TEPIC-IA,43,39,2002,2007,Confiar en alg-uno. Tihetzeticlmave. Tihetzenetichua- | ve.,hyphen_variant,matched_headword,medium,machine_accepted,direct_page_headword_match,machine_derived,true,false
ORT1888-art-000714,spa,Confianza tal,,Ortega1888[39],ORT1888-cand-000714,ORTEGA1888-TEPIC-IA,43,39,2008,2009,Confianza tal. — Chueveat.,em_dash,matched_headword,high,machine_accepted,direct_page_headword_match,machine_derived,true,false
ORT1888-art-000715,spa,Conocer mujer,,Ortega1888[39],ORT1888-cand-000715,ORTEGA1888-TEPIC-IA,43,39,2010,2011,Conocer mujer. --Amoanpuhüicari. Amoamuhuicari.,hyphen_variant,matched_headword,medium,machine_accepted,direct_page_headword_match,machine_derived,true,false
ORT1888-art-000716,spa,Conocer,,Ortega1888[39],ORT1888-cand-000716,ORTEGA1888-TEPIC-IA,43,39,2012,2017,Conocer. — Muaté Neti. | 40,em_dash,matched_headword,high,machine_accepted,direct_page_headword_match,machine_derived,true,false
ORT1888-art-000717,spa,Condenarse!,,Ortega1888[40],ORT1888-cand-000717,ORTEGA1888-TEPIC-IA,44,40,2018,2019,Condenarse! — Tahetépoaomatáme. Taheténoaomatáme.,em_dash,matched_headword,high,machine_accepted,direct_page_headword_match,machine_derived,true,false
ORT1888-art-000718,spa,Consolar a otro,,Ortega1888[40],ORT1888-cand-000718,ORTEGA1888-TEPIC-IA,44,40,2020,2021,Consolar a otro. — Veacanéhua. Nucaneanéhua.,em_dash,matched_headword,high,machine_accepted,direct_page_headword_match,machine_derived,true,false
ORT1888-art-000719,spa,Consuelo,,Ortega1888[40],ORT1888-cand-000719,ORTEGA1888-TEPIC-IA,44,40,2022,2023,Consuelo. — Ganéhat.,em_dash,matched_headword,high,machine_accepted,direct_page_headword_match,machine_derived,true,false
ORT1888-art-000720,spa,Contra alguno,,Ortega1888[40],ORT1888-cand-000720,ORTEGA1888-TEPIC-IA,44,40,2024,2025,Contra alguno. ^-Tihemi.,hyphen_variant,matched_headword,medium,machine_accepted,direct_page_headword_match,machine_derived,true,false
ORT1888-art-000721,spa,Convertirse,,Ortega1888[40],ORT1888-cand-000721,ORTEGA1888-TEPIC-IA,44,40,2026,2027,Convertirse. — Huaóhe. Naúhe.,em_dash,matched_headword,high,machine_accepted,direct_page_headword_match,machine_derived,true,false
ORT1888-art-000722,spa,Corazón,,Ortega1888[40],ORT1888-cand-000722,ORTEGA1888-TEPIC-IA,44,40,2028,2029,Corazón. — Xaihnuriti.,em_dash,matched_headword,high,machine_accepted,direct_page_headword_match,machine_derived,true,false
ORT1888-art-000723,spa,Cqrcobado estar,,Ortega1888[40],ORT1888-cand-000723,ORTEGA1888-TEPIC-IA,44,40,2030,2031,Cqrcobado estar. — Atcútutna. Nantitutna. Áhtepuzi. N.,em_dash,matched_headword,high,machine_accepted,direct_page_headword_match,machine_derived,true,false
ORT1888-art-000724,spa,Corcobado,,Ortega1888[40],ORT1888-cand-000724,ORTEGA1888-TEPIC-IA,44,40,2032,2033,Corcobado. — Nahpoára.,em_dash,matched_headword,high,machine_accepted,direct_page_headword_match,machine_derived,true,false
ORT1888-art-000725,spa,Cordel,,Ortega1888[40],ORT1888-cand-000725,ORTEGA1888-TEPIC-IA,44,40,2034,2035,Cordel. — Cahuáriti.,em_dash,matched_headword,high,machine_accepted,direct_page_headword_match,machine_derived,true,false
ORT1888-art-000726,spa,Corregir,,Ortega1888[40],ORT1888-cand-000726,ORTEGA1888-TEPIC-IA,44,40,2036,2037,Corregir. — Hébe Neti.,em_dash,matched_headword,high,machine_accepted,direct_page_headword_match,machine_derived,true,false
ORT1888-art-000727,spa,Corrección,,Ortega1888[40],ORT1888-cand-000727,ORTEGA1888-TEPIC-IA,44,40,2038,2039,"Corrección.,— Hebiat.",em_dash,matched_headword,high,machine_accepted,direct_page_headword_match,machine_derived,true,false
ORT1888-art-000728,spa,Correr,,Ortega1888[40],ORT1888-cand-000728,ORTEGA1888-TEPIC-IA,44,40,2040,2041,Correr. — Átate Ne.,em_dash,matched_headword,high,machine_accepted,direct_page_headword_match,machine_derived,true,false
ORT1888-art-000729,spa,"Corta cosa, no larga",,Ortega1888[40],ORT1888-cand-000729,ORTEGA1888-TEPIC-IA,44,40,2042,2043,"Corta cosa, no larga. — Pipoatzi.",em_dash,matched_headword,high,machine_accepted,direct_page_headword_match,machine_derived,true,false
ORT1888-art-000730,spa,Cortar hacha,,Ortega1888[40],ORT1888-cand-000730,ORTEGA1888-TEPIC-IA,44,40,2044,2045,Cortar hacha.— .sJBehehi. Neti.,em_dash,matched_headword,high,machine_accepted,direct_page_headword_match,machine_derived,true,false
ORT1888-art-000731,spa,"Cortar con cuchillo, como quien acierra",,Ortega1888[40],ORT1888-cand-000731,ORTEGA1888-TEPIC-IA,44,40,2046,2047,"Cortar con cuchillo, como quien acierra. — Zizehi Neti.",em_dash,matched_headword,high,machine_accepted,direct_page_headword_match,machine_derived,true,false
ORT1888-art-000732,spa,Cortar estiando,,Ortega1888[40],ORT1888-cand-000732,ORTEGA1888-TEPIC-IA,44,40,2048,2049,Cortar estiando. — Ntitépi. Nete.,em_dash,matched_headword,high,machine_accepted,direct_page_headword_match,machine_derived,true,false
ORT1888-art-000733,spa,Cortar con los dientes,,Ortega1888[40],ORT1888-cand-000733,ORTEGA1888-TEPIC-IA,44,40,2050,2051,"Cortar con los dientes. ,— Ntikeuca. Nete.",em_dash,matched_headword,high,machine_accepted,direct_page_headword_match,machine_derived,true,false
ORT1888-art-000734,spa,Cortar con tijeras,,Ortega1888[40],ORT1888-cand-000734,ORTEGA1888-TEPIC-IA,44,40,2052,2053,Cortar con tijeras. — Ntiyé. Nete.,em_dash,matched_headword,high,machine_accepted,direct_page_headword_match,machine_derived,true,false
ORT1888-art-000735,spa,Corteza de árbol,,Ortega1888[40],ORT1888-cand-000735,ORTEGA1888-TEPIC-IA,44,40,2054,2055,Corteza de árbol. — Cutzapéhti.,em_dash,matched_headword,high,machine_accepted,direct_page_headword_match,machine_derived,true,false
ORT1888-art-000736,spa,Cosa,,Ortega1888[40],ORT1888-cand-000736,ORTEGA1888-TEPIC-IA,44,40,2056,2057,Cosa.— Titah.,em_dash,matched_headword,high,machine_accepted,direct_page_headword_match,machine_derived,true,false
ORT1888-art-000737,spa,Cosecha,,Ortega1888[40],ORT1888-cand-000737,ORTEGA1888-TEPIC-IA,44,40,2058,2059,Cosecha.--. Tzan i at.,hyphen_variant,matched_headword,medium,machine_accepted,direct_page_headword_match,machine_derived,true,false
ORT1888-art-000738,spa,Coser,,Ortega1888[40],ORT1888-cand-000738,ORTEGA1888-TEPIC-IA,44,40,2060,2061,Coser. ^— Bibpua. Neti.,em_dash,matched_headword,high,machine_accepted,direct_page_headword_match,machine_derived,true,false
ORT1888-art-000739,spa,Cosquillas hacer,,Ortega1888[40],ORT1888-cand-000739,ORTEGA1888-TEPIC-IA,44,40,2062,2063,Cosquillas hacer. — Yhtzicuatá. Neti.,em_dash,matched_headword,high,machine_accepted,direct_page_headword_match,machine_derived,true,false
ORT1888-art-000740,spa,Cosquillas tener,,Ortega1888[40],ORT1888-cand-000740,ORTEGA1888-TEPIC-IA,44,40,2064,2065,Cosquillas tener.— Yhtzieuaré Ne.,em_dash,matched_headword,high,machine_accepted,direct_page_headword_match,machine_derived,true,false
ORT1888-art-000741,spa,Costal,,Ortega1888[40],ORT1888-cand-000741,ORTEGA1888-TEPIC-IA,44,40,2066,2067,Costal.— Ata uri ti.,em_dash,matched_headword,high,machine_accepted,direct_page_headword_match,machine_derived,true,false
ORT1888-art-000742,spa,Costilla,,Ortega1888[40],ORT1888-cand-000742,ORTEGA1888-TEPIC-IA,44,40,2068,2069,Costilla.- — Ytzapuari.,em_dash,matched_headword,high,machine_accepted,direct_page_headword_match,machine_derived,true,false
ORT1888-art-000743,spa,Coser maíz,,Ortega1888[40],ORT1888-cand-000743,ORTEGA1888-TEPIC-IA,44,40,2070,2071,Coser maíz.— Ynhatzá Ne.,em_dash,matched_headword,high,machine_accepted,direct_page_headword_match,machine_derived,true,false
ORT1888-art-000744,spa,Coser la comida,,Ortega1888[40],ORT1888-cand-000744,ORTEGA1888-TEPIC-IA,44,40,2072,2073,Coser la comida. — Yatzá. Neti.,em_dash,matched_headword,high,machine_accepted,direct_page_headword_match,machine_derived,true,false
ORT1888-art-000745,spa,Coserse la comida,,Ortega1888[40],ORT1888-cand-000745,ORTEGA1888-TEPIC-IA,44,40,2074,2075,"Coserse la comida. — Tcuenazt,",em_dash,matched_headword,high,machine_accepted,direct_page_headword_match,machine_derived,true,false
ORT1888-art-000746,spa,Coyuntura,,Ortega1888[40],ORT1888-cand-000746,ORTEGA1888-TEPIC-IA,44,40,2076,2077,Coyuntura. — Ahuaótuna.,em_dash,matched_headword,high,machine_accepted,direct_page_headword_match,machine_derived,true,false
ORT1888-art-000747,spa,Crecer el hombre,,Ortega1888[40],ORT1888-cand-000747,ORTEGA1888-TEPIC-IA,44,40,2078,2083,Crecer el hombre. — Veezé Ne. | !K3,em_dash,matched_headword,high,machine_accepted,direct_page_headword_match,machine_derived,true,false
ORT1888-art-000748,spa,Crecer,,Ortega1888[40],ORT1888-cand-000748,ORTEGA1888-TEPIC-IA,44,40,2090,2091,Crecer.— vTzalluate. Neti.,em_dash,matched_headword,high,machine_accepted,direct_page_headword_match,machine_derived,true,false
ORT1888-art-000749,spa,Creencia,,Ortega1888[41],ORT1888-cand-000749,ORTEGA1888-TEPIC-IA,45,41,2092,2093,Creencia. — Tzahuaterit.,em_dash,matched_headword,high,machine_accepted,direct_page_headword_match,machine_derived,true,false
ORT1888-art-000750,spa,Crespo ser ele pelo,,Ortega1888[41],ORT1888-cand-000750,ORTEGA1888-TEPIC-IA,45,41,2094,2095,Crespo ser ele pelo. — Abatzotní. N.,em_dash,matched_headword,high,machine_accepted,direct_page_headword_match,machine_derived,true,false
ORT1888-art-000751,spa,Cresta de gallo,,Ortega1888[41],ORT1888-cand-000751,ORTEGA1888-TEPIC-IA,45,41,2096,2097,Cresta de gallo.— >Tzubetn.,em_dash,matched_headword,high,machine_accepted,direct_page_headword_match,machine_derived,true,false
ORT1888-art-000752,spa,Criador Dios,,Ortega1888[41],ORT1888-cand-000752,ORTEGA1888-TEPIC-IA,45,41,2098,2099,Criador Dios. — Tatáhuacatn.,em_dash,matched_headword,high,machine_accepted,direct_page_headword_match,machine_derived,true,false
ORT1888-art-000753,spa,"Criatura, el hombre",,Ortega1888[41],ORT1888-cand-000753,ORTEGA1888-TEPIC-IA,45,41,2100,2101,"Criatura, el hombre. — Taavihhuacame.",em_dash,matched_headword,high,machine_accepted,direct_page_headword_match,machine_derived,true,false
ORT1888-art-000754,spa,Crucificar,,Ortega1888[41],ORT1888-cand-000754,ORTEGA1888-TEPIC-IA,45,41,2102,2103,Crucificar. — Curuztaté. Curuzneteuataté.,em_dash,matched_headword,high,machine_accepted,direct_page_headword_match,machine_derived,true,false
ORT1888-art-000755,spa,Cruda cosa,,Ortega1888[41],ORT1888-cand-000755,ORTEGA1888-TEPIC-IA,45,41,2104,2105,Cruda cosa. — Capuquazé.,em_dash,matched_headword,high,machine_accepted,direct_page_headword_match,machine_derived,true,false
ORT1888-art-000756,spa,Crugir los dientes,,Ortega1888[41],ORT1888-cand-000756,ORTEGA1888-TEPIC-IA,45,41,2106,2107,Crugir los dientes. — Vkeme. Nenkémé.,em_dash,matched_headword,high,machine_accepted,direct_page_headword_match,machine_derived,true,false
ORT1888-art-000757,spa,Cuajar,,Ortega1888[41],ORT1888-cand-000757,ORTEGA1888-TEPIC-IA,45,41,2108,2109,Cuajar. — Teuhté. Neti.,em_dash,matched_headword,high,machine_accepted,direct_page_headword_match,machine_derived,true,false
ORT1888-art-000758,spa,Cuajo,,Ortega1888[41],ORT1888-cand-000758,ORTEGA1888-TEPIC-IA,45,41,2110,2111,Cuajo. — Quaxú.,em_dash,matched_headword,high,machine_accepted,direct_page_headword_match,machine_derived,true,false
ORT1888-art-000759,spa,Cuando'?,,Ortega1888[41],ORT1888-cand-000759,ORTEGA1888-TEPIC-IA,45,41,2112,2113,Cuando'? — Anatne?,em_dash,matched_headword,high,machine_accepted,direct_page_headword_match,machine_derived,true,false
ORT1888-art-000760,spa,Cuando,,Ortega1888[41],ORT1888-cand-000760,ORTEGA1888-TEPIC-IA,45,41,2114,2115,"Cuando.— Tet,",em_dash,matched_headword,high,machine_accepted,direct_page_headword_match,machine_derived,true,false
ORT1888-art-000761,spa,Cuantas veces,,Ortega1888[41],ORT1888-cand-000761,ORTEGA1888-TEPIC-IA,45,41,2116,2117,Cuantas veces. — Achunepeoamexl,em_dash,matched_headword,high,machine_accepted,direct_page_headword_match,machine_derived,true,false
ORT1888-art-000762,spa,Cubrir,,Ortega1888[41],ORT1888-cand-000762,ORTEGA1888-TEPIC-IA,45,41,2118,2119,Cubrir. — Baana Nete.,em_dash,matched_headword,high,machine_accepted,direct_page_headword_match,machine_derived,true,false
ORT1888-art-000763,spa,Cuchara de baxo,,Ortega1888[41],ORT1888-cand-000763,ORTEGA1888-TEPIC-IA,45,41,2120,2121,"Cuchara de baxo ,— Itehti.",em_dash,matched_headword,high,machine_accepted,direct_page_headword_match,machine_derived,true,false
ORT1888-art-000764,spa,Cudiciar,,Ortega1888[41],ORT1888-cand-000764,ORTEGA1888-TEPIC-IA,45,41,2122,2123,Cudiciar. — Nécuazt. Neti.,em_dash,matched_headword,high,machine_accepted,direct_page_headword_match,machine_derived,true,false
ORT1888-art-000765,spa,Cudicia,,Ortega1888[41],ORT1888-cand-000765,ORTEGA1888-TEPIC-IA,45,41,2124,2125,Cudicia. — Necuatziat.,em_dash,matched_headword,high,machine_accepted,direct_page_headword_match,machine_derived,true,false
ORT1888-art-000766,spa,Cuello,,Ortega1888[41],ORT1888-cand-000766,ORTEGA1888-TEPIC-IA,45,41,2126,2127,Cuello. —Keupihti.,em_dash,matched_headword,high,machine_accepted,direct_page_headword_match,machine_derived,true,false
ORT1888-art-000767,spa,"Cuenta, el acto de contar",,Ortega1888[41],ORT1888-cand-000767,ORTEGA1888-TEPIC-IA,45,41,2128,2129,"Cuenta, el acto de contar.— >Yteyak",em_dash,matched_headword,high,machine_accepted,direct_page_headword_match,machine_derived,true,false
ORT1888-art-000768,spa,Cuenta de vidrio,,Ortega1888[41],ORT1888-cand-000768,ORTEGA1888-TEPIC-IA,45,41,2130,2131,Cuenta de vidrio. — Matzebeti.,em_dash,matched_headword,high,machine_accepted,direct_page_headword_match,machine_derived,true,false
ORT1888-art-000769,spa,Cuerno,,Ortega1888[41],ORT1888-cand-000769,ORTEGA1888-TEPIC-IA,45,41,2132,2133,Cuerno.— ^Ahuáti.,em_dash,matched_headword,high,machine_accepted,direct_page_headword_match,machine_derived,true,false
ORT1888-art-000770,spa,Cuero,,Ortega1888[41],ORT1888-cand-000770,ORTEGA1888-TEPIC-IA,45,41,2134,2135,Cuero. — Naviti.,em_dash,matched_headword,high,machine_accepted,direct_page_headword_match,machine_derived,true,false
ORT1888-art-000771,spa,Cuervo,,Ortega1888[41],ORT1888-cand-000771,ORTEGA1888-TEPIC-IA,45,41,2136,2137,Cuervo. — Coátza pl. rí.,em_dash,matched_headword,high,machine_accepted,direct_page_headword_match,machine_derived,true,false
ORT1888-art-000772,spa,Cueva,,Ortega1888[41],ORT1888-cand-000772,ORTEGA1888-TEPIC-IA,45,41,2138,2139,Cueva. — Teazta. Teaztánacat.,em_dash,matched_headword,high,machine_accepted,direct_page_headword_match,machine_derived,true,false
ORT1888-art-000773,spa,Cuidado,,Ortega1888[41],ORT1888-cand-000773,ORTEGA1888-TEPIC-IA,45,41,2140,2141,Cuidado. — Chaéhrin.,em_dash,matched_headword,high,machine_accepted,direct_page_headword_match,machine_derived,true,false
ORT1888-art-000774,spa,Cuidar,,Ortega1888[41],ORT1888-cand-000774,ORTEGA1888-TEPIC-IA,45,41,2142,2143,Cuidar. — Chaeh. Neti.,em_dash,matched_headword,high,machine_accepted,direct_page_headword_match,machine_derived,true,false
ORT1888-art-000775,spa,Culebra de agua,,Ortega1888[41],ORT1888-cand-000775,ORTEGA1888-TEPIC-IA,45,41,2144,2145,Culebra de agua. — Aixacuráet. pl tzi.,em_dash,matched_headword,high,machine_accepted,direct_page_headword_match,machine_derived,true,false
ORT1888-art-000776,spa,Culebra otra,,Ortega1888[41],ORT1888-cand-000776,ORTEGA1888-TEPIC-IA,45,41,2146,2147,Culebra otra. — Ahke. pl. ahkeri.,em_dash,matched_headword,high,machine_accepted,direct_page_headword_match,machine_derived,true,false
ORT1888-art-000777,spa,Culpa ó pecado,,Ortega1888[41],ORT1888-cand-000777,ORTEGA1888-TEPIC-IA,45,41,2148,2149,Culpa ó pecado. — Xanacati.,em_dash,matched_headword,high,machine_accepted,direct_page_headword_match,machine_derived,true,false
ORT1888-art-000778,spa,Cumbre de cerro,,Ortega1888[41],ORT1888-cand-000778,ORTEGA1888-TEPIC-IA,45,41,2150,2155,Cumbre de cerro. — Antevi. | 42,em_dash,matched_headword,high,machine_accepted,direct_page_headword_match,machine_derived,true,false
ORT1888-art-000779,spa,Cumplir lo que se manda,,Ortega1888[42],ORT1888-cand-000779,ORTEGA1888-TEPIC-IA,46,42,2162,2163,Cumplir lo que se manda. — Aaztéht.a,em_dash,matched_headword,high,machine_accepted,direct_page_headword_match,machine_derived,true,false
ORT1888-art-000780,spa,Cuna,,Ortega1888[42],ORT1888-cand-000780,ORTEGA1888-TEPIC-IA,46,42,2164,2165,Cuna. — Tzapóriti.,em_dash,matched_headword,high,machine_accepted,direct_page_headword_match,machine_derived,true,false
ORT1888-art-000781,spa,Culpar á otro,,Ortega1888[42],ORT1888-cand-000781,ORTEGA1888-TEPIC-IA,46,42,2166,2167,Culpar á otro.— ^Xanacate. Neti.,em_dash,matched_headword,high,machine_accepted,direct_page_headword_match,machine_derived,true,false
ORT1888-art-000782,spa,Cuñada,,Ortega1888[42],ORT1888-cand-000782,ORTEGA1888-TEPIC-IA,46,42,2168,2169,Cuñada.— ^Tihui tari.,em_dash,matched_headword,high,machine_accepted,direct_page_headword_match,machine_derived,true,false
ORT1888-art-000783,spa,Cuñado de hombre,,Ortega1888[42],ORT1888-cand-000783,ORTEGA1888-TEPIC-IA,46,42,2170,2171,Cuñado de hombre. — Tiyaoberi.,em_dash,matched_headword,high,machine_accepted,direct_page_headword_match,machine_derived,true,false
ORT1888-art-000784,spa,Cuñado de mujer,,Ortega1888[42],ORT1888-cand-000784,ORTEGA1888-TEPIC-IA,46,42,2172,2173,Cuñado de mujer. — Tihuítari.,em_dash,matched_headword,high,machine_accepted,direct_page_headword_match,machine_derived,true,false
ORT1888-art-000785,spa,Curar enfermedad,,Ortega1888[42],ORT1888-cand-000785,ORTEGA1888-TEPIC-IA,46,42,2174,2175,Curar enfermedad. — Tenca Neti,em_dash,matched_headword,high,machine_accepted,direct_page_headword_match,machine_derived,true,false
ORT1888-art-000786,spa,Cursos tener,,Ortega1888[42],ORT1888-cand-000786,ORTEGA1888-TEPIC-IA,46,42,2176,2177,Cursos tener. — Admita. Ne.,em_dash,matched_headword,high,machine_accepted,direct_page_headword_match,machine_derived,true,false
ORT1888-art-000787,spa,Curtir,,Ortega1888[42],ORT1888-cand-000787,ORTEGA1888-TEPIC-IA,46,42,2178,2179,Curtir — Yhua. Neti.,em_dash,matched_headword,high,machine_accepted,direct_page_headword_match,machine_derived,true,false
ORT1888-art-000788,spa,Cambullir ¡í otro,,Ortega1888[42],ORT1888-cand-000788,ORTEGA1888-TEPIC-IA,46,42,2180,2181,Cambullir ¡í otro. — Teaolite.,em_dash,matched_headword,high,machine_accepted,direct_page_headword_match,machine_derived,true,false
ORT1888-art-000789,spa,Carcillo,,Ortega1888[42],ORT1888-cand-000789,ORTEGA1888-TEPIC-IA,46,42,2182,2183,Carcillo.-^Natzarit.,hyphen_variant,matched_headword,medium,machine_accepted,direct_page_headword_match,machine_derived,true,false
ORT1888-art-000790,spa,Cebolla,,Ortega1888[42],ORT1888-cand-000790,ORTEGA1888-TEPIC-IA,46,42,2184,2185,Cebolla.— Enri.,em_dash,matched_headword,high,machine_accepted,direct_page_headword_match,machine_derived,true,false
ORT1888-art-000791,spa,Cedaso,,Ortega1888[42],ORT1888-cand-000791,ORTEGA1888-TEPIC-IA,46,42,2186,2187,Cedaso. — Catzémite.,em_dash,matched_headword,high,machine_accepted,direct_page_headword_match,machine_derived,true,false
ORT1888-art-000792,spa,"Cegar, ciego estar",,Ortega1888[42],ORT1888-cand-000792,ORTEGA1888-TEPIC-IA,46,42,2188,2189,"Cegar, ciego estar. — Acune.",em_dash,matched_headword,high,machine_accepted,direct_page_headword_match,machine_derived,true,false
ORT1888-art-000793,spa,Cejas,,Ortega1888[42],ORT1888-cand-000793,ORTEGA1888-TEPIC-IA,46,42,2190,2191,"Cejas. ,— Ceaka élite.",em_dash,matched_headword,high,machine_accepted,direct_page_headword_match,machine_derived,true,false
ORT1888-art-000794,spa,Celar ó tener celos,,Ortega1888[42],ORT1888-cand-000794,ORTEGA1888-TEPIC-IA,46,42,2192,2193,Celar ó tener celos. — Teat'/a,em_dash,matched_headword,high,machine_accepted,direct_page_headword_match,machine_derived,true,false
ORT1888-art-000795,spa,Celo,,Ortega1888[42],ORT1888-cand-000795,ORTEGA1888-TEPIC-IA,46,42,2194,2195,Celo. — Teatzeat.,em_dash,matched_headword,high,machine_accepted,direct_page_headword_match,machine_derived,true,false
ORT1888-art-000796,spa,Celoso,,Ortega1888[42],ORT1888-cand-000796,ORTEGA1888-TEPIC-IA,46,42,2196,2197,Celoso. — Teatzácame. pl. tzi.,em_dash,matched_headword,high,machine_accepted,direct_page_headword_match,machine_derived,true,false
ORT1888-art-000797,spa,Ceniza,,Ortega1888[42],ORT1888-cand-000797,ORTEGA1888-TEPIC-IA,46,42,2198,2199,Ceniza. — Nazi ti.,em_dash,matched_headword,high,machine_accepted,direct_page_headword_match,machine_derived,true,false
ORT1888-art-000798,spa,"Cepo, prisión",,Ortega1888[42],ORT1888-cand-000798,ORTEGA1888-TEPIC-IA,46,42,2200,2201,"Cepo, prisión. — Busca cárcel.",em_dash,matched_headword,high,machine_accepted,direct_page_headword_match,machine_derived,true,false
ORT1888-art-000799,spa,Cera,,Ortega1888[42],ORT1888-cand-000799,ORTEGA1888-TEPIC-IA,46,42,2202,2203,Cera. — Xuxca.,em_dash,matched_headword,high,machine_accepted,direct_page_headword_match,machine_derived,true,false
ORT1888-art-000800,spa,Cerca,,Ortega1888[42],ORT1888-cand-000800,ORTEGA1888-TEPIC-IA,46,42,2204,2205,"Cerca.-^Namiat,",hyphen_variant,matched_headword,medium,machine_accepted,direct_page_headword_match,machine_derived,true,false
ORT1888-art-000801,spa,Cercar,,Ortega1888[42],ORT1888-cand-000801,ORTEGA1888-TEPIC-IA,46,42,2206,2207,Cercar. — Na moa. Neti.,em_dash,matched_headword,high,machine_accepted,direct_page_headword_match,machine_derived,true,false
ORT1888-art-000802,spa,Cerza,,Ortega1888[42],ORT1888-cand-000802,ORTEGA1888-TEPIC-IA,46,42,2208,2209,Cerza. — Euni.,em_dash,matched_headword,high,machine_accepted,direct_page_headword_match,machine_derived,true,false
ORT1888-art-000803,spa,Cernir,,Ortega1888[42],ORT1888-cand-000803,ORTEGA1888-TEPIC-IA,46,42,2210,2211,Cernir. — Anahcatze. Nete.,em_dash,matched_headword,high,machine_accepted,direct_page_headword_match,machine_derived,true,false
ORT1888-art-000804,spa,Cerrar como caja,,Ortega1888[42],ORT1888-cand-000804,ORTEGA1888-TEPIC-IA,46,42,2212,2213,Cerrar como caja. — Baña. Nete.,em_dash,matched_headword,high,machine_accepted,direct_page_headword_match,machine_derived,true,false
ORT1888-art-000805,spa,Cerrar los ojos,,Ortega1888[42],ORT1888-cand-000805,ORTEGA1888-TEPIC-IA,46,42,2214,2215,Cerrar los ojos. — Autehcuti. N.,em_dash,matched_headword,high,machine_accepted,direct_page_headword_match,machine_derived,true,false
ORT1888-art-000806,spa,Cerro,,Ortega1888[41],ORT1888-cand-000806,ORTEGA1888-TEPIC-IA,45,41,2216,2217,Cerro.— N Enri ti.,em_dash,matched_headword,high,machine_accepted,direct_page_headword_match,machine_derived,true,false
ORT1888-art-000807,spa,Cesos. r,,Ortega1888[42],ORT1888-cand-000807,ORTEGA1888-TEPIC-IA,46,42,2218,2219,Cesos. r— Muchuixéti.,em_dash,matched_headword,high,machine_accepted,direct_page_headword_match,machine_derived,true,false
ORT1888-art-000808,spa,Cesar de la obra,,Ortega1888[42],ORT1888-cand-000808,ORTEGA1888-TEPIC-IA,46,42,2220,2221,"Cesar de la obra, — Atapovakteaca. Ne.",em_dash,matched_headword,high,machine_accepted,direct_page_headword_match,machine_derived,true,false
ORT1888-art-000809,spa,"Cebar, engordar",,Ortega1888[42],ORT1888-cand-000809,ORTEGA1888-TEPIC-IA,46,42,2222,2223,"Cebar, engordar. — Teuhtezime Neti,",em_dash,matched_headword,high,machine_accepted,direct_page_headword_match,machine_derived,true,false
ORT1888-art-000810,spa,Cieo-o,,Ortega1888[42],ORT1888-cand-000810,ORTEGA1888-TEPIC-IA,46,42,2224,2229,Cieo-o. — Acune. | Nete.,em_dash,matched_headword,high,machine_accepted,direct_page_headword_match,machine_derived,true,false
ORT1888-art-000811,spa,Cielo,,Ortega1888[43],ORT1888-cand-000811,ORTEGA1888-TEPIC-IA,47,43,2236,2237,Cielo. — Tahapoa*,em_dash,matched_headword,high,machine_accepted,direct_page_headword_match,machine_derived,true,false
ORT1888-art-000812,spa,Ciento pies,,Ortega1888[43],ORT1888-cand-000812,ORTEGA1888-TEPIC-IA,47,43,2238,2239,Ciento pies. — vNaizébetzi.,em_dash,matched_headword,high,machine_accepted,direct_page_headword_match,machine_derived,true,false
ORT1888-art-000813,spa,Ciertamente,,Ortega1888[43],ORT1888-cand-000813,ORTEGA1888-TEPIC-IA,47,43,2240,2241,Ciertamente — Eiihv'r. Euhriéyacam.,em_dash,matched_headword,high,machine_accepted,direct_page_headword_match,machine_derived,true,false
ORT1888-art-000814,spa,Cementerio,,Ortega1888[43],ORT1888-cand-000814,ORTEGA1888-TEPIC-IA,47,43,2242,2243,Cementerio. — Viata.,em_dash,matched_headword,high,machine_accepted,direct_page_headword_match,machine_derived,true,false
ORT1888-art-000815,spa,Cirnhela.r,,Ortega1888[43],ORT1888-cand-000815,ORTEGA1888-TEPIC-IA,47,43,2244,2245,Cirnhela.r— Quaxpoa.,em_dash,matched_headword,high,machine_accepted,direct_page_headword_match,machine_derived,true,false
ORT1888-art-000816,spa,Cirnhela amarilla,,Ortega1888[43],ORT1888-cand-000816,ORTEGA1888-TEPIC-IA,47,43,2246,2247,Cirnhela amarilla.- Teteamnavi.,hyphen_variant,matched_headword,medium,machine_accepted,direct_page_headword_match,machine_derived,true,false
ORT1888-art-000817,spa,Cirnliela colorada chica,,Ortega1888[43],ORT1888-cand-000817,ORTEGA1888-TEPIC-IA,47,43,2248,2249,Cirnliela colorada chica. — Tepohbi.,em_dash,matched_headword,high,machine_accepted,direct_page_headword_match,machine_derived,true,false
ORT1888-art-000818,spa,Cirnhela colorada o-rande,,Ortega1888[43],ORT1888-cand-000818,ORTEGA1888-TEPIC-IA,47,43,2250,2251,Cirnhela colorada o-rande.— .Caerit.,em_dash,matched_headword,high,machine_accepted,direct_page_headword_match,machine_derived,true,false
ORT1888-art-000819,spa,Cinta,,Ortega1888[43],ORT1888-cand-000819,ORTEGA1888-TEPIC-IA,47,43,2252,2253,Cinta.— Muekeri té.,em_dash,matched_headword,high,machine_accepted,direct_page_headword_match,machine_derived,true,false
ORT1888-art-000820,spa,Chica cosa,,Ortega1888[43],ORT1888-cand-000820,ORTEGA1888-TEPIC-IA,47,43,2254,2255,Chica cosa. — Pitzicai.,em_dash,matched_headword,high,machine_accepted,direct_page_headword_match,machine_derived,true,false
ORT1888-art-000821,spa,Chinche,,Ortega1888[43],ORT1888-cand-000821,ORTEGA1888-TEPIC-IA,47,43,2256,2257,Chinche. --Tenxa. pl. ii.,hyphen_variant,matched_headword,medium,machine_accepted,direct_page_headword_match,machine_derived,true,false
ORT1888-art-000822,spa,Chinche que llaman de Compórtela,,Ortega1888[43],ORT1888-cand-000822,ORTEGA1888-TEPIC-IA,47,43,2258,2260,Chinche que llaman de Compórtela. --Taxuát. pl. zeri.,hyphen_variant,matched_headword,medium,machine_accepted,direct_page_headword_match,machine_derived,true,false
ORT1888-art-000823,spa,Da d i voso,,Ortega1888[43],ORT1888-cand-000823,ORTEGA1888-TEPIC-IA,47,43,2261,2262,Da d i voso. — Capteacu ve.,em_dash,matched_headword,high,machine_accepted,direct_page_headword_match,machine_derived,true,false
ORT1888-art-000824,spa,Danza.!,,Ortega1888[43],ORT1888-cand-000824,ORTEGA1888-TEPIC-IA,47,43,2263,2264,Danza.!-. — Busca bailar.,em_dash,matched_headword,high,machine_accepted,direct_page_headword_match,machine_derived,true,false
ORT1888-art-000825,spa,Dar,,Ortega1888[43],ORT1888-cand-000825,ORTEGA1888-TEPIC-IA,47,43,2265,2266,Dar. — Ta. Neteu.,em_dash,matched_headword,high,machine_accepted,direct_page_headword_match,machine_derived,true,false
ORT1888-art-000826,spa,Dar cosas largas como palo,,Ortega1888[43],ORT1888-cand-000826,ORTEGA1888-TEPIC-IA,47,43,2267,2269,Dar cosas largas como palo. — Tachúite. Neteu. Tauihte. | Neteu.,em_dash,matched_headword,high,machine_accepted,direct_page_headword_match,machine_derived,true,false
ORT1888-art-000827,spa,Dar cosas redondas y macizas,,Ortega1888[43],ORT1888-cand-000827,ORTEGA1888-TEPIC-IA,47,43,2270,2272,Dar cosas redondas y macizas — Tatezte. Neteu. Tatutui- | te. Neteu.,em_dash,matched_headword,high,machine_accepted,direct_page_headword_match,machine_derived,true,false
ORT1888-art-000828,spa,Dar cosas estendijas como libro. r,,Ortega1888[43],ORT1888-cand-000828,ORTEGA1888-TEPIC-IA,47,43,2273,2275,Dar cosas estendijas como libro. r-Tai te. Neteu. Tepuihte | Neteu.,hyphen_variant,matched_headword,medium,machine_accepted,direct_page_headword_match,machine_derived,true,false
ORT1888-art-000829,spa,Dar cosas ondas como olla,,Ortega1888[43],ORT1888-cand-000829,ORTEGA1888-TEPIC-IA,47,43,2276,2278,Dar cosas ondas como olla. — Tahan i ti. Neteu. Tahapuah- | te. Neteu.,em_dash,matched_headword,high,machine_accepted,direct_page_headword_match,machine_derived,true,false
ORT1888-art-000830,spa,Dardo,,Ortega1888[43],ORT1888-cand-000830,ORTEGA1888-TEPIC-IA,47,43,2279,2279,"Dardo, — Antiteaca,",em_dash,matched_headword,high,machine_accepted,direct_page_headword_match,machine_derived,true,false
ORT1888-art-000831,spa,De allá ad,,Ortega1888[43],ORT1888-cand-000831,ORTEGA1888-TEPIC-IA,47,43,2280,2280,De allá ad. — Áúhna.,em_dash,matched_headword,high,machine_accepted,direct_page_headword_match,machine_derived,true,false
ORT1888-art-000832,spa,Debajo,,Ortega1888[43],ORT1888-cand-000832,ORTEGA1888-TEPIC-IA,47,43,2281,2281,Debajo. — Entina.,em_dash,matched_headword,high,machine_accepted,direct_page_headword_match,machine_derived,true,false
ORT1888-art-000833,spa,Deber,,Ortega1888[43],ORT1888-cand-000833,ORTEGA1888-TEPIC-IA,47,43,2282,2282,Deber. — Cheaehre. Nete,em_dash,matched_headword,high,machine_accepted,direct_page_headword_match,machine_derived,true,false
ORT1888-art-000834,spa,Débito,,Ortega1888[43],ORT1888-cand-000834,ORTEGA1888-TEPIC-IA,47,43,2283,2283,Débito. — Cheaehret.,em_dash,matched_headword,high,machine_accepted,direct_page_headword_match,machine_derived,true,false
ORT1888-art-000835,spa,Decender,,Ortega1888[43],ORT1888-cand-000835,ORTEGA1888-TEPIC-IA,47,43,2284,2289,Decender — Acame. N | rV'-\-;,em_dash,matched_headword,high,machine_accepted,direct_page_headword_match,machine_derived,true,false
ORT1888-art-000836,spa,Deceridimiento. r,,Ortega1888[44],ORT1888-cand-000836,ORTEGA1888-TEPIC-IA,48,44,2293,2294,Deceridimiento. r-Acayeat.,hyphen_variant,matched_headword,medium,machine_accepted,direct_page_headword_match,machine_derived,true,false
ORT1888-art-000837,spa,De dia ad,,Ortega1888[44],ORT1888-cand-000837,ORTEGA1888-TEPIC-IA,48,44,2295,2296,De dia ad. — Tühca.,em_dash,matched_headword,high,machine_accepted,direct_page_headword_match,machine_derived,true,false
ORT1888-art-000838,spa,Dedo,,Ortega1888[44],ORT1888-cand-000838,ORTEGA1888-TEPIC-IA,48,44,2297,2298,Dedo. — ILfutéi'i.,em_dash,matched_headword,high,machine_accepted,direct_page_headword_match,machine_derived,true,false
ORT1888-art-000839,spa,Defender,,Ortega1888[44],ORT1888-cand-000839,ORTEGA1888-TEPIC-IA,48,44,2299,2300,Defender. — Vaehre. Neti.,em_dash,matched_headword,high,machine_accepted,direct_page_headword_match,machine_derived,true,false
ORT1888-art-000840,spa,Defensión,,Ortega1888[44],ORT1888-cand-000840,ORTEGA1888-TEPIC-IA,48,44,2301,2302,Defensión. — Vaehreat.,em_dash,matched_headword,high,machine_accepted,direct_page_headword_match,machine_derived,true,false
ORT1888-art-000841,spa,Dejunto,,Ortega1888[44],ORT1888-cand-000841,ORTEGA1888-TEPIC-IA,48,44,2303,2304,Dejunto. — Muechit.,em_dash,matched_headword,high,machine_accepted,direct_page_headword_match,machine_derived,true,false
ORT1888-art-000842,spa,Degollar,,Ortega1888[44],ORT1888-cand-000842,ORTEGA1888-TEPIC-IA,48,44,2305,2306,Degollar. -Vhuatazizehizt Neteu.,hyphen_variant,matched_headword,medium,machine_accepted,direct_page_headword_match,machine_derived,true,false
ORT1888-art-000843,spa,Delgada cosa,,Ortega1888[44],ORT1888-cand-000843,ORTEGA1888-TEPIC-IA,48,44,2307,2308,Delgada cosa.-Pipoatzi.,hyphen_variant,matched_headword,medium,machine_accepted,direct_page_headword_match,machine_derived,true,false
ORT1888-art-000844,spa,Demonio,,Ortega1888[44],ORT1888-cand-000844,ORTEGA1888-TEPIC-IA,48,44,2309,2310,Demonio. -Tüaro.,hyphen_variant,matched_headword,medium,machine_accepted,direct_page_headword_match,machine_derived,true,false
ORT1888-art-000845,spa,Den tro,,Ortega1888[44],ORT1888-cand-000845,ORTEGA1888-TEPIC-IA,48,44,2311,2312,Den tro. -Chuta.,hyphen_variant,matched_headword,medium,machine_accepted,direct_page_headword_match,machine_derived,true,false
ORT1888-art-000846,spa,De cuando en cuando,,Ortega1888[44],ORT1888-cand-000846,ORTEGA1888-TEPIC-IA,48,44,2313,2314,De cuando en cuando. -Anáhtat.,hyphen_variant,matched_headword,medium,machine_accepted,direct_page_headword_match,machine_derived,true,false
ORT1888-art-000847,spa,"Derecho, no tuerto",,Ortega1888[44],ORT1888-cand-000847,ORTEGA1888-TEPIC-IA,48,44,2315,2316,"Derecho, no tuerto. -CVwra",hyphen_variant,matched_headword,medium,machine_accepted,direct_page_headword_match,machine_derived,true,false
ORT1888-art-000848,spa,Derramar,,Ortega1888[44],ORT1888-cand-000848,ORTEGA1888-TEPIC-IA,48,44,2317,2318,Derramar. -Xfwri. Neti.,hyphen_variant,matched_headword,medium,machine_accepted,direct_page_headword_match,machine_derived,true,false
ORT1888-art-000849,spa,Derretir,,Ortega1888[44],ORT1888-cand-000849,ORTEGA1888-TEPIC-IA,48,44,2319,2320,Derretir. -Autauhataca. Nauta nata cá.,hyphen_variant,matched_headword,medium,machine_accepted,direct_page_headword_match,machine_derived,true,false
ORT1888-art-000850,spa,Derribar al que está en el árbol,,Ortega1888[44],ORT1888-cand-000850,ORTEGA1888-TEPIC-IA,48,44,2321,2322,Derribar al que está en el árbol. -Acáhé. Nete.,hyphen_variant,matched_headword,medium,machine_accepted,direct_page_headword_match,machine_derived,true,false
ORT1888-art-000851,spa,Derribar á otro desde lo alto,,Ortega1888[44],ORT1888-cand-000851,ORTEGA1888-TEPIC-IA,48,44,2323,2324,Derribar á otro desde lo alto.-Vté. Nete.,hyphen_variant,matched_headword,medium,machine_accepted,direct_page_headword_match,machine_derived,true,false
ORT1888-art-000852,spa,Derribar árboles,,Ortega1888[44],ORT1888-cand-000852,ORTEGA1888-TEPIC-IA,48,44,2325,2326,Derribar árboles -Acahé. Nete.,hyphen_variant,matched_headword,medium,machine_accepted,direct_page_headword_match,machine_derived,true,false
ORT1888-art-000853,spa,Desbastar madera,,Ortega1888[44],ORT1888-cand-000853,ORTEGA1888-TEPIC-IA,48,44,2327,2328,Desbastar madera.-Cahtzótzai. Neti.,hyphen_variant,matched_headword,medium,machine_accepted,direct_page_headword_match,machine_derived,true,false
ORT1888-art-000854,spa,Descansar,,Ortega1888[44],ORT1888-cand-000854,ORTEGA1888-TEPIC-IA,48,44,2329,2330,Descansar. -Veeaupe. Nenceaupe.,hyphen_variant,matched_headword,medium,machine_accepted,direct_page_headword_match,machine_derived,true,false
ORT1888-art-000855,spa,Descanso,,Ortega1888[44],ORT1888-cand-000855,ORTEGA1888-TEPIC-IA,48,44,2331,2332,Descanso. -Ceaupiat.,hyphen_variant,matched_headword,medium,machine_accepted,direct_page_headword_match,machine_derived,true,false
ORT1888-art-000856,spa,Descargar,,Ortega1888[44],ORT1888-cand-000856,ORTEGA1888-TEPIC-IA,48,44,2333,2334,Descargar.- Cas^wpi. Neti.,hyphen_variant,matched_headword,medium,machine_accepted,direct_page_headword_match,machine_derived,true,false
ORT1888-art-000857,spa,Descobijar,,Ortega1888[44],ORT1888-cand-000857,ORTEGA1888-TEPIC-IA,48,44,2335,2336,Descobijar. -Nticú. Nete.,hyphen_variant,matched_headword,medium,machine_accepted,direct_page_headword_match,machine_derived,true,false
ORT1888-art-000858,spa,Descoser,,Ortega1888[44],ORT1888-cand-000858,ORTEGA1888-TEPIC-IA,48,44,2337,2338,"Descoser.-Xeztna, Neti.",hyphen_variant,matched_headword,medium,machine_accepted,direct_page_headword_match,machine_derived,true,false
ORT1888-art-000859,spa,"Descubrir, lo secreto",,Ortega1888[44],ORT1888-cand-000859,ORTEGA1888-TEPIC-IA,48,44,2339,2340,"Descubrir, lo secreto. -Yhmué. Neti.",hyphen_variant,matched_headword,medium,machine_accepted,direct_page_headword_match,machine_derived,true,false
ORT1888-art-000860,spa,Desear,,Ortega1888[44],ORT1888-cand-000860,ORTEGA1888-TEPIC-IA,48,44,2341,2342,Desear.-Xéve Neti.,hyphen_variant,matched_headword,medium,machine_accepted,direct_page_headword_match,machine_derived,true,false
ORT1888-art-000861,spa,Desenvolver,,Ortega1888[44],ORT1888-cand-000861,ORTEGA1888-TEPIC-IA,48,44,2343,2344,Desenvolver.-Taxcupi. Neteu.,hyphen_variant,matched_headword,medium,machine_accepted,direct_page_headword_match,machine_derived,true,false
ORT1888-art-000862,spa,Desenclavar,,Ortega1888[44],ORT1888-cand-000862,ORTEGA1888-TEPIC-IA,48,44,2345,2346,Desenclavar.-Acuxa Nete.,hyphen_variant,matched_headword,medium,machine_accepted,direct_page_headword_match,machine_derived,true,false
ORT1888-art-000863,spa,Desenojarse,,Ortega1888[44],ORT1888-cand-000863,ORTEGA1888-TEPIC-IA,48,44,2347,2348,Desenojarse.-Ycacuanaca. N.,hyphen_variant,matched_headword,medium,machine_accepted,direct_page_headword_match,machine_derived,true,false
ORT1888-art-000864,spa,"Desgranar frijol, etc",,Ortega1888[44],ORT1888-cand-000864,ORTEGA1888-TEPIC-IA,48,44,2349,2350,"Desgranar frijol, etc.-Atzupe. Neti.",hyphen_variant,matched_headword,medium,machine_accepted,direct_page_headword_match,machine_derived,true,false
ORT1888-art-000865,spa,Deshonesto,,Ortega1888[44],ORT1888-cand-000865,ORTEGA1888-TEPIC-IA,48,44,2351,2352,Deshonesto. -Capti te via.,hyphen_variant,matched_headword,medium,machine_accepted,direct_page_headword_match,machine_derived,true,false
ORT1888-art-000866,spa,Desleir,,Ortega1888[44],ORT1888-cand-000866,ORTEGA1888-TEPIC-IA,48,44,2353,2354,Desleir.-Acuamoa. Nete.,hyphen_variant,matched_headword,medium,machine_accepted,direct_page_headword_match,machine_derived,true,false
ORT1888-art-000867,spa,Desmayarse,,Ortega1888[44],ORT1888-cand-000867,ORTEGA1888-TEPIC-IA,48,44,2355,2360,Desmayarse. -Utemucá. Neantemuaca. | ws»,hyphen_variant,matched_headword,medium,machine_accepted,direct_page_headword_match,machine_derived,true,false
ORT1888-art-000868,spa,D es ni ay o,,Ortega1888[45],ORT1888-cand-000868,ORTEGA1888-TEPIC-IA,49,45,2367,2368,D es ni ay o. -Ten u cat.,hyphen_variant,matched_headword,medium,machine_accepted,direct_page_headword_match,machine_derived,true,false
ORT1888-art-000869,spa,Desn udar,,Ortega1888[45],ORT1888-cand-000869,ORTEGA1888-TEPIC-IA,49,45,2369,2370,Desn udar.-Coyeohpe. Neti.,hyphen_variant,matched_headword,medium,machine_accepted,direct_page_headword_match,machine_derived,true,false
ORT1888-art-000870,spa,Desnudez,,Ortega1888[45],ORT1888-cand-000870,ORTEGA1888-TEPIC-IA,49,45,2371,2372,Desnudez -Ycóbpiát.,hyphen_variant,matched_headword,medium,machine_accepted,direct_page_headword_match,machine_derived,true,false
ORT1888-art-000871,spa,Desollar,,Ortega1888[45],ORT1888-cand-000871,ORTEGA1888-TEPIC-IA,49,45,2373,2374,Desollar.- Cuhtzana. Neti.,hyphen_variant,matched_headword,medium,machine_accepted,direct_page_headword_match,machine_derived,true,false
ORT1888-art-000872,spa,Desparrama r,,Ortega1888[45],ORT1888-cand-000872,ORTEGA1888-TEPIC-IA,49,45,2375,2376,Desparrama r.-Ahuaxérat. Nete.,hyphen_variant,matched_headword,medium,machine_accepted,direct_page_headword_match,machine_derived,true,false
ORT1888-art-000873,spa,Despavilar candela con la mano,,Ortega1888[45],ORT1888-cand-000873,ORTEGA1888-TEPIC-IA,49,45,2377,2378,Despavilar candela con la mano.-Antipuena. Ne.,hyphen_variant,matched_headword,medium,machine_accepted,direct_page_headword_match,machine_derived,true,false
ORT1888-art-000874,spa,Despavilar con tijeras,,Ortega1888[45],ORT1888-cand-000874,ORTEGA1888-TEPIC-IA,49,45,2379,2380,Despavilar con tijeras.— Antiyanioa. Ne.,em_dash,matched_headword,high,machine_accepted,direct_page_headword_match,machine_derived,true,false
ORT1888-art-000875,spa,Despedazar,,Ortega1888[45],ORT1888-cand-000875,ORTEGA1888-TEPIC-IA,49,45,2381,2382,Despedazar.-Tzanax. Neti.,hyphen_variant,matched_headword,medium,machine_accepted,direct_page_headword_match,machine_derived,true,false
ORT1888-art-000876,spa,Despejar,,Ortega1888[45],ORT1888-cand-000876,ORTEGA1888-TEPIC-IA,49,45,2383,2384,Despejar. -Atatza. Nete.,hyphen_variant,matched_headword,medium,machine_accepted,direct_page_headword_match,machine_derived,true,false
ORT1888-art-000877,spa,Despeñarse,,Ortega1888[45],ORT1888-cand-000877,ORTEGA1888-TEPIC-IA,49,45,2385,2386,Despeñarse -Vtbet. N.,hyphen_variant,matched_headword,medium,machine_accepted,direct_page_headword_match,machine_derived,true,false
ORT1888-art-000878,spa,Despertar,,Ortega1888[45],ORT1888-cand-000878,ORTEGA1888-TEPIC-IA,49,45,2387,2388,Despertar. -Tiecha Ne.,hyphen_variant,matched_headword,medium,machine_accepted,direct_page_headword_match,machine_derived,true,false
ORT1888-art-000879,spa,Desperezarse,,Ortega1888[45],ORT1888-cand-000879,ORTEGA1888-TEPIC-IA,49,45,2389,2390,Desperezarse. -Táutzara.,hyphen_variant,matched_headword,medium,machine_accepted,direct_page_headword_match,machine_derived,true,false
ORT1888-art-000880,spa,Despluma rse,,Ortega1888[45],ORT1888-cand-000880,ORTEGA1888-TEPIC-IA,49,45,2391,2392,Despluma rse.-Cütna. Neti.,hyphen_variant,matched_headword,medium,machine_accepted,direct_page_headword_match,machine_derived,true,false
ORT1888-art-000881,spa,Despues,,Ortega1888[45],ORT1888-cand-000881,ORTEGA1888-TEPIC-IA,49,45,2393,2394,Despues.-Moaiiecaitá.,hyphen_variant,matched_headword,medium,machine_accepted,direct_page_headword_match,machine_derived,true,false
ORT1888-art-000882,spa,Desvanecerse,,Ortega1888[45],ORT1888-cand-000882,ORTEGA1888-TEPIC-IA,49,45,2395,2396,Desvanecerse.-Muarizé. Ne.,hyphen_variant,matched_headword,medium,machine_accepted,direct_page_headword_match,machine_derived,true,false
ORT1888-art-000883,spa,Des velarse,,Ortega1888[45],ORT1888-cand-000883,ORTEGA1888-TEPIC-IA,49,45,2397,2398,Des velarse. -Cu humaré. Ne.,hyphen_variant,matched_headword,medium,machine_accepted,direct_page_headword_match,machine_derived,true,false
ORT1888-art-000884,spa,Desvirgar,,Ortega1888[45],ORT1888-cand-000884,ORTEGA1888-TEPIC-IA,49,45,2399,2400,Desvirgar.-Auhcu. Nete.,hyphen_variant,matched_headword,medium,machine_accepted,direct_page_headword_match,machine_derived,true,false
ORT1888-art-000885,spa,Detras de alguno,,Ortega1888[45],ORT1888-cand-000885,ORTEGA1888-TEPIC-IA,49,45,2401,2402,Detras de alguno. -Tihuárita.,hyphen_variant,matched_headword,medium,machine_accepted,direct_page_headword_match,machine_derived,true,false
ORT1888-art-000886,spa,De valde,,Ortega1888[45],ORT1888-cand-000886,ORTEGA1888-TEPIC-IA,49,45,2403,2404,De valde. — Xepuche.,em_dash,matched_headword,high,machine_accepted,direct_page_headword_match,machine_derived,true,false
ORT1888-art-000887,spa,Deudor,,Ortega1888[45],ORT1888-cand-000887,ORTEGA1888-TEPIC-IA,49,45,2405,2406,Deudor. -Taehachrihuame. pl. tzi.,hyphen_variant,matched_headword,medium,machine_accepted,direct_page_headword_match,machine_derived,true,false
ORT1888-art-000888,spa,Dejar algo,,Ortega1888[45],ORT1888-cand-000888,ORTEGA1888-TEPIC-IA,49,45,2407,2408,Dejar algo.— Tahtoa. Neteu.,em_dash,matched_headword,high,machine_accepted,direct_page_headword_match,machine_derived,true,false
ORT1888-art-000889,spa,Deeir,,Ortega1888[45],ORT1888-cand-000889,ORTEGA1888-TEPIC-IA,49,45,2409,2410,Deeir.-Ñeüea Neti.,hyphen_variant,matched_headword,medium,machine_accepted,direct_page_headword_match,machine_derived,true,false
ORT1888-art-000890,spa,Dia,,Ortega1888[45],ORT1888-cand-000890,ORTEGA1888-TEPIC-IA,49,45,2411,2412,Dia.-X«tócat.,hyphen_variant,anchored_same_page,low,machine_accepted,same_page_anchor_support,machine_derived,true,false
ORT1888-art-000891,spa,Dia de fiesta,,Ortega1888[45],ORT1888-cand-000891,ORTEGA1888-TEPIC-IA,49,45,2413,2414,Dia de fiesta. -Teanáme.,hyphen_variant,matched_headword,medium,machine_accepted,direct_page_headword_match,machine_derived,true,false
ORT1888-art-000892,spa,Diablo,,Ortega1888[45],ORT1888-cand-000892,ORTEGA1888-TEPIC-IA,49,45,2415,2416,Diablo. -Busca demonio.,hyphen_variant,matched_headword,medium,machine_accepted,direct_page_headword_match,machine_derived,true,false
ORT1888-art-000893,spa,Diente,,Ortega1888[45],ORT1888-cand-000893,ORTEGA1888-TEPIC-IA,49,45,2417,2418,Diente. -Tameti.,hyphen_variant,matched_headword,medium,machine_accepted,direct_page_headword_match,machine_derived,true,false
ORT1888-art-000894,spa,Diferir ó dilatar,,Ortega1888[45],ORT1888-cand-000894,ORTEGA1888-TEPIC-IA,49,45,2419,2420,Diferir ó dilatar. -Vpétevi. Vnétevi.,hyphen_variant,matched_headword,medium,machine_accepted,direct_page_headword_match,machine_derived,true,false
ORT1888-art-000895,spa,Difícil,,Ortega1888[45],ORT1888-cand-000895,ORTEGA1888-TEPIC-IA,49,45,2421,2422,Difícil. -Tezíhua.,hyphen_variant,matched_headword,medium,machine_accepted,direct_page_headword_match,machine_derived,true,false
ORT1888-art-000896,spa,Dilatar,,Ortega1888[45],ORT1888-cand-000896,ORTEGA1888-TEPIC-IA,49,45,2423,2424,Dilatar. -Busca diferir.,hyphen_variant,matched_headword,medium,machine_accepted,direct_page_headword_match,machine_derived,true,false
ORT1888-art-000897,spa,Disoluto,,Ortega1888[45],ORT1888-cand-000897,ORTEGA1888-TEPIC-IA,49,45,2425,2426,Disoluto. -Busca deshonesto.,hyphen_variant,matched_headword,medium,machine_accepted,direct_page_headword_match,machine_derived,true,false
ORT1888-art-000898,spa,Destilarse el agua,,Ortega1888[45],ORT1888-cand-000898,ORTEGA1888-TEPIC-IA,49,45,2427,2428,Destilarse el agua. -Timuiyebmé.,hyphen_variant,matched_headword,medium,machine_accepted,direct_page_headword_match,machine_derived,true,false
ORT1888-art-000899,spa,Doblar algo,,Ortega1888[45],ORT1888-cand-000899,ORTEGA1888-TEPIC-IA,49,45,2429,2434,Doblar algo.-Yhcata. Neti. | 46,hyphen_variant,matched_headword,medium,machine_accepted,direct_page_headword_match,machine_derived,true,false
ORT1888-art-000900,spa,Doler la llaga,,Ortega1888[46],ORT1888-cand-000900,ORTEGA1888-TEPIC-IA,50,46,2435,2436,Doler la llaga. — Tecui.,em_dash,matched_headword,high,machine_accepted,direct_page_headword_match,machine_derived,true,false
ORT1888-art-000901,spa,Doncella,,Ortega1888[46],ORT1888-cand-000901,ORTEGA1888-TEPIC-IA,50,46,2437,2438,Doncella. — Tíwhmuaztaé. pl. EumsiYi.,em_dash,matched_headword,high,machine_accepted,direct_page_headword_match,machine_derived,true,false
ORT1888-art-000902,spa,Dormir,,Ortega1888[46],ORT1888-cand-000902,ORTEGA1888-TEPIC-IA,50,46,2439,2440,Dormir.— Cutzó. Ne.,em_dash,matched_headword,high,machine_accepted,direct_page_headword_match,machine_derived,true,false
ORT1888-art-000903,spa,Dulce cosa,,Ortega1888[46],ORT1888-cand-000903,ORTEGA1888-TEPIC-IA,50,46,2441,2442,Dulce cosa. — Tze.,em_dash,matched_headword,high,machine_accepted,direct_page_headword_match,machine_derived,true,false
ORT1888-art-000904,spa,Durar mucho tiempo,,Ortega1888[46],ORT1888-cand-000904,ORTEGA1888-TEPIC-IA,50,46,2443,2444,Durar mucho tiempo. — Atévi.,em_dash,matched_headword,high,machine_accepted,direct_page_headword_match,machine_derived,true,false
ORT1888-art-000905,spa,Dar de comer á otro,,Ortega1888[46],ORT1888-cand-000905,ORTEGA1888-TEPIC-IA,50,46,2445,2446,Dar de comer á otro. — Huancunhua Neti.,em_dash,matched_headword,high,machine_accepted,direct_page_headword_match,machine_derived,true,false
ORT1888-art-000906,spa,Dar de vestir a otro,,Ortega1888[46],ORT1888-cand-000906,ORTEGA1888-TEPIC-IA,50,46,2447,2449,Dar de vestir a otro. — Htiachete. Neti.,em_dash,matched_headword,high,machine_accepted,direct_page_headword_match,machine_derived,true,false
ORT1888-art-000907,spa,"Echar, vaciar",,Ortega1888[46],ORT1888-cand-000907,ORTEGA1888-TEPIC-IA,50,46,2450,2451,"Echar, vaciar.— Tahtoa, Nete.",em_dash,matched_headword,high,machine_accepted,direct_page_headword_match,machine_derived,true,false
ORT1888-art-000908,spa,Echarse la bestia,,Ortega1888[46],ORT1888-cand-000908,ORTEGA1888-TEPIC-IA,50,46,2452,2453,Echarse la bestia. — Téhui.,em_dash,matched_headword,high,machine_accepted,direct_page_headword_match,machine_derived,true,false
ORT1888-art-000909,spa,El ó ella,,Ortega1888[46],ORT1888-cand-000909,ORTEGA1888-TEPIC-IA,50,46,2454,2455,El ó ella. — Aehna. Aehpo.,em_dash,matched_headword,high,machine_accepted,direct_page_headword_match,machine_derived,true,false
ORT1888-art-000910,spa,Elada ó velo,,Ortega1888[46],ORT1888-cand-000910,ORTEGA1888-TEPIC-IA,50,46,2456,2457,Elada ó velo. — Cerit.,em_dash,matched_headword,high,machine_accepted,direct_page_headword_match,machine_derived,true,false
ORT1888-art-000911,spa,Elar,,Ortega1888[45],ORT1888-cand-000911,ORTEGA1888-TEPIC-IA,49,45,2458,2459,Elar.— Huabet.,em_dash,matched_headword,high,machine_accepted,direct_page_headword_match,machine_derived,true,false
ORT1888-art-000912,spa,El que,,Ortega1888[46],ORT1888-cand-000912,ORTEGA1888-TEPIC-IA,50,46,2460,2461,El que.— Atab.,em_dash,matched_headword,high,machine_accepted,direct_page_headword_match,machine_derived,true,false
ORT1888-art-000913,spa,Embainar,,Ortega1888[46],ORT1888-cand-000913,ORTEGA1888-TEPIC-IA,50,46,2462,2463,Embainar. — Vcáchehte. Nete,em_dash,matched_headword,high,machine_accepted,direct_page_headword_match,machine_derived,true,false
ORT1888-art-000914,spa,Embestir,,Ortega1888[46],ORT1888-cand-000914,ORTEGA1888-TEPIC-IA,50,46,2464,2465,Embestir. — Antitzete. Ne.,em_dash,matched_headword,high,machine_accepted,direct_page_headword_match,machine_derived,true,false
ORT1888-art-000915,spa,Embiar algo,,Ortega1888[46],ORT1888-cand-000915,ORTEGA1888-TEPIC-IA,50,46,2466,2467,Embiar algo. — Tai tueca. Neteu,em_dash,matched_headword,high,machine_accepted,direct_page_headword_match,machine_derived,true,false
ORT1888-art-000916,spa,Embolver,,Ortega1888[46],ORT1888-cand-000916,ORTEGA1888-TEPIC-IA,50,46,2468,2469,Embolver. — Busca doblar.,em_dash,matched_headword,high,machine_accepted,direct_page_headword_match,machine_derived,true,false
ORT1888-art-000917,spa,"Embriagar á otro, r",,Ortega1888[46],ORT1888-cand-000917,ORTEGA1888-TEPIC-IA,50,46,2470,2471,"Embriagar á otro, r— Tatahuacihte. Neteu.",em_dash,matched_headword,high,machine_accepted,direct_page_headword_match,machine_derived,true,false
ORT1888-art-000918,spa,Embriagarse,,Ortega1888[46],ORT1888-cand-000918,ORTEGA1888-TEPIC-IA,50,46,2472,2473,Embriagarse.-^ Tahua. Ne.,hyphen_variant,matched_headword,medium,machine_accepted,direct_page_headword_match,machine_derived,true,false
ORT1888-art-000919,spa,Enmendarse,,Ortega1888[46],ORT1888-cand-000919,ORTEGA1888-TEPIC-IA,50,46,2474,2475,Enmendarse. — Huacho. Nanché.,em_dash,matched_headword,high,machine_accepted,direct_page_headword_match,machine_derived,true,false
ORT1888-art-000920,spa,Empacharse,,Ortega1888[46],ORT1888-cand-000920,ORTEGA1888-TEPIC-IA,50,46,2476,2477,Empacharse. — Huacuaitzá. Nacuaitzá.,em_dash,matched_headword,high,machine_accepted,direct_page_headword_match,machine_derived,true,false
ORT1888-art-000921,spa,Empero,,Ortega1888[46],ORT1888-cand-000921,ORTEGA1888-TEPIC-IA,50,46,2478,2479,Empero. — Tepoac.,em_dash,matched_headword,high,machine_accepted,direct_page_headword_match,machine_derived,true,false
ORT1888-art-000922,spa,"Empeine, enfermedad",,Ortega1888[46],ORT1888-cand-000922,ORTEGA1888-TEPIC-IA,50,46,2480,2481,"Empeine, enfermedad. .— Teahcuri. p!. tzi.",em_dash,matched_headword,high,machine_accepted,direct_page_headword_match,machine_derived,true,false
ORT1888-art-000923,spa,Empeñar,,Ortega1888[46],ORT1888-cand-000923,ORTEGA1888-TEPIC-IA,50,46,2482,2483,Empeñar. — Taáti. Neti.,em_dash,matched_headword,high,machine_accepted,direct_page_headword_match,machine_derived,true,false
ORT1888-art-000924,spa,Empinarse,,Ortega1888[46],ORT1888-cand-000924,ORTEGA1888-TEPIC-IA,50,46,2484,2485,Empinarse. — xTeutérihi'ia. Netintérihua.,em_dash,matched_headword,high,machine_accepted,direct_page_headword_match,machine_derived,true,false
ORT1888-art-000925,spa,Emplumar el ave,,Ortega1888[46],ORT1888-cand-000925,ORTEGA1888-TEPIC-IA,50,46,2486,2487,Emplumar el ave. — Cáuxa.,em_dash,matched_headword,high,machine_accepted,direct_page_headword_match,machine_derived,true,false
ORT1888-art-000926,spa,Empreñar,,Ortega1888[46],ORT1888-cand-000926,ORTEGA1888-TEPIC-IA,50,46,2488,2489,"Empreñar. — Atahuatzairi. Neteu,",em_dash,matched_headword,high,machine_accepted,direct_page_headword_match,machine_derived,true,false
ORT1888-art-000927,spa,Emprestar,,Ortega1888[46],ORT1888-cand-000927,ORTEGA1888-TEPIC-IA,50,46,2490,2491,Emprestar. — Nehte. Neti.,em_dash,matched_headword,high,machine_accepted,direct_page_headword_match,machine_derived,true,false
ORT1888-art-000928,spa,En prep,,Ortega1888[46],ORT1888-cand-000928,ORTEGA1888-TEPIC-IA,50,46,2492,2497,"En prep. — Hetze. Tzahta, | may*",em_dash,matched_headword,high,machine_accepted,direct_page_headword_match,machine_derived,true,false
ORT1888-art-000929,spa,Eneancer el hueso,,Ortega1888[47],ORT1888-cand-000929,ORTEGA1888-TEPIC-IA,51,47,2501,2502,Eneancer el hueso. — Abapütnazt.,em_dash,matched_headword,high,machine_accepted,direct_page_headword_match,machine_derived,true,false
ORT1888-art-000930,spa,Encender candela ó tea,,Ortega1888[47],ORT1888-cand-000930,ORTEGA1888-TEPIC-IA,51,47,2503,2506,"Encender candela ó tea. — Ntitái. Nete. | Encender lumbre, hacerla.^ Ana. N.",em_dash,matched_headword,high,machine_accepted,direct_page_headword_match,machine_derived,true,false
ORT1888-art-000931,spa,Encontrar acuso á alguno,,Ortega1888[47],ORT1888-cand-000931,ORTEGA1888-TEPIC-IA,51,47,2507,2508,Encontrar acuso á alguno. — Nahéheca. Neteu.,em_dash,matched_headword,high,machine_accepted,direct_page_headword_match,machine_derived,true,false
ORT1888-art-000932,spa,Encuentro tal,,Ortega1888[47],ORT1888-cand-000932,ORTEGA1888-TEPIC-IA,51,47,2509,2510,Encuentro tal. — Nahcheat.,em_dash,matched_headword,high,machine_accepted,direct_page_headword_match,machine_derived,true,false
ORT1888-art-000933,spa,"Encovar algo, r",,Ortega1888[47],ORT1888-cand-000933,ORTEGA1888-TEPIC-IA,51,47,2511,2512,"Encovar algo, r- Ntitntze Nete.",hyphen_variant,matched_headword,medium,machine_accepted,direct_page_headword_match,machine_derived,true,false
ORT1888-art-000934,spa,Encubrir algo,,Ortega1888[47],ORT1888-cand-000934,ORTEGA1888-TEPIC-IA,51,47,2513,2514,Encubrir algo. — Baña Nete.,em_dash,matched_headword,high,machine_accepted,direct_page_headword_match,machine_derived,true,false
ORT1888-art-000935,spa,"Encumbrar, llegar á lo alto",,Ortega1888[47],ORT1888-cand-000935,ORTEGA1888-TEPIC-IA,51,47,2515,2516,"Encumbrar, llegar á lo alto. — Antiné. N,",em_dash,matched_headword,high,machine_accepted,direct_page_headword_match,machine_derived,true,false
ORT1888-art-000936,spa,Enderesar,,Ortega1888[47],ORT1888-cand-000936,ORTEGA1888-TEPIC-IA,51,47,2517,2518,Enderesar. — Tatzáraca. Neteu.,em_dash,matched_headword,high,machine_accepted,direct_page_headword_match,machine_derived,true,false
ORT1888-art-000937,spa,"Enemistad, tener con otro",,Ortega1888[47],ORT1888-cand-000937,ORTEGA1888-TEPIC-IA,51,47,2519,2520,"Enemistad, tener con otro. — Haxévia. Neti.",em_dash,matched_headword,high,machine_accepted,direct_page_headword_match,machine_derived,true,false
ORT1888-art-000938,spa,Enfermar de algún mal,,Ortega1888[47],ORT1888-cand-000938,ORTEGA1888-TEPIC-IA,51,47,2521,2522,Enfermar de algún mal. — Cui. Neti.,em_dash,matched_headword,high,machine_accepted,direct_page_headword_match,machine_derived,true,false
ORT1888-art-000939,spa,Enfermo,,Ortega1888[47],ORT1888-cand-000939,ORTEGA1888-TEPIC-IA,51,47,2523,2524,Enfermo. — Ticui.,em_dash,matched_headword,high,machine_accepted,direct_page_headword_match,machine_derived,true,false
ORT1888-art-000940,spa,Enflaquecerse,,Ortega1888[47],ORT1888-cand-000940,ORTEGA1888-TEPIC-IA,51,47,2525,2526,Enflaquecerse. — Huateahua. Nateahua.,em_dash,matched_headword,high,machine_accepted,direct_page_headword_match,machine_derived,true,false
ORT1888-art-000941,spa,Enfrente de alguno,,Ortega1888[47],ORT1888-cand-000941,ORTEGA1888-TEPIC-IA,51,47,2527,2528,Enfrente de alguno. — Tincrimet/é. Túiaouzé.,em_dash,matched_headword,high,machine_accepted,direct_page_headword_match,machine_derived,true,false
ORT1888-art-000942,spa,flnfriar,,Ortega1888[47],ORT1888-cand-000942,ORTEGA1888-TEPIC-IA,51,47,2529,2530,flnfriar.— Tara Neti.,em_dash,matched_headword,high,machine_accepted,direct_page_headword_match,machine_derived,true,false
ORT1888-art-000943,spa,"Engañar, a",,Ortega1888[47],ORT1888-cand-000943,ORTEGA1888-TEPIC-IA,51,47,2531,2532,"Engañar, a— Cuanamoa. Neti.",em_dash,matched_headword,high,machine_accepted,direct_page_headword_match,machine_derived,true,false
ORT1888-art-000944,spa,Engordar uno,,Ortega1888[47],ORT1888-cand-000944,ORTEGA1888-TEPIC-IA,51,47,2533,2534,Engordar uno. — Teuzim. Ne.,em_dash,matched_headword,high,machine_accepted,direct_page_headword_match,machine_derived,true,false
ORT1888-art-000945,spa,Enloquecer,,Ortega1888[47],ORT1888-cand-000945,ORTEGA1888-TEPIC-IA,51,47,2535,2536,Enloquecer. — Huatatecáhire Natatecáhire.,em_dash,matched_headword,high,machine_accepted,direct_page_headword_match,machine_derived,true,false
ORT1888-art-000946,spa,Enmojecerse el hierro,,Ortega1888[47],ORT1888-cand-000946,ORTEGA1888-TEPIC-IA,51,47,2537,2538,Enmojecerse el hierro. — Huateauchitáme.,em_dash,matched_headword,high,machine_accepted,direct_page_headword_match,machine_derived,true,false
ORT1888-art-000947,spa,Enojar á otro,,Ortega1888[47],ORT1888-cand-000947,ORTEGA1888-TEPIC-IA,51,47,2539,2540,Enojar á otro. — Haxaht. Neti.,em_dash,matched_headword,high,machine_accepted,direct_page_headword_match,machine_derived,true,false
ORT1888-art-000948,spa,Enojarse,,Ortega1888[47],ORT1888-cand-000948,ORTEGA1888-TEPIC-IA,51,47,2541,2542,Enojarse. ^—Neú. Ne. Acancü. N. Neucamoe. Ne.,em_dash,matched_headword,high,machine_accepted,direct_page_headword_match,machine_derived,true,false
ORT1888-art-000949,spa,Enojo,,Ortega1888[47],ORT1888-cand-000949,ORTEGA1888-TEPIC-IA,51,47,2543,2544,Enojo. — Neil cat.,em_dash,matched_headword,high,machine_accepted,direct_page_headword_match,machine_derived,true,false
ORT1888-art-000950,spa,Enriquecer,,Ortega1888[47],ORT1888-cand-000950,ORTEGA1888-TEPIC-IA,51,47,2545,2546,Enriquecer. — Huatahuázeca. Nateancazeca.,em_dash,matched_headword,high,machine_accepted,direct_page_headword_match,machine_derived,true,false
ORT1888-art-000951,spa,Enredar alguna cosa,,Ortega1888[47],ORT1888-cand-000951,ORTEGA1888-TEPIC-IA,51,47,2547,2548,Enredar alguna cosa. — Teáheca. Neteu.,em_dash,matched_headword,high,machine_accepted,direct_page_headword_match,machine_derived,true,false
ORT1888-art-000952,spa,Enroscarse la vivora. r,,Ortega1888[47],ORT1888-cand-000952,ORTEGA1888-TEPIC-IA,51,47,2549,2550,Enroscarse la vivora. r— Teuzekere.,em_dash,matched_headword,high,machine_accepted,direct_page_headword_match,machine_derived,true,false
ORT1888-art-000953,spa,Ensartar cuentas,,Ortega1888[47],ORT1888-cand-000953,ORTEGA1888-TEPIC-IA,51,47,2551,2552,Ensartar cuentas. — Xuu. Nete.,em_dash,matched_headword,high,machine_accepted,direct_page_headword_match,machine_derived,true,false
ORT1888-art-000954,spa,Enseñar,,Ortega1888[47],ORT1888-cand-000954,ORTEGA1888-TEPIC-IA,51,47,2553,2554,"Enseñar. ,— Muaté. Neti.",em_dash,matched_headword,high,machine_accepted,direct_page_headword_match,machine_derived,true,false
ORT1888-art-000955,spa,Enseñanza,,Ortega1888[47],ORT1888-cand-000955,ORTEGA1888-TEPIC-IA,51,47,2555,2556,Enseñanza. — Muatéht.,em_dash,matched_headword,high,machine_accepted,direct_page_headword_match,machine_derived,true,false
ORT1888-art-000956,spa,Ensuciar alguna eosa,,Ortega1888[47],ORT1888-cand-000956,ORTEGA1888-TEPIC-IA,51,47,2557,2558,Ensuciar alguna eosa.-^Chuamüare. Neteu.,hyphen_variant,matched_headword,medium,machine_accepted,direct_page_headword_match,machine_derived,true,false
ORT1888-art-000957,spa,Entender,,Ortega1888[47],ORT1888-cand-000957,ORTEGA1888-TEPIC-IA,51,47,2559,2560,Entender.— ^Namoáhbe. Neti.,em_dash,matched_headword,high,machine_accepted,direct_page_headword_match,machine_derived,true,false
ORT1888-art-000958,spa,Entendimiento,,Ortega1888[47],ORT1888-cand-000958,ORTEGA1888-TEPIC-IA,51,47,2561,2562,Entendimiento. — Namoáhriat.,em_dash,matched_headword,high,machine_accepted,direct_page_headword_match,machine_derived,true,false
ORT1888-art-000959,spa,Enterrar muerto,,Ortega1888[47],ORT1888-cand-000959,ORTEGA1888-TEPIC-IA,51,47,2563,2568,Enterrar muerto. — Tete Nete. Teteaucuca. Nete. | 48,em_dash,matched_headword,high,machine_accepted,direct_page_headword_match,machine_derived,true,false
ORT1888-art-000960,spa,Entierro,,Ortega1888[48],ORT1888-cand-000960,ORTEGA1888-TEPIC-IA,52,48,2569,2570,Entierro. — Teaúhcluat.,em_dash,matched_headword,high,machine_accepted,direct_page_headword_match,machine_derived,true,false
ORT1888-art-000961,spa,Entonces,,Ortega1888[48],ORT1888-cand-000961,ORTEGA1888-TEPIC-IA,52,48,2571,2572,Entonces. — Nermü.,em_dash,matched_headword,high,machine_accepted,direct_page_headword_match,machine_derived,true,false
ORT1888-art-000962,spa,Entrambos,,Ortega1888[48],ORT1888-cand-000962,ORTEGA1888-TEPIC-IA,52,48,2573,2574,Entrambos. — Mahuapoát.,em_dash,matched_headword,high,machine_accepted,direct_page_headword_match,machine_derived,true,false
ORT1888-art-000963,spa,Entrar,,Ortega1888[48],ORT1888-cand-000963,ORTEGA1888-TEPIC-IA,52,48,2575,2576,"Entrar. ,-Vtaü | >i. N.",hyphen_variant,matched_headword,medium,machine_accepted,direct_page_headword_match,machine_derived,true,false
ORT1888-art-000964,spa,Entresacar,,Ortega1888[48],ORT1888-cand-000964,ORTEGA1888-TEPIC-IA,52,48,2577,2578,Entresacar. — Bellcipüihua. Nete.,em_dash,matched_headword,high,machine_accepted,direct_page_headword_match,machine_derived,true,false
ORT1888-art-000965,spa,"Entumido, estar",,Ortega1888[48],ORT1888-cand-000965,ORTEGA1888-TEPIC-IA,52,48,2579,2580,"Entumido, estar.— Tzuhchá. Ne.",em_dash,matched_headword,high,machine_accepted,direct_page_headword_match,machine_derived,true,false
ORT1888-art-000966,spa,Enturbiar,,Ortega1888[48],ORT1888-cand-000966,ORTEGA1888-TEPIC-IA,52,48,2581,2582,Enturbiar. — Chuamoéti. Neteu.,em_dash,matched_headword,high,machine_accepted,direct_page_headword_match,machine_derived,true,false
ORT1888-art-000967,spa,Envano,,Ortega1888[48],ORT1888-cand-000967,ORTEGA1888-TEPIC-IA,52,48,2583,2584,Envano. — Huápuat.,em_dash,matched_headword,high,machine_accepted,direct_page_headword_match,machine_derived,true,false
ORT1888-art-000968,spa,Envejecerse,,Ortega1888[48],ORT1888-cand-000968,ORTEGA1888-TEPIC-IA,52,48,2585,2586,Envejecerse.— a Huattíbezi. Natebezi.,em_dash,matched_headword,high,machine_accepted,direct_page_headword_match,machine_derived,true,false
ORT1888-art-000969,spa,"Encino, árbol",,Ortega1888[48],ORT1888-cand-000969,ORTEGA1888-TEPIC-IA,52,48,2587,2590,"Encino, árbol. — Zéuhti. | Eredad.^Viat.",em_dash,matched_headword,high,machine_accepted,direct_page_headword_match,machine_derived,true,false
ORT1888-art-000970,spa,Erizarse los pelos,,Ortega1888[48],ORT1888-cand-000970,ORTEGA1888-TEPIC-IA,52,48,2591,2594,"Erizarse los pelos. — Tixúixaca. Ne. | Errar, no acertar. ^ A u bet. Ne.",em_dash,matched_headword,high,machine_accepted,direct_page_headword_match,machine_derived,true,false
ORT1888-art-000971,spa,Ervaje,,Ortega1888[48],ORT1888-cand-000971,ORTEGA1888-TEPIC-IA,52,48,2595,2596,Ervaje. — Euxhté.,em_dash,matched_headword,high,machine_accepted,direct_page_headword_match,machine_derived,true,false
ORT1888-art-000972,spa,Escama,,Ortega1888[48],ORT1888-cand-000972,ORTEGA1888-TEPIC-IA,52,48,2597,2598,Escama. — Anavízit.,em_dash,matched_headword,high,machine_accepted,direct_page_headword_match,machine_derived,true,false
ORT1888-art-000973,spa,Escarabajo,,Ortega1888[48],ORT1888-cand-000973,ORTEGA1888-TEPIC-IA,52,48,2599,2600,Escarabajo. — Chuitapurivt. pl. Chuitapurizi.,em_dash,matched_headword,high,machine_accepted,direct_page_headword_match,machine_derived,true,false
ORT1888-art-000974,spa,Escarmenar,,Ortega1888[48],ORT1888-cand-000974,ORTEGA1888-TEPIC-IA,52,48,2601,2602,Escarmenar. — Atzupe. Neti.,em_dash,matched_headword,high,machine_accepted,direct_page_headword_match,machine_derived,true,false
ORT1888-art-000975,spa,Escarbar tierra,,Ortega1888[48],ORT1888-cand-000975,ORTEGA1888-TEPIC-IA,52,48,2603,2604,Escarbar tierra. — A i bebé. Ne.,em_dash,matched_headword,high,machine_accepted,direct_page_headword_match,machine_derived,true,false
ORT1888-art-000976,spa,Esclarecer,,Ortega1888[48],ORT1888-cand-000976,ORTEGA1888-TEPIC-IA,52,48,2605,2606,Esclarecer.— .Huatanerick^wraca.,em_dash,matched_headword,high,machine_accepted,direct_page_headword_match,machine_derived,true,false
ORT1888-art-000977,spa,Esclavo,,Ortega1888[48],ORT1888-cand-000977,ORTEGA1888-TEPIC-IA,52,48,2607,2608,Esclavo. — Nanaihuacat. pl. tzi.,em_dash,matched_headword,high,machine_accepted,direct_page_headword_match,machine_derived,true,false
ORT1888-art-000978,spa,Escoba para barre)',,Ortega1888[48],ORT1888-cand-000978,ORTEGA1888-TEPIC-IA,52,48,2609,2610,Escoba para barre)'. — Tzimuari. Tebaucbtáme.,em_dash,matched_headword,high,machine_accepted,direct_page_headword_match,machine_derived,true,false
ORT1888-art-000979,spa,Escobeta para peinarse,,Ortega1888[48],ORT1888-cand-000979,ORTEGA1888-TEPIC-IA,52,48,2611,2612,Escobeta para peinarse. — Meatzekébti .,em_dash,matched_headword,high,machine_accepted,direct_page_headword_match,machine_derived,true,false
ORT1888-art-000980,spa,Escoger,,Ortega1888[48],ORT1888-cand-000980,ORTEGA1888-TEPIC-IA,52,48,2613,2614,Escoger.- — Busca entresacar.,em_dash,matched_headword,high,machine_accepted,direct_page_headword_match,machine_derived,true,false
ORT1888-art-000981,spa,Esconderse,,Ortega1888[48],ORT1888-cand-000981,ORTEGA1888-TEPIC-IA,52,48,2615,2616,Esconderse. — Vhuabata. Neneabata.,em_dash,matched_headword,high,machine_accepted,direct_page_headword_match,machine_derived,true,false
ORT1888-art-000982,spa,Escorpión,,Ortega1888[48],ORT1888-cand-000982,ORTEGA1888-TEPIC-IA,52,48,2617,2618,Escorpión. — T'/io¿ri. pl. tzi.,em_dash,matched_headword,high,machine_accepted,direct_page_headword_match,machine_derived,true,false
ORT1888-art-000983,spa,Escribano,,Ortega1888[48],ORT1888-cand-000983,ORTEGA1888-TEPIC-IA,52,48,2619,2620,Escribano.— .Tiyú xa.,em_dash,matched_headword,high,machine_accepted,direct_page_headword_match,machine_derived,true,false
ORT1888-art-000984,spa,Escribir,,Ortega1888[48],ORT1888-cand-000984,ORTEGA1888-TEPIC-IA,52,48,2621,2622,Escribir. — Yuxa. Neti,em_dash,matched_headword,high,machine_accepted,direct_page_headword_match,machine_derived,true,false
ORT1888-art-000985,spa,Escuchar,,Ortega1888[48],ORT1888-cand-000985,ORTEGA1888-TEPIC-IA,52,48,2623,2624,Escuchar. — Namoah. Neti.,em_dash,matched_headword,high,machine_accepted,direct_page_headword_match,machine_derived,true,false
ORT1888-art-000986,spa,Escurecerse,,Ortega1888[48],ORT1888-cand-000986,ORTEGA1888-TEPIC-IA,52,48,2625,2628,Escurecerse. — Huachumáná Huatécca. | Escupir. = Tzitzé. Neti.,em_dash,matched_headword,high,machine_accepted,direct_page_headword_match,machine_derived,true,false
ORT1888-art-000987,spa,"Escupitina, saliva",,Ortega1888[48],ORT1888-cand-000987,ORTEGA1888-TEPIC-IA,52,48,2629,2630,"Escupitina, saliva. — Tzitzicaite.",em_dash,matched_headword,high,machine_accepted,direct_page_headword_match,machine_derived,true,false
ORT1888-art-000988,spa,Esforsar á otro,,Ortega1888[48],ORT1888-cand-000988,ORTEGA1888-TEPIC-IA,52,48,2631,2636,"Esforsar á otro. —Cañe. Neti, | 49",em_dash,matched_headword,high,machine_accepted,direct_page_headword_match,machine_derived,true,false
ORT1888-art-000989,spa,Esfuerzo asi,,Ortega1888[49],ORT1888-cand-000989,ORTEGA1888-TEPIC-IA,53,49,2637,2638,Esfuerzo asi. — Canilla t.,em_dash,matched_headword,high,machine_accepted,direct_page_headword_match,machine_derived,true,false
ORT1888-art-000990,spa,Eslavon,,Ortega1888[49],ORT1888-cand-000990,ORTEGA1888-TEPIC-IA,53,49,2639,2640,Eslavon.--Tahotzéhti.,hyphen_variant,matched_headword,medium,machine_accepted,direct_page_headword_match,machine_derived,true,false
ORT1888-art-000991,spa,Espalda,,Ortega1888[49],ORT1888-cand-000991,ORTEGA1888-TEPIC-IA,53,49,2641,2642,Espalda. — Huariti.,em_dash,matched_headword,high,machine_accepted,direct_page_headword_match,machine_derived,true,false
ORT1888-art-000992,spa,Espantar á otro,,Ortega1888[49],ORT1888-cand-000992,ORTEGA1888-TEPIC-IA,53,49,2643,2644,Espantar á otro. — Mnarite. Neti. ',em_dash,matched_headword,high,machine_accepted,direct_page_headword_match,machine_derived,true,false
ORT1888-art-000993,spa,Espanto así,,Ortega1888[49],ORT1888-cand-000993,ORTEGA1888-TEPIC-IA,53,49,2645,2646,Espanto así — Muaritiat.,em_dash,matched_headword,high,machine_accepted,direct_page_headword_match,machine_derived,true,false
ORT1888-art-000994,spa,Espejo,,Ortega1888[49],ORT1888-cand-000994,ORTEGA1888-TEPIC-IA,53,49,2647,2648,Espejo. — Atenéric.,em_dash,matched_headword,high,machine_accepted,direct_page_headword_match,machine_derived,true,false
ORT1888-art-000995,spa,Espeluzarse,,Ortega1888[49],ORT1888-cand-000995,ORTEGA1888-TEPIC-IA,53,49,2649,2650,Espeluzarse. — Busca rizarse:,em_dash,matched_headword,high,machine_accepted,direct_page_headword_match,machine_derived,true,false
ORT1888-art-000996,spa,Esperar,,Ortega1888[49],ORT1888-cand-000996,ORTEGA1888-TEPIC-IA,53,49,2651,2652,Esperar. -Bu sea confiar.,hyphen_variant,matched_headword,medium,machine_accepted,direct_page_headword_match,machine_derived,true,false
ORT1888-art-000997,spa,Esperar lo raro,,Ortega1888[49],ORT1888-cand-000997,ORTEGA1888-TEPIC-IA,53,49,2653,2654,Esperar lo raro. — T-^te. Neteu.,em_dash,matched_headword,high,machine_accepted,direct_page_headword_match,machine_derived,true,false
ORT1888-art-000998,spa,Espresarse. Esperesarse,,Ortega1888[49],ORT1888-cand-000998,ORTEGA1888-TEPIC-IA,53,49,2655,2656,Espresarse. Esperesarse. — Busca desperesarse.,em_dash,matched_headword,high,machine_accepted,direct_page_headword_match,machine_derived,true,false
ORT1888-art-000999,spa,Espiga,,Ortega1888[49],ORT1888-cand-000999,ORTEGA1888-TEPIC-IA,53,49,2657,2658,"Espiga,— ^ Moáey ete.",em_dash,matched_headword,high,machine_accepted,direct_page_headword_match,machine_derived,true,false
ORT1888-art-001000,spa,Espigar el maíz,,Ortega1888[49],ORT1888-cand-001000,ORTEGA1888-TEPIC-IA,53,49,2659,2660,Espigar el maíz. — s.Moáeve.,em_dash,matched_headword,high,machine_accepted,direct_page_headword_match,machine_derived,true,false
ORT1888-art-001001,spa,Es [ >i n a,,Ortega1888[49],ORT1888-cand-001001,ORTEGA1888-TEPIC-IA,53,49,2661,2662,Es [ >i n a . — Tzi cáréte.,em_dash,matched_headword,high,machine_accepted,direct_page_headword_match,machine_derived,true,false
ORT1888-art-001002,spa,Espina de nopal,,Ortega1888[49],ORT1888-cand-001002,ORTEGA1888-TEPIC-IA,53,49,2663,2666,Espina de nopal. — Xnat. | Espinarse. ^Tiatzet. Teuátzet.,em_dash,matched_headword,high,machine_accepted,direct_page_headword_match,machine_derived,true,false
ORT1888-art-001003,spa,Espinilla de la pierna,,Ortega1888[49],ORT1888-cand-001003,ORTEGA1888-TEPIC-IA,53,49,2667,2668,Espinilla de la pierna. — Huatutn.,em_dash,matched_headword,high,machine_accepted,direct_page_headword_match,machine_derived,true,false
ORT1888-art-001004,spa,Espinaso,,Ortega1888[49],ORT1888-cand-001004,ORTEGA1888-TEPIC-IA,53,49,2669,2670,Espinaso. — Kerubzite.,em_dash,matched_headword,high,machine_accepted,direct_page_headword_match,machine_derived,true,false
ORT1888-art-001005,spa,Espolear al Caballo,,Ortega1888[49],ORT1888-cand-001005,ORTEGA1888-TEPIC-IA,53,49,2671,2672,Espolear al Caballo. — Uiteutzex. Nete.,em_dash,matched_headword,high,machine_accepted,direct_page_headword_match,machine_derived,true,false
ORT1888-art-001006,spa,Espremir,,Ortega1888[49],ORT1888-cand-001006,ORTEGA1888-TEPIC-IA,53,49,2673,2674,Espremir. — Neurahachihua. Nete.,em_dash,matched_headword,high,machine_accepted,direct_page_headword_match,machine_derived,true,false
ORT1888-art-001007,spa,Espulgar la cabeza,,Ortega1888[49],ORT1888-cand-001007,ORTEGA1888-TEPIC-IA,53,49,2675,2676,Espulgar la cabeza. — Ahme. Neti.,em_dash,matched_headword,high,machine_accepted,direct_page_headword_match,machine_derived,true,false
ORT1888-art-001008,spa,Espulgar la ropa,,Ortega1888[49],ORT1888-cand-001008,ORTEGA1888-TEPIC-IA,53,49,2677,2678,Espulgar la ropa.— sHuaxcaitzipe. Neti.,em_dash,matched_headword,high,machine_accepted,direct_page_headword_match,machine_derived,true,false
ORT1888-art-001009,spa,Esquina,,Ortega1888[49],ORT1888-cand-001009,ORTEGA1888-TEPIC-IA,53,49,2679,2680,"Esquina, — Tzicuritam.",em_dash,matched_headword,high,machine_accepted,direct_page_headword_match,machine_derived,true,false
ORT1888-art-001010,spa,Ese ó Esa,,Ortega1888[49],ORT1888-cand-001010,ORTEGA1888-TEPIC-IA,53,49,2681,2682,Ese ó Esa.-Amuehpu.,hyphen_variant,matched_headword,medium,machine_accepted,direct_page_headword_match,machine_derived,true,false
ORT1888-art-001011,spa,Estaca,,Ortega1888[49],ORT1888-cand-001011,ORTEGA1888-TEPIC-IA,53,49,2683,2684,Estaca. — Vicáti.,em_dash,matched_headword,high,machine_accepted,direct_page_headword_match,machine_derived,true,false
ORT1888-art-001012,spa,Estacar,,Ortega1888[49],ORT1888-cand-001012,ORTEGA1888-TEPIC-IA,53,49,2685,2686,Estacar.— Tahtalai. Nete.,em_dash,matched_headword,high,machine_accepted,direct_page_headword_match,machine_derived,true,false
ORT1888-art-001013,spa,Estar,,Ortega1888[48],ORT1888-cand-001013,ORTEGA1888-TEPIC-IA,52,48,2687,2688,Estar. — Yepréhbe. Nentehbe.,em_dash,matched_headword,high,machine_accepted,direct_page_headword_match,machine_derived,true,false
ORT1888-art-001014,spa,"Este, ó esta, ó este",,Ortega1888[49],ORT1888-cand-001014,ORTEGA1888-TEPIC-IA,53,49,2689,2690,"Este, ó esta, ó este. — Ti.",em_dash,matched_headword,high,machine_accepted,direct_page_headword_match,machine_derived,true,false
ORT1888-art-001015,spa,Estender ó tender,,Ortega1888[49],ORT1888-cand-001015,ORTEGA1888-TEPIC-IA,53,49,2691,2692,Estender ó tender. — Busca desembolver.,em_dash,matched_headword,high,machine_accepted,direct_page_headword_match,machine_derived,true,false
ORT1888-art-001016,spa,Estera de palma,,Ortega1888[49],ORT1888-cand-001016,ORTEGA1888-TEPIC-IA,53,49,2693,2694,"Estera de palma, — Llárit",em_dash,matched_headword,high,machine_accepted,direct_page_headword_match,machine_derived,true,false
ORT1888-art-001017,spa,Estéril ser la mujer,,Ortega1888[49],ORT1888-cand-001017,ORTEGA1888-TEPIC-IA,53,49,2695,2696,Estéril ser la mujer. — Capunúcari.,em_dash,matched_headword,high,machine_accepted,direct_page_headword_match,machine_derived,true,false
ORT1888-art-001018,spa,Estirar,,Ortega1888[49],ORT1888-cand-001018,ORTEGA1888-TEPIC-IA,53,49,2697,2698,Estirar. — Vbyaobacaníhua. Vn.,em_dash,matched_headword,high,machine_accepted,direct_page_headword_match,machine_derived,true,false
ORT1888-art-001019,spa,Estoma ofo,,Ortega1888[49],ORT1888-cand-001019,ORTEGA1888-TEPIC-IA,53,49,2699,2704,Estoma ofo.—Uehti. | 50,em_dash,matched_headword,high,machine_accepted,direct_page_headword_match,machine_derived,true,false
ORT1888-art-001020,spa,Estornudar,,Ortega1888[50],ORT1888-cand-001020,ORTEGA1888-TEPIC-IA,54,50,2705,2706,Estornudar. — Atzúhpua. Nr.,em_dash,matched_headword,high,machine_accepted,direct_page_headword_match,machine_derived,true,false
ORT1888-art-001021,spa,Estornudo,,Ortega1888[50],ORT1888-cand-001021,ORTEGA1888-TEPIC-IA,54,50,2707,2708,Estornudo. — Atzúhpua ri ti.,em_dash,matched_headword,high,machine_accepted,direct_page_headword_match,machine_derived,true,false
ORT1888-art-001022,spa,Estrecha cosa,,Ortega1888[50],ORT1888-cand-001022,ORTEGA1888-TEPIC-IA,54,50,2709,2712,"Estrecha cosa. — Capuachuayaóteme. | Estrella. Xurabet. pl. t/.i. á las (pie llaman ojos de Santa | Lucía, los muchos dicen: Néupacatzi. á las que llaman",em_dash,matched_headword,high,machine_accepted,direct_page_headword_match,machine_derived,true,false
ORT1888-art-001023,spa,las tres Marías,,Ortega1888[50],ORT1888-cand-001023,ORTEGA1888-TEPIC-IA,54,50,2713,2714,las tres Marías. — Tzicuricat. Al Carro. Urcapuazt.,em_dash,matched_headword,high,machine_accepted,direct_page_headword_match,machine_derived,true,false
ORT1888-art-001024,spa,Estremecerse,,Ortega1888[50],ORT1888-cand-001024,ORTEGA1888-TEPIC-IA,54,50,2715,2716,Estremecerse.-— Uüic. Nembice.,em_dash,matched_headword,high,machine_accepted,direct_page_headword_match,machine_derived,true,false
ORT1888-art-001025,spa,Estrujar,,Ortega1888[50],ORT1888-cand-001025,ORTEGA1888-TEPIC-IA,54,50,2717,2718,Estrujar.— Oabhe. Neti.,em_dash,matched_headword,high,machine_accepted,direct_page_headword_match,machine_derived,true,false
ORT1888-art-001026,spa,Estudiar,,Ortega1888[50],ORT1888-cand-001026,ORTEGA1888-TEPIC-IA,54,50,2719,2720,Estudiar. — Muate. Neti.,em_dash,matched_headword,high,machine_accepted,direct_page_headword_match,machine_derived,true,false
ORT1888-art-001027,spa,Estudio así,,Ortega1888[50],ORT1888-cand-001027,ORTEGA1888-TEPIC-IA,54,50,2721,2722,"Estudio así.- Muatehrit,",hyphen_variant,matched_headword,medium,machine_accepted,direct_page_headword_match,machine_derived,true,false
ORT1888-art-001028,spa,Exalacion que se ve de noche,,Ortega1888[50],ORT1888-cand-001028,ORTEGA1888-TEPIC-IA,54,50,2723,2724,Exalacion que se ve de noche. — Teutannú.,em_dash,matched_headword,high,machine_accepted,direct_page_headword_match,machine_derived,true,false
ORT1888-art-001029,spa,Examinarse,,Ortega1888[50],ORT1888-cand-001029,ORTEGA1888-TEPIC-IA,54,50,2725,2726,Examinarse. — Huahua. Neti.,em_dash,matched_headword,high,machine_accepted,direct_page_headword_match,machine_derived,true,false
ORT1888-art-001030,spa,Examen,,Ortega1888[50],ORT1888-cand-001030,ORTEGA1888-TEPIC-IA,54,50,2727,2730,Examen. — Huavirit. | F.,em_dash,matched_headword,high,machine_accepted,direct_page_headword_match,machine_derived,true,false
ORT1888-art-001031,spa,Fabrica casa,,Ortega1888[50],ORT1888-cand-001031,ORTEGA1888-TEPIC-IA,54,50,2731,2732,Fabrica casa. — Vehite Neuchité.,em_dash,matched_headword,high,machine_accepted,direct_page_headword_match,machine_derived,true,false
ORT1888-art-001032,spa,Fácil cosa,,Ortega1888[50],ORT1888-cand-001032,ORTEGA1888-TEPIC-IA,54,50,2733,2734,"Fácil cosa, — Capterihua.",em_dash,matched_headword,high,machine_accepted,direct_page_headword_match,machine_derived,true,false
ORT1888-art-001033,spa,Faysan de especie grande,,Ortega1888[50],ORT1888-cand-001033,ORTEGA1888-TEPIC-IA,54,50,2735,2736,Faysan de especie grande. — Quamuxat. pl. tzi.,em_dash,matched_headword,high,machine_accepted,direct_page_headword_match,machine_derived,true,false
ORT1888-art-001034,spa,Faysan de especie pequeña,,Ortega1888[50],ORT1888-cand-001034,ORTEGA1888-TEPIC-IA,54,50,2737,2738,Faysan de especie pequeña. — Bitakéraé. pl. tzi.,em_dash,matched_headword,high,machine_accepted,direct_page_headword_match,machine_derived,true,false
ORT1888-art-001035,spa,Fajarse,,Ortega1888[50],ORT1888-cand-001035,ORTEGA1888-TEPIC-IA,54,50,2739,2740,Fajarse. —A bauheké. Nabeueké.,em_dash,matched_headword,high,machine_accepted,direct_page_headword_match,machine_derived,true,false
ORT1888-art-001036,spa,Falta por culpa,,Ortega1888[50],ORT1888-cand-001036,ORTEGA1888-TEPIC-IA,54,50,2741,2742,Falta por culpa. ^--Xanácat.,hyphen_variant,matched_headword,medium,machine_accepted,direct_page_headword_match,machine_derived,true,false
ORT1888-art-001037,spa,Faltar así,,Ortega1888[50],ORT1888-cand-001037,ORTEGA1888-TEPIC-IA,54,50,2743,2744,Faltar así — Xanácare. Neti.,em_dash,matched_headword,high,machine_accepted,direct_page_headword_match,machine_derived,true,false
ORT1888-art-001038,spa,Faltar el que avia de estar ay,,Ortega1888[50],ORT1888-cand-001038,ORTEGA1888-TEPIC-IA,54,50,2745,2746,Faltar el que avia de estar ay. — Aubet. Ne.,em_dash,matched_headword,high,machine_accepted,direct_page_headword_match,machine_derived,true,false
ORT1888-art-001039,spa,Faltar á lo propuesto,,Ortega1888[50],ORT1888-cand-001039,ORTEGA1888-TEPIC-IA,54,50,2747,2748,Faltar á lo propuesto. — Capuaazté. Canaasté.,em_dash,matched_headword,high,machine_accepted,direct_page_headword_match,machine_derived,true,false
ORT1888-art-001040,spa,Falsedad por mentira,,Ortega1888[50],ORT1888-cand-001040,ORTEGA1888-TEPIC-IA,54,50,2749,2750,Falsedad por mentira. — Huáitzit.,em_dash,matched_headword,high,machine_accepted,direct_page_headword_match,machine_derived,true,false
ORT1888-art-001041,spa,Fama tener,,Ortega1888[50],ORT1888-cand-001041,ORTEGA1888-TEPIC-IA,54,50,2751,2752,Fama tener. — Eriha. Ne.,em_dash,matched_headword,high,machine_accepted,direct_page_headword_match,machine_derived,true,false
ORT1888-art-001042,spa,Favorecer así,,Ortega1888[50],ORT1888-cand-001042,ORTEGA1888-TEPIC-IA,54,50,2753,2754,Favorecer así. — Busca ayudar.,em_dash,matched_headword,high,machine_accepted,direct_page_headword_match,machine_derived,true,false
ORT1888-art-001043,spa,Favor así,,Ortega1888[50],ORT1888-cand-001043,ORTEGA1888-TEPIC-IA,54,50,2755,2756,"Favor así. — Capureue Busca ayuda,",em_dash,matched_headword,high,machine_accepted,direct_page_headword_match,machine_derived,true,false
ORT1888-art-001044,spa,Fea cosa,,Ortega1888[50],ORT1888-cand-001044,ORTEGA1888-TEPIC-IA,54,50,2757,2758,Fea cosa. — Capucurene.,em_dash,matched_headword,high,machine_accepted,direct_page_headword_match,machine_derived,true,false
ORT1888-art-001045,spa,Fé ó creencia,,Ortega1888[50],ORT1888-cand-001045,ORTEGA1888-TEPIC-IA,54,50,2759,2760,Fé ó creencia. -Tzahuatiat.,hyphen_variant,matched_headword,medium,machine_accepted,direct_page_headword_match,machine_derived,true,false
ORT1888-art-001046,spa,Feriar una cosa por otra,,Ortega1888[50],ORT1888-cand-001046,ORTEGA1888-TEPIC-IA,54,50,2761,2766,"Feriar una cosa por otra, — Puatata, Neti, | ffisa",em_dash,matched_headword,high,machine_accepted,direct_page_headword_match,machine_derived,true,false
ORT1888-art-001047,spa,Fiesta aver. r,,Ortega1888[51],ORT1888-cand-001047,ORTEGA1888-TEPIC-IA,55,51,2770,2771,Fiesta aver. r— Teiuíaine.,em_dash,matched_headword,high,machine_accepted,direct_page_headword_match,machine_derived,true,false
ORT1888-art-001048,spa,"Fija, estar la cosa",,Ortega1888[51],ORT1888-cand-001048,ORTEGA1888-TEPIC-IA,55,51,2772,2773,"Fija, estar la cosa. — Captahüané.",em_dash,matched_headword,high,machine_accepted,direct_page_headword_match,machine_derived,true,false
ORT1888-art-001049,spa,Fila de hombres,,Ortega1888[51],ORT1888-cand-001049,ORTEGA1888-TEPIC-IA,55,51,2774,2775,Fila de hombres.— ^ Macábanme-,em_dash,matched_headword,high,machine_accepted,direct_page_headword_match,machine_derived,true,false
ORT1888-art-001050,spa,Filo de cuchillo,,Ortega1888[51],ORT1888-cand-001050,ORTEGA1888-TEPIC-IA,55,51,2776,2777,Filo de cuchillo.—^Antamuéimia.,em_dash,matched_headword,high,machine_accepted,direct_page_headword_match,machine_derived,true,false
ORT1888-art-001051,spa,Finalizar la cosa,,Ortega1888[51],ORT1888-cand-001051,ORTEGA1888-TEPIC-IA,55,51,2778,2779,Finalizar la cosa.^-Kéte. Neteu.,hyphen_variant,matched_headword,medium,machine_accepted,direct_page_headword_match,machine_derived,true,false
ORT1888-art-001052,spa,Flaca cosa,,Ortega1888[51],ORT1888-cand-001052,ORTEGA1888-TEPIC-IA,55,51,2780,2781,Flaca cosa. — Anchi.,em_dash,matched_headword,high,machine_accepted,direct_page_headword_match,machine_derived,true,false
ORT1888-art-001053,spa,Flojo ser,,Ortega1888[51],ORT1888-cand-001053,ORTEGA1888-TEPIC-IA,55,51,2782,2783,Flojo ser. — Huachi. Ne.,em_dash,matched_headword,high,machine_accepted,direct_page_headword_match,machine_derived,true,false
ORT1888-art-001054,spa,Fecunda ser la mujer. /,,Ortega1888[51],ORT1888-cand-001054,ORTEGA1888-TEPIC-IA,55,51,2784,2785,Fecunda ser la mujer. /— Nuacareme. Ne.,em_dash,matched_headword,high,machine_accepted,direct_page_headword_match,machine_derived,true,false
ORT1888-art-001055,spa,Fiar alguna cosa. r,,Ortega1888[51],ORT1888-cand-001055,ORTEGA1888-TEPIC-IA,55,51,2786,2787,Fiar alguna cosa. r— Tcáheka. Neteu.,em_dash,matched_headword,high,machine_accepted,direct_page_headword_match,machine_derived,true,false
ORT1888-art-001056,spa,"Fiel, que cree",,Ortega1888[51],ORT1888-cand-001056,ORTEGA1888-TEPIC-IA,55,51,2788,2789,"Fiel, que cree. — Teatzahuateacame. pl. tzi.",em_dash,matched_headword,high,machine_accepted,direct_page_headword_match,machine_derived,true,false
ORT1888-art-001057,spa,Flecha,,Ortega1888[51],ORT1888-cand-001057,ORTEGA1888-TEPIC-IA,55,51,2790,2791,Flecha.-— Eúrüti,em_dash,matched_headword,high,machine_accepted,direct_page_headword_match,machine_derived,true,false
ORT1888-art-001058,spa,Flechar sin tirar,,Ortega1888[51],ORT1888-cand-001058,ORTEGA1888-TEPIC-IA,55,51,2792,2793,Flechar sin tirar. — Vbaohaná. Nubenana.,em_dash,matched_headword,high,machine_accepted,direct_page_headword_match,machine_derived,true,false
ORT1888-art-001059,spa,Flechar tirando,,Ortega1888[51],ORT1888-cand-001059,ORTEGA1888-TEPIC-IA,55,51,2794,2795,Flechar tirando. — Tamuémua. Neti.,em_dash,matched_headword,high,machine_accepted,direct_page_headword_match,machine_derived,true,false
ORT1888-art-001060,spa,Flemn,,Ortega1888[51],ORT1888-cand-001060,ORTEGA1888-TEPIC-IA,55,51,2796,2797,Flemn. — Tzúmet.,em_dash,matched_headword,high,machine_accepted,direct_page_headword_match,machine_derived,true,false
ORT1888-art-001061,spa,Floi,,Ortega1888[51],ORT1888-cand-001061,ORTEGA1888-TEPIC-IA,55,51,2798,2799,Floi-.-Xuxut.,hyphen_variant,matched_headword,medium,machine_accepted,direct_page_headword_match,machine_derived,true,false
ORT1888-art-001062,spa,Florecer el árbol,,Ortega1888[51],ORT1888-cand-001062,ORTEGA1888-TEPIC-IA,55,51,2800,2801,Florecer el árbol. — Huataxota.,em_dash,matched_headword,high,machine_accepted,direct_page_headword_match,machine_derived,true,false
ORT1888-art-001063,spa,Flexible cosa,,Ortega1888[51],ORT1888-cand-001063,ORTEGA1888-TEPIC-IA,55,51,2802,2803,"Flexible cosa, — Tu tu i ve.",em_dash,matched_headword,high,machine_accepted,direct_page_headword_match,machine_derived,true,false
ORT1888-art-001064,spa,Floxo,,Ortega1888[51],ORT1888-cand-001064,ORTEGA1888-TEPIC-IA,55,51,2804,2805,Floxo. — Hiifrtcanaze. Ne. Tiunavé. Ne.,em_dash,matched_headword,high,machine_accepted,direct_page_headword_match,machine_derived,true,false
ORT1888-art-001065,spa,Floxo,,Ortega1888[51],ORT1888-cand-001065,ORTEGA1888-TEPIC-IA,55,51,2806,2807,Floxo. — Huacanzt. Tiunavé. pl. Tiunavaiate.,em_dash,matched_headword,high,machine_accepted,direct_page_headword_match,machine_derived,true,false
ORT1888-art-001066,spa,"Floxa cosa, no apretada",,Ortega1888[51],ORT1888-cand-001066,ORTEGA1888-TEPIC-IA,55,51,2808,2809,"Floxa cosa, no apretada. — Quaxezt.",em_dash,matched_headword,high,machine_accepted,direct_page_headword_match,machine_derived,true,false
ORT1888-art-001067,spa,Fofa cosa,,Ortega1888[51],ORT1888-cand-001067,ORTEGA1888-TEPIC-IA,55,51,2810,2811,Fofa cosa .— > Tachen .,em_dash,matched_headword,high,machine_accepted,direct_page_headword_match,machine_derived,true,false
ORT1888-art-001068,spa,Forcej ar d os,,Ortega1888[51],ORT1888-cand-001068,ORTEGA1888-TEPIC-IA,55,51,2812,2813,Forcej ar d os. — M oah u ol mana.,em_dash,matched_headword,high,machine_accepted,direct_page_headword_match,machine_derived,true,false
ORT1888-art-001069,spa,Forcejar para derribar á otro,,Ortega1888[51],ORT1888-cand-001069,ORTEGA1888-TEPIC-IA,55,51,2814,2815,Forcejar para derribar á otro. — Auhépon. Nete.,em_dash,matched_headword,high,machine_accepted,direct_page_headword_match,machine_derived,true,false
ORT1888-art-001070,spa,Fornicar,,Ortega1888[51],ORT1888-cand-001070,ORTEGA1888-TEPIC-IA,55,51,2816,2817,Fornicar. — Neviche. Neti.,em_dash,matched_headword,high,machine_accepted,direct_page_headword_match,machine_derived,true,false
ORT1888-art-001071,spa,Fornicación,,Ortega1888[51],ORT1888-cand-001071,ORTEGA1888-TEPIC-IA,55,51,2818,2819,Fornicación. — Névat.,em_dash,matched_headword,high,machine_accepted,direct_page_headword_match,machine_derived,true,false
ORT1888-art-001072,spa,"Fregar, lavar los vasos",,Ortega1888[51],ORT1888-cand-001072,ORTEGA1888-TEPIC-IA,55,51,2820,2821,"Fregar, lavar los vasos.— .Ahuzina, Neti.",em_dash,matched_headword,high,machine_accepted,direct_page_headword_match,machine_derived,true,false
ORT1888-art-001073,spa,Freír,,Ortega1888[51],ORT1888-cand-001073,ORTEGA1888-TEPIC-IA,55,51,2822,2823,"Freír. — Yetzá, Neti.",em_dash,matched_headword,high,machine_accepted,direct_page_headword_match,machine_derived,true,false
ORT1888-art-001074,spa,Frente,,Ortega1888[51],ORT1888-cand-001074,ORTEGA1888-TEPIC-IA,55,51,2824,2825,"Frente. ,— Quátzite.",em_dash,matched_headword,high,machine_accepted,direct_page_headword_match,machine_derived,true,false
ORT1888-art-001075,spa,Frió,,Ortega1888[51],ORT1888-cand-001075,ORTEGA1888-TEPIC-IA,55,51,2826,2827,Frió.-— Cerit.,em_dash,matched_headword,high,machine_accepted,direct_page_headword_match,machine_derived,true,false
ORT1888-art-001076,spa,Frió hacer,,Ortega1888[51],ORT1888-cand-001076,ORTEGA1888-TEPIC-IA,55,51,2828,2829,Frió hacer. — Huacébi.,em_dash,matched_headword,high,machine_accepted,direct_page_headword_match,machine_derived,true,false
ORT1888-art-001077,spa,Frió tener,,Ortega1888[51],ORT1888-cand-001077,ORTEGA1888-TEPIC-IA,55,51,2830,2831,"Frió tener. — Xámue. Ne,",em_dash,matched_headword,high,machine_accepted,direct_page_headword_match,machine_derived,true,false
ORT1888-art-001078,spa,Frió estar,,Ortega1888[51],ORT1888-cand-001078,ORTEGA1888-TEPIC-IA,55,51,2832,2834,"Frió estar. — Cébi,",em_dash,matched_headword,high,machine_accepted,direct_page_headword_match,machine_derived,true,false
ORT1888-art-001079,spa,"Fríos, mal impertinente",,Ortega1888[52],ORT1888-cand-001079,ORTEGA1888-TEPIC-IA,56,52,2835,2836,"Fríos, mal impertinente. — Xeurihat",em_dash,matched_headword,high,machine_accepted,direct_page_headword_match,machine_derived,true,false
ORT1888-art-001080,spa,Fríos tener,,Ortega1888[52],ORT1888-cand-001080,ORTEGA1888-TEPIC-IA,56,52,2837,2838,Fríos tener. — Xainue. Ne.,em_dash,matched_headword,high,machine_accepted,direct_page_headword_match,machine_derived,true,false
ORT1888-art-001081,spa,Frijol,,Ortega1888[52],ORT1888-cand-001081,ORTEGA1888-TEPIC-IA,56,52,2839,2840,Frijol. ^-Mühmeti.,hyphen_variant,matched_headword,medium,machine_accepted,direct_page_headword_match,machine_derived,true,false
ORT1888-art-001082,spa,Frijoles pequeños de la tierra,,Ortega1888[52],ORT1888-cand-001082,ORTEGA1888-TEPIC-IA,56,52,2841,2842,Frijoles pequeños de la tierra. — Tézi.,em_dash,matched_headword,high,machine_accepted,direct_page_headword_match,machine_derived,true,false
ORT1888-art-001083,spa,Frijoles pintos de la tierra,,Ortega1888[52],ORT1888-cand-001083,ORTEGA1888-TEPIC-IA,56,52,2843,2844,Frijoles pintos de la tierra. — Tezure Zi/ure.,em_dash,matched_headword,high,machine_accepted,direct_page_headword_match,machine_derived,true,false
ORT1888-art-001084,spa,Fruncir ó plegar,,Ortega1888[52],ORT1888-cand-001084,ORTEGA1888-TEPIC-IA,56,52,2845,2846,Fruncir ó plegar. ^—Vx uta i. Nete.,em_dash,matched_headword,high,machine_accepted,direct_page_headword_match,machine_derived,true,false
ORT1888-art-001085,spa,Fruncir la boca,,Ortega1888[52],ORT1888-cand-001085,ORTEGA1888-TEPIC-IA,56,52,2847,2848,Fruncir la boca. — Ánomoxuríteáhua. N.,em_dash,matched_headword,high,machine_accepted,direct_page_headword_match,machine_derived,true,false
ORT1888-art-001086,spa,Fruta,,Ortega1888[52],ORT1888-cand-001086,ORTEGA1888-TEPIC-IA,56,52,2849,2850,Fruta. — Tiqueahti.,em_dash,matched_headword,high,machine_accepted,direct_page_headword_match,machine_derived,true,false
ORT1888-art-001087,spa,Fruto,,Ortega1888[52],ORT1888-cand-001087,ORTEGA1888-TEPIC-IA,56,52,2851,2852,Fruto— Tacait.,em_dash,matched_headword,high,machine_accepted,direct_page_headword_match,machine_derived,true,false
ORT1888-art-001088,spa,"Fuerza, cobrar el enfermo",,Ortega1888[52],ORT1888-cand-001088,ORTEGA1888-TEPIC-IA,56,52,2853,2854,"Fuerza, cobrar el enfermo. — Huaou Naou.",em_dash,matched_headword,high,machine_accepted,direct_page_headword_match,machine_derived,true,false
ORT1888-art-001089,spa,Fuerzas tener,,Ortega1888[52],ORT1888-cand-001089,ORTEGA1888-TEPIC-IA,56,52,2855,2856,Fuerzas tener. — Cachea. Ne.,em_dash,matched_headword,high,machine_accepted,direct_page_headword_match,machine_derived,true,false
ORT1888-art-001090,spa,Fuerte cosa,,Ortega1888[52],ORT1888-cand-001090,ORTEGA1888-TEPIC-IA,56,52,2857,2859,Fuerte cosa. — Cachea.,em_dash,matched_headword,high,machine_accepted,direct_page_headword_match,machine_derived,true,false
ORT1888-art-001091,spa,Gajo como de limón,,Ortega1888[52],ORT1888-cand-001091,ORTEGA1888-TEPIC-IA,56,52,2860,2861,Gajo como de limón.— ^Caeste.,em_dash,matched_headword,high,machine_accepted,direct_page_headword_match,machine_derived,true,false
ORT1888-art-001092,spa,Galardonar el servicio,,Ortega1888[52],ORT1888-cand-001092,ORTEGA1888-TEPIC-IA,56,52,2862,2863,Galardonar el servicio. — Nahehiten. Neti.,em_dash,matched_headword,high,machine_accepted,direct_page_headword_match,machine_derived,true,false
ORT1888-art-001093,spa,Galardón,,Ortega1888[52],ORT1888-cand-001093,ORTEGA1888-TEPIC-IA,56,52,2864,2865,Galardón. — Nahehiterit.,em_dash,matched_headword,high,machine_accepted,direct_page_headword_match,machine_derived,true,false
ORT1888-art-001094,spa,Gallina,,Ortega1888[52],ORT1888-cand-001094,ORTEGA1888-TEPIC-IA,56,52,2866,2867,Gallina. -Tecuárae. pl. tzi.,hyphen_variant,matched_headword,medium,machine_accepted,direct_page_headword_match,machine_derived,true,false
ORT1888-art-001095,spa,Gallina de la tierra,,Ortega1888[52],ORT1888-cand-001095,ORTEGA1888-TEPIC-IA,56,52,2868,2870,Gallina de la tierra.-^XeupíIiti pl. Xeupihtzi. Carucati. | pl. Carucatzi,hyphen_variant,matched_headword,medium,machine_accepted,direct_page_headword_match,machine_derived,true,false
ORT1888-art-001096,spa,Gamitadera,,Ortega1888[52],ORT1888-cand-001096,ORTEGA1888-TEPIC-IA,56,52,2871,2872,Gamitadera. — Pik^¿xa.,em_dash,matched_headword,high,machine_accepted,direct_page_headword_match,machine_derived,true,false
ORT1888-art-001097,spa,Ganar en el juego ó trabajando,,Ortega1888[52],ORT1888-cand-001097,ORTEGA1888-TEPIC-IA,56,52,2873,2873,Ganar en el juego ó trabajando. — Muaitek. Neti.,em_dash,matched_headword,high,machine_accepted,direct_page_headword_match,machine_derived,true,false
ORT1888-art-001098,spa,Ganancia tal,,Ortega1888[52],ORT1888-cand-001098,ORTEGA1888-TEPIC-IA,56,52,2874,2874,Ganancia tal. — Muáitechiat.,em_dash,matched_headword,high,machine_accepted,direct_page_headword_match,machine_derived,true,false
ORT1888-art-001099,spa,Garza parda,,Ortega1888[52],ORT1888-cand-001099,ORTEGA1888-TEPIC-IA,56,52,2875,2875,Garza parda. — Quaxíi. pl. ti.,em_dash,matched_headword,high,machine_accepted,direct_page_headword_match,machine_derived,true,false
ORT1888-art-001100,spa,Garza blanca,,Ortega1888[52],ORT1888-cand-001100,ORTEGA1888-TEPIC-IA,56,52,2876,2876,Garza blanca. — Huatuxat pl. tzi.,em_dash,matched_headword,high,machine_accepted,direct_page_headword_match,machine_derived,true,false
ORT1888-art-001101,spa,Gargajeur,,Ortega1888[52],ORT1888-cand-001101,ORTEGA1888-TEPIC-IA,56,52,2877,2877,Gargajeur. — Ucarépe Neucucarépe,em_dash,matched_headword,high,machine_accepted,direct_page_headword_match,machine_derived,true,false
ORT1888-art-001102,spa,Garganta,,Ortega1888[52],ORT1888-cand-001102,ORTEGA1888-TEPIC-IA,56,52,2878,2878,"Garganta,— ^Quaikí?^^xáti.",em_dash,matched_headword,high,machine_accepted,direct_page_headword_match,machine_derived,true,false
ORT1888-art-001103,spa,Garrapata,,Ortega1888[52],ORT1888-cand-001103,ORTEGA1888-TEPIC-IA,56,52,2879,2879,Garrapata.— ^Muatet. pl. tzi.,em_dash,matched_headword,high,machine_accepted,direct_page_headword_match,machine_derived,true,false
ORT1888-art-001104,spa,Gastar,,Ortega1888[52],ORT1888-cand-001104,ORTEGA1888-TEPIC-IA,56,52,2880,2880,"Gastar.— NAhaohepoa. Nete. Ahahué. Nete,",em_dash,matched_headword,high,machine_accepted,direct_page_headword_match,machine_derived,true,false
ORT1888-art-001105,spa,Gato,,Ortega1888[52],ORT1888-cand-001105,ORTEGA1888-TEPIC-IA,56,52,2881,2883,Gato. — Miston. pl. tzi.,em_dash,matched_headword,high,machine_accepted,direct_page_headword_match,machine_derived,true,false
ORT1888-art-001107,spa,Gavilán por su especie grande,,Ortega1888[53],ORT1888-cand-001107,ORTEGA1888-TEPIC-IA,57,53,2890,2892,Gavilán por su especie grande.; — Hucuritze. pl. Hucuri- | ze.,em_dash,matched_headword,high,machine_accepted,direct_page_headword_match,machine_derived,true,false
ORT1888-art-001108,spa,Gavilán por su especie pequeño,,Ortega1888[53],ORT1888-cand-001108,ORTEGA1888-TEPIC-IA,57,53,2893,2893,Gavilán por su especie pequeño. — Tzicai. pl. tzi.,em_dash,matched_headword,high,machine_accepted,direct_page_headword_match,machine_derived,true,false
ORT1888-art-001109,spa,Gavilán otro,,Ortega1888[53],ORT1888-cand-001109,ORTEGA1888-TEPIC-IA,57,53,2894,2894,Gavilán otro. — Chuix. pl. Chixcwri.,em_dash,matched_headword,high,machine_accepted,direct_page_headword_match,machine_derived,true,false
ORT1888-art-001110,spa,Gavilán otro,,Ortega1888[53],ORT1888-cand-001110,ORTEGA1888-TEPIC-IA,57,53,2895,2895,Gavilán otro. — Zizchu. pl. tzi.,em_dash,matched_headword,high,machine_accepted,direct_page_headword_match,machine_derived,true,false
ORT1888-art-001111,spa,Gemir,,Ortega1888[53],ORT1888-cand-001111,ORTEGA1888-TEPIC-IA,57,53,2896,2896,Gemir. — Uiteuyeimeyéca. Ne.,em_dash,matched_headword,high,machine_accepted,direct_page_headword_match,machine_derived,true,false
ORT1888-art-001112,spa,Gozarse,,Ortega1888[53],ORT1888-cand-001112,ORTEGA1888-TEPIC-IA,57,53,2897,2897,Gozarse. — Vteamuavé\ Nenteamuavé.,em_dash,matched_headword,high,machine_accepted,direct_page_headword_match,machine_derived,true,false
ORT1888-art-001113,spa,Gozo,,Ortega1888[53],ORT1888-cand-001113,ORTEGA1888-TEPIC-IA,57,53,2898,2898,Gozo.— vTeaiuuáveat.,em_dash,matched_headword,high,machine_accepted,direct_page_headword_match,machine_derived,true,false
ORT1888-art-001114,spa,Golondrina,,Ortega1888[53],ORT1888-cand-001114,ORTEGA1888-TEPIC-IA,57,53,2899,2899,Golondrina. — Huavixcai. pl. tzi.,em_dash,matched_headword,high,machine_accepted,direct_page_headword_match,machine_derived,true,false
ORT1888-art-001115,spa,"Golpear, dar golpes",,Ortega1888[53],ORT1888-cand-001115,ORTEGA1888-TEPIC-IA,57,53,2900,2900,"Golpear, dar golpes. — Tébeche. Neti.",em_dash,matched_headword,high,machine_accepted,direct_page_headword_match,machine_derived,true,false
ORT1888-art-001116,spa,Golpe,,Ortega1888[53],ORT1888-cand-001116,ORTEGA1888-TEPIC-IA,57,53,2901,2901,Golpe. — Behcheat.,em_dash,matched_headword,high,machine_accepted,direct_page_headword_match,machine_derived,true,false
ORT1888-art-001117,spa,Goma,,Ortega1888[53],ORT1888-cand-001117,ORTEGA1888-TEPIC-IA,57,53,2902,2902,Goma. — Yz u met.,em_dash,matched_headword,high,machine_accepted,direct_page_headword_match,machine_derived,true,false
ORT1888-art-001118,spa,Gorda cosa,,Ortega1888[53],ORT1888-cand-001118,ORTEGA1888-TEPIC-IA,57,53,2903,2903,Gorda cosa. — Vec.,em_dash,matched_headword,high,machine_accepted,direct_page_headword_match,machine_derived,true,false
ORT1888-art-001119,spa,Gorjear las aves,,Ortega1888[53],ORT1888-cand-001119,ORTEGA1888-TEPIC-IA,57,53,2904,2904,Gorjear las aves. — Máke?¿se.,em_dash,matched_headword,high,machine_accepted,direct_page_headword_match,machine_derived,true,false
ORT1888-art-001120,spa,Gota de agua,,Ortega1888[53],ORT1888-cand-001120,ORTEGA1888-TEPIC-IA,57,53,2905,2905,Gota de agua. — Vbátzone.,em_dash,matched_headword,high,machine_accepted,direct_page_headword_match,machine_derived,true,false
ORT1888-art-001121,spa,Gotearse la casa,,Ortega1888[53],ORT1888-cand-001121,ORTEGA1888-TEPIC-IA,57,53,2906,2906,Gotearse la casa. — Caville.,em_dash,matched_headword,high,machine_accepted,direct_page_headword_match,machine_derived,true,false
ORT1888-art-001122,spa,Gobernador,,Ortega1888[53],ORT1888-cand-001122,ORTEGA1888-TEPIC-IA,57,53,2907,2907,Gobernador. — Tatoáni.,em_dash,matched_headword,high,machine_accepted,direct_page_headword_match,machine_derived,true,false
ORT1888-art-001123,spa,Grajá ó Cuervo,,Ortega1888[53],ORT1888-cand-001123,ORTEGA1888-TEPIC-IA,57,53,2908,2908,Grajá ó Cuervo. — Busca Cuervo.,em_dash,matched_headword,high,machine_accepted,direct_page_headword_match,machine_derived,true,false
ORT1888-art-001124,spa,Grana,,Ortega1888[53],ORT1888-cand-001124,ORTEGA1888-TEPIC-IA,57,53,2909,2909,Grana. — Chúitziti.,em_dash,matched_headword,high,machine_accepted,direct_page_headword_match,machine_derived,true,false
ORT1888-art-001125,spa,Grande cosa,,Ortega1888[53],ORT1888-cand-001125,ORTEGA1888-TEPIC-IA,57,53,2910,2910,Grande cosa. — Tébi.,em_dash,matched_headword,high,machine_accepted,direct_page_headword_match,machine_derived,true,false
ORT1888-art-001126,spa,"Grande hombre, etc",,Ortega1888[53],ORT1888-cand-001126,ORTEGA1888-TEPIC-IA,57,53,2911,2911,"Grande hombre, etc. — Vhuátébi.",em_dash,matched_headword,high,machine_accepted,direct_page_headword_match,machine_derived,true,false
ORT1888-art-001127,spa,Grande como árbol parado,,Ortega1888[53],ORT1888-cand-001127,ORTEGA1888-TEPIC-IA,57,53,2912,2912,Grande como árbol parado. — Uhua/<?«te.,em_dash,matched_headword,high,machine_accepted,direct_page_headword_match,machine_derived,true,false
ORT1888-art-001128,spa,Grande como árbol tendido,,Ortega1888[53],ORT1888-cand-001128,ORTEGA1888-TEPIC-IA,57,53,2913,2913,Grande como árbol tendido. --Tébi.,hyphen_variant,matched_headword,medium,machine_accepted,direct_page_headword_match,machine_derived,true,false
ORT1888-art-001129,spa,Granizo,,Ortega1888[53],ORT1888-cand-001129,ORTEGA1888-TEPIC-IA,57,53,2914,2914,Granizo.— NTéfceri.,em_dash,matched_headword,high,machine_accepted,direct_page_headword_match,machine_derived,true,false
ORT1888-art-001130,spa,Granizar,,Ortega1888[53],ORT1888-cand-001130,ORTEGA1888-TEPIC-IA,57,53,2915,2915,Granizar. — Mevatzé.,em_dash,matched_headword,high,machine_accepted,direct_page_headword_match,machine_derived,true,false
ORT1888-art-001131,spa,"Grano, r",,Ortega1888[53],ORT1888-cand-001131,ORTEGA1888-TEPIC-IA,57,53,2916,2916,"Grano, r— Atzat.",em_dash,matched_headword,high,machine_accepted,direct_page_headword_match,machine_derived,true,false
ORT1888-art-001132,spa,Granos tener,,Ortega1888[53],ORT1888-cand-001132,ORTEGA1888-TEPIC-IA,57,53,2917,2917,Granos tener. — Atza. Ne.,em_dash,matched_headword,high,machine_accepted,direct_page_headword_match,machine_derived,true,false
ORT1888-art-001133,spa,"Grillo, animal",,Ortega1888[53],ORT1888-cand-001133,ORTEGA1888-TEPIC-IA,57,53,2918,2918,"Grillo, animal. — Huscui. pl. rzi.",em_dash,matched_headword,high,machine_accepted,direct_page_headword_match,machine_derived,true,false
ORT1888-art-001134,spa,Gritar,,Ortega1888[53],ORT1888-cand-001134,ORTEGA1888-TEPIC-IA,57,53,2919,2919,Gritar. — Xihliua. Ne.,em_dash,matched_headword,high,machine_accepted,direct_page_headword_match,machine_derived,true,false
ORT1888-art-001135,spa,Grito,,Ortega1888[53],ORT1888-cand-001135,ORTEGA1888-TEPIC-IA,57,53,2920,2920,Grito. — Hihhuariti.,em_dash,matched_headword,high,machine_accepted,direct_page_headword_match,machine_derived,true,false
ORT1888-art-001136,spa,Grueso ser,,Ortega1888[53],ORT1888-cand-001136,ORTEGA1888-TEPIC-IA,57,53,2921,2921,Grueso ser. — Teahuere. Ne.,em_dash,matched_headword,high,machine_accepted,direct_page_headword_match,machine_derived,true,false
ORT1888-art-001137,spa,Grulla,,Ortega1888[53],ORT1888-cand-001137,ORTEGA1888-TEPIC-IA,57,53,2922,2927,Grulla. — Curúti. pl. Curutzi. | 54,em_dash,matched_headword,high,machine_accepted,direct_page_headword_match,machine_derived,true,false
ORT1888-art-001138,spa,Guardar,,Ortega1888[54],ORT1888-cand-001138,ORTEGA1888-TEPIC-IA,58,54,2928,2928,Guardar.- — Oliách Neti.,em_dash,matched_headword,high,machine_accepted,direct_page_headword_match,machine_derived,true,false
ORT1888-art-001139,spa,Guarecerse,,Ortega1888[54],ORT1888-cand-001139,ORTEGA1888-TEPIC-IA,58,54,2929,2929,Guarecerse. — Uhabiti. Menenabite.,em_dash,matched_headword,high,machine_accepted,direct_page_headword_match,machine_derived,true,false
ORT1888-art-001140,spa,Guerra hacer,,Ortega1888[54],ORT1888-cand-001140,ORTEGA1888-TEPIC-IA,58,54,2930,2930,Guerra hacer. — Cuhuahta. Ne.,em_dash,matched_headword,high,machine_accepted,direct_page_headword_match,machine_derived,true,false
ORT1888-art-001141,spa,Guia ó guiador,,Ortega1888[54],ORT1888-cand-001141,ORTEGA1888-TEPIC-IA,58,54,2931,2931,Guia ó guiador. — Amuáhcáte.,em_dash,matched_headword,high,machine_accepted,direct_page_headword_match,machine_derived,true,false
ORT1888-art-001142,spa,Guiar,,Ortega1888[54],ORT1888-cand-001142,ORTEGA1888-TEPIC-IA,58,54,2932,2932,Guiar. — Amuáhcate. N.,em_dash,matched_headword,high,machine_accepted,direct_page_headword_match,machine_derived,true,false
ORT1888-art-001143,spa,"Guitarra, r",,Ortega1888[54],ORT1888-cand-001143,ORTEGA1888-TEPIC-IA,58,54,2933,2933,"Guitarra, r— Canarit.",em_dash,matched_headword,high,machine_accepted,direct_page_headword_match,machine_derived,true,false
ORT1888-art-001144,spa,Gusano,,Ortega1888[54],ORT1888-cand-001144,ORTEGA1888-TEPIC-IA,58,54,2934,2934,"Gusano. — Chuno, pl. ri.",em_dash,matched_headword,high,machine_accepted,direct_page_headword_match,machine_derived,true,false
ORT1888-art-001145,spa,Gusanos tener,,Ortega1888[54],ORT1888-cand-001145,ORTEGA1888-TEPIC-IA,58,54,2935,2939,Gusanos tener. — Chúinori. Ne. | %,em_dash,matched_headword,high,machine_accepted,direct_page_headword_match,machine_derived,true,false
ORT1888-art-001146,spa,Hablar,,Ortega1888[54],ORT1888-cand-001146,ORTEGA1888-TEPIC-IA,58,54,2940,2941,Hablar.-^Neuca. Neti.,hyphen_variant,matched_headword,medium,machine_accepted,direct_page_headword_match,machine_derived,true,false
ORT1888-art-001147,spa,Habla,,Ortega1888[54],ORT1888-cand-001147,ORTEGA1888-TEPIC-IA,58,54,2942,2943,"Habla, ,— Neúcaréti.",em_dash,matched_headword,high,machine_accepted,direct_page_headword_match,machine_derived,true,false
ORT1888-art-001148,spa,"Hacha, para cortar leña",,Ortega1888[54],ORT1888-cand-001148,ORTEGA1888-TEPIC-IA,58,54,2944,2945,"Hacha, para cortar leña. — Teapueihte.",em_dash,matched_headword,high,machine_accepted,direct_page_headword_match,machine_derived,true,false
ORT1888-art-001149,spa,"Hacha, tea para alumbrar",,Ortega1888[54],ORT1888-cand-001149,ORTEGA1888-TEPIC-IA,58,54,2946,2947,"Hacha, tea para alumbrar. — Utzite.",em_dash,matched_headword,high,machine_accepted,direct_page_headword_match,machine_derived,true,false
ORT1888-art-001150,spa,Hallar algo,,Ortega1888[54],ORT1888-cand-001150,ORTEGA1888-TEPIC-IA,58,54,2948,2949,Hallar algo. — Teaccahca. Neti.,em_dash,matched_headword,high,machine_accepted,direct_page_headword_match,machine_derived,true,false
ORT1888-art-001151,spa,Hallarse bien en un lugar,,Ortega1888[54],ORT1888-cand-001151,ORTEGA1888-TEPIC-IA,58,54,2950,2951,Hallarse bien en un lugar. — Uchriha. Nencuriha,em_dash,matched_headword,high,machine_accepted,direct_page_headword_match,machine_derived,true,false
ORT1888-art-001152,spa,Hallar lo que se busca,,Ortega1888[54],ORT1888-cand-001152,ORTEGA1888-TEPIC-IA,58,54,2952,2953,Hallar lo que se busca. — Teuh. Neteu.,em_dash,matched_headword,high,machine_accepted,direct_page_headword_match,machine_derived,true,false
ORT1888-art-001153,spa,Hambre,,Ortega1888[54],ORT1888-cand-001153,ORTEGA1888-TEPIC-IA,58,54,2954,2955,Hambre. — Túhriti.,em_dash,matched_headword,high,machine_accepted,direct_page_headword_match,machine_derived,true,false
ORT1888-art-001154,spa,Hambre tener,,Ortega1888[54],ORT1888-cand-001154,ORTEGA1888-TEPIC-IA,58,54,2956,2957,Hambre tener.— .Ti vat. Ne.,em_dash,matched_headword,high,machine_accepted,direct_page_headword_match,machine_derived,true,false
ORT1888-art-001155,spa,Hambre aver,,Ortega1888[54],ORT1888-cand-001155,ORTEGA1888-TEPIC-IA,58,54,2958,2959,Hambre aver. — Huatúhrihua.,em_dash,matched_headword,high,machine_accepted,direct_page_headword_match,machine_derived,true,false
ORT1888-art-001156,spa,Hacer,,Ortega1888[54],ORT1888-cand-001156,ORTEGA1888-TEPIC-IA,58,54,2960,2961,Hacer.— Tahua. Neti.,em_dash,matched_headword,high,machine_accepted,direct_page_headword_match,machine_derived,true,false
ORT1888-art-001157,spa,Hacedor,,Ortega1888[54],ORT1888-cand-001157,ORTEGA1888-TEPIC-IA,58,54,2962,2963,Hacedor. — Titahuáme. pl. tzi.,em_dash,matched_headword,high,machine_accepted,direct_page_headword_match,machine_derived,true,false
ORT1888-art-001158,spa,Hechizar,,Ortega1888[54],ORT1888-cand-001158,ORTEGA1888-TEPIC-IA,58,54,2964,2965,Hechizar. — Tzute. Neti.,em_dash,matched_headword,high,machine_accepted,direct_page_headword_match,machine_derived,true,false
ORT1888-art-001159,spa,Hechizero,,Ortega1888[54],ORT1888-cand-001159,ORTEGA1888-TEPIC-IA,58,54,2966,2967,Hechizero. — Atzuteahcame. pl. tzi.,em_dash,matched_headword,high,machine_accepted,direct_page_headword_match,machine_derived,true,false
ORT1888-art-001160,spa,Heder,,Ortega1888[54],ORT1888-cand-001160,ORTEGA1888-TEPIC-IA,58,54,2968,2971,Heder.— Secure. Ne. | Hedor. = Curcat.,em_dash,matched_headword,high,machine_accepted,direct_page_headword_match,machine_derived,true,false
ORT1888-art-001161,spa,Hediondo,,Ortega1888[54],ORT1888-cand-001161,ORTEGA1888-TEPIC-IA,58,54,2972,2973,Hediondo. — Tecüre.,em_dash,matched_headword,high,machine_accepted,direct_page_headword_match,machine_derived,true,false
ORT1888-art-001162,spa,Hembra,,Ortega1888[54],ORT1888-cand-001162,ORTEGA1888-TEPIC-IA,58,54,2974,2975,Hembra. — Uita. pl. ucarí.,em_dash,matched_headword,high,machine_accepted,direct_page_headword_match,machine_derived,true,false
ORT1888-art-001163,spa,Henchir,,Ortega1888[54],ORT1888-cand-001163,ORTEGA1888-TEPIC-IA,58,54,2976,2977,Henchir. — Bahetzete. Nete.,em_dash,matched_headword,high,machine_accepted,direct_page_headword_match,machine_derived,true,false
ORT1888-art-001164,spa,Henchimiento,,Ortega1888[54],ORT1888-cand-001164,ORTEGA1888-TEPIC-IA,58,54,2978,2979,Henchimiento. — Hezttat.,em_dash,matched_headword,high,machine_accepted,direct_page_headword_match,machine_derived,true,false
ORT1888-art-001165,spa,Heno,,Ortega1888[54],ORT1888-cand-001165,ORTEGA1888-TEPIC-IA,58,54,2980,2985,Heno. — sCacamul. | 0 0,em_dash,matched_headword,high,machine_accepted,direct_page_headword_match,machine_derived,true,false
ORT1888-art-001166,spa,Herir,,Ortega1888[55],ORT1888-cand-001166,ORTEGA1888-TEPIC-IA,59,55,2986,2987,Herir— Tzite. Net-u.,em_dash,matched_headword,high,machine_accepted,direct_page_headword_match,machine_derived,true,false
ORT1888-art-001167,spa,Hermano mayor,,Ortega1888[55],ORT1888-cand-001167,ORTEGA1888-TEPIC-IA,59,55,2988,2989,Hermano mayor. — Ticutzi. pl. moa.,em_dash,matched_headword,high,machine_accepted,direct_page_headword_match,machine_derived,true,false
ORT1888-art-001168,spa,Hermanos ser,,Ortega1888[55],ORT1888-cand-001168,ORTEGA1888-TEPIC-IA,59,55,2990,2991,Hermanos ser. — Moaihuamoa.,em_dash,matched_headword,high,machine_accepted,direct_page_headword_match,machine_derived,true,false
ORT1888-art-001169,spa,Herrar poner el hierro,,Ortega1888[55],ORT1888-cand-001169,ORTEGA1888-TEPIC-IA,59,55,2992,2993,Herrar poner el hierro. — Tetaixe. Neti.,em_dash,matched_headword,high,machine_accepted,direct_page_headword_match,machine_derived,true,false
ORT1888-art-001170,spa,Hervir,,Ortega1888[55],ORT1888-cand-001170,ORTEGA1888-TEPIC-IA,59,55,2994,2995,Hervir. — Quáne.,em_dash,matched_headword,high,machine_accepted,direct_page_headword_match,machine_derived,true,false
ORT1888-art-001171,spa,Hezes,,Ortega1888[55],ORT1888-cand-001171,ORTEGA1888-TEPIC-IA,59,55,2996,2997,Hezes.- — Anteyex.,em_dash,matched_headword,high,machine_accepted,direct_page_headword_match,machine_derived,true,false
ORT1888-art-001172,spa,Hiél,,Ortega1888[55],ORT1888-cand-001172,ORTEGA1888-TEPIC-IA,59,55,2998,2999,Hiél.— Tzitúxca.,em_dash,matched_headword,high,machine_accepted,direct_page_headword_match,machine_derived,true,false
ORT1888-art-001173,spa,Hielo,,Ortega1888[55],ORT1888-cand-001173,ORTEGA1888-TEPIC-IA,59,55,3000,3001,Hielo. — Cérit.,em_dash,matched_headword,high,machine_accepted,direct_page_headword_match,machine_derived,true,false
ORT1888-art-001174,spa,"Hierro, metal",,Ortega1888[55],ORT1888-cand-001174,ORTEGA1888-TEPIC-IA,59,55,3002,3003,"Hierro, metal. — Tepuzti.",em_dash,matched_headword,high,machine_accepted,direct_page_headword_match,machine_derived,true,false
ORT1888-art-001175,spa,Higado,,Ortega1888[55],ORT1888-cand-001175,ORTEGA1888-TEPIC-IA,59,55,3004,3005,Higado. — Neamuát.,em_dash,matched_headword,high,machine_accepted,direct_page_headword_match,machine_derived,true,false
ORT1888-art-001176,spa,Higo ele la tierra,,Ortega1888[55],ORT1888-cand-001176,ORTEGA1888-TEPIC-IA,59,55,3006,3007,Higo ele la tierra. — Xáhpoa.,em_dash,matched_headword,high,machine_accepted,direct_page_headword_match,machine_derived,true,false
ORT1888-art-001177,spa,Hijo 6 hija del varón,,Ortega1888[55],ORT1888-cand-001177,ORTEGA1888-TEPIC-IA,59,55,3008,3009,Hijo 6 hija del varón. — Tipérie. pl. Titeuriyamoa.,em_dash,matched_headword,high,machine_accepted,direct_page_headword_match,machine_derived,true,false
ORT1888-art-001178,spa,Hijo ó hija de la hembra,,Ortega1888[55],ORT1888-cand-001178,ORTEGA1888-TEPIC-IA,59,55,3010,3011,Hijo ó hija de la hembra.— Tiyaóh. pl. Tiyaóh moa.,em_dash,matched_headword,high,machine_accepted,direct_page_headword_match,machine_derived,true,false
ORT1888-art-001179,spa,Hilar,,Ortega1888[55],ORT1888-cand-001179,ORTEGA1888-TEPIC-IA,59,55,3012,3013,Hilar. — Hinua. Neti.,em_dash,matched_headword,high,machine_accepted,direct_page_headword_match,machine_derived,true,false
ORT1888-art-001180,spa,Hincarse de rodillas,,Ortega1888[55],ORT1888-cand-001180,ORTEGA1888-TEPIC-IA,59,55,3014,3015,Hincarse de rodillas. — Titonó. Neatonó.,em_dash,matched_headword,high,machine_accepted,direct_page_headword_match,machine_derived,true,false
ORT1888-art-001181,spa,Hincharse,,Ortega1888[55],ORT1888-cand-001181,ORTEGA1888-TEPIC-IA,59,55,3016,3017,"Hincharse. — Haa. Ne,",em_dash,matched_headword,high,machine_accepted,direct_page_headword_match,machine_derived,true,false
ORT1888-art-001182,spa,Hinchazón,,Ortega1888[55],ORT1888-cand-001182,ORTEGA1888-TEPIC-IA,59,55,3018,3019,Hinchazón. — Hayiáhti.,em_dash,matched_headword,high,machine_accepted,direct_page_headword_match,machine_derived,true,false
ORT1888-art-001183,spa,Hipar el estómago,,Ortega1888[55],ORT1888-cand-001183,ORTEGA1888-TEPIC-IA,59,55,3020,3021,Hipar el estómago.— Ytatze. Ne,em_dash,matched_headword,high,machine_accepted,direct_page_headword_match,machine_derived,true,false
ORT1888-art-001184,spa,Hipo asi,,Ortega1888[55],ORT1888-cand-001184,ORTEGA1888-TEPIC-IA,59,55,3022,3023,Hipo asi. — Yteutzéat.,em_dash,matched_headword,high,machine_accepted,direct_page_headword_match,machine_derived,true,false
ORT1888-art-001185,spa,Higuerilla,,Ortega1888[55],ORT1888-cand-001185,ORTEGA1888-TEPIC-IA,59,55,3024,3025,Higuerilla.— Azixa. Curízixa.,em_dash,matched_headword,high,machine_accepted,direct_page_headword_match,machine_derived,true,false
ORT1888-art-001186,spa,"Hoguera, llamas de fuego",,Ortega1888[55],ORT1888-cand-001186,ORTEGA1888-TEPIC-IA,59,55,3026,3027,"Hoguera, llamas de fuego.— Ahméme.",em_dash,matched_headword,high,machine_accepted,direct_page_headword_match,machine_derived,true,false
ORT1888-art-001187,spa,Hoyito de la cabeza,,Ortega1888[55],ORT1888-cand-001187,ORTEGA1888-TEPIC-IA,59,55,3028,3029,Hoyito de la cabeza.— Caturiti.,em_dash,matched_headword,high,machine_accepted,direct_page_headword_match,machine_derived,true,false
ORT1888-art-001188,spa,Hoyo,,Ortega1888[55],ORT1888-cand-001188,ORTEGA1888-TEPIC-IA,59,55,3030,3031,Hoyo. — Veacuni.,em_dash,matched_headword,high,machine_accepted,direct_page_headword_match,machine_derived,true,false
ORT1888-art-001189,spa,Hoyo hacer,,Ortega1888[55],ORT1888-cand-001189,ORTEGA1888-TEPIC-IA,59,55,3032,3033,Hoyo hacer.— Veacunazt. Ne.,em_dash,matched_headword,high,machine_accepted,direct_page_headword_match,machine_derived,true,false
ORT1888-art-001190,spa,Hojas hechar el árbol,,Ortega1888[55],ORT1888-cand-001190,ORTEGA1888-TEPIC-IA,59,55,3034,3037,Hojas hechar el árbol.— Vxaiíiripé. | Hoja.Haéhrit.,em_dash,matched_headword,high,machine_accepted,direct_page_headword_match,machine_derived,true,false
ORT1888-art-001191,spa,Hoja de maiz seca,,Ortega1888[55],ORT1888-cand-001191,ORTEGA1888-TEPIC-IA,59,55,3038,3039,Hoja de maiz seca — Xamuátn.,em_dash,matched_headword,high,machine_accepted,direct_page_headword_match,machine_derived,true,false
ORT1888-art-001192,spa,Holgarse,,Ortega1888[55],ORT1888-cand-001192,ORTEGA1888-TEPIC-IA,59,55,3040,3041,"Holgarse.-, Busca gozarse.",hyphen_variant,matched_headword,medium,machine_accepted,direct_page_headword_match,machine_derived,true,false
ORT1888-art-001193,spa,"Hombre, varón ó hembra",,Ortega1888[55],ORT1888-cand-001193,ORTEGA1888-TEPIC-IA,59,55,3042,3043,"Hombre, varón ó hembra.— Tevit. pl. Teaiteri.",em_dash,matched_headword,high,machine_accepted,direct_page_headword_match,machine_derived,true,false
ORT1888-art-001194,spa,Honda para tirar,,Ortega1888[55],ORT1888-cand-001194,ORTEGA1888-TEPIC-IA,59,55,3044,3045,Honda para tirar.— Vitzapuati.,em_dash,matched_headword,high,machine_accepted,direct_page_headword_match,machine_derived,true,false
ORT1888-art-001195,spa,Hondo estar,,Ortega1888[55],ORT1888-cand-001195,ORTEGA1888-TEPIC-IA,59,55,3046,3047,Hondo estar.— Yeatéái.,em_dash,matched_headword,high,machine_accepted,direct_page_headword_match,machine_derived,true,false
ORT1888-art-001196,spa,Hongo,,Ortega1888[55],ORT1888-cand-001196,ORTEGA1888-TEPIC-IA,59,55,3048,3053,Hongo.— Yacuati. | ■,em_dash,matched_headword,high,machine_accepted,direct_page_headword_match,machine_derived,true,false
ORT1888-art-001197,spa,Hongo de árbol,,Ortega1888[56],ORT1888-cand-001197,ORTEGA1888-TEPIC-IA,60,56,3054,3055,Hongo de árbol. — Vtuxa.,em_dash,matched_headword,high,machine_accepted,direct_page_headword_match,machine_derived,true,false
ORT1888-art-001198,spa,Honrar como el hijo al padre,,Ortega1888[56],ORT1888-cand-001198,ORTEGA1888-TEPIC-IA,60,56,3056,3057,Honrar como el hijo al padre. — Tzalmate. Neti.,em_dash,matched_headword,high,machine_accepted,direct_page_headword_match,machine_derived,true,false
ORT1888-art-001199,spa,Horadar,,Ortega1888[56],ORT1888-cand-001199,ORTEGA1888-TEPIC-IA,60,56,3058,3059,Horadar.— ^Busca agujerear.,em_dash,matched_headword,high,machine_accepted,direct_page_headword_match,machine_derived,true,false
ORT1888-art-001200,spa,Horca de palos,,Ortega1888[56],ORT1888-cand-001200,ORTEGA1888-TEPIC-IA,60,56,3060,3061,Horca de palos. — Auteacat.,em_dash,matched_headword,high,machine_accepted,direct_page_headword_match,machine_derived,true,false
ORT1888-art-001201,spa,Hormiga,,Ortega1888[56],ORT1888-cand-001201,ORTEGA1888-TEPIC-IA,60,56,3062,3063,Hormiga. — Achti. pl. ri.,em_dash,matched_headword,high,machine_accepted,direct_page_headword_match,machine_derived,true,false
ORT1888-art-001202,spa,Hormiga arriera,,Ortega1888[56],ORT1888-cand-001202,ORTEGA1888-TEPIC-IA,60,56,3064,3065,Hormiga arriera. — Tzárizt. pl. Tzarizéri.,em_dash,matched_headword,high,machine_accepted,direct_page_headword_match,machine_derived,true,false
ORT1888-art-001203,spa,Hormiguero,,Ortega1888[56],ORT1888-cand-001203,ORTEGA1888-TEPIC-IA,60,56,3066,3067,Hormiguero. — Aehtéripoa.,em_dash,matched_headword,high,machine_accepted,direct_page_headword_match,machine_derived,true,false
ORT1888-art-001204,spa,Huevo,,Ortega1888[56],ORT1888-cand-001204,ORTEGA1888-TEPIC-IA,60,56,3068,3069,Huevo.— ^Toatéri.,em_dash,matched_headword,high,machine_accepted,direct_page_headword_match,machine_derived,true,false
ORT1888-art-001205,spa,Huérfano,,Ortega1888[56],ORT1888-cand-001205,ORTEGA1888-TEPIC-IA,60,56,3070,3071,Huérfano. — Xaéicame. pl. Xéicahte.,em_dash,matched_headword,high,machine_accepted,direct_page_headword_match,machine_derived,true,false
ORT1888-art-001206,spa,Huir de los contrarios,,Ortega1888[56],ORT1888-cand-001206,ORTEGA1888-TEPIC-IA,60,56,3072,3075,Huir de los contrarios. — Huataú. Nataneu. | Huirse. Aútzocua. Ne.,em_dash,matched_headword,high,machine_accepted,direct_page_headword_match,machine_derived,true,false
ORT1888-art-001207,spa,Huidor asi,,Ortega1888[56],ORT1888-cand-001207,ORTEGA1888-TEPIC-IA,60,56,3076,3077,Huidor asi. — Tzonachane. pl. tzi.,em_dash,matched_headword,high,machine_accepted,direct_page_headword_match,machine_derived,true,false
ORT1888-art-001208,spa,Humo,,Ortega1888[56],ORT1888-cand-001208,ORTEGA1888-TEPIC-IA,60,56,3078,3079,Humo. — K^wtziti,em_dash,matched_headword,high,machine_accepted,direct_page_headword_match,machine_derived,true,false
ORT1888-art-001209,spa,Humear,,Ortega1888[56],ORT1888-cand-001209,ORTEGA1888-TEPIC-IA,60,56,3080,3081,Humear. — Ketzuhta.,em_dash,matched_headword,high,machine_accepted,direct_page_headword_match,machine_derived,true,false
ORT1888-art-001210,spa,Hurtar,,Ortega1888[56],ORT1888-cand-001210,ORTEGA1888-TEPIC-IA,60,56,3082,3083,Hurtar. -^ Nah.ua. Neti.,hyphen_variant,matched_headword,medium,machine_accepted,direct_page_headword_match,machine_derived,true,false
ORT1888-art-001211,spa,"Hurto, r",,Ortega1888[56],ORT1888-cand-001211,ORTEGA1888-TEPIC-IA,60,56,3084,3085,"Hurto, r— Nahuarit.",em_dash,matched_headword,high,machine_accepted,direct_page_headword_match,machine_derived,true,false
ORT1888-art-001212,spa,Huso para hilar,,Ortega1888[56],ORT1888-cand-001212,ORTEGA1888-TEPIC-IA,60,56,3086,3089,Huso para hilar. — Yuarit. | j.,em_dash,matched_headword,high,machine_accepted,direct_page_headword_match,machine_derived,true,false
ORT1888-art-001213,spa,Jubilo,,Ortega1888[56],ORT1888-cand-001213,ORTEGA1888-TEPIC-IA,60,56,3090,3091,"Jubilo.,— Busca goze.",em_dash,matched_headword,high,machine_accepted,direct_page_headword_match,machine_derived,true,false
ORT1888-art-001214,spa,Juego de apuesta,,Ortega1888[56],ORT1888-cand-001214,ORTEGA1888-TEPIC-IA,60,56,3092,3093,Juego de apuesta.-^ Muautechiát.,hyphen_variant,matched_headword,medium,machine_accepted,direct_page_headword_match,machine_derived,true,false
ORT1888-art-001215,spa,Juego de niños,,Ortega1888[56],ORT1888-cand-001215,ORTEGA1888-TEPIC-IA,60,56,3094,3095,Juego de niños. ^—Huacariti.,em_dash,matched_headword,high,machine_accepted,direct_page_headword_match,machine_derived,true,false
ORT1888-art-001216,spa,Juez,,Ortega1888[56],ORT1888-cand-001216,ORTEGA1888-TEPIC-IA,60,56,3096,3097,Juez. — Timocricat. pl. tzi.,em_dash,matched_headword,high,machine_accepted,direct_page_headword_match,machine_derived,true,false
ORT1888-art-001217,spa,Jugar apostando,,Ortega1888[56],ORT1888-cand-001217,ORTEGA1888-TEPIC-IA,60,56,3098,3099,Jugar apostando. — Muitec. Neti.,em_dash,matched_headword,high,machine_accepted,direct_page_headword_match,machine_derived,true,false
ORT1888-art-001218,spa,Jugar los niños,,Ortega1888[56],ORT1888-cand-001218,ORTEGA1888-TEPIC-IA,60,56,3100,3101,Jugar los niños. — Huaca. Ne.,em_dash,matched_headword,high,machine_accepted,direct_page_headword_match,machine_derived,true,false
ORT1888-art-001219,spa,"Junco, r",,Ortega1888[56],ORT1888-cand-001219,ORTEGA1888-TEPIC-IA,60,56,3102,3103,"Junco, r— Beopoámet",em_dash,matched_headword,high,machine_accepted,direct_page_headword_match,machine_derived,true,false
ORT1888-art-001220,spa,Juntar una cosa con otra,,Ortega1888[56],ORT1888-cand-001220,ORTEGA1888-TEPIC-IA,60,56,3104,3105,Juntar una cosa con otra. — Uitenahchité. Nete,em_dash,matched_headword,high,machine_accepted,direct_page_headword_match,machine_derived,true,false
ORT1888-art-001221,spa,Juntar lo que está esparcido,,Ortega1888[56],ORT1888-cand-001221,ORTEGA1888-TEPIC-IA,60,56,3106,3107,Juntar lo que está esparcido. — Busca recoger.,em_dash,matched_headword,high,machine_accepted,direct_page_headword_match,machine_derived,true,false
ORT1888-art-001222,spa,Jurar,,Ortega1888[56],ORT1888-cand-001222,ORTEGA1888-TEPIC-IA,60,56,3108,3109,Jurar. — No saben todavía.,em_dash,matched_headword,high,machine_accepted,direct_page_headword_match,machine_derived,true,false
ORT1888-art-001223,spa,Justo ser,,Ortega1888[56],ORT1888-cand-001223,ORTEGA1888-TEPIC-IA,60,56,3110,3115,Justo ser.— Captixanaca. Cautixanáca. | HEE,em_dash,matched_headword,high,machine_accepted,direct_page_headword_match,machine_derived,true,false
ORT1888-art-001224,spa,Y. con j,,Ortega1888[57],ORT1888-cand-001224,ORTEGA1888-TEPIC-IA,61,57,3119,3120,Y. con j.— acta.,em_dash,matched_headword,high,machine_accepted,direct_page_headword_match,machine_derived,true,false
ORT1888-art-001225,spa,Ya. ad,,Ortega1888[57],ORT1888-cand-001225,ORTEGA1888-TEPIC-IA,61,57,3121,3122,Ya. ad.— Ar. pur.,em_dash,matched_headword,high,machine_accepted,direct_page_headword_match,machine_derived,true,false
ORT1888-art-001226,spa,Ydolati-ar,,Ortega1888[57],ORT1888-cand-001226,ORTEGA1888-TEPIC-IA,61,57,3123,3124,"Ydolati-ar. — Teuathemintimoé,",em_dash,matched_headword,high,machine_accepted,direct_page_headword_match,machine_derived,true,false
ORT1888-art-001227,spa,Ydolo,,Ortega1888[57],ORT1888-cand-001227,ORTEGA1888-TEPIC-IA,61,57,3125,3126,Ydolo. — Técuat. pl. tzi.,em_dash,matched_headword,high,machine_accepted,direct_page_headword_match,machine_derived,true,false
ORT1888-art-001228,spa,Yel o,,Ortega1888[57],ORT1888-cand-001228,ORTEGA1888-TEPIC-IA,61,57,3127,3128,Yel o. — Busca hielo.,em_dash,matched_headword,high,machine_accepted,direct_page_headword_match,machine_derived,true,false
ORT1888-art-001229,spa,Yerno,,Ortega1888[57],ORT1888-cand-001229,ORTEGA1888-TEPIC-IA,61,57,3129,3130,Yerno. — Timuni.,em_dash,matched_headword,high,machine_accepted,direct_page_headword_match,machine_derived,true,false
ORT1888-art-001230,spa,Yerva,,Ortega1888[57],ORT1888-cand-001230,ORTEGA1888-TEPIC-IA,61,57,3131,3132,Yerva.— Euxahti.,em_dash,matched_headword,high,machine_accepted,direct_page_headword_match,machine_derived,true,false
ORT1888-art-001231,spa,Yervas,,Ortega1888[57],ORT1888-cand-001231,ORTEGA1888-TEPIC-IA,61,57,3133,3134,Yervas. — Comestibles. — Cherit.,em_dash,matched_headword,medium,machine_accepted,direct_page_headword_match,machine_derived,true,false
ORT1888-art-001232,spa,Yerva cuya raíz sirve de jabón,,Ortega1888[57],ORT1888-cand-001232,ORTEGA1888-TEPIC-IA,61,57,3135,3136,Yerva cuya raíz sirve de jabón — .Avcvchi.,em_dash,matched_headword,high,machine_accepted,direct_page_headword_match,machine_derived,true,false
ORT1888-art-001233,spa,Yesca,,Ortega1888[57],ORT1888-cand-001233,ORTEGA1888-TEPIC-IA,61,57,3137,3138,Yesca. ^-Enimit.,hyphen_variant,matched_headword,medium,machine_accepted,direct_page_headword_match,machine_derived,true,false
ORT1888-art-001234,spa,Yglesia,,Ortega1888[57],ORT1888-cand-001234,ORTEGA1888-TEPIC-IA,61,57,3139,3140,Yglesia. — Tiopan.,em_dash,matched_headword,high,machine_accepted,direct_page_headword_match,machine_derived,true,false
ORT1888-art-001235,spa,Ygual cosa como suelo,,Ortega1888[57],ORT1888-cand-001235,ORTEGA1888-TEPIC-IA,61,57,3141,3142,Ygual cosa como suelo.- — Vxapuhuacáte.,em_dash,matched_headword,high,machine_accepted,direct_page_headword_match,machine_derived,true,false
ORT1888-art-001236,spa,Yguana,,Ortega1888[57],ORT1888-cand-001236,ORTEGA1888-TEPIC-IA,61,57,3143,3144,Yguana. — Cháatzáti. pl. Cháatzáfci.,em_dash,matched_headword,high,machine_accepted,direct_page_headword_match,machine_derived,true,false
ORT1888-art-001237,spa,YI vanar,,Ortega1888[57],ORT1888-cand-001237,ORTEGA1888-TEPIC-IA,61,57,3145,3146,YI vanar. — Ancuvafcoa. Nete.,em_dash,matched_headword,high,machine_accepted,direct_page_headword_match,machine_derived,true,false
ORT1888-art-001238,spa,"Ym pedir que no se baga, alguna cosa",,Ortega1888[57],ORT1888-cand-001238,ORTEGA1888-TEPIC-IA,61,57,3147,3148,"Ym pedir que no se baga, alguna cosa. — Ninte. Neti.",em_dash,matched_headword,high,machine_accepted,direct_page_headword_match,machine_derived,true,false
ORT1888-art-001239,spa,Ymin.arce.si ble,,Ortega1888[57],ORT1888-cand-001239,ORTEGA1888-TEPIC-IA,61,57,3149,3150,Ymin.arce.si ble. — Capúcüaübe.,em_dash,matched_headword,high,machine_accepted,direct_page_headword_match,machine_derived,true,false
ORT1888-art-001240,spa,Ynchiuaise,,Ortega1888[57],ORT1888-cand-001240,ORTEGA1888-TEPIC-IA,61,57,3151,3152,Ynchiuaise. — Aban tona. Nabautona.,em_dash,matched_headword,high,machine_accepted,direct_page_headword_match,machine_derived,true,false
ORT1888-art-001241,spa,Yníierno,,Ortega1888[57],ORT1888-cand-001241,ORTEGA1888-TEPIC-IA,61,57,3153,3154,Yníierno. — Muechita. Taheté.,em_dash,matched_headword,high,machine_accepted,direct_page_headword_match,machine_derived,true,false
ORT1888-art-001242,spa,Ynumerable gente,,Ortega1888[57],ORT1888-cand-001242,ORTEGA1888-TEPIC-IA,61,57,3155,3156,Ynumerable gente. — Ceviat. Ceuuti.,em_dash,matched_headword,high,machine_accepted,direct_page_headword_match,machine_derived,true,false
ORT1888-art-001243,spa,Ynquirir,,Ortega1888[57],ORT1888-cand-001243,ORTEGA1888-TEPIC-IA,61,57,3157,3158,Ynquirir. — Yhucá. Neti.,em_dash,matched_headword,high,machine_accepted,direct_page_headword_match,machine_derived,true,false
ORT1888-art-001244,spa,Y si abon,,Ortega1888[57],ORT1888-cand-001244,ORTEGA1888-TEPIC-IA,61,57,3159,3162,Y si abon . — B usca eslabón . | Yr.^Aine. Ne.,em_dash,matched_headword,high,machine_accepted,direct_page_headword_match,machine_derived,true,false
ORT1888-art-001245,spa,Yr. derecho á alguna parte,,Ortega1888[57],ORT1888-cand-001245,ORTEGA1888-TEPIC-IA,61,57,3163,3165,Yr. derecho á alguna parte. — -Auatahéyaca. Nataheya-,em_dash,matched_headword,high,machine_accepted,direct_page_headword_match,machine_derived,true,false
ORT1888-art-001246,spa,Yr rodeando,,Ortega1888[57],ORT1888-cand-001246,ORTEGA1888-TEPIC-IA,61,57,3166,3166,Yr rodeando.— Huateaóututzi. Nateantutzi.,em_dash,matched_headword,high,machine_accepted,direct_page_headword_match,machine_derived,true,false
ORT1888-art-001247,spa,Yr delante,,Ortega1888[57],ORT1888-cand-001247,ORTEGA1888-TEPIC-IA,61,57,3167,3167,Yr delante. — Busca guiar.,em_dash,matched_headword,high,machine_accepted,direct_page_headword_match,machine_derived,true,false
ORT1888-art-001248,spa,Yr por leña,,Ortega1888[57],ORT1888-cand-001248,ORTEGA1888-TEPIC-IA,61,57,3168,3168,Yr por leña. — Teocaihme. Ne.,em_dash,matched_headword,high,machine_accepted,direct_page_headword_match,machine_derived,true,false
ORT1888-art-001249,spa,Yr. por agua,,Ortega1888[57],ORT1888-cand-001249,ORTEGA1888-TEPIC-IA,61,57,3169,3169,"Yr. por agua. — Busca agua traer,",em_dash,matched_headword,high,machine_accepted,direct_page_headword_match,machine_derived,true,false
ORT1888-art-001250,spa,Ynvierno,,Ortega1888[57],ORT1888-cand-001250,ORTEGA1888-TEPIC-IA,61,57,3170,3170,Ynvierno. — Cicéritá.,em_dash,matched_headword,high,machine_accepted,direct_page_headword_match,machine_derived,true,false
ORT1888-art-001251,spa,Yzquierda mano,,Ortega1888[57],ORT1888-cand-001251,ORTEGA1888-TEPIC-IA,61,57,3171,3176,"Yzquierda mano, — • Utat. | J>^rS^;jT",em_dash,matched_headword,high,machine_accepted,direct_page_headword_match,machine_derived,true,false
ORT1888-art-001252,spa,Labro,,Ortega1888[58],ORT1888-cand-001252,ORTEGA1888-TEPIC-IA,62,58,3183,3188,Labro. — Teniti. | Labor de tierra. | Labrar camisa. &.,em_dash,matched_headword,high,machine_accepted,direct_page_headword_match,machine_derived,true,false
ORT1888-art-001253,spa,Ladera,,Ortega1888[58],ORT1888-cand-001253,ORTEGA1888-TEPIC-IA,62,58,3189,3190,Ladera.- -Aütn.,hyphen_variant,matched_headword,medium,machine_accepted,direct_page_headword_match,machine_derived,true,false
ORT1888-art-001254,spa,Ladino,,Ortega1888[58],ORT1888-cand-001254,ORTEGA1888-TEPIC-IA,62,58,3191,3192,Ladino. — Tevéncúca.,em_dash,matched_headword,high,machine_accepted,direct_page_headword_match,machine_derived,true,false
ORT1888-art-001255,spa,Ladra.i los perros,,Ortega1888[58],ORT1888-cand-001255,ORTEGA1888-TEPIC-IA,62,58,3193,3194,Ladra.i los perros. — N encare Fe.,em_dash,matched_headword,high,machine_accepted,direct_page_headword_match,machine_derived,true,false
ORT1888-art-001256,spa,Ladrillo tal,,Ortega1888[58],ORT1888-cand-001256,ORTEGA1888-TEPIC-IA,62,58,3195,3196,Ladrillo tal.— ^Neue'areat.,em_dash,matched_headword,high,machine_accepted,direct_page_headword_match,machine_derived,true,false
ORT1888-art-001257,spa,Ladrón,,Ortega1888[58],ORT1888-cand-001257,ORTEGA1888-TEPIC-IA,62,58,3197,3198,Ladrón. — Tinahuame. pl. tzi.,em_dash,matched_headword,high,machine_accepted,direct_page_headword_match,machine_derived,true,false
ORT1888-art-001258,spa,"Lagaña, r",,Ortega1888[58],ORT1888-cand-001258,ORTEGA1888-TEPIC-IA,62,58,3199,3200,"Lagaña, r— Xachuitáti .",em_dash,matched_headword,high,machine_accepted,direct_page_headword_match,machine_derived,true,false
ORT1888-art-001259,spa,Lagarto animal,,Ortega1888[58],ORT1888-cand-001259,ORTEGA1888-TEPIC-IA,62,58,3201,3202,Lagarto animal. — Axac. pl. tzi.,em_dash,matched_headword,high,machine_accepted,direct_page_headword_match,machine_derived,true,false
ORT1888-art-001260,spa,Lagartija otra,,Ortega1888[58],ORT1888-cand-001260,ORTEGA1888-TEPIC-IA,62,58,3203,3204,Lagartija otra- — Chatzat. pl. tzi.,em_dash,matched_headword,high,machine_accepted,direct_page_headword_match,machine_derived,true,false
ORT1888-art-001261,spa,Lágrima,,Ortega1888[58],ORT1888-cand-001261,ORTEGA1888-TEPIC-IA,62,58,3205,3206,Lágrima. — Veat.,em_dash,matched_headword,high,machine_accepted,direct_page_headword_match,machine_derived,true,false
ORT1888-art-001262,spa,"Lamer, r",,Ortega1888[58],ORT1888-cand-001262,ORTEGA1888-TEPIC-IA,62,58,3207,3208,"Lamer, r- Auxuáti.",hyphen_variant,matched_headword,medium,machine_accepted,direct_page_headword_match,machine_derived,true,false
ORT1888-art-001263,spa,Lamer,,Ortega1888[58],ORT1888-cand-001263,ORTEGA1888-TEPIC-IA,62,58,3209,3210,Lamer. —Neaexé. Neti.,em_dash,matched_headword,high,machine_accepted,direct_page_headword_match,machine_derived,true,false
ORT1888-art-001264,spa,Lana,,Ortega1888[58],ORT1888-cand-001264,ORTEGA1888-TEPIC-IA,62,58,3211,3212,Lana. — Mowxati.,em_dash,matched_headword,high,machine_accepted,direct_page_headword_match,machine_derived,true,false
ORT1888-art-001265,spa,Lanudo,,Ortega1888[58],ORT1888-cand-001265,ORTEGA1888-TEPIC-IA,62,58,3213,3214,Lanudo.— Cahuxá.,em_dash,matched_headword,high,machine_accepted,direct_page_headword_match,machine_derived,true,false
ORT1888-art-001266,spa,Lance hacer al toro,,Ortega1888[58],ORT1888-cand-001266,ORTEGA1888-TEPIC-IA,62,58,3215,3216,Lance hacer al toro.^— Huáchité. Neti.,em_dash,matched_headword,high,machine_accepted,direct_page_headword_match,machine_derived,true,false
ORT1888-art-001267,spa,Langosta de la tierra,,Ortega1888[58],ORT1888-cand-001267,ORTEGA1888-TEPIC-IA,62,58,3217,3218,Langosta de la tierra. — Bikeuzte. pl. tzi.,em_dash,matched_headword,high,machine_accepted,direct_page_headword_match,machine_derived,true,false
ORT1888-art-001268,spa,Langosta otra,,Ortega1888[58],ORT1888-cand-001268,ORTEGA1888-TEPIC-IA,62,58,3219,3220,"Langosta otra.,— Xac/ipoti. pl. Xapótzi.",em_dash,matched_headword,high,machine_accepted,direct_page_headword_match,machine_derived,true,false
ORT1888-art-001269,spa,Langosta otra,,Ortega1888[58],ORT1888-cand-001269,ORTEGA1888-TEPIC-IA,62,58,3221,3222,"Langosta otra. ,—Camaiaicat. pl. tzi.",em_dash,matched_headword,high,machine_accepted,direct_page_headword_match,machine_derived,true,false
ORT1888-art-001270,spa,Langosta otra,,Ortega1888[58],ORT1888-cand-001270,ORTEGA1888-TEPIC-IA,62,58,3223,3224,Langosta otra. — lunái. pl. tzi.,em_dash,matched_headword,high,machine_accepted,direct_page_headword_match,machine_derived,true,false
ORT1888-art-001271,spa,Langosta otra,,Ortega1888[58],ORT1888-cand-001271,ORTEGA1888-TEPIC-IA,62,58,3225,3226,Langosta otra.— ^Ecati. pl. Ecatzi.,em_dash,matched_headword,high,machine_accepted,direct_page_headword_match,machine_derived,true,false
ORT1888-art-001272,spa,"Largo, luengo",,Ortega1888[58],ORT1888-cand-001272,ORTEGA1888-TEPIC-IA,62,58,3227,3228,"Largo, luengo.-^ Teutu.",hyphen_variant,matched_headword,medium,machine_accepted,direct_page_headword_match,machine_derived,true,false
ORT1888-art-001273,spa,Lástima tener,,Ortega1888[58],ORT1888-cand-001273,ORTEGA1888-TEPIC-IA,62,58,3229,3230,Lástima tener.- — Busca compadecerse.,em_dash,matched_headword,high,machine_accepted,direct_page_headword_match,machine_derived,true,false
ORT1888-art-001274,spa,Lastimar á otro,,Ortega1888[58],ORT1888-cand-001274,ORTEGA1888-TEPIC-IA,62,58,3231,3232,Lastimar á otro. — Acúinite. Neti.,em_dash,matched_headword,high,machine_accepted,direct_page_headword_match,machine_derived,true,false
ORT1888-art-001275,spa,Latir la vena o el corazón./,,Ortega1888[58],ORT1888-cand-001275,ORTEGA1888-TEPIC-IA,62,58,3233,3234,"Latir la vena o el corazón./ — Uitfwhuáxea,",em_dash,matched_headword,high,machine_accepted,direct_page_headword_match,machine_derived,true,false
ORT1888-art-001276,spa,Lavar,,Ortega1888[58],ORT1888-cand-001276,ORTEGA1888-TEPIC-IA,62,58,3235,3236,Lavar.— Huzina. Neti.,em_dash,matched_headword,high,machine_accepted,direct_page_headword_match,machine_derived,true,false
ORT1888-art-001277,spa,Lazar,,Ortega1888[58],ORT1888-cand-001277,ORTEGA1888-TEPIC-IA,62,58,3237,3238,Lazar. — Aucaohunézin. Nete.,em_dash,matched_headword,high,machine_accepted,direct_page_headword_match,machine_derived,true,false
ORT1888-art-001278,spa,Leche,,Ortega1888[58],ORT1888-cand-001278,ORTEGA1888-TEPIC-IA,62,58,3239,3240,Leche. — Tziméti.,em_dash,matched_headword,high,machine_accepted,direct_page_headword_match,machine_derived,true,false
ORT1888-art-001279,spa,Leche de lo narbolar,,Ortega1888[58],ORT1888-cand-001279,ORTEGA1888-TEPIC-IA,62,58,3241,3246,Leche de lo narbolar. — X^ret. | m,em_dash,matched_headword,high,machine_accepted,direct_page_headword_match,machine_derived,true,false
ORT1888-art-001280,spa,"Lechuza, ave nocturna",,Ortega1888[59],ORT1888-cand-001280,ORTEGA1888-TEPIC-IA,63,59,3250,3251,"Lechuza, ave nocturna. — Cihuati. pl. Ciutzi.",em_dash,matched_headword,high,machine_accepted,direct_page_headword_match,machine_derived,true,false
ORT1888-art-001281,spa,Leer,,Ortega1888[59],ORT1888-cand-001281,ORTEGA1888-TEPIC-IA,63,59,3252,3253,Leer.— Thté. Neti.,em_dash,matched_headword,high,machine_accepted,direct_page_headword_match,machine_derived,true,false
ORT1888-art-001282,spa,Lector,,Ortega1888[59],ORT1888-cand-001282,ORTEGA1888-TEPIC-IA,63,59,3254,3255,Lector.— Tuhtacarenm pl. tzi.,em_dash,matched_headword,high,machine_accepted,direct_page_headword_match,machine_derived,true,false
ORT1888-art-001283,spa,Lección,,Ortega1888[59],ORT1888-cand-001283,ORTEGA1888-TEPIC-IA,63,59,3256,3257,Lección. — -Thterit.,em_dash,matched_headword,high,machine_accepted,direct_page_headword_match,machine_derived,true,false
ORT1888-art-001284,spa,Legumbres,,Ortega1888[59],ORT1888-cand-001284,ORTEGA1888-TEPIC-IA,63,59,3258,3259,Legumbres. — Cherit.,em_dash,matched_headword,high,machine_accepted,direct_page_headword_match,machine_derived,true,false
ORT1888-art-001285,spa,Lengua,,Ortega1888[59],ORT1888-cand-001285,ORTEGA1888-TEPIC-IA,63,59,3260,3263,Lengua. — Namüriti. | o,em_dash,matched_headword,high,machine_accepted,direct_page_headword_match,machine_derived,true,false
ORT1888-art-001286,spa,Leña,,Ortega1888[59],ORT1888-cand-001286,ORTEGA1888-TEPIC-IA,63,59,3264,3265,Leña. — Cayet.,em_dash,matched_headword,high,machine_accepted,direct_page_headword_match,machine_derived,true,false
ORT1888-art-001287,spa,"Leñar, hacer leña",,Ortega1888[59],ORT1888-cand-001287,ORTEGA1888-TEPIC-IA,63,59,3266,3267,"Leñar, hacer leña. ,— Ticáa. Ne.",em_dash,matched_headword,high,machine_accepted,direct_page_headword_match,machine_derived,true,false
ORT1888-art-001288,spa,Leon,,Ortega1888[59],ORT1888-cand-001288,ORTEGA1888-TEPIC-IA,63,59,3268,3269,Leon. — Moáhyet. pl. tzi.,em_dash,matched_headword,high,machine_accepted,direct_page_headword_match,machine_derived,true,false
ORT1888-art-001289,spa,Levantar algo del suelo,,Ortega1888[59],ORT1888-cand-001289,ORTEGA1888-TEPIC-IA,63,59,3270,3271,Levantar algo del suelo.— Tcázim. Neti. Teahpoazt. Neti.,em_dash,matched_headword,high,machine_accepted,direct_page_headword_match,machine_derived,true,false
ORT1888-art-001290,spa,Levantar maiz en la cosecha,,Ortega1888[59],ORT1888-cand-001290,ORTEGA1888-TEPIC-IA,63,59,3272,3273,Levantar maiz en la cosecha. — Tzána. Neti.,em_dash,matched_headword,high,machine_accepted,direct_page_headword_match,machine_derived,true,false
ORT1888-art-001291,spa,"Levantarse, pararse",,Ortega1888[59],ORT1888-cand-001291,ORTEGA1888-TEPIC-IA,63,59,3274,3275,"Levantarse, pararse. — Ache. N.",em_dash,matched_headword,high,machine_accepted,direct_page_headword_match,machine_derived,true,false
ORT1888-art-001292,spa,"Levantarse, amotinarse",,Ortega1888[59],ORT1888-cand-001292,ORTEGA1888-TEPIC-IA,63,59,3276,3277,"Levantarse, amotinarse. ^—Ateúha. Natina.",em_dash,matched_headword,high,machine_accepted,direct_page_headword_match,machine_derived,true,false
ORT1888-art-001293,spa,Lexos,,Ortega1888[59],ORT1888-cand-001293,ORTEGA1888-TEPIC-IA,63,59,3278,3279,Lexos.— a Eumua..,em_dash,matched_headword,high,machine_accepted,direct_page_headword_match,machine_derived,true,false
ORT1888-art-001294,spa,Liar,,Ortega1888[59],ORT1888-cand-001294,ORTEGA1888-TEPIC-IA,63,59,3280,3281,Liar. — Curahekehua. Neti.,em_dash,matched_headword,high,machine_accepted,direct_page_headword_match,machine_derived,true,false
ORT1888-art-001295,spa,Librar de peligro á otro,,Ortega1888[59],ORT1888-cand-001295,ORTEGA1888-TEPIC-IA,63,59,3282,3283,Librar de peligro á otro. — Vachre. Neti.,em_dash,matched_headword,high,machine_accepted,direct_page_headword_match,machine_derived,true,false
ORT1888-art-001296,spa,Libro,,Ortega1888[59],ORT1888-cand-001296,ORTEGA1888-TEPIC-IA,63,59,3284,3285,Libro. — Yüxarit.,em_dash,matched_headword,high,machine_accepted,direct_page_headword_match,machine_derived,true,false
ORT1888-art-001297,spa,Liebre,,Ortega1888[59],ORT1888-cand-001297,ORTEGA1888-TEPIC-IA,63,59,3286,3287,Liebre. — Tatzu. pl. ri.,em_dash,matched_headword,high,machine_accepted,direct_page_headword_match,machine_derived,true,false
ORT1888-art-001298,spa,Liendre,,Ortega1888[59],ORT1888-cand-001298,ORTEGA1888-TEPIC-IA,63,59,3288,3289,Liendre. — Xana. pl. ri.,em_dash,matched_headword,high,machine_accepted,direct_page_headword_match,machine_derived,true,false
ORT1888-art-001299,spa,Limón,,Ortega1888[59],ORT1888-cand-001299,ORTEGA1888-TEPIC-IA,63,59,3290,3291,Limón.— Tzinácaré.,em_dash,matched_headword,high,machine_accepted,direct_page_headword_match,machine_derived,true,false
ORT1888-art-001300,spa,Limpiar las narices,,Ortega1888[59],ORT1888-cand-001300,ORTEGA1888-TEPIC-IA,63,59,3292,3293,Limpiar las narices.— ^ Busca limpiar.,em_dash,matched_headword,high,machine_accepted,direct_page_headword_match,machine_derived,true,false
ORT1888-art-001301,spa,Lisa cosa,,Ortega1888[59],ORT1888-cand-001301,ORTEGA1888-TEPIC-IA,63,59,3294,3295,Lisa cosa.— Mehcheá.,em_dash,matched_headword,high,machine_accepted,direct_page_headword_match,machine_derived,true,false
ORT1888-art-001302,spa,Liviana cosa,,Ortega1888[59],ORT1888-cand-001302,ORTEGA1888-TEPIC-IA,63,59,3296,3297,Liviana cosa. — Caputíhete.,em_dash,matched_headword,high,machine_accepted,direct_page_headword_match,machine_derived,true,false
ORT1888-art-001303,spa,Lobo,,Ortega1888[59],ORT1888-cand-001303,ORTEGA1888-TEPIC-IA,63,59,3298,3299,Lobo. — Eursivet. pl. tzi.,em_dash,matched_headword,high,machine_accepted,direct_page_headword_match,machine_derived,true,false
ORT1888-art-001304,spa,Loco,,Ortega1888[59],ORT1888-cand-001304,ORTEGA1888-TEPIC-IA,63,59,3300,3301,Loco. — Tecaihre.,em_dash,matched_headword,high,machine_accepted,direct_page_headword_match,machine_derived,true,false
ORT1888-art-001305,spa,Loco volverse,,Ortega1888[59],ORT1888-cand-001305,ORTEGA1888-TEPIC-IA,63,59,3302,3303,Loco volverse. — Busca enloquecer.,em_dash,matched_headword,high,machine_accepted,direct_page_headword_match,machine_derived,true,false
ORT1888-art-001306,spa,Lodo,,Ortega1888[59],ORT1888-cand-001306,ORTEGA1888-TEPIC-IA,63,59,3304,3305,Lodo. — Axot.,em_dash,matched_headword,high,machine_accepted,direct_page_headword_match,machine_derived,true,false
ORT1888-art-001307,spa,Lodo hacer,,Ortega1888[59],ORT1888-cand-001307,ORTEGA1888-TEPIC-IA,63,59,3306,3307,Lodo hacer. — Haxota. Ne.,em_dash,matched_headword,high,machine_accepted,direct_page_headword_match,machine_derived,true,false
ORT1888-art-001308,spa,Lodo aver,,Ortega1888[59],ORT1888-cand-001308,ORTEGA1888-TEPIC-IA,63,59,3308,3309,Lodo aver. — Huahaxohpoa.,em_dash,matched_headword,high,machine_accepted,direct_page_headword_match,machine_derived,true,false
ORT1888-art-001309,spa,Loma,,Ortega1888[59],ORT1888-cand-001309,ORTEGA1888-TEPIC-IA,63,59,3310,3311,Loma. — Viyetzé.,em_dash,matched_headword,high,machine_accepted,direct_page_headword_match,machine_derived,true,false
ORT1888-art-001310,spa,Lombrizes hechar,,Ortega1888[59],ORT1888-cand-001310,ORTEGA1888-TEPIC-IA,63,59,3312,3317,Lombrizes hechar.-^Nucheritzé. Neanueritze. | ',hyphen_variant,matched_headword,medium,machine_accepted,direct_page_headword_match,machine_derived,true,false
ORT1888-art-001311,spa,Lomo,,Ortega1888[60],ORT1888-cand-001311,ORTEGA1888-TEPIC-IA,64,60,3321,3322,Lomo. — Huavit.,em_dash,matched_headword,high,machine_accepted,direct_page_headword_match,machine_derived,true,false
ORT1888-art-001312,spa,Loro grande,,Ortega1888[60],ORT1888-cand-001312,ORTEGA1888-TEPIC-IA,64,60,3323,3324,Loro grande. — Tútuvi. pl. tzi.,em_dash,matched_headword,high,machine_accepted,direct_page_headword_match,machine_derived,true,false
ORT1888-art-001313,spa,"Loro otro, de cabeza amarilla",,Ortega1888[60],ORT1888-cand-001313,ORTEGA1888-TEPIC-IA,64,60,3325,3326,"Loro otro, de cabeza amarilla. — Turazt. pl. Turazi.",em_dash,matched_headword,high,machine_accepted,direct_page_headword_match,machine_derived,true,false
ORT1888-art-001314,spa,Loro pequeño por su especie,,Ortega1888[60],ORT1888-cand-001314,ORTEGA1888-TEPIC-IA,64,60,3327,3328,Loro pequeño por su especie. — Tzipuzt. pl. Tzipuzi.,em_dash,matched_headword,high,machine_accepted,direct_page_headword_match,machine_derived,true,false
ORT1888-art-001315,spa,Loro más pequeño,,Ortega1888[60],ORT1888-cand-001315,ORTEGA1888-TEPIC-IA,64,60,3329,3330,Loro más pequeño. — Puriz. pl. Puvizi.,em_dash,matched_headword,high,machine_accepted,direct_page_headword_match,machine_derived,true,false
ORT1888-art-001316,spa,Luchar,,Ortega1888[60],ORT1888-cand-001316,ORTEGA1888-TEPIC-IA,64,60,3331,3332,Luchar. — Auhhepoa. Ne.,em_dash,matched_headword,high,machine_accepted,direct_page_headword_match,machine_derived,true,false
ORT1888-art-001317,spa,Lucir,,Ortega1888[60],ORT1888-cand-001317,ORTEGA1888-TEPIC-IA,64,60,3333,3336,Lucir. — Huatatza. | Lugar aver. = Yehbéhrie.,em_dash,matched_headword,high,machine_accepted,direct_page_headword_match,machine_derived,true,false
ORT1888-art-001318,spa,Luego ado,,Ortega1888[60],ORT1888-cand-001318,ORTEGA1888-TEPIC-IA,64,60,3337,3338,Luego ado. — Mopacaicó.,em_dash,matched_headword,high,machine_accepted,direct_page_headword_match,machine_derived,true,false
ORT1888-art-001319,spa,Lumbre,,Ortega1888[60],ORT1888-cand-001319,ORTEGA1888-TEPIC-IA,64,60,3339,3340,Lumbre. — Tait.,em_dash,matched_headword,high,machine_accepted,direct_page_headword_match,machine_derived,true,false
ORT1888-art-001320,spa,Luida estar la cosa,,Ortega1888[60],ORT1888-cand-001320,ORTEGA1888-TEPIC-IA,64,60,3341,3342,Luida estar la cosa. — Cáxe,em_dash,matched_headword,high,machine_accepted,direct_page_headword_match,machine_derived,true,false
ORT1888-art-001321,spa,Luna planeta del Cielo. Luna haber nueva,,Ortega1888[60],ORT1888-cand-001321,ORTEGA1888-TEPIC-IA,64,60,3343,3343,Luna planeta del Cielo. Luna haber nueva.— • Añahupi. —,em_dash,matched_headword,medium,machine_accepted,direct_page_headword_match,machine_derived,true,false
ORT1888-art-001322,spa,Crecer la luna,,Ortega1888[60],ORT1888-cand-001322,ORTEGA1888-TEPIC-IA,64,60,3344,3344,Crecer la luna. — Meapurbeyaohraca. — Llenarse la lu-,em_dash,matched_headword,medium,machine_accepted,direct_page_headword_match,machine_derived,true,false
ORT1888-art-001323,spa,na,,Ortega1888[60],ORT1888-cand-001323,ORTEGA1888-TEPIC-IA,64,60,3345,3345,na.— Meapurbeyaórizt. — Acabarse la luna.-- -Purhua-,em_dash,matched_headword,medium,machine_accepted,direct_page_headword_match,machine_derived,true,false
ORT1888-art-001324,spa,teaxe,,Ortega1888[60],ORT1888-cand-001324,ORTEGA1888-TEPIC-IA,64,60,3346,3347,teaxe. — Traer la luna agua. — Ahputichaék.,em_dash,matched_headword,medium,machine_accepted,direct_page_headword_match,machine_derived,true,false
ORT1888-art-001325,spa,Lucero,,Ortega1888[60],ORT1888-cand-001325,ORTEGA1888-TEPIC-IA,64,60,3348,3349,Lucero. — Xuravet. pl. tzi.,em_dash,matched_headword,high,machine_accepted,direct_page_headword_match,machine_derived,true,false
ORT1888-art-001326,spa,"Lucero de la mañana, llaman",,Ortega1888[60],ORT1888-cand-001326,ORTEGA1888-TEPIC-IA,64,60,3350,3353,"Lucero de la mañana, llaman. — Tabatzi, pero por pensar | que era hijo del sol, á quien llamaban Tayaobppa, | nuestro padre.",em_dash,matched_headword,high,machine_accepted,direct_page_headword_match,machine_derived,true,false
ORT1888-art-001327,spa,Lucerna que anda de noche,,Ortega1888[60],ORT1888-cand-001327,ORTEGA1888-TEPIC-IA,64,60,3354,3355,Lucerna que anda de noche — Curui. pl. tzi.,em_dash,matched_headword,high,machine_accepted,direct_page_headword_match,machine_derived,true,false
ORT1888-art-001328,spa,Llaga,,Ortega1888[60],ORT1888-cand-001328,ORTEGA1888-TEPIC-IA,64,60,3356,3357,Llaga. — Atzat.,em_dash,matched_headword,high,machine_accepted,direct_page_headword_match,machine_derived,true,false
ORT1888-art-001329,spa,Llagado estar,,Ortega1888[60],ORT1888-cand-001329,ORTEGA1888-TEPIC-IA,64,60,3358,3359,Llagado estar. — Atza. Ne.,em_dash,matched_headword,high,machine_accepted,direct_page_headword_match,machine_derived,true,false
ORT1888-art-001330,spa,Llama de fuego,,Ortega1888[60],ORT1888-cand-001330,ORTEGA1888-TEPIC-IA,64,60,3360,3361,Llama de fuego. — Ahmeme.,em_dash,matched_headword,high,machine_accepted,direct_page_headword_match,machine_derived,true,false
ORT1888-art-001331,spa,Llamar; poner nombre,,Ortega1888[60],ORT1888-cand-001331,ORTEGA1888-TEPIC-IA,64,60,3362,3363,Llamar; poner nombre. —Yete. Neti.,em_dash,matched_headword,high,machine_accepted,direct_page_headword_match,machine_derived,true,false
ORT1888-art-001332,spa,Llamar,,Ortega1888[60],ORT1888-cand-001332,ORTEGA1888-TEPIC-IA,64,60,3364,3365,Llamar. — Hebe. Neti.,em_dash,matched_headword,high,machine_accepted,direct_page_headword_match,machine_derived,true,false
ORT1888-art-001333,spa,"Llamarse, tener nombre",,Ortega1888[60],ORT1888-cand-001333,ORTEGA1888-TEPIC-IA,64,60,3366,3367,"Llamarse, tener nombre.— An teahua. N.",em_dash,matched_headword,high,machine_accepted,direct_page_headword_match,machine_derived,true,false
ORT1888-art-001334,spa,Llamar gritando,,Ortega1888[60],ORT1888-cand-001334,ORTEGA1888-TEPIC-IA,64,60,3368,3369,Llamar gritando. — Hihbe. Neti.,em_dash,matched_headword,high,machine_accepted,direct_page_headword_match,machine_derived,true,false
ORT1888-art-001335,spa,Llano ado,,Ortega1888[60],ORT1888-cand-001335,ORTEGA1888-TEPIC-IA,64,60,3370,3371,Llano ado. — Choatá.,em_dash,matched_headword,high,machine_accepted,direct_page_headword_match,machine_derived,true,false
ORT1888-art-001336,spa,Llanto,,Ortega1888[60],ORT1888-cand-001336,ORTEGA1888-TEPIC-IA,64,60,3372,3373,Llanto. — Yeineat.,em_dash,matched_headword,high,machine_accepted,direct_page_headword_match,machine_derived,true,false
ORT1888-art-001337,spa,Llegar el que no estaba en casa,,Ortega1888[60],ORT1888-cand-001337,ORTEGA1888-TEPIC-IA,64,60,3374,3375,"Llegar el que no estaba en casa. ,— Vbenezum. N.",em_dash,matched_headword,high,machine_accepted,direct_page_headword_match,machine_derived,true,false
ORT1888-art-001338,spa,Llenar,,Ortega1888[60],ORT1888-cand-001338,ORTEGA1888-TEPIC-IA,64,60,3376,3377,"Llenar. ,— Bahezt. Nete.",em_dash,matched_headword,high,machine_accepted,direct_page_headword_match,machine_derived,true,false
ORT1888-art-001339,spa,Llevar,,Ortega1888[60],ORT1888-cand-001339,ORTEGA1888-TEPIC-IA,64,60,3378,3380,Llevar. — Ani. Neti.,em_dash,matched_headword,high,machine_accepted,direct_page_headword_match,machine_derived,true,false
ORT1888-art-001340,spa,■V Z\~J&M'W''?*,,Ortega1888[61],ORT1888-cand-001340,ORTEGA1888-TEPIC-IA,65,61,3381,3386,■V Z\~J&M'W''?* -**S: | 61,hyphen_variant,matched_headword,medium,machine_accepted,direct_page_headword_match,machine_derived,true,false
ORT1888-art-001341,spa,Llevar como palo,,Ortega1888[61],ORT1888-cand-001341,ORTEGA1888-TEPIC-IA,65,61,3387,3388,Llevar como palo. — Chuene. Nite. Aehni. Nite.,em_dash,matched_headword,high,machine_accepted,direct_page_headword_match,machine_derived,true,false
ORT1888-art-001342,spa,Llevar como olla,,Ortega1888[61],ORT1888-cand-001342,ORTEGA1888-TEPIC-IA,65,61,3389,3390,Llevar como olla — Ahana. Nete. Ahpoan. Nete.,em_dash,matched_headword,high,machine_accepted,direct_page_headword_match,machine_derived,true,false
ORT1888-art-001343,spa,Llevar como piedra,,Ortega1888[61],ORT1888-cand-001343,ORTEGA1888-TEPIC-IA,65,61,3391,3392,Llevar como piedra. — Ateni. Neti. Atutuni. Nete.,em_dash,matched_headword,high,machine_accepted,direct_page_headword_match,machine_derived,true,false
ORT1888-art-001344,spa,Llevar como pan,,Ortega1888[61],ORT1888-cand-001344,ORTEGA1888-TEPIC-IA,65,61,3393,3394,Llevar como pan. — Achni. Nete. Achpaini. Nete.,em_dash,matched_headword,high,machine_accepted,direct_page_headword_match,machine_derived,true,false
ORT1888-art-001345,spa,Llevar como palma ó llerva,,Ortega1888[61],ORT1888-cand-001345,ORTEGA1888-TEPIC-IA,65,61,3395,3396,Llevar como palma ó llerva. — Phini. Nete. Ateni. Nete.,em_dash,matched_headword,high,machine_accepted,direct_page_headword_match,machine_derived,true,false
ORT1888-art-001346,spa,Llorar,,Ortega1888[61],ORT1888-cand-001346,ORTEGA1888-TEPIC-IA,65,61,3397,3398,Llorar.— ^Vyeine. Nenyeine.,em_dash,matched_headword,high,machine_accepted,direct_page_headword_match,machine_derived,true,false
ORT1888-art-001347,spa,Lloro,,Ortega1888[61],ORT1888-cand-001347,ORTEGA1888-TEPIC-IA,65,61,3399,3400,Lloro. — Busca llanto.,em_dash,matched_headword,high,machine_accepted,direct_page_headword_match,machine_derived,true,false
ORT1888-art-001348,spa,Llover,,Ortega1888[61],ORT1888-cand-001348,ORTEGA1888-TEPIC-IA,65,61,3401,3402,Llover. — Viye.,em_dash,matched_headword,high,machine_accepted,direct_page_headword_match,machine_derived,true,false
ORT1888-art-001349,spa,Llover recio,,Ortega1888[61],ORT1888-cand-001349,ORTEGA1888-TEPIC-IA,65,61,3403,3404,Llover recio. — Eunvlúe.,em_dash,matched_headword,high,machine_accepted,direct_page_headword_match,machine_derived,true,false
ORT1888-art-001350,spa,Llover quedo,,Ortega1888[61],ORT1888-cand-001350,ORTEGA1888-TEPIC-IA,65,61,3405,3406,Llover quedo. — Mechéhvia.,em_dash,matched_headword,high,machine_accepted,direct_page_headword_match,machine_derived,true,false
ORT1888-art-001351,spa,Llover poco,,Ortega1888[61],ORT1888-cand-001351,ORTEGA1888-TEPIC-IA,65,61,3407,3408,Llover poco. — Metalizarte.,em_dash,matched_headword,high,machine_accepted,direct_page_headword_match,machine_derived,true,false
ORT1888-art-001352,spa,Llover mucho y quedo,,Ortega1888[61],ORT1888-cand-001352,ORTEGA1888-TEPIC-IA,65,61,3409,3410,Llover mucho y quedo. — Meciumuina..,em_dash,matched_headword,high,machine_accepted,direct_page_headword_match,machine_derived,true,false
ORT1888-art-001353,spa,Lluvia,,Ortega1888[61],ORT1888-cand-001353,ORTEGA1888-TEPIC-IA,65,61,3411,3416,Lluvia. — Viteri. | M.,em_dash,matched_headword,high,machine_accepted,direct_page_headword_match,machine_derived,true,false
ORT1888-art-001354,spa,"Mazamorra, vulgariter atole",,Ortega1888[61],ORT1888-cand-001354,ORTEGA1888-TEPIC-IA,65,61,3417,3418,"Mazamorra, vulgariter atole. — Púzteri.",em_dash,matched_headword,high,machine_accepted,direct_page_headword_match,machine_derived,true,false
ORT1888-art-001355,spa,Mazamorra agria ó azeda,,Ortega1888[61],ORT1888-cand-001355,ORTEGA1888-TEPIC-IA,65,61,3419,3420,Mazamorra agria ó azeda. — Tzinacatére.,em_dash,matched_headword,high,machine_accepted,direct_page_headword_match,machine_derived,true,false
ORT1888-art-001356,spa,Macho!,,Ortega1888[61],ORT1888-cand-001356,ORTEGA1888-TEPIC-IA,65,61,3421,3422,Macho!— %Teata. pl. Teteácare.,em_dash,matched_headword,high,machine_accepted,direct_page_headword_match,machine_derived,true,false
ORT1888-art-001357,spa,Mazorca de maiz antes que se cuaje el Grano,,Ortega1888[61],ORT1888-cand-001357,ORTEGA1888-TEPIC-IA,65,61,3423,3424,"Mazorca de maiz antes que se cuaje el Grano. — Zitati,",em_dash,matched_headword,high,machine_accepted,direct_page_headword_match,machine_derived,true,false
ORT1888-art-001358,spa,Mazorca de maiz seco,,Ortega1888[61],ORT1888-cand-001358,ORTEGA1888-TEPIC-IA,65,61,3425,3426,Mazorca de maiz seco. — Ykewriti.,em_dash,matched_headword,high,machine_accepted,direct_page_headword_match,machine_derived,true,false
ORT1888-art-001359,spa,"Mazorca, el corazón de ella ya desgranada",,Ortega1888[61],ORT1888-cand-001359,ORTEGA1888-TEPIC-IA,65,61,3427,3428,"Mazorca, el corazón de ella ya desgranada. — Oüxat.",em_dash,matched_headword,high,machine_accepted,direct_page_headword_match,machine_derived,true,false
ORT1888-art-001360,spa,Machucar,,Ortega1888[61],ORT1888-cand-001360,ORTEGA1888-TEPIC-IA,65,61,3429,3430,Machucar. — Toxa. Neti.,em_dash,matched_headword,high,machine_accepted,direct_page_headword_match,machine_derived,true,false
ORT1888-art-001361,spa,Madera y madero,,Ortega1888[61],ORT1888-cand-001361,ORTEGA1888-TEPIC-IA,65,61,3431,3432,Madera y madero. — Coi^ét.,em_dash,matched_headword,high,machine_accepted,direct_page_headword_match,machine_derived,true,false
ORT1888-art-001362,spa,Madrastra,,Ortega1888[61],ORT1888-cand-001362,ORTEGA1888-TEPIC-IA,65,61,3433,3434,Madrastra. — Titexahuári.,em_dash,matched_headword,high,machine_accepted,direct_page_headword_match,machine_derived,true,false
ORT1888-art-001363,spa,Madre,,Ortega1888[61],ORT1888-cand-001363,ORTEGA1888-TEPIC-IA,65,61,3435,3436,Madre. ^— Tité.,em_dash,matched_headword,high,machine_accepted,direct_page_headword_match,machine_derived,true,false
ORT1888-art-001364,spa,"Madre, do concibe la mujer",,Ortega1888[61],ORT1888-cand-001364,ORTEGA1888-TEPIC-IA,65,61,3437,3438,"Madre, do concibe la mujer. — Cápi.",em_dash,matched_headword,high,machine_accepted,direct_page_headword_match,machine_derived,true,false
ORT1888-art-001365,spa,Mad roño,,Ortega1888[61],ORT1888-cand-001365,ORTEGA1888-TEPIC-IA,65,61,3439,3440,Mad roño. — N Tucfái p u .,em_dash,matched_headword,high,machine_accepted,direct_page_headword_match,machine_derived,true,false
ORT1888-art-001366,spa,Madurarse la fruta,,Ortega1888[61],ORT1888-cand-001366,ORTEGA1888-TEPIC-IA,65,61,3441,3442,Madurarse la fruta. — Huacuázt.,em_dash,matched_headword,high,machine_accepted,direct_page_headword_match,machine_derived,true,false
ORT1888-art-001367,spa,Madurarse el encordio ó inchazon,,Ortega1888[61],ORT1888-cand-001367,ORTEGA1888-TEPIC-IA,65,61,3443,3448,Madurarse el encordio ó inchazon. — Abmueyemúe. | 62,em_dash,matched_headword,high,machine_accepted,direct_page_headword_match,machine_derived,true,false
ORT1888-art-001368,spa,Maguei,,Ortega1888[62],ORT1888-cand-001368,ORTEGA1888-TEPIC-IA,66,62,3449,3450,Maguei. — Yuchit.,em_dash,matched_headword,high,machine_accepted,direct_page_headword_match,machine_derived,true,false
ORT1888-art-001369,spa,Maiz,,Ortega1888[61],ORT1888-cand-001369,ORTEGA1888-TEPIC-IA,65,61,3451,3452,Maiz. — Yurit.,em_dash,matched_headword,high,machine_accepted,direct_page_headword_match,machine_derived,true,false
ORT1888-art-001370,spa,Maiz colorado,,Ortega1888[62],ORT1888-cand-001370,ORTEGA1888-TEPIC-IA,66,62,3453,3454,Maiz colorado. — Tapoühibi.,em_dash,matched_headword,high,machine_accepted,direct_page_headword_match,machine_derived,true,false
ORT1888-art-001371,spa,Maiz nesrro,,Ortega1888[62],ORT1888-cand-001371,ORTEGA1888-TEPIC-IA,66,62,3455,3456,Maiz nesrro. — T eh u a ray.,em_dash,matched_headword,high,machine_accepted,direct_page_headword_match,machine_derived,true,false
ORT1888-art-001372,spa,Maiz tremes,,Ortega1888[62],ORT1888-cand-001372,ORTEGA1888-TEPIC-IA,66,62,3457,3458,Maiz tremes. — Tzéyémé.,em_dash,matched_headword,high,machine_accepted,direct_page_headword_match,machine_derived,true,false
ORT1888-art-001373,spa,Maiz tostado,,Ortega1888[62],ORT1888-cand-001373,ORTEGA1888-TEPIC-IA,66,62,3459,3460,Maiz tostado. — Xaxeheri.,em_dash,matched_headword,high,machine_accepted,direct_page_headword_match,machine_derived,true,false
ORT1888-art-001374,spa,Mal ó mala cosa,,Ortega1888[62],ORT1888-cand-001374,ORTEGA1888-TEPIC-IA,66,62,3461,3462,Mal ó mala cosa.— vBusca fea. cosa,em_dash,matched_headword,high,machine_accepted,direct_page_headword_match,machine_derived,true,false
ORT1888-art-001375,spa,Maldecir,,Ortega1888[62],ORT1888-cand-001375,ORTEGA1888-TEPIC-IA,66,62,3463,3464,Maldecir.— Aaihta Neti.,em_dash,matched_headword,high,machine_accepted,direct_page_headword_match,machine_derived,true,false
ORT1888-art-001376,spa,Maldición,,Ortega1888[62],ORT1888-cand-001376,ORTEGA1888-TEPIC-IA,66,62,3465,3466,Maldición. — Aahitzi.,em_dash,matched_headword,high,machine_accepted,direct_page_headword_match,machine_derived,true,false
ORT1888-art-001377,spa,"Malo estar, r",,Ortega1888[62],ORT1888-cand-001377,ORTEGA1888-TEPIC-IA,66,62,3467,3468,"Malo estar, r— Busca enfermo estar.",em_dash,matched_headword,high,machine_accepted,direct_page_headword_match,machine_derived,true,false
ORT1888-art-001378,spa,Maltratar á otro de palabra,,Ortega1888[62],ORT1888-cand-001378,ORTEGA1888-TEPIC-IA,66,62,3469,3470,Maltratar á otro de palabra. — Texe,em_dash,matched_headword,high,machine_accepted,direct_page_headword_match,machine_derived,true,false
ORT1888-art-001379,spa,Maltratamiento tal,,Ortega1888[62],ORT1888-cand-001379,ORTEGA1888-TEPIC-IA,66,62,3471,3472,Maltratamiento tal. — Te«xcat.,em_dash,matched_headword,high,machine_accepted,direct_page_headword_match,machine_derived,true,false
ORT1888-art-001380,spa,Mamar,,Ortega1888[62],ORT1888-cand-001380,ORTEGA1888-TEPIC-IA,66,62,3473,3474,"Mamar, — Tzeé. Ne.",em_dash,matched_headword,high,machine_accepted,direct_page_headword_match,machine_derived,true,false
ORT1888-art-001381,spa,Manar agua,,Ortega1888[62],ORT1888-cand-001381,ORTEGA1888-TEPIC-IA,66,62,3475,3476,Manar agua. — Abmuéye.,em_dash,matched_headword,high,machine_accepted,direct_page_headword_match,machine_derived,true,false
ORT1888-art-001382,spa,Mancebo,,Ortega1888[62],ORT1888-cand-001382,ORTEGA1888-TEPIC-IA,66,62,3477,3478,Mancebo. — TWmiuaeztaé. Teámuai i.,em_dash,matched_headword,high,machine_accepted,direct_page_headword_match,machine_derived,true,false
ORT1888-art-001383,spa,Mancornar bestias,,Ortega1888[62],ORT1888-cand-001383,ORTEGA1888-TEPIC-IA,66,62,3479,3484,"Mancornar bestias.^— Teantálieca. Neti. | Manceba de hombre, v mancebo de | Neti.",em_dash,matched_headword,high,machine_accepted,direct_page_headword_match,machine_derived,true,false
ORT1888-art-001384,spa,Manchar algo,,Ortega1888[62],ORT1888-cand-001384,ORTEGA1888-TEPIC-IA,66,62,3499,3499,"Manchar algo, ^-unuamare.",hyphen_variant,matched_headword,medium,machine_accepted,direct_page_headword_match,machine_derived,true,false
ORT1888-art-001385,spa,Mandar á otro inferior,,Ortega1888[62],ORT1888-cand-001385,ORTEGA1888-TEPIC-IA,66,62,3500,3505,Mandar á otro inferior. — Aihte | Neti. | Neti.,em_dash,matched_headword,high,machine_accepted,direct_page_headword_match,machine_derived,true,false
ORT1888-art-001386,spa,Mandamiento así,,Ortega1888[62],ORT1888-cand-001386,ORTEGA1888-TEPIC-IA,66,62,3507,3507,Mandamiento así.— sTxateat.,em_dash,matched_headword,high,machine_accepted,direct_page_headword_match,machine_derived,true,false
ORT1888-art-001387,spa,Mancar bestias,,Ortega1888[62],ORT1888-cand-001387,ORTEGA1888-TEPIC-IA,66,62,3508,3508,Mancar bestias. — Amuáheca. Nete.,em_dash,matched_headword,high,machine_accepted,direct_page_headword_match,machine_derived,true,false
ORT1888-art-001388,spa,Manjar generalmente,,Ortega1888[62],ORT1888-cand-001388,ORTEGA1888-TEPIC-IA,66,62,3509,3509,Manjar generalmente. — Quahti.,em_dash,matched_headword,high,machine_accepted,direct_page_headword_match,machine_derived,true,false
ORT1888-art-001389,spa,Mano derecha,,Ortega1888[62],ORT1888-cand-001389,ORTEGA1888-TEPIC-IA,66,62,3510,3510,Mano derecha. — Vrite.,em_dash,matched_headword,high,machine_accepted,direct_page_headword_match,machine_derived,true,false
ORT1888-art-001390,spa,Mano izquierda,,Ortega1888[62],ORT1888-cand-001390,ORTEGA1888-TEPIC-IA,66,62,3511,3511,Mano izquierda. — Busca izquierda mano.,em_dash,matched_headword,high,machine_accepted,direct_page_headword_match,machine_derived,true,false
ORT1888-art-001391,spa,Mano generalmente,,Ortega1888[62],ORT1888-cand-001391,ORTEGA1888-TEPIC-IA,66,62,3512,3512,Mano generalmente. — Moamati.,em_dash,matched_headword,high,machine_accepted,direct_page_headword_match,machine_derived,true,false
ORT1888-art-001392,spa,Manojo de flores etc,,Ortega1888[62],ORT1888-cand-001392,ORTEGA1888-TEPIC-IA,66,62,3513,3513,Manojo de flores etc.^— H^wkcá,em_dash,matched_headword,high,machine_accepted,direct_page_headword_match,machine_derived,true,false
ORT1888-art-001393,spa,Manojo como el de tabaco,,Ortega1888[62],ORT1888-cand-001393,ORTEGA1888-TEPIC-IA,66,62,3514,3514,Manojo como el de tabaco. — Hiria.,em_dash,matched_headword,high,machine_accepted,direct_page_headword_match,machine_derived,true,false
ORT1888-art-001394,spa,"Mansa cosa, no brava",,Ortega1888[62],ORT1888-cand-001394,ORTEGA1888-TEPIC-IA,66,62,3515,3515,"Mansa cosa, no brava. — Muacáme.",em_dash,matched_headword,high,machine_accepted,direct_page_headword_match,machine_derived,true,false
ORT1888-art-001395,spa,Manta,,Ortega1888[62],ORT1888-cand-001395,ORTEGA1888-TEPIC-IA,66,62,3516,3517,Manta. — Taziti.,em_dash,matched_headword,high,machine_accepted,direct_page_headword_match,machine_derived,true,false
ORT1888-art-001396,spa,Manteca sin derretir; grosura,,Ortega1888[62],ORT1888-cand-001396,ORTEGA1888-TEPIC-IA,66,62,3518,3518,Manteca sin derretir; grosura. — Tezehut.,em_dash,matched_headword,high,machine_accepted,direct_page_headword_match,machine_derived,true,false
ORT1888-art-001397,spa,Manter á otro,,Ortega1888[62],ORT1888-cand-001397,ORTEGA1888-TEPIC-IA,66,62,3519,3524,Manter á otro. — Atacare. Neti. | W&¿*J&1&*,em_dash,matched_headword,high,machine_accepted,direct_page_headword_match,machine_derived,true,false
ORT1888-art-001398,spa,Mar,,Ortega1888[63],ORT1888-cand-001398,ORTEGA1888-TEPIC-IA,67,63,3528,3529,Mar. — Vaac.,em_dash,matched_headword,high,machine_accepted,direct_page_headword_match,machine_derived,true,false
ORT1888-art-001399,spa,Marcar,,Ortega1888[63],ORT1888-cand-001399,ORTEGA1888-TEPIC-IA,67,63,3530,3531,Marcar. — -Huaoiterit. Netihuanitérit.,em_dash,matched_headword,high,machine_accepted,direct_page_headword_match,machine_derived,true,false
ORT1888-art-001400,spa,Marchitarse,,Ortega1888[63],ORT1888-cand-001400,ORTEGA1888-TEPIC-IA,67,63,3532,3533,Marchitarse. — Huateáheui.,em_dash,matched_headword,high,machine_accepted,direct_page_headword_match,machine_derived,true,false
ORT1888-art-001401,spa,Margen del rio,,Ortega1888[63],ORT1888-cand-001401,ORTEGA1888-TEPIC-IA,67,63,3534,3535,Margen del rio- — Busca orilla.,em_dash,matched_headword,high,machine_accepted,direct_page_headword_match,machine_derived,true,false
ORT1888-art-001402,spa,Marido,,Ortega1888[63],ORT1888-cand-001402,ORTEGA1888-TEPIC-IA,67,63,3536,3537,Marido. — Tiquénna.,em_dash,matched_headword,high,machine_accepted,direct_page_headword_match,machine_derived,true,false
ORT1888-art-001403,spa,Mariposa,,Ortega1888[63],ORT1888-cand-001403,ORTEGA1888-TEPIC-IA,67,63,3538,3539,Mariposa. — Atzipoazt. pl. Atzipazi.,em_dash,matched_headword,high,machine_accepted,direct_page_headword_match,machine_derived,true,false
ORT1888-art-001404,spa,Martajar,,Ortega1888[63],ORT1888-cand-001404,ORTEGA1888-TEPIC-IA,67,63,3540,3541,Martajar. — Busca machucar.,em_dash,matched_headword,high,machine_accepted,direct_page_headword_match,machine_derived,true,false
ORT1888-art-001405,spa,Mas para continuar,,Ortega1888[63],ORT1888-cand-001405,ORTEGA1888-TEPIC-IA,67,63,3542,3543,Mas para continuar. — Eitze.,em_dash,matched_headword,high,machine_accepted,direct_page_headword_match,machine_derived,true,false
ORT1888-art-001406,spa,Mascar,,Ortega1888[63],ORT1888-cand-001406,ORTEGA1888-TEPIC-IA,67,63,3544,3545,Mascar — Hücua. Nete.,em_dash,matched_headword,high,machine_accepted,direct_page_headword_match,machine_derived,true,false
ORT1888-art-001407,spa,"Masparillo, especie de mizcal",,Ortega1888[63],ORT1888-cand-001407,ORTEGA1888-TEPIC-IA,67,63,3546,3547,"Masparillo, especie de mizcal. — Xahpoari.",em_dash,matched_headword,high,machine_accepted,direct_page_headword_match,machine_derived,true,false
ORT1888-art-001408,spa,Massa,,Ortega1888[63],ORT1888-cand-001408,ORTEGA1888-TEPIC-IA,67,63,3548,3549,Massa. — Quaihtzit. Moat^zit.,em_dash,matched_headword,high,machine_accepted,direct_page_headword_match,machine_derived,true,false
ORT1888-art-001409,spa,Mata ó pié de cualquier yerba,,Ortega1888[63],ORT1888-cand-001409,ORTEGA1888-TEPIC-IA,67,63,3550,3551,Mata ó pié de cualquier yerba. — Yabtabé.,em_dash,matched_headword,high,machine_accepted,direct_page_headword_match,machine_derived,true,false
ORT1888-art-001410,spa,Matar á otro,,Ortega1888[63],ORT1888-cand-001410,ORTEGA1888-TEPIC-IA,67,63,3552,3553,Matar á otro. — Mee. Ñeti. Heicat. Neti.,em_dash,matched_headword,high,machine_accepted,direct_page_headword_match,machine_derived,true,false
ORT1888-art-001411,spa,Matador,,Ortega1888[63],ORT1888-cand-001411,ORTEGA1888-TEPIC-IA,67,63,3554,3555,Matador. — Temacaróme. pl. tzi.,em_dash,matched_headword,high,machine_accepted,direct_page_headword_match,machine_derived,true,false
ORT1888-art-001412,spa,Mascar el freno el Caballo,,Ortega1888[63],ORT1888-cand-001412,ORTEGA1888-TEPIC-IA,67,63,3556,3557,Mascar el freno el Caballo. — Teúkéme.,em_dash,matched_headword,high,machine_accepted,direct_page_headword_match,machine_derived,true,false
ORT1888-art-001413,spa,Matarse la Bestia,,Ortega1888[63],ORT1888-cand-001413,ORTEGA1888-TEPIC-IA,67,63,3558,3559,"Matarse la Bestia. — Atatzá,",em_dash,matched_headword,high,machine_accepted,direct_page_headword_match,machine_derived,true,false
ORT1888-art-001414,spa,"Materia, podre",,Ortega1888[63],ORT1888-cand-001414,ORTEGA1888-TEPIC-IA,67,63,3560,3561,"Materia, podre. — Móárit.",em_dash,matched_headword,high,machine_accepted,direct_page_headword_match,machine_derived,true,false
ORT1888-art-001415,spa,Mecer el niño en la cuna,,Ortega1888[63],ORT1888-cand-001415,ORTEGA1888-TEPIC-IA,67,63,3562,3563,Mecer el niño en la cuna. — Antaüre. Nete.,em_dash,matched_headword,high,machine_accepted,direct_page_headword_match,machine_derived,true,false
ORT1888-art-001416,spa,"Media cosa, la mitad",,Ortega1888[63],ORT1888-cand-001416,ORTEGA1888-TEPIC-IA,67,63,3564,3565,"Media cosa, la mitad.— Aéita.",em_dash,matched_headword,high,machine_accepted,direct_page_headword_match,machine_derived,true,false
ORT1888-art-001417,spa,Medio dia. ado,,Ortega1888[63],ORT1888-cand-001417,ORTEGA1888-TEPIC-IA,67,63,3566,3567,Medio dia. ado. — Tahapoatacaco,em_dash,matched_headword,high,machine_accepted,direct_page_headword_match,machine_derived,true,false
ORT1888-art-001418,spa,Medicina 6 medicamento,,Ortega1888[63],ORT1888-cand-001418,ORTEGA1888-TEPIC-IA,67,63,3568,3569,Medicina 6 medicamento. — H^/atari,em_dash,matched_headword,high,machine_accepted,direct_page_headword_match,machine_derived,true,false
ORT1888-art-001419,spa,Medida cualquiera,,Ortega1888[63],ORT1888-cand-001419,ORTEGA1888-TEPIC-IA,67,63,3570,3571,Medida cualquiera. — Yterit.,em_dash,matched_headword,high,machine_accepted,direct_page_headword_match,machine_derived,true,false
ORT1888-art-001420,spa,Medir generalmente,,Ortega1888[63],ORT1888-cand-001420,ORTEGA1888-TEPIC-IA,67,63,3572,3573,Medir generalmente. — Thte. Neti.,em_dash,matched_headword,high,machine_accepted,direct_page_headword_match,machine_derived,true,false
ORT1888-art-001421,spa,Melon,,Ortega1888[63],ORT1888-cand-001421,ORTEGA1888-TEPIC-IA,67,63,3574,3575,Melon. — Moronez.,em_dash,matched_headword,high,machine_accepted,direct_page_headword_match,machine_derived,true,false
ORT1888-art-001422,spa,Mellai- el cuchillo,,Ortega1888[63],ORT1888-cand-001422,ORTEGA1888-TEPIC-IA,67,63,3576,3577,Mellai- el cuchillo. — Teáhtapoa Nete.,em_dash,matched_headword,high,machine_accepted,direct_page_headword_match,machine_derived,true,false
ORT1888-art-001423,spa,Memoria,,Ortega1888[63],ORT1888-cand-001423,ORTEGA1888-TEPIC-IA,67,63,3578,3579,Memoria. — Muarereat.,em_dash,matched_headword,high,machine_accepted,direct_page_headword_match,machine_derived,true,false
ORT1888-art-001424,spa,Menear algo,,Ortega1888[63],ORT1888-cand-001424,ORTEGA1888-TEPIC-IA,67,63,3580,3581,Menear algo.— Taúre. Nete.,em_dash,matched_headword,high,machine_accepted,direct_page_headword_match,machine_derived,true,false
ORT1888-art-001425,spa,Menear los párpados,,Ortega1888[63],ORT1888-cand-001425,ORTEGA1888-TEPIC-IA,67,63,3582,3583,Menear los párpados. — Aceákeve.,em_dash,matched_headword,high,machine_accepted,direct_page_headword_match,machine_derived,true,false
ORT1888-art-001426,spa,Menear los labios,,Ortega1888[63],ORT1888-cand-001426,ORTEGA1888-TEPIC-IA,67,63,3584,3585,Menear los labios. — Ténive. Ne.,em_dash,matched_headword,high,machine_accepted,direct_page_headword_match,machine_derived,true,false
ORT1888-art-001427,spa,Menear la cabeza,,Ortega1888[63],ORT1888-cand-001427,ORTEGA1888-TEPIC-IA,67,63,3586,3587,Menear la cabeza. — Muve. Ne.,em_dash,matched_headword,high,machine_accepted,direct_page_headword_match,machine_derived,true,false
ORT1888-art-001428,spa,Menester ser,,Ortega1888[63],ORT1888-cand-001428,ORTEGA1888-TEPIC-IA,67,63,3588,3589,Menester ser.— NVxéve,em_dash,matched_headword,high,machine_accepted,direct_page_headword_match,machine_derived,true,false
ORT1888-art-001429,spa,Mencionar,,Ortega1888[63],ORT1888-cand-001429,ORTEGA1888-TEPIC-IA,67,63,3590,3595,Mencionar.— ^Xahta. Neti. | JEifffES,em_dash,matched_headword,high,machine_accepted,direct_page_headword_match,machine_derived,true,false
ORT1888-art-001430,spa,Mentir,,Ortega1888[64],ORT1888-cand-001430,ORTEGA1888-TEPIC-IA,68,64,3614,3614,Mentir. — Huaátn,em_dash,matched_headword,high,machine_accepted,direct_page_headword_match,machine_derived,true,false
ORT1888-art-001431,spa,Mentira,,Ortega1888[64],ORT1888-cand-001431,ORTEGA1888-TEPIC-IA,68,64,3615,3615,Mentira. — Huátzit.,em_dash,matched_headword,high,machine_accepted,direct_page_headword_match,machine_derived,true,false
ORT1888-art-001432,spa,Mentiroso,,Ortega1888[64],ORT1888-cand-001432,ORTEGA1888-TEPIC-IA,68,64,3616,3616,Mentiroso. — Tehuacitáme,em_dash,matched_headword,high,machine_accepted,direct_page_headword_match,machine_derived,true,false
ORT1888-art-001433,spa,Mercar,,Ortega1888[64],ORT1888-cand-001433,ORTEGA1888-TEPIC-IA,68,64,3617,3617,Mercar. — Nana. Neti.,em_dash,matched_headword,high,machine_accepted,direct_page_headword_match,machine_derived,true,false
ORT1888-art-001434,spa,Mercaduria,,Ortega1888[64],ORT1888-cand-001434,ORTEGA1888-TEPIC-IA,68,64,3618,3618,Mercaduria. — Nanaéerit.,em_dash,matched_headword,high,machine_accepted,direct_page_headword_match,machine_derived,true,false
ORT1888-art-001435,spa,Mercador,,Ortega1888[64],ORT1888-cand-001435,ORTEGA1888-TEPIC-IA,68,64,3619,3619,Mercador. — Titoáme. pl. tzi.,em_dash,matched_headword,high,machine_accepted,direct_page_headword_match,machine_derived,true,false
ORT1888-art-001436,spa,Mercado aver,,Ortega1888[64],ORT1888-cand-001436,ORTEGA1888-TEPIC-IA,68,64,3620,3620,Mercado aver. — Tuihua.,em_dash,matched_headword,high,machine_accepted,direct_page_headword_match,machine_derived,true,false
ORT1888-art-001437,spa,"Mercenario, correo",,Ortega1888[64],ORT1888-cand-001437,ORTEGA1888-TEPIC-IA,68,64,3621,3621,"Mercenario, correo. — Ytneií.",em_dash,matched_headword,high,machine_accepted,direct_page_headword_match,machine_derived,true,false
ORT1888-art-001438,spa,Merecer,,Ortega1888[64],ORT1888-cand-001438,ORTEGA1888-TEPIC-IA,68,64,3622,3622,Merecer. — Nuaite Neteu.,em_dash,matched_headword,high,machine_accepted,direct_page_headword_match,machine_derived,true,false
ORT1888-art-001439,spa,Mermar la cosa,,Ortega1888[64],ORT1888-cand-001439,ORTEGA1888-TEPIC-IA,68,64,3623,3623,Mermar la cosa. — Aubet.,em_dash,matched_headword,high,machine_accepted,direct_page_headword_match,machine_derived,true,false
ORT1888-art-001440,spa,Mes,,Ortega1888[64],ORT1888-cand-001440,ORTEGA1888-TEPIC-IA,68,64,3624,3625,Mes. — Matzakere,em_dash,matched_headword,high,machine_accepted,direct_page_headword_match,machine_derived,true,false
ORT1888-art-001441,spa,Messar la barba,,Ortega1888[64],ORT1888-cand-001441,ORTEGA1888-TEPIC-IA,68,64,3626,3626,Messar la barba— ^ncutñéhri. Nete.,em_dash,matched_headword,high,machine_accepted,direct_page_headword_match,machine_derived,true,false
ORT1888-art-001442,spa,Messarlos cabellos,,Ortega1888[64],ORT1888-cand-001442,ORTEGA1888-TEPIC-IA,68,64,3627,3627,Messarlos cabellos.— Ciípi. Neteu.,em_dash,matched_headword,high,machine_accepted,direct_page_headword_match,machine_derived,true,false
ORT1888-art-001443,spa,"Mestruo, baxarle á la mujer",,Ortega1888[64],ORT1888-cand-001443,ORTEGA1888-TEPIC-IA,68,64,3628,3628,"Mestruo, baxarle á la mujer.- Areuze",hyphen_variant,matched_headword,medium,machine_accepted,direct_page_headword_match,machine_derived,true,false
ORT1888-art-001444,spa,Metal,,Ortega1888[64],ORT1888-cand-001444,ORTEGA1888-TEPIC-IA,68,64,3629,3632,Metal.— Tepüzti. | Meter en el aposento ó en el corra | Nete.,em_dash,matched_headword,high,machine_accepted,direct_page_headword_match,machine_derived,true,false
ORT1888-art-001445,spa,Meter como en la caja,,Ortega1888[64],ORT1888-cand-001445,ORTEGA1888-TEPIC-IA,68,64,3633,3633,"Meter como en la caja, — Teauhteahua.",em_dash,matched_headword,high,machine_accepted,direct_page_headword_match,machine_derived,true,false
ORT1888-art-001446,spa,Meter en la bolsa,,Ortega1888[64],ORT1888-cand-001446,ORTEGA1888-TEPIC-IA,68,64,3634,3634,Meter en la bolsa. — Aücauteahua. Nete.,em_dash,matched_headword,high,machine_accepted,direct_page_headword_match,machine_derived,true,false
ORT1888-art-001447,spa,Meter como el hilo en la aguja,,Ortega1888[64],ORT1888-cand-001447,ORTEGA1888-TEPIC-IA,68,64,3635,3635,Meter como el hilo en la aguja. — Anauhteahua. Neti,em_dash,matched_headword,high,machine_accepted,direct_page_headword_match,machine_derived,true,false
ORT1888-art-001448,spa,Mexilla de la cara,,Ortega1888[64],ORT1888-cand-001448,ORTEGA1888-TEPIC-IA,68,64,3636,3636,Mexilla de la cara.-^Vpezit.,hyphen_variant,matched_headword,medium,machine_accepted,direct_page_headword_match,machine_derived,true,false
ORT1888-art-001449,spa,Mezquino,,Ortega1888[64],ORT1888-cand-001449,ORTEGA1888-TEPIC-IA,68,64,3637,3637,Mezquino. — Timuahehe. pl,em_dash,matched_headword,high,machine_accepted,direct_page_headword_match,machine_derived,true,false
ORT1888-art-001450,spa,Miedo,,Ortega1888[64],ORT1888-cand-001450,ORTEGA1888-TEPIC-IA,68,64,3638,3638,"Miedo. ,— Tz^f/neat.",em_dash,matched_headword,high,machine_accepted,direct_page_headword_match,machine_derived,true,false
ORT1888-art-001451,spa,"Miedoso, r",,Ortega1888[64],ORT1888-cand-001451,ORTEGA1888-TEPIC-IA,68,64,3639,3639,"Miedoso, r- Titzeune",hyphen_variant,matched_headword,medium,machine_accepted,direct_page_headword_match,machine_derived,true,false
ORT1888-art-001452,spa,Miedo tener,,Ortega1888[64],ORT1888-cand-001452,ORTEGA1888-TEPIC-IA,68,64,3640,3640,Miedo tener. — NTzeuni. Neti.,em_dash,matched_headword,high,machine_accepted,direct_page_headword_match,machine_derived,true,false
ORT1888-art-001453,spa,Miel de abejas,,Ortega1888[64],ORT1888-cand-001453,ORTEGA1888-TEPIC-IA,68,64,3641,3641,Miel de abejas. — Zearati. &.,em_dash,matched_headword,high,machine_accepted,direct_page_headword_match,machine_derived,true,false
ORT1888-art-001454,spa,Miel hacer las abejas,,Ortega1888[64],ORT1888-cand-001454,ORTEGA1888-TEPIC-IA,68,64,3642,3642,Miel hacer las abejas. — Matahua,em_dash,matched_headword,high,machine_accepted,direct_page_headword_match,machine_derived,true,false
ORT1888-art-001455,spa,Miembro del hombre,,Ortega1888[64],ORT1888-cand-001455,ORTEGA1888-TEPIC-IA,68,64,3643,3643,Miembro del hombre. — Cainit.,em_dash,matched_headword,high,machine_accepted,direct_page_headword_match,machine_derived,true,false
ORT1888-art-001456,spa,Mierda,,Ortega1888[64],ORT1888-cand-001456,ORTEGA1888-TEPIC-IA,68,64,3644,3648,Mierda. — Chuitáti. | Ne.,em_dash,matched_headword,high,machine_accepted,direct_page_headword_match,machine_derived,true,false
ORT1888-art-001458,spa,Mina,,Ortega1888[65],ORT1888-cand-001458,ORTEGA1888-TEPIC-IA,69,65,3665,3666,Mina.— Tecüzco.,em_dash,matched_headword,high,machine_accepted,direct_page_headword_match,machine_derived,true,false
ORT1888-art-001459,spa,Mirar,,Ortega1888[65],ORT1888-cand-001459,ORTEGA1888-TEPIC-IA,69,65,3667,3668,"Mirar.— Celia, Neti.",em_dash,matched_headword,high,machine_accepted,direct_page_headword_match,machine_derived,true,false
ORT1888-art-001460,spa,Mitad de alguna cosa,,Ortega1888[65],ORT1888-cand-001460,ORTEGA1888-TEPIC-IA,69,65,3669,3672,Mitad de alguna cosa. — -Busca medite | Mirar saliendo de lo oscuro^Mápunéri. Manimeri.,em_dash,matched_headword,high,machine_accepted,direct_page_headword_match,machine_derived,true,false
ORT1888-art-001461,spa,Moco de nai ices,,Ortega1888[65],ORT1888-cand-001461,ORTEGA1888-TEPIC-IA,69,65,3673,3674,"Moco de nai ices. — -Tzumet,",em_dash,matched_headword,high,machine_accepted,direct_page_headword_match,machine_derived,true,false
ORT1888-art-001462,spa,Mozo de edad,,Ortega1888[65],ORT1888-cand-001462,ORTEGA1888-TEPIC-IA,69,65,3675,3676,Mozo de edad.- — Busca mancebo.,em_dash,matched_headword,high,machine_accepted,direct_page_headword_match,machine_derived,true,false
ORT1888-art-001463,spa,"Mofar, escarnecer",,Ortega1888[65],ORT1888-cand-001463,ORTEGA1888-TEPIC-IA,69,65,3677,3678,"Mofar, escarnecer. — Busca menos preciar.",em_dash,matched_headword,high,machine_accepted,direct_page_headword_match,machine_derived,true,false
ORT1888-art-001464,spa,Molió como de pan,,Ortega1888[65],ORT1888-cand-001464,ORTEGA1888-TEPIC-IA,69,65,3679,3680,Molió como de pan. — Múcuare.,em_dash,matched_headword,high,machine_accepted,direct_page_headword_match,machine_derived,true,false
ORT1888-art-001465,spa,Moho (-orno de hierro,,Ortega1888[65],ORT1888-cand-001465,ORTEGA1888-TEPIC-IA,69,65,3681,3682,Moho (-orno de hierro. — Vehiiifcamoa.,em_dash,matched_headword,high,machine_accepted,direct_page_headword_match,machine_derived,true,false
ORT1888-art-001466,spa,Mojarse,,Ortega1888[65],ORT1888-cand-001466,ORTEGA1888-TEPIC-IA,69,65,3683,3684,"Mojarse. — Habé. Ne,",em_dash,matched_headword,high,machine_accepted,direct_page_headword_match,machine_derived,true,false
ORT1888-art-001467,spa,Mojarse cayendo en el agua,,Ortega1888[65],ORT1888-cand-001467,ORTEGA1888-TEPIC-IA,69,65,3685,3687,Mojarse cayendo en el agua.— sHuapaznaca. Napaz- | n acá,em_dash,matched_headword,high,machine_accepted,direct_page_headword_match,machine_derived,true,false
ORT1888-art-001468,spa,Moler,,Ortega1888[65],ORT1888-cand-001468,ORTEGA1888-TEPIC-IA,69,65,3688,3688,Moler — A.te.uxe. Nete.,em_dash,matched_headword,high,machine_accepted,direct_page_headword_match,machine_derived,true,false
ORT1888-art-001469,spa,Moledor de niaiz,,Ortega1888[65],ORT1888-cand-001469,ORTEGA1888-TEPIC-IA,69,65,3689,3690,"Moledor de niaiz. — Muatati. | Molendero, el que muele. = lVw/it.",em_dash,matched_headword,high,machine_accepted,direct_page_headword_match,machine_derived,true,false
ORT1888-art-001470,spa,"Mondar algo como habas, papas, &",,Ortega1888[65],ORT1888-cand-001470,ORTEGA1888-TEPIC-IA,69,65,3691,3691,"Mondar algo como habas, papas, &. -Hatzúpé. Neti.",hyphen_variant,matched_headword,medium,machine_accepted,direct_page_headword_match,machine_derived,true,false
ORT1888-art-001471,spa,Monte,,Ortega1888[65],ORT1888-cand-001471,ORTEGA1888-TEPIC-IA,69,65,3692,3692,Monte. — Óeotzahtá. Muutzita.,em_dash,matched_headword,high,machine_accepted,direct_page_headword_match,machine_derived,true,false
ORT1888-art-001472,spa,Montear,,Ortega1888[65],ORT1888-cand-001472,ORTEGA1888-TEPIC-IA,69,65,3693,3693,Montear. — Busca casar.,em_dash,matched_headword,high,machine_accepted,direct_page_headword_match,machine_derived,true,false
ORT1888-art-001473,spa,Morar,,Ortega1888[65],ORT1888-cand-001473,ORTEGA1888-TEPIC-IA,69,65,3694,3695,"Morar.— Che, Ne.",em_dash,matched_headword,high,machine_accepted,direct_page_headword_match,machine_derived,true,false
ORT1888-art-001474,spa,"Morciélago, ave nocturna",,Ortega1888[65],ORT1888-cand-001474,ORTEGA1888-TEPIC-IA,69,65,3696,3696,"Morciélago, ave nocturna, — Atzizt. pl. Atzizzi.",em_dash,matched_headword,high,machine_accepted,direct_page_headword_match,machine_derived,true,false
ORT1888-art-001475,spa,Morado color,,Ortega1888[65],ORT1888-cand-001475,ORTEGA1888-TEPIC-IA,69,65,3697,3697,Morado color. — Forceara.,em_dash,matched_headword,high,machine_accepted,direct_page_headword_match,machine_derived,true,false
ORT1888-art-001476,spa,Morder,,Ortega1888[65],ORT1888-cand-001476,ORTEGA1888-TEPIC-IA,69,65,3698,3698,Morder. — Che Neteu.,em_dash,matched_headword,high,machine_accepted,direct_page_headword_match,machine_derived,true,false
ORT1888-art-001477,spa,Mordedura,,Ortega1888[65],ORT1888-cand-001477,ORTEGA1888-TEPIC-IA,69,65,3699,3699,"Mordedura,— Cheat",em_dash,matched_headword,high,machine_accepted,direct_page_headword_match,machine_derived,true,false
ORT1888-art-001478,spa,Morir,,Ortega1888[65],ORT1888-cand-001478,ORTEGA1888-TEPIC-IA,69,65,3700,3700,Morir.- -Mneké. Ne.,hyphen_variant,matched_headword,medium,machine_accepted,direct_page_headword_match,machine_derived,true,false
ORT1888-art-001479,spa,Morirse de frió,,Ortega1888[65],ORT1888-cand-001479,ORTEGA1888-TEPIC-IA,69,65,3701,3701,Morirse de frió.— N Busca frió tener.,em_dash,matched_headword,high,machine_accepted,direct_page_headword_match,machine_derived,true,false
ORT1888-art-001480,spa,Mosca,,Ortega1888[65],ORT1888-cand-001480,ORTEGA1888-TEPIC-IA,69,65,3702,3703,Mosca. — X.HCU. pl. ri.,em_dash,matched_headword,high,machine_accepted,direct_page_headword_match,machine_derived,true,false
ORT1888-art-001481,spa,Mosquito qne llaman gegen,,Ortega1888[65],ORT1888-cand-001481,ORTEGA1888-TEPIC-IA,69,65,3704,3704,Mosquito qne llaman gegen. — Zéte. pl. Zetzé.,em_dash,matched_headword,high,machine_accepted,direct_page_headword_match,machine_derived,true,false
ORT1888-art-001482,spa,"Mosquito, otro que hace ruido",,Ortega1888[65],ORT1888-cand-001482,ORTEGA1888-TEPIC-IA,69,65,3705,3705,"Mosquito, otro que hace ruido-. — Húna, pl. ri.",em_dash,matched_headword,high,machine_accepted,direct_page_headword_match,machine_derived,true,false
ORT1888-art-001483,spa,"Mosquito, otro (pie se mete en los ojos",,Ortega1888[65],ORT1888-cand-001483,ORTEGA1888-TEPIC-IA,69,65,3706,3708,"Mosquito, otro (pie se mete en los ojos.— Nexc?/meti. pl. | Netzcwmetzi.",em_dash,matched_headword,high,machine_accepted,direct_page_headword_match,machine_derived,true,false
ORT1888-art-001484,spa,"Mosquito, otro",,Ortega1888[65],ORT1888-cand-001484,ORTEGA1888-TEPIC-IA,69,65,3709,3714,"Mosquito, otro.,— Ceanai. pl. tzí. | M",em_dash,matched_headword,high,machine_accepted,direct_page_headword_match,machine_derived,true,false
ORT1888-art-001485,spa,Mostrar algo con el dedo,,Ortega1888[66],ORT1888-cand-001485,ORTEGA1888-TEPIC-IA,70,66,3724,3725,"Mostrar algo con el dedo.,— Busca apuntan",em_dash,matched_headword,high,machine_accepted,direct_page_headword_match,machine_derived,true,false
ORT1888-art-001486,spa,"Moverse, menearse",,Ortega1888[66],ORT1888-cand-001486,ORTEGA1888-TEPIC-IA,70,66,3726,3727,"Moverse, menearse.— > Hüa. Ne.",em_dash,matched_headword,high,machine_accepted,direct_page_headword_match,machine_derived,true,false
ORT1888-art-001487,spa,Muchas veces,,Ortega1888[66],ORT1888-cand-001487,ORTEGA1888-TEPIC-IA,70,66,3728,3729,Muchas veces. — N M'ui xo.,em_dash,matched_headword,high,machine_accepted,direct_page_headword_match,machine_derived,true,false
ORT1888-art-001488,spa,Mucho,,Ortega1888[66],ORT1888-cand-001488,ORTEGA1888-TEPIC-IA,70,66,3730,3731,Mucho.— Mu ü.,em_dash,matched_headword,high,machine_accepted,direct_page_headword_match,machine_derived,true,false
ORT1888-art-001489,spa,Muchacho,,Ortega1888[66],ORT1888-cand-001489,ORTEGA1888-TEPIC-IA,70,66,3732,3733,Muchacho. — Párezt. pi. 'íeuvitze.,em_dash,matched_headword,high,machine_accepted,direct_page_headword_match,machine_derived,true,false
ORT1888-art-001490,spa,Mudar los dientes,,Ortega1888[66],ORT1888-cand-001490,ORTEGA1888-TEPIC-IA,70,66,3734,3735,Mudar los dientes. — Tametzé. Né.,em_dash,matched_headword,high,machine_accepted,direct_page_headword_match,machine_derived,true,false
ORT1888-art-001491,spa,Mudar poniendo una cosa en -lugar de otra,,Ortega1888[66],ORT1888-cand-001491,ORTEGA1888-TEPIC-IA,70,66,3736,3738,Mudar poniendo una cosa en -lugar de otra — Poatát: | Neti.,em_dash,matched_headword,high,machine_accepted,direct_page_headword_match,machine_derived,true,false
ORT1888-art-001492,spa,Mudo,,Ortega1888[66],ORT1888-cand-001492,ORTEGA1888-TEPIC-IA,70,66,3739,3739,Mudo. — Capuatanéube.,em_dash,matched_headword,high,machine_accepted,direct_page_headword_match,machine_derived,true,false
ORT1888-art-001493,spa,Muela,,Ortega1888[66],ORT1888-cand-001493,ORTEGA1888-TEPIC-IA,70,66,3740,3740,Muela. — Taméti.,em_dash,matched_headword,high,machine_accepted,direct_page_headword_match,machine_derived,true,false
ORT1888-art-001494,spa,Muerte,,Ortega1888[66],ORT1888-cand-001494,ORTEGA1888-TEPIC-IA,70,66,3741,3742,Muerte — Muéat.,em_dash,matched_headword,high,machine_accepted,direct_page_headword_match,machine_derived,true,false
ORT1888-art-001495,spa,Muerto por enfermedad,,Ortega1888[66],ORT1888-cand-001495,ORTEGA1888-TEPIC-IA,70,66,3743,3743,Muerto por enfermedad. — Muechit. pl. eri.,em_dash,matched_headword,high,machine_accepted,direct_page_headword_match,machine_derived,true,false
ORT1888-art-001496,spa,Muerto porque ye mató o lo mataron,,Ortega1888[66],ORT1888-cand-001496,ORTEGA1888-TEPIC-IA,70,66,3744,3746,"Muerto porque ye mató o lo mataron., — Merit. p | tzi.",em_dash,matched_headword,high,machine_accepted,direct_page_headword_match,machine_derived,true,false
ORT1888-art-001497,spa,Muger,,Ortega1888[66],ORT1888-cand-001497,ORTEGA1888-TEPIC-IA,70,66,3747,3747,Muger.— Uita. pl. TJcari.,em_dash,matched_headword,high,machine_accepted,direct_page_headword_match,machine_derived,true,false
ORT1888-art-001498,spa,Mundo,,Ortega1888[66],ORT1888-cand-001498,ORTEGA1888-TEPIC-IA,70,66,3748,3750,"Mundo.— Chianacat. | ""S.",em_dash,matched_headword,high,machine_accepted,direct_page_headword_match,machine_derived,true,false
ORT1888-art-001499,spa,JNacer,,Ortega1888[66],ORT1888-cand-001499,ORTEGA1888-TEPIC-IA,70,66,3751,3751,"JNacer., — Huanuéhuaca. Nanuéhuaca.",em_dash,matched_headword,high,machine_accepted,direct_page_headword_match,machine_derived,true,false
ORT1888-art-001500,spa,Nacer Ja planta,,Ortega1888[66],ORT1888-cand-001500,ORTEGA1888-TEPIC-IA,70,66,3752,3752,Nacer Ja planta— Atué.,em_dash,matched_headword,high,machine_accepted,direct_page_headword_match,machine_derived,true,false
ORT1888-art-001501,spa,Nacido ó encordio,,Ortega1888[66],ORT1888-cand-001501,ORTEGA1888-TEPIC-IA,70,66,3753,3753,Nacido ó encordio. — Atzáti.,em_dash,matched_headword,high,machine_accepted,direct_page_headword_match,machine_derived,true,false
ORT1888-art-001502,spa,Nacimiento,,Ortega1888[66],ORT1888-cand-001502,ORTEGA1888-TEPIC-IA,70,66,3754,3754,Nacimiento. — Nucat.,em_dash,matched_headword,high,machine_accepted,direct_page_headword_match,machine_derived,true,false
ORT1888-art-001503,spa,"Nada, ninguma cosa",,Ortega1888[66],ORT1888-cand-001503,ORTEGA1888-TEPIC-IA,70,66,3755,3755,"Nada, ninguma cosa.— Capufcita.e.",em_dash,matched_headword,high,machine_accepted,direct_page_headword_match,machine_derived,true,false
ORT1888-art-001504,spa,Nadar,,Ortega1888[66],ORT1888-cand-001504,ORTEGA1888-TEPIC-IA,70,66,3756,3756,Nadar. — Antahuazim. Ne.,em_dash,matched_headword,high,machine_accepted,direct_page_headword_match,machine_derived,true,false
ORT1888-art-001505,spa,Nadie por ninguno,,Ortega1888[66],ORT1888-cand-001505,ORTEGA1888-TEPIC-IA,70,66,3757,3757,Nadie por ninguno.— Capuata.,em_dash,matched_headword,high,machine_accepted,direct_page_headword_match,machine_derived,true,false
ORT1888-art-001506,spa,Nalga,,Ortega1888[66],ORT1888-cand-001506,ORTEGA1888-TEPIC-IA,70,66,3758,3758,"Nalga. ,-Tetuvatéte",hyphen_variant,matched_headword,medium,machine_accepted,direct_page_headword_match,machine_derived,true,false
ORT1888-art-001507,spa,Nariz,,Ortega1888[66],ORT1888-cand-001507,ORTEGA1888-TEPIC-IA,70,66,3759,3760,Nariz. — Tzóriti-,em_dash,matched_headword,high,machine_accepted,direct_page_headword_match,machine_derived,true,false
ORT1888-art-001508,spa,Nata azer la leche. &,,Ortega1888[66],ORT1888-cand-001508,ORTEGA1888-TEPIC-IA,70,66,3761,3761,Nata azer la leche. &. — Áucurahuaenacá.,em_dash,matched_headword,high,machine_accepted,direct_page_headword_match,machine_derived,true,false
ORT1888-art-001509,spa,Natura de Macho,,Ortega1888[66],ORT1888-cand-001509,ORTEGA1888-TEPIC-IA,70,66,3762,3762,Natura de Macho. — Cainit.,em_dash,matched_headword,high,machine_accepted,direct_page_headword_match,machine_derived,true,false
ORT1888-art-001510,spa,Natura de hembra,,Ortega1888[66],ORT1888-cand-001510,ORTEGA1888-TEPIC-IA,70,66,3763,3764,Natura de hembra.— Xapiti.,em_dash,matched_headword,high,machine_accepted,direct_page_headword_match,machine_derived,true,false
ORT1888-art-001511,spa,Necesidad tener de alguna,,Ortega1888[66],ORT1888-cand-001511,ORTEGA1888-TEPIC-IA,70,66,3765,3765,"Necesidad tener de alguna. — Busca menester ser,",em_dash,matched_headword,high,machine_accepted,direct_page_headword_match,machine_derived,true,false
ORT1888-art-001512,spa,Negociar,,Ortega1888[66],ORT1888-cand-001512,ORTEGA1888-TEPIC-IA,70,66,3766,3771,"Negociar.— Huaviri. Neti, | ?*m",em_dash,matched_headword,high,machine_accepted,direct_page_headword_match,machine_derived,true,false
ORT1888-art-001513,spa,N egociacioii,,Ortega1888[67],ORT1888-cand-001513,ORTEGA1888-TEPIC-IA,71,67,3775,3776,N egociacioii. — Hiraviriat.,em_dash,matched_headword,high,machine_accepted,direct_page_headword_match,machine_derived,true,false
ORT1888-art-001514,spa,"Negro, color",,Ortega1888[67],ORT1888-cand-001514,ORTEGA1888-TEPIC-IA,71,67,3777,3778,"Negro, color. — Texúmá,-",em_dash,matched_headword,high,machine_accepted,direct_page_headword_match,machine_derived,true,false
ORT1888-art-001515,spa,Negro hacer,,Ortega1888[67],ORT1888-cand-001515,ORTEGA1888-TEPIC-IA,71,67,3779,3780,Negro hacer.— Xiimave. Nete.,em_dash,matched_headword,high,machine_accepted,direct_page_headword_match,machine_derived,true,false
ORT1888-art-001516,spa,Nervio,,Ortega1888[67],ORT1888-cand-001516,ORTEGA1888-TEPIC-IA,71,67,3781,3782,Nervio.-^. Tata ti.,hyphen_variant,matched_headword,medium,machine_accepted,direct_page_headword_match,machine_derived,true,false
ORT1888-art-001517,spa,"Nevar, caer nieve",,Ortega1888[67],ORT1888-cand-001517,ORTEGA1888-TEPIC-IA,71,67,3783,3784,"Nevar, caer nieve. — Ceritpuhuabét.",em_dash,matched_headword,high,machine_accepted,direct_page_headword_match,machine_derived,true,false
ORT1888-art-001518,spa,"Nidal- el ave, hazer nido",,Ortega1888[67],ORT1888-cand-001518,ORTEGA1888-TEPIC-IA,71,67,3785,3786,"Nidal- el ave, hazer nido. — Uchauhri. Neiuohauüi.",em_dash,matched_headword,high,machine_accepted,direct_page_headword_match,machine_derived,true,false
ORT1888-art-001519,spa,Nido,,Ortega1888[67],ORT1888-cand-001519,ORTEGA1888-TEPIC-IA,71,67,3787,3788,"Nido.— Cía úrit,",em_dash,matched_headword,high,machine_accepted,direct_page_headword_match,machine_derived,true,false
ORT1888-art-001520,spa,Niebla aver. r,,Ortega1888[67],ORT1888-cand-001520,ORTEGA1888-TEPIC-IA,71,67,3789,3790,Niebla aver. r-Huáhaite.,hyphen_variant,matched_headword,medium,machine_accepted,direct_page_headword_match,machine_derived,true,false
ORT1888-art-001521,spa,Nieto ó nieta de la mugeiv,,Ortega1888[67],ORT1888-cand-001521,ORTEGA1888-TEPIC-IA,71,67,3791,3792,Nieto ó nieta de la mugeiv — : Tiyácuari.,em_dash,matched_headword,high,machine_accepted,direct_page_headword_match,machine_derived,true,false
ORT1888-art-001522,spa,"Nieto ó nieta, del varón",,Ortega1888[67],ORT1888-cand-001522,ORTEGA1888-TEPIC-IA,71,67,3793,3794,"Nieto ó nieta, del varón. — Tiyaxú",em_dash,matched_headword,high,machine_accepted,direct_page_headword_match,machine_derived,true,false
ORT1888-art-001523,spa,Nieve,,Ortega1888[67],ORT1888-cand-001523,ORTEGA1888-TEPIC-IA,71,67,3795,3796,Nieve. — Córit.,em_dash,matched_headword,high,machine_accepted,direct_page_headword_match,machine_derived,true,false
ORT1888-art-001524,spa,Ninguna cosa,,Ortega1888[67],ORT1888-cand-001524,ORTEGA1888-TEPIC-IA,71,67,3797,3798,Ninguna cosa — Busca nadie.,em_dash,matched_headword,high,machine_accepted,direct_page_headword_match,machine_derived,true,false
ORT1888-art-001525,spa,Ninguno,,Ortega1888[66],ORT1888-cand-001525,ORTEGA1888-TEPIC-IA,70,66,3799,3800,"Ninguno. ,— Busca nadie.",em_dash,matched_headword,high,machine_accepted,direct_page_headword_match,machine_derived,true,false
ORT1888-art-001526,spa,No,,Ortega1888[67],ORT1888-cand-001526,ORTEGA1888-TEPIC-IA,71,67,3801,3802,"No. — -Ehé, capu cañó, canui.",em_dash,matched_headword,high,machine_accepted,direct_page_headword_match,machine_derived,true,false
ORT1888-art-001527,spa,No ha mucho,,Ortega1888[67],ORT1888-cand-001527,ORTEGA1888-TEPIC-IA,71,67,3803,3804,No ha mucho. —Aucheámo.,em_dash,matched_headword,high,machine_accepted,direct_page_headword_match,machine_derived,true,false
ORT1888-art-001528,spa,"Noche, ado",,Ortega1888[67],ORT1888-cand-001528,ORTEGA1888-TEPIC-IA,71,67,3805,3806,"Noche, ado. — Teca.",em_dash,matched_headword,high,machine_accepted,direct_page_headword_match,machine_derived,true,false
ORT1888-art-001529,spa,Noche. r,,Ortega1888[67],ORT1888-cand-001529,ORTEGA1888-TEPIC-IA,71,67,3807,3808,Noche. r-Tecáriti.,hyphen_variant,matched_headword,medium,machine_accepted,direct_page_headword_match,machine_derived,true,false
ORT1888-art-001530,spa,Nuez y Nogal,,Ortega1888[67],ORT1888-cand-001530,ORTEGA1888-TEPIC-IA,71,67,3809,3810,Nuez y Nogal. — Cáieü,em_dash,matched_headword,high,machine_accepted,direct_page_headword_match,machine_derived,true,false
ORT1888-art-001531,spa,"Nombrar, poner nombre",,Ortega1888[67],ORT1888-cand-001531,ORTEGA1888-TEPIC-IA,71,67,3811,3812,"Nombrar, poner nombre —Busca llamar.",em_dash,matched_headword,high,machine_accepted,direct_page_headword_match,machine_derived,true,false
ORT1888-art-001532,spa,Nombre,,Ortega1888[67],ORT1888-cand-001532,ORTEGA1888-TEPIC-IA,71,67,3813,3814,Nombre. — Teahuaiit.,em_dash,matched_headword,high,machine_accepted,direct_page_headword_match,machine_derived,true,false
ORT1888-art-001533,spa,Nones aver,,Ortega1888[67],ORT1888-cand-001533,ORTEGA1888-TEPIC-IA,71,67,3815,3816,Nones aver. — Captitihuá,em_dash,matched_headword,high,machine_accepted,direct_page_headword_match,machine_derived,true,false
ORT1888-art-001534,spa,Nosotros,,Ortega1888[67],ORT1888-cand-001534,ORTEGA1888-TEPIC-IA,71,67,3817,3818,Nosotros. — Tteáhmo.,em_dash,matched_headword,high,machine_accepted,direct_page_headword_match,machine_derived,true,false
ORT1888-art-001535,spa,Noticiar,,Ortega1888[67],ORT1888-cand-001535,ORTEGA1888-TEPIC-IA,71,67,3819,3820,Noticiar. — -Huaixáte. Neti.,em_dash,matched_headword,high,machine_accepted,direct_page_headword_match,machine_derived,true,false
ORT1888-art-001536,spa,Noticia,,Ortega1888[67],ORT1888-cand-001536,ORTEGA1888-TEPIC-IA,71,67,3821,3822,Noticia. — Yxtiat.,em_dash,matched_headword,high,machine_accepted,direct_page_headword_match,machine_derived,true,false
ORT1888-art-001537,spa,Notorio sei,,Ortega1888[67],ORT1888-cand-001537,ORTEGA1888-TEPIC-IA,71,67,3823,3824,Notorio sei- — Hiiamuarerihuaca.,em_dash,matched_headword,high,machine_accepted,direct_page_headword_match,machine_derived,true,false
ORT1888-art-001538,spa,Nuca de la cabeza,,Ortega1888[67],ORT1888-cand-001538,ORTEGA1888-TEPIC-IA,71,67,3825,3826,"Nuca de la cabeza,. — Catúrité.",em_dash,matched_headword,high,machine_accepted,direct_page_headword_match,machine_derived,true,false
ORT1888-art-001539,spa,Nuera,,Ortega1888[67],ORT1888-cand-001539,ORTEGA1888-TEPIC-IA,71,67,3827,3828,Nuera. — Temuni.,em_dash,matched_headword,high,machine_accepted,direct_page_headword_match,machine_derived,true,false
ORT1888-art-001540,spa,Nueva cosa,,Ortega1888[67],ORT1888-cand-001540,ORTEGA1888-TEPIC-IA,71,67,3829,3830,Nueva cosa — Ahcua.,em_dash,matched_headword,high,machine_accepted,direct_page_headword_match,machine_derived,true,false
ORT1888-art-001541,spa,Nuevamente,,Ortega1888[67],ORT1888-cand-001541,ORTEGA1888-TEPIC-IA,71,67,3831,3832,Nuevamente.. — Ahcuazt.,em_dash,matched_headword,high,machine_accepted,direct_page_headword_match,machine_derived,true,false
ORT1888-art-001542,spa,Nunca,,Ortega1888[67],ORT1888-cand-001542,ORTEGA1888-TEPIC-IA,71,67,3833,3834,Nunca.— ACapuanáco.,em_dash,matched_headword,high,machine_accepted,direct_page_headword_match,machine_derived,true,false
ORT1888-art-001543,spa,Nube,,Ortega1888[67],ORT1888-cand-001543,ORTEGA1888-TEPIC-IA,71,67,3835,3836,"Nube.,— Aiterit.",em_dash,matched_headword,high,machine_accepted,direct_page_headword_match,machine_derived,true,false
ORT1888-art-001544,spa,Nubes aver por todo el Cielo,,Ortega1888[67],ORT1888-cand-001544,ORTEGA1888-TEPIC-IA,71,67,3837,3842,Nubes aver por todo el Cielo. — Abébe. | 68,em_dash,matched_headword,high,machine_accepted,direct_page_headword_match,machine_derived,true,false
ORT1888-art-001545,spa,Nubes aver,,Ortega1888[67],ORT1888-cand-001545,ORTEGA1888-TEPIC-IA,71,67,3843,3844,Nubes aver. — Aimiuteupú,em_dash,matched_headword,high,machine_accepted,direct_page_headword_match,machine_derived,true,false
ORT1888-art-001546,spa,Nubes aver por los horizontes,,Ortega1888[68],ORT1888-cand-001546,ORTEGA1888-TEPIC-IA,72,68,3845,3846,Nubes aver por los horizontes — Amútbe.,em_dash,matched_headword,high,machine_accepted,direct_page_headword_match,machine_derived,true,false
ORT1888-art-001547,spa,Nubes aver azia el medio del Cielo,,Ortega1888[68],ORT1888-cand-001547,ORTEGA1888-TEPIC-IA,72,68,3847,3849,Nubes aver azia el medio del Cielo.— ^Ancábé.,em_dash,matched_headword,high,machine_accepted,direct_page_headword_match,machine_derived,true,false
ORT1888-art-001548,spa,O. interj,,Ortega1888[68],ORT1888-cand-001548,ORTEGA1888-TEPIC-IA,72,68,3850,3851,O. interj. — Ahüi.,em_dash,matched_headword,high,machine_accepted,direct_page_headword_match,machine_derived,true,false
ORT1888-art-001549,spa,O. disyune,,Ortega1888[68],ORT1888-cand-001549,ORTEGA1888-TEPIC-IA,72,68,3852,3853,O. disyune. — Narico.,em_dash,matched_headword,high,machine_accepted,direct_page_headword_match,machine_derived,true,false
ORT1888-art-001550,spa,Obedecer,,Ortega1888[68],ORT1888-cand-001550,ORTEGA1888-TEPIC-IA,72,68,3854,3855,Obedecer. — Atzahuate. Nete.,em_dash,matched_headword,high,machine_accepted,direct_page_headword_match,machine_derived,true,false
ORT1888-art-001551,spa,Obediente,,Ortega1888[68],ORT1888-cand-001551,ORTEGA1888-TEPIC-IA,72,68,3856,3857,Obediente .— Teat/ahuateacame. pl. tzi.,em_dash,matched_headword,high,machine_accepted,direct_page_headword_match,machine_derived,true,false
ORT1888-art-001552,spa,Obediencia,,Ortega1888[68],ORT1888-cand-001552,ORTEGA1888-TEPIC-IA,72,68,3858,3859,Obediencia. — Tzahuátiat.,em_dash,matched_headword,high,machine_accepted,direct_page_headword_match,machine_derived,true,false
ORT1888-art-001553,spa,Obligar,,Ortega1888[68],ORT1888-cand-001553,ORTEGA1888-TEPIC-IA,72,68,3860,3861,Obligar. — Cáne. Neti.,em_dash,matched_headword,high,machine_accepted,direct_page_headword_match,machine_derived,true,false
ORT1888-art-001554,spa,Obligación,,Ortega1888[68],ORT1888-cand-001554,ORTEGA1888-TEPIC-IA,72,68,3862,3863,Obligación.. — Cánihat.,em_dash,matched_headword,high,machine_accepted,direct_page_headword_match,machine_derived,true,false
ORT1888-art-001555,spa,Obrar algo,,Ortega1888[68],ORT1888-cand-001555,ORTEGA1888-TEPIC-IA,72,68,3864,3865,Obrar algo. — Tahua. Neti.,em_dash,matched_headword,high,machine_accepted,direct_page_headword_match,machine_derived,true,false
ORT1888-art-001556,spa,"Obra asi, echara",,Ortega1888[68],ORT1888-cand-001556,ORTEGA1888-TEPIC-IA,72,68,3866,3867,"Obra asi, echara. — Tavilmt.",em_dash,matched_headword,high,machine_accepted,direct_page_headword_match,machine_derived,true,false
ORT1888-art-001557,spa,Obeja. r,,Ortega1888[68],ORT1888-cand-001557,ORTEGA1888-TEPIC-IA,72,68,3868,3869,Obeja. r— Cánax. pl. cri.,em_dash,matched_headword,high,machine_accepted,direct_page_headword_match,machine_derived,true,false
ORT1888-art-001558,spa,"Ocasión, dar á otro",,Ortega1888[68],ORT1888-cand-001558,ORTEGA1888-TEPIC-IA,72,68,3870,3871,"Ocasión, dar á otro. — Hutéhclie. Natehche.",em_dash,matched_headword,high,machine_accepted,direct_page_headword_match,machine_derived,true,false
ORT1888-art-001559,spa,Ocasión tal,,Ortega1888[68],ORT1888-cand-001559,ORTEGA1888-TEPIC-IA,72,68,3872,3873,Ocasión tal. — Huatéhcheziat.,em_dash,matched_headword,high,machine_accepted,direct_page_headword_match,machine_derived,true,false
ORT1888-art-001560,spa,Ocultar,,Ortega1888[68],ORT1888-cand-001560,ORTEGA1888-TEPIC-IA,72,68,3874,3875,Ocultar. — Abata Neti.,em_dash,matched_headword,high,machine_accepted,direct_page_headword_match,machine_derived,true,false
ORT1888-art-001561,spa,Odio ó enemistad,,Ortega1888[68],ORT1888-cand-001561,ORTEGA1888-TEPIC-IA,72,68,3876,3877,Odio ó enemistad. — Anxchviat.,em_dash,matched_headword,high,machine_accepted,direct_page_headword_match,machine_derived,true,false
ORT1888-art-001562,spa,Odio tener,,Ortega1888[68],ORT1888-cand-001562,ORTEGA1888-TEPIC-IA,72,68,3878,3879,"Odio tener.— NHaxchvia, Neti.",em_dash,matched_headword,high,machine_accepted,direct_page_headword_match,machine_derived,true,false
ORT1888-art-001563,spa,Ofender,,Ortega1888[68],ORT1888-cand-001563,ORTEGA1888-TEPIC-IA,72,68,3880,3881,Ofender — Xa cacare. Neteii.,em_dash,matched_headword,high,machine_accepted,direct_page_headword_match,machine_derived,true,false
ORT1888-art-001564,spa,Ofensa,,Ortega1888[68],ORT1888-cand-001564,ORTEGA1888-TEPIC-IA,72,68,3882,3883,Ofensa. —Xana cat.,em_dash,matched_headword,high,machine_accepted,direct_page_headword_match,machine_derived,true,false
ORT1888-art-001565,spa,Ofensor,,Ortega1888[68],ORT1888-cand-001565,ORTEGA1888-TEPIC-IA,72,68,3884,3885,Ofensor. — Tixanacaiihuame pl. tzi.,em_dash,matched_headword,high,machine_accepted,direct_page_headword_match,machine_derived,true,false
ORT1888-art-001566,spa,Oficio propio del hombre,,Ortega1888[68],ORT1888-cand-001566,ORTEGA1888-TEPIC-IA,72,68,3886,3887,Oficio propio del hombre. — Muérit.,em_dash,matched_headword,high,machine_accepted,direct_page_headword_match,machine_derived,true,false
ORT1888-art-001567,spa,"Oy, ado de tiempo",,Ortega1888[68],ORT1888-cand-001567,ORTEGA1888-TEPIC-IA,72,68,3888,3889,"Oy, ado de tiempo. — Tico.",em_dash,matched_headword,high,machine_accepted,direct_page_headword_match,machine_derived,true,false
ORT1888-art-001568,spa,"Oydo, sentido pai a oyr",,Ortega1888[68],ORT1888-cand-001568,ORTEGA1888-TEPIC-IA,72,68,3890,3891,"Oydo, sentido pai a oyr. ,— Namuáhxcat.",em_dash,matched_headword,high,machine_accepted,direct_page_headword_match,machine_derived,true,false
ORT1888-art-001569,spa,"Oydor, el que oye",,Ortega1888[68],ORT1888-cand-001569,ORTEGA1888-TEPIC-IA,72,68,3892,3893,"Oydor, el que oye. — Tinamuahcnme. pl. tzi,",em_dash,matched_headword,high,machine_accepted,direct_page_headword_match,machine_derived,true,false
ORT1888-art-001570,spa,Oyr,,Ortega1888[68],ORT1888-cand-001570,ORTEGA1888-TEPIC-IA,72,68,3894,3895,Oyr. — Namuá. Neti.,em_dash,matched_headword,high,machine_accepted,direct_page_headword_match,machine_derived,true,false
ORT1888-art-001571,spa,Ojo,,Ortega1888[68],ORT1888-cand-001571,ORTEGA1888-TEPIC-IA,72,68,3896,3897,Ojo. — Hauziti.,em_dash,matched_headword,high,machine_accepted,direct_page_headword_match,machine_derived,true,false
ORT1888-art-001572,spa,Olas hacer el agua,,Ortega1888[68],ORT1888-cand-001572,ORTEGA1888-TEPIC-IA,72,68,3898,3899,Olas hacer el agua. — xTeutehreyéca.,em_dash,matched_headword,high,machine_accepted,direct_page_headword_match,machine_derived,true,false
ORT1888-art-001573,spa,"Oler, hechar de si olor",,Ortega1888[68],ORT1888-cand-001573,ORTEGA1888-TEPIC-IA,72,68,3900,3905,"Oler, hechar de si olor. — Te. Ñe, | vtmmmm",em_dash,matched_headword,high,machine_accepted,direct_page_headword_match,machine_derived,true,false
ORT1888-art-001574,spa,Oler con el olfato,,Ortega1888[69],ORT1888-cand-001574,ORTEGA1888-TEPIC-IA,73,69,3912,3913,Oler con el olfato.— Euchm. Neti.,em_dash,matched_headword,high,machine_accepted,direct_page_headword_match,machine_derived,true,false
ORT1888-art-001575,spa,Oler mal,,Ortega1888[69],ORT1888-cand-001575,ORTEGA1888-TEPIC-IA,73,69,3914,3915,Oler mal.— Tecñré. Ne,em_dash,matched_headword,high,machine_accepted,direct_page_headword_match,machine_derived,true,false
ORT1888-art-001576,spa,Ollar,,Ortega1888[69],ORT1888-cand-001576,ORTEGA1888-TEPIC-IA,73,69,3916,3917,Ollar. -Xárit.,hyphen_variant,matched_headword,medium,machine_accepted,direct_page_headword_match,machine_derived,true,false
ORT1888-art-001577,spa,Olvido,,Ortega1888[69],ORT1888-cand-001577,ORTEGA1888-TEPIC-IA,73,69,3918,3919,Olvido. — Huaxcihriat.,em_dash,matched_headword,high,machine_accepted,direct_page_headword_match,machine_derived,true,false
ORT1888-art-001578,spa,Olorosa cosa,,Ortega1888[69],ORT1888-cand-001578,ORTEGA1888-TEPIC-IA,73,69,3920,3921,Olorosa cosa.- — Té.,em_dash,matched_headword,high,machine_accepted,direct_page_headword_match,machine_derived,true,false
ORT1888-art-001579,spa,Olvidar,,Ortega1888[69],ORT1888-cand-001579,ORTEGA1888-TEPIC-IA,73,69,3922,3923,Olvidar. — Aohuáxe. Neti.,em_dash,matched_headword,high,machine_accepted,direct_page_headword_match,machine_derived,true,false
ORT1888-art-001580,spa,Ombligo,,Ortega1888[69],ORT1888-cand-001580,ORTEGA1888-TEPIC-IA,73,69,3924,3925,"Ombligo, — Zepútzite.",em_dash,matched_headword,high,machine_accepted,direct_page_headword_match,machine_derived,true,false
ORT1888-art-001581,spa,Ombro de hombre,,Ortega1888[69],ORT1888-cand-001581,ORTEGA1888-TEPIC-IA,73,69,3926,3927,Ombro de hombre.— Nahpoariti,em_dash,matched_headword,high,machine_accepted,direct_page_headword_match,machine_derived,true,false
ORT1888-art-001582,spa,Oprimir,,Ortega1888[69],ORT1888-cand-001582,ORTEGA1888-TEPIC-IA,73,69,3928,3929,Oprimir.-^ Uitetzinazt.. Nete.,hyphen_variant,matched_headword,medium,machine_accepted,direct_page_headword_match,machine_derived,true,false
ORT1888-art-001583,spa,Oprimido estar,,Ortega1888[69],ORT1888-cand-001583,ORTEGA1888-TEPIC-IA,73,69,3930,3931,Oprimido estar.— Ucatna. N.,em_dash,matched_headword,high,machine_accepted,direct_page_headword_match,machine_derived,true,false
ORT1888-art-001584,spa,Orar á Dios,,Ortega1888[69],ORT1888-cand-001584,ORTEGA1888-TEPIC-IA,73,69,3932,3933,Orar á Dios. — Vcubé. Nencubé.,em_dash,matched_headword,high,machine_accepted,direct_page_headword_match,machine_derived,true,false
ORT1888-art-001585,spa,Oración,,Ortega1888[69],ORT1888-cand-001585,ORTEGA1888-TEPIC-IA,73,69,3934,3935,Oración. — Cubéhat.,em_dash,matched_headword,high,machine_accepted,direct_page_headword_match,machine_derived,true,false
ORT1888-art-001586,spa,Orador tal,,Ortega1888[69],ORT1888-cand-001586,ORTEGA1888-TEPIC-IA,73,69,3936,3937,Orador tal.— Vcubihuáme. pl. tzi.,em_dash,matched_headword,high,machine_accepted,direct_page_headword_match,machine_derived,true,false
ORT1888-art-001587,spa,Ordeñar,,Ortega1888[69],ORT1888-cand-001587,ORTEGA1888-TEPIC-IA,73,69,3938,3939,Ordeñar; --Haché Neti.,hyphen_variant,matched_headword,medium,machine_accepted,direct_page_headword_match,machine_derived,true,false
ORT1888-art-001588,spa,Orégano de la tierra,,Ortega1888[69],ORT1888-cand-001588,ORTEGA1888-TEPIC-IA,73,69,3940,3941,Orégano de la tierra. ^— A.cuaxá,em_dash,matched_headword,high,machine_accepted,direct_page_headword_match,machine_derived,true,false
ORT1888-art-001589,spa,Oreja,,Ortega1888[69],ORT1888-cand-001589,ORTEGA1888-TEPIC-IA,73,69,3942,3943,Oreja. — Naxaihti.,em_dash,matched_headword,high,machine_accepted,direct_page_headword_match,machine_derived,true,false
ORT1888-art-001590,spa,Orejear,,Ortega1888[69],ORT1888-cand-001590,ORTEGA1888-TEPIC-IA,73,69,3944,3945,Orejear. — Busca menear las orejas.,em_dash,matched_headword,high,machine_accepted,direct_page_headword_match,machine_derived,true,false
ORT1888-art-001591,spa,Orilla de la agua,,Ortega1888[69],ORT1888-cand-001591,ORTEGA1888-TEPIC-IA,73,69,3946,3947,Orilla de la agua. — Haihketzé.,em_dash,matched_headword,high,machine_accepted,direct_page_headword_match,machine_derived,true,false
ORT1888-art-001592,spa,Orina,,Ortega1888[69],ORT1888-cand-001592,ORTEGA1888-TEPIC-IA,73,69,3948,3949,Orina. — Busca meados.,em_dash,matched_headword,high,machine_accepted,direct_page_headword_match,machine_derived,true,false
ORT1888-art-001593,spa,Orinar,,Ortega1888[69],ORT1888-cand-001593,ORTEGA1888-TEPIC-IA,73,69,3950,3951,Orinar. — Busca mear.,em_dash,matched_headword,high,machine_accepted,direct_page_headword_match,machine_derived,true,false
ORT1888-art-001594,spa,Ortiga,,Ortega1888[69],ORT1888-cand-001594,ORTEGA1888-TEPIC-IA,73,69,3952,3953,Ortiga. — Ytzizcai.,em_dash,matched_headword,high,machine_accepted,direct_page_headword_match,machine_derived,true,false
ORT1888-art-001595,spa,Osado ser,,Ortega1888[69],ORT1888-cand-001595,ORTEGA1888-TEPIC-IA,73,69,3954,3955,Osado ser. — Huatahuá. Nateneá.,em_dash,matched_headword,high,machine_accepted,direct_page_headword_match,machine_derived,true,false
ORT1888-art-001596,spa,"Oso, animal",,Ortega1888[69],ORT1888-cand-001596,ORTEGA1888-TEPIC-IA,73,69,3956,3957,"Oso, animal. — Atzet. pl. tzi.",em_dash,matched_headword,high,machine_accepted,direct_page_headword_match,machine_derived,true,false
ORT1888-art-001597,spa,Otoño,,Ortega1888[69],ORT1888-cand-001597,ORTEGA1888-TEPIC-IA,73,69,3958,3959,Otoño.- -Bita.,hyphen_variant,matched_headword,medium,machine_accepted,direct_page_headword_match,machine_derived,true,false
ORT1888-art-001598,spa,Otorgar la petición,,Ortega1888[69],ORT1888-cand-001598,ORTEGA1888-TEPIC-IA,73,69,3960,3961,Otorgar la petición. — Xebe. Neti.,em_dash,matched_headword,high,machine_accepted,direct_page_headword_match,machine_derived,true,false
ORT1888-art-001599,spa,Otra vez,,Ortega1888[69],ORT1888-cand-001599,ORTEGA1888-TEPIC-IA,73,69,3962,3963,Otra vez. — Chatáhuatzi.,em_dash,matched_headword,high,machine_accepted,direct_page_headword_match,machine_derived,true,false
ORT1888-art-001600,spa,Otro,,Ortega1888[68],ORT1888-cand-001600,ORTEGA1888-TEPIC-IA,72,68,3964,3966,"Otro. — 0""ut.",em_dash,matched_headword,high,machine_accepted,direct_page_headword_match,machine_derived,true,false
ORT1888-art-001601,spa,Pacer,,Ortega1888[69],ORT1888-cand-001601,ORTEGA1888-TEPIC-IA,73,69,3967,3967,Pacer. — Huacuáite. Neti.,em_dash,matched_headword,high,machine_accepted,direct_page_headword_match,machine_derived,true,false
ORT1888-art-001602,spa,Paciencia tener,,Ortega1888[69],ORT1888-cand-001602,ORTEGA1888-TEPIC-IA,73,69,3968,3973,Paciencia tener. — Titzahaaté. Ne. | ',em_dash,matched_headword,high,machine_accepted,direct_page_headword_match,machine_derived,true,false
ORT1888-art-001603,spa,Paciente,,Ortega1888[70],ORT1888-cand-001603,ORTEGA1888-TEPIC-IA,74,70,3977,3978,Paciente. — Titzahuateácame. pl. tzi.,em_dash,matched_headword,high,machine_accepted,direct_page_headword_match,machine_derived,true,false
ORT1888-art-001604,spa,Paciencia,,Ortega1888[69],ORT1888-cand-001604,ORTEGA1888-TEPIC-IA,73,69,3979,3980,Paciencia. — Titzahuéat.,em_dash,matched_headword,high,machine_accepted,direct_page_headword_match,machine_derived,true,false
ORT1888-art-001605,spa,Padecer,,Ortega1888[70],ORT1888-cand-001605,ORTEGA1888-TEPIC-IA,74,70,3981,3982,Padecer. — Teupuáihte. Netimpuáite.,em_dash,matched_headword,high,machine_accepted,direct_page_headword_match,machine_derived,true,false
ORT1888-art-001606,spa,Padrastro,,Ortega1888[70],ORT1888-cand-001606,ORTEGA1888-TEPIC-IA,74,70,3983,3984,Padrastro. — Tiyaóppaári .,em_dash,matched_headword,high,machine_accepted,direct_page_headword_match,machine_derived,true,false
ORT1888-art-001607,spa,Padre,,Ortega1888[70],ORT1888-cand-001607,ORTEGA1888-TEPIC-IA,74,70,3985,3986,Padre. — Tiyaóppa.,em_dash,matched_headword,high,machine_accepted,direct_page_headword_match,machine_derived,true,false
ORT1888-art-001608,spa,Pagar deuda,,Ortega1888[70],ORT1888-cand-001608,ORTEGA1888-TEPIC-IA,74,70,3987,3988,Pagar deuda. — Anahchitene. Neti.,em_dash,matched_headword,high,machine_accepted,direct_page_headword_match,machine_derived,true,false
ORT1888-art-001609,spa,Paga tal,,Ortega1888[70],ORT1888-cand-001609,ORTEGA1888-TEPIC-IA,74,70,3989,3990,Paga tal. — Nahchiterit.,em_dash,matched_headword,high,machine_accepted,direct_page_headword_match,machine_derived,true,false
ORT1888-art-001610,spa,"Paja, generalmente",,Ortega1888[70],ORT1888-cand-001610,ORTEGA1888-TEPIC-IA,74,70,3991,3992,"Paja, generalmente. — Euxaiiti.",em_dash,matched_headword,high,machine_accepted,direct_page_headword_match,machine_derived,true,false
ORT1888-art-001611,spa,Palabra,,Ortega1888[70],ORT1888-cand-001611,ORTEGA1888-TEPIC-IA,74,70,3993,3994,Palabra. — Neúcari t.,em_dash,matched_headword,high,machine_accepted,direct_page_headword_match,machine_derived,true,false
ORT1888-art-001612,spa,"Palma, árbol conocido",,Ortega1888[70],ORT1888-cand-001612,ORTEGA1888-TEPIC-IA,74,70,3995,3996,"Palma, árbol conocido. — Takéti.",em_dash,matched_headword,high,machine_accepted,direct_page_headword_match,machine_derived,true,false
ORT1888-art-001613,spa,Palma otra,,Ortega1888[70],ORT1888-cand-001613,ORTEGA1888-TEPIC-IA,74,70,3997,3998,Palma otra. — Vcait.,em_dash,matched_headword,high,machine_accepted,direct_page_headword_match,machine_derived,true,false
ORT1888-art-001614,spa,Palo,,Ortega1888[70],ORT1888-cand-001614,ORTEGA1888-TEPIC-IA,74,70,3999,4000,Palo. — Coujet.,em_dash,matched_headword,high,machine_accepted,direct_page_headword_match,machine_derived,true,false
ORT1888-art-001615,spa,Palo para escavar tierra,,Ortega1888[70],ORT1888-cand-001615,ORTEGA1888-TEPIC-IA,74,70,4001,4004,Palo para escavar tierra. — Busca coa. | Paletilla del brazo. —,em_dash,matched_headword,high,machine_accepted,direct_page_headword_match,machine_derived,true,false
ORT1888-art-001616,spa,Palillo oloroso,,Ortega1888[70],ORT1888-cand-001616,ORTEGA1888-TEPIC-IA,74,70,4005,4006,Palillo oloroso. — Caraihuáriti,em_dash,matched_headword,high,machine_accepted,direct_page_headword_match,machine_derived,true,false
ORT1888-art-001617,spa,Paloma,,Ortega1888[70],ORT1888-cand-001617,ORTEGA1888-TEPIC-IA,74,70,4007,4008,Paloma. — Aniuet.,em_dash,matched_headword,high,machine_accepted,direct_page_headword_match,machine_derived,true,false
ORT1888-art-001618,spa,Palpar con las manos,,Ortega1888[70],ORT1888-cand-001618,ORTEGA1888-TEPIC-IA,74,70,4009,4010,Palpar con las manos. — Mué. Metí.,em_dash,matched_headword,high,machine_accepted,direct_page_headword_match,machine_derived,true,false
ORT1888-art-001619,spa,Pan generalmente,,Ortega1888[70],ORT1888-cand-001619,ORTEGA1888-TEPIC-IA,74,70,4011,4012,Pan generalmente.- — Hamuit.,em_dash,matched_headword,high,machine_accepted,direct_page_headword_match,machine_derived,true,false
ORT1888-art-001620,spa,Panza,,Ortega1888[70],ORT1888-cand-001620,ORTEGA1888-TEPIC-IA,74,70,4013,4014,Panza. — Xáyet.,em_dash,matched_headword,high,machine_accepted,direct_page_headword_match,machine_derived,true,false
ORT1888-art-001621,spa,Pandearse,,Ortega1888[70],ORT1888-cand-001621,ORTEGA1888-TEPIC-IA,74,70,4015,4016,Pandearse.— Ai teauhá. Neiteuhá,em_dash,matched_headword,high,machine_accepted,direct_page_headword_match,machine_derived,true,false
ORT1888-art-001622,spa,Paño de lino ó de lana,,Ortega1888[70],ORT1888-cand-001622,ORTEGA1888-TEPIC-IA,74,70,4017,4018,Paño de lino ó de lana. — Taziti.,em_dash,matched_headword,high,machine_accepted,direct_page_headword_match,machine_derived,true,false
ORT1888-art-001623,spa,Paño tener en la cara,,Ortega1888[70],ORT1888-cand-001623,ORTEGA1888-TEPIC-IA,74,70,4019,4020,Paño tener en la cara. — Ahuaraví. N.,em_dash,matched_headword,high,machine_accepted,direct_page_headword_match,machine_derived,true,false
ORT1888-art-001624,spa,Pantanos aver,,Ortega1888[70],ORT1888-cand-001624,ORTEGA1888-TEPIC-IA,74,70,4021,4022,Pantanos aver. — Huavinie.,em_dash,matched_headword,high,machine_accepted,direct_page_headword_match,machine_derived,true,false
ORT1888-art-001625,spa,Pantorrilla,,Ortega1888[70],ORT1888-cand-001625,ORTEGA1888-TEPIC-IA,74,70,4023,4024,Pantorrilla. — Huáorit.,em_dash,matched_headword,high,machine_accepted,direct_page_headword_match,machine_derived,true,false
ORT1888-art-001626,spa,"Papa, fruta conocida",,Ortega1888[70],ORT1888-cand-001626,ORTEGA1888-TEPIC-IA,74,70,4025,4026,"Papa, fruta conocida. --TVz/puatzi.",hyphen_variant,matched_headword,medium,machine_accepted,direct_page_headword_match,machine_derived,true,false
ORT1888-art-001627,spa,Papel,,Ortega1888[70],ORT1888-cand-001627,ORTEGA1888-TEPIC-IA,74,70,4027,4028,Papel. -Yüxarit.,hyphen_variant,matched_headword,medium,machine_accepted,direct_page_headword_match,machine_derived,true,false
ORT1888-art-001628,spa,Para qué?,,Ortega1888[70],ORT1888-cand-001628,ORTEGA1888-TEPIC-IA,74,70,4029,4030,Para qué? — Aeineita?,em_dash,matched_headword,high,machine_accepted,direct_page_headword_match,machine_derived,true,false
ORT1888-art-001629,spa,"Pararse, ponerse en pie",,Ortega1888[70],ORT1888-cand-001629,ORTEGA1888-TEPIC-IA,74,70,4031,4032,"Pararse, ponerse en pie. — Ache. N.",em_dash,matched_headword,high,machine_accepted,direct_page_headword_match,machine_derived,true,false
ORT1888-art-001630,spa,Pararse el que corre,,Ortega1888[70],ORT1888-cand-001630,ORTEGA1888-TEPIC-IA,74,70,4033,4034,Pararse el que corre. — Huatécha. Natéchax.,em_dash,matched_headword,high,machine_accepted,direct_page_headword_match,machine_derived,true,false
ORT1888-art-001631,spa,Pardo color,,Ortega1888[70],ORT1888-cand-001631,ORTEGA1888-TEPIC-IA,74,70,4035,4036,Pardo color. — Taxa.,em_dash,matched_headword,high,machine_accepted,direct_page_headword_match,machine_derived,true,false
ORT1888-art-001632,spa,Parecer lo perdido,,Ortega1888[70],ORT1888-cand-001632,ORTEGA1888-TEPIC-IA,74,70,4037,4038,Parecer lo perdido. — Huacéhri. Naircé.,em_dash,matched_headword,high,machine_accepted,direct_page_headword_match,machine_derived,true,false
ORT1888-art-001633,spa,Parecer á otro,,Ortega1888[70],ORT1888-cand-001633,ORTEGA1888-TEPIC-IA,74,70,4039,4044,Parecer á otro.- Apucuputeacanéri. Apuennuteaca- | n,hyphen_variant,matched_headword,medium,machine_accepted,direct_page_headword_match,machine_derived,true,false
ORT1888-art-001634,spa,Pareja cosa,,Ortega1888[71],ORT1888-cand-001634,ORTEGA1888-TEPIC-IA,75,71,4051,4052,Pareja cosa.— ^Vxápuamecheá.,em_dash,matched_headword,high,machine_accepted,direct_page_headword_match,machine_derived,true,false
ORT1888-art-001635,spa,Pares de la que pave,,Ortega1888[71],ORT1888-cand-001635,ORTEGA1888-TEPIC-IA,75,71,4053,4054,Pares de la que pave. — Capí.,em_dash,matched_headword,high,machine_accepted,direct_page_headword_match,machine_derived,true,false
ORT1888-art-001636,spa,Parida,,Ortega1888[71],ORT1888-cand-001636,ORTEGA1888-TEPIC-IA,75,71,4055,4056,"Parida. ,— Nuecaréme. pl. tzi.",em_dash,matched_headword,high,machine_accepted,direct_page_headword_match,machine_derived,true,false
ORT1888-art-001637,spa,Parir,,Ortega1888[71],ORT1888-cand-001637,ORTEGA1888-TEPIC-IA,75,71,4057,4058,Parir.— Nue. Neti,em_dash,matched_headword,high,machine_accepted,direct_page_headword_match,machine_derived,true,false
ORT1888-art-001638,spa,Pariente,,Ortega1888[71],ORT1888-cand-001638,ORTEGA1888-TEPIC-IA,75,71,4059,4060,Pariente.^— Tiihuá.,em_dash,matched_headword,high,machine_accepted,direct_page_headword_match,machine_derived,true,false
ORT1888-art-001639,spa,Parlar,,Ortega1888[71],ORT1888-cand-001639,ORTEGA1888-TEPIC-IA,75,71,4061,4064,"Parlar. — Xahta. Neti, | Partear, ayudar á parir.",em_dash,matched_headword,high,machine_accepted,direct_page_headword_match,machine_derived,true,false
ORT1888-art-001640,spa,Partir en partes,,Ortega1888[71],ORT1888-cand-001640,ORTEGA1888-TEPIC-IA,75,71,4065,4066,Partir en partes. — Tara.,em_dash,matched_headword,high,machine_accepted,direct_page_headword_match,machine_derived,true,false
ORT1888-art-001641,spa,Parlero,,Ortega1888[71],ORT1888-cand-001641,ORTEGA1888-TEPIC-IA,75,71,4067,4068,Parlero. — Tixaxatame. pl. tzi.,em_dash,matched_headword,high,machine_accepted,direct_page_headword_match,machine_derived,true,false
ORT1888-art-001642,spa,Pascua florida,,Ortega1888[71],ORT1888-cand-001642,ORTEGA1888-TEPIC-IA,75,71,4069,4070,Pascua florida. — Xuxut. pascua.,em_dash,matched_headword,high,machine_accepted,direct_page_headword_match,machine_derived,true,false
ORT1888-art-001643,spa,Pascua de Navidad,,Ortega1888[71],ORT1888-cand-001643,ORTEGA1888-TEPIC-IA,75,71,4071,4073,"Pascua de Navidad. — Nuca, pascua. | Pasar la flecha el blanco quedando atravesada en el cuer-",em_dash,matched_headword,high,machine_accepted,direct_page_headword_match,machine_derived,true,false
ORT1888-art-001644,spa,po,,Ortega1888[71],ORT1888-cand-001644,ORTEGA1888-TEPIC-IA,75,71,4074,4076,"po.^—Atné. N. | Pasar la flecha el blanco, pasando toda por la segunda he-",em_dash,anchored_same_page,medium,machine_accepted,same_page_anchor_support,machine_derived,true,false
ORT1888-art-001645,spa,rida,,Ortega1888[71],ORT1888-cand-001645,ORTEGA1888-TEPIC-IA,75,71,4077,4078,rida.— Anáhao. N,em_dash,matched_headword,high,machine_accepted,direct_page_headword_match,machine_derived,true,false
ORT1888-art-001646,spa,Pasar ;í los otros que caminan,,Ortega1888[71],ORT1888-cand-001646,ORTEGA1888-TEPIC-IA,75,71,4079,4080,Pasar ;í los otros que caminan. — Amuáheyite.,em_dash,matched_headword,high,machine_accepted,direct_page_headword_match,machine_derived,true,false
ORT1888-art-001647,spa,Pasar el rio á nado,,Ortega1888[71],ORT1888-cand-001647,ORTEGA1888-TEPIC-IA,75,71,4081,4082,"Pasar el rio á nado. — Antahaú. N. >,",em_dash,matched_headword,high,machine_accepted,direct_page_headword_match,machine_derived,true,false
ORT1888-art-001648,spa,"Pasar el rio, nadar",,Ortega1888[71],ORT1888-cand-001648,ORTEGA1888-TEPIC-IA,75,71,4083,4084,"Pasar el rio, nadar — Anta. N.",em_dash,matched_headword,high,machine_accepted,direct_page_headword_match,machine_derived,true,false
ORT1888-art-001649,spa,Pasar adelante,,Ortega1888[71],ORT1888-cand-001649,ORTEGA1888-TEPIC-IA,75,71,4085,4086,Pasar adelante — NAhévezt. N.,em_dash,matched_headword,high,machine_accepted,direct_page_headword_match,machine_derived,true,false
ORT1888-art-001650,spa,Pasar fruía,,Ortega1888[71],ORT1888-cand-001650,ORTEGA1888-TEPIC-IA,75,71,4087,4088,Pasar fruía. — Yeuxa. Neti.,em_dash,matched_headword,high,machine_accepted,direct_page_headword_match,machine_derived,true,false
ORT1888-art-001651,spa,"Pasearse, di vertirse",,Ortega1888[71],ORT1888-cand-001651,ORTEGA1888-TEPIC-IA,75,71,4089,4090,"Pasearse, di vertirse. — Pazeárubí.",em_dash,matched_headword,high,machine_accepted,direct_page_headword_match,machine_derived,true,false
ORT1888-art-001652,spa,Pasión trabajosa,,Ortega1888[71],ORT1888-cand-001652,ORTEGA1888-TEPIC-IA,75,71,4091,4092,Pasión trabajosa.-^ Puáihtzit.,hyphen_variant,matched_headword,medium,machine_accepted,direct_page_headword_match,machine_derived,true,false
ORT1888-art-001653,spa,Pasto para las bestias,,Ortega1888[71],ORT1888-cand-001653,ORTEGA1888-TEPIC-IA,75,71,4093,4094,Pasto para las bestias. — Euxixht'i.,em_dash,matched_headword,high,machine_accepted,direct_page_headword_match,machine_derived,true,false
ORT1888-art-001654,spa,Pasto aver,,Ortega1888[71],ORT1888-cand-001654,ORTEGA1888-TEPIC-IA,75,71,4095,4096,Pasto aver. — Hu^ü/xatá.,em_dash,matched_headword,high,machine_accepted,direct_page_headword_match,machine_derived,true,false
ORT1888-art-001655,spa,Pasmarse la bestia,,Ortega1888[71],ORT1888-cand-001655,ORTEGA1888-TEPIC-IA,75,71,4097,4098,"Pasmarse la bestia.— AAuzcarutzá,",em_dash,matched_headword,high,machine_accepted,direct_page_headword_match,machine_derived,true,false
ORT1888-art-001656,spa,Paso del rio,,Ortega1888[71],ORT1888-cand-001656,ORTEGA1888-TEPIC-IA,75,71,4099,4100,Paso del rio. — Antayéic.,em_dash,matched_headword,high,machine_accepted,direct_page_headword_match,machine_derived,true,false
ORT1888-art-001657,spa,Pato,,Ortega1888[71],ORT1888-cand-001657,ORTEGA1888-TEPIC-IA,75,71,4101,4105,"Pato. — Moarúi. pl. tzi. | Pato de tierra Caliente encarnado, | tzi.",em_dash,matched_headword,high,machine_accepted,direct_page_headword_match,machine_derived,true,false
ORT1888-art-001658,spa,Paves,,Ortega1888[71],ORT1888-cand-001658,ORTEGA1888-TEPIC-IA,75,71,4106,4107,Paves. — Busca adarba.,em_dash,matched_headword,high,machine_accepted,direct_page_headword_match,machine_derived,true,false
ORT1888-art-001659,spa,Pájaro generalmente,,Ortega1888[71],ORT1888-cand-001659,ORTEGA1888-TEPIC-IA,75,71,4108,4113,Pájaro generalmente.— Busca ave. | Ne.,em_dash,matched_headword,high,machine_accepted,direct_page_headword_match,machine_derived,true,false
ORT1888-art-001660,spa,Pecado,,Ortega1888[72],ORT1888-cand-001660,ORTEGA1888-TEPIC-IA,76,72,4120,4121,Pecado. — Busca ofensa.,em_dash,matched_headword,high,machine_accepted,direct_page_headword_match,machine_derived,true,false
ORT1888-art-001661,spa,Pecador,,Ortega1888[72],ORT1888-cand-001661,ORTEGA1888-TEPIC-IA,76,72,4122,4123,Pecador. — Busca ofensor.,em_dash,matched_headword,high,machine_accepted,direct_page_headword_match,machine_derived,true,false
ORT1888-art-001662,spa,Pecar,,Ortega1888[72],ORT1888-cand-001662,ORTEGA1888-TEPIC-IA,76,72,4124,4125,Pecar.— Busca ofender.,em_dash,matched_headword,high,machine_accepted,direct_page_headword_match,machine_derived,true,false
ORT1888-art-001663,spa,"Pez, ó pescador generalmente",,Ortega1888[72],ORT1888-cand-001663,ORTEGA1888-TEPIC-IA,76,72,4126,4127,"Pez, ó pescador generalmente. — Hucat",em_dash,matched_headword,high,machine_accepted,direct_page_headword_match,machine_derived,true,false
ORT1888-art-001664,spa,Pedazo,,Ortega1888[72],ORT1888-cand-001664,ORTEGA1888-TEPIC-IA,76,72,4128,4129,Pedazo.— Pitzicai.,em_dash,matched_headword,high,machine_accepted,direct_page_headword_match,machine_derived,true,false
ORT1888-art-001665,spa,Pedernal prieto para flechas,,Ortega1888[72],ORT1888-cand-001665,ORTEGA1888-TEPIC-IA,76,72,4130,4131,Pedernal prieto para flechas. — Teaca,em_dash,matched_headword,high,machine_accepted,direct_page_headword_match,machine_derived,true,false
ORT1888-art-001666,spa,Pedir,,Ortega1888[72],ORT1888-cand-001666,ORTEGA1888-TEPIC-IA,76,72,4132,4133,Pedir. — Huaviya. Neti.,em_dash,matched_headword,high,machine_accepted,direct_page_headword_match,machine_derived,true,false
ORT1888-art-001667,spa,Pedorro,,Ortega1888[72],ORT1888-cand-001667,ORTEGA1888-TEPIC-IA,76,72,4134,4135,Pedorro. — Earipúzte,em_dash,matched_headword,high,machine_accepted,direct_page_headword_match,machine_derived,true,false
ORT1888-art-001668,spa,Pedo,,Ortega1888[72],ORT1888-cand-001668,ORTEGA1888-TEPIC-IA,76,72,4136,4137,Pedo. — Earit.,em_dash,matched_headword,high,machine_accepted,direct_page_headword_match,machine_derived,true,false
ORT1888-art-001669,spa,Perse,,Ortega1888[72],ORT1888-cand-001669,ORTEGA1888-TEPIC-IA,76,72,4138,4139,Perse. — Eá. Nea.,em_dash,matched_headword,high,machine_accepted,direct_page_headword_match,machine_derived,true,false
ORT1888-art-001670,spa,"Pegar, generalmente",,Ortega1888[72],ORT1888-cand-001670,ORTEGA1888-TEPIC-IA,76,72,4140,4141,"Pegar, generalmente. — Bite. Neteu.",em_dash,matched_headword,high,machine_accepted,direct_page_headword_match,machine_derived,true,false
ORT1888-art-001671,spa,Pegarse los perros,,Ortega1888[72],ORT1888-cand-001671,ORTEGA1888-TEPIC-IA,76,72,4142,4143,Pegarse los perros. — Vbácatzi.,em_dash,matched_headword,high,machine_accepted,direct_page_headword_match,machine_derived,true,false
ORT1888-art-001672,spa,Peinar,,Ortega1888[72],ORT1888-cand-001672,ORTEGA1888-TEPIC-IA,76,72,4144,4145,Peinar.— NCatze. Neti.,em_dash,matched_headword,high,machine_accepted,direct_page_headword_match,machine_derived,true,false
ORT1888-art-001673,spa,Peine,,Ortega1888[72],ORT1888-cand-001673,ORTEGA1888-TEPIC-IA,76,72,4146,4147,Peine. — Busca escobeta.,em_dash,matched_headword,high,machine_accepted,direct_page_headword_match,machine_derived,true,false
ORT1888-art-001674,spa,"Pelar, quitar el pelo, r",,Ortega1888[72],ORT1888-cand-001674,ORTEGA1888-TEPIC-IA,76,72,4148,4149,"Pelar, quitar el pelo, r— Caye. Neti.",em_dash,matched_headword,high,machine_accepted,direct_page_headword_match,machine_derived,true,false
ORT1888-art-001675,spa,"Pelar aves, desplumarlas",,Ortega1888[72],ORT1888-cand-001675,ORTEGA1888-TEPIC-IA,76,72,4150,4151,"Pelar aves, desplumarlas. — Busca desplumar",em_dash,matched_headword,high,machine_accepted,direct_page_headword_match,machine_derived,true,false
ORT1888-art-001676,spa,"Pelar la sementera, limpiarla",,Ortega1888[72],ORT1888-cand-001676,ORTEGA1888-TEPIC-IA,76,72,4152,4153,"Pelar la sementera, limpiarla. — Mua. Neti.",em_dash,matched_headword,high,machine_accepted,direct_page_headword_match,machine_derived,true,false
ORT1888-art-001677,spa,Pelarse,,Ortega1888[72],ORT1888-cand-001677,ORTEGA1888-TEPIC-IA,76,72,4154,4155,Pelarse.— Apiri é. Netipmé.,em_dash,matched_headword,high,machine_accepted,direct_page_headword_match,machine_derived,true,false
ORT1888-art-001678,spa,Pellejo,,Ortega1888[72],ORT1888-cand-001678,ORTEGA1888-TEPIC-IA,76,72,4156,4157,Pellejo. — Nauérit.,em_dash,matched_headword,high,machine_accepted,direct_page_headword_match,machine_derived,true,false
ORT1888-art-001679,spa,Pellejo arrancado,,Ortega1888[72],ORT1888-cand-001679,ORTEGA1888-TEPIC-IA,76,72,4158,4159,Pellejo arrancado. — Navit.,em_dash,matched_headword,high,machine_accepted,direct_page_headword_match,machine_derived,true,false
ORT1888-art-001680,spa,Pellizcar,,Ortega1888[72],ORT1888-cand-001680,ORTEGA1888-TEPIC-IA,76,72,4160,4161,Pellizcar.— ^Xetzina. Neti.,em_dash,matched_headword,high,machine_accepted,direct_page_headword_match,machine_derived,true,false
ORT1888-art-001681,spa,Pellizco,,Ortega1888[72],ORT1888-cand-001681,ORTEGA1888-TEPIC-IA,76,72,4162,4163,Pellizco. — Xetzineat.,em_dash,matched_headword,high,machine_accepted,direct_page_headword_match,machine_derived,true,false
ORT1888-art-001682,spa,Pelo,,Ortega1888[72],ORT1888-cand-001682,ORTEGA1888-TEPIC-IA,76,72,4164,4165,Pelo. — sKepoáti,em_dash,matched_headword,high,machine_accepted,direct_page_headword_match,machine_derived,true,false
ORT1888-art-001683,spa,Pelón sin pelo,,Ortega1888[72],ORT1888-cand-001683,ORTEGA1888-TEPIC-IA,76,72,4166,4167,Pelón sin pelo. — Cayemihua.,em_dash,matched_headword,high,machine_accepted,direct_page_headword_match,machine_derived,true,false
ORT1888-art-001684,spa,Pelota para jugar,,Ortega1888[72],ORT1888-cand-001684,ORTEGA1888-TEPIC-IA,76,72,4168,4169,Pelota para jugar.-^Teúra.,hyphen_variant,matched_headword,medium,machine_accepted,direct_page_headword_match,machine_derived,true,false
ORT1888-art-001685,spa,Pena generalmente,,Ortega1888[72],ORT1888-cand-001685,ORTEGA1888-TEPIC-IA,76,72,4170,4171,Pena generalmente. — Poayhzit.,em_dash,matched_headword,high,machine_accepted,direct_page_headword_match,machine_derived,true,false
ORT1888-art-001686,spa,Penar,,Ortega1888[72],ORT1888-cand-001686,ORTEGA1888-TEPIC-IA,76,72,4172,4173,Penar. — Xeupoáhite.Netimpoaihte.,em_dash,matched_headword,high,machine_accepted,direct_page_headword_match,machine_derived,true,false
ORT1888-art-001687,spa,Penacho,,Ortega1888[72],ORT1888-cand-001687,ORTEGA1888-TEPIC-IA,76,72,4174,4175,Penacho. — Mu veri t.,em_dash,matched_headword,high,machine_accepted,direct_page_headword_match,machine_derived,true,false
ORT1888-art-001688,spa,Penca de mezcal,,Ortega1888[72],ORT1888-cand-001688,ORTEGA1888-TEPIC-IA,76,72,4176,4177,Penca de mezcal. — Moaihti.,em_dash,matched_headword,high,machine_accepted,direct_page_headword_match,machine_derived,true,false
ORT1888-art-001689,spa,Pensar,,Ortega1888[72],ORT1888-cand-001689,ORTEGA1888-TEPIC-IA,76,72,4178,4179,"Pensar. — ,Múatze. Neti.",em_dash,matched_headword,high,machine_accepted,direct_page_headword_match,machine_derived,true,false
ORT1888-art-001690,spa,Pensamiento,,Ortega1888[72],ORT1888-cand-001690,ORTEGA1888-TEPIC-IA,76,72,4180,4181,Pensamiento. — Muatziat.,em_dash,matched_headword,high,machine_accepted,direct_page_headword_match,machine_derived,true,false
ORT1888-art-001691,spa,Peñasco,,Ortega1888[72],ORT1888-cand-001691,ORTEGA1888-TEPIC-IA,76,72,4182,4187,Peñasco. — Aitn. | 73,em_dash,matched_headword,high,machine_accepted,direct_page_headword_match,machine_derived,true,false
ORT1888-art-001692,spa,Pepita generalmente,,Ortega1888[73],ORT1888-cand-001692,ORTEGA1888-TEPIC-IA,77,73,4188,4189,"Pepita generalmente. — Atziti,",em_dash,matched_headword,high,machine_accepted,direct_page_headword_match,machine_derived,true,false
ORT1888-art-001693,spa,Pequeño,,Ortega1888[73],ORT1888-cand-001693,ORTEGA1888-TEPIC-IA,77,73,4190,4194,Pequeño.— sPitzica. | Peder. Yahué Neteahahue. Upuayahé. Vnatca- | hahé.,em_dash,matched_headword,high,machine_accepted,direct_page_headword_match,machine_derived,true,false
ORT1888-art-001694,spa,Perderse en e] camino,,Ortega1888[73],ORT1888-cand-001694,ORTEGA1888-TEPIC-IA,77,73,4195,4195,Perderse en e] camino. — NAübet. Ne.,em_dash,matched_headword,high,machine_accepted,direct_page_headword_match,machine_derived,true,false
ORT1888-art-001695,spa,Perdón,,Ortega1888[73],ORT1888-cand-001695,ORTEGA1888-TEPIC-IA,77,73,4196,4197,"Perdón , — Vniat.",em_dash,matched_headword,high,machine_accepted,direct_page_headword_match,machine_derived,true,false
ORT1888-art-001696,spa,Perdonarse la injuria,,Ortega1888[73],ORT1888-cand-001696,ORTEGA1888-TEPIC-IA,77,73,4198,4198,Perdonarse la injuria. — AtaaMiiire. Neti.,em_dash,matched_headword,high,machine_accepted,direct_page_headword_match,machine_derived,true,false
ORT1888-art-001697,spa,Perdonar lo que se debe,,Ortega1888[73],ORT1888-cand-001697,ORTEGA1888-TEPIC-IA,77,73,4199,4199,Perdonar lo que se debe. — Busca perdonar la injuria.,em_dash,matched_headword,high,machine_accepted,direct_page_headword_match,machine_derived,true,false
ORT1888-art-001698,spa,Perdurablemente,,Ortega1888[73],ORT1888-cand-001698,ORTEGA1888-TEPIC-IA,77,73,4200,4200,Perdurablemente. ^—Capuanac. etzéni.,em_dash,matched_headword,high,machine_accepted,direct_page_headword_match,machine_derived,true,false
ORT1888-art-001699,spa,Pereza,,Ortega1888[73],ORT1888-cand-001699,ORTEGA1888-TEPIC-IA,77,73,4201,4201,"Pereza, — Vnav ¡a t.",em_dash,matched_headword,high,machine_accepted,direct_page_headword_match,machine_derived,true,false
ORT1888-art-001700,spa,Perezoso,,Ortega1888[73],ORT1888-cand-001700,ORTEGA1888-TEPIC-IA,77,73,4202,4202,Perezoso.—' Vnavizt. pl. tzi.,em_dash,matched_headword,high,machine_accepted,direct_page_headword_match,machine_derived,true,false
ORT1888-art-001701,spa,Perezoso ser,,Ortega1888[73],ORT1888-cand-001701,ORTEGA1888-TEPIC-IA,77,73,4203,4203,Perezoso ser. — Vnavé. Neti.,em_dash,matched_headword,high,machine_accepted,direct_page_headword_match,machine_derived,true,false
ORT1888-art-001702,spa,Permanecer la cosa,,Ortega1888[73],ORT1888-cand-001702,ORTEGA1888-TEPIC-IA,77,73,4204,4204,Permanecer la cosa. — Auchehuátehbe.,em_dash,matched_headword,high,machine_accepted,direct_page_headword_match,machine_derived,true,false
ORT1888-art-001703,spa,Permitir algo,,Ortega1888[73],ORT1888-cand-001703,ORTEGA1888-TEPIC-IA,77,73,4205,4205,Permitir algo. — Celiámoe. Neti.,em_dash,matched_headword,high,machine_accepted,direct_page_headword_match,machine_derived,true,false
ORT1888-art-001704,spa,Permisión,,Ortega1888[73],ORT1888-cand-001704,ORTEGA1888-TEPIC-IA,77,73,4206,4206,Permisión.^— Cehaiiat.,em_dash,matched_headword,high,machine_accepted,direct_page_headword_match,machine_derived,true,false
ORT1888-art-001705,spa,Perro o perra,,Ortega1888[73],ORT1888-cand-001705,ORTEGA1888-TEPIC-IA,77,73,4207,4207,Perro o perra.— vTzewk. pl. Tzittkaurí,em_dash,matched_headword,high,machine_accepted,direct_page_headword_match,machine_derived,true,false
ORT1888-art-001706,spa,persona,,Ortega1888[73],ORT1888-cand-001706,ORTEGA1888-TEPIC-IA,77,73,4208,4208,persona. — Tevifc. pl. Teaiteri.,em_dash,matched_headword,high,machine_accepted,direct_page_headword_match,machine_derived,true,false
ORT1888-art-001707,spa,Pertenecer,,Ortega1888[73],ORT1888-cand-001707,ORTEGA1888-TEPIC-IA,77,73,4209,4209,"Pertenecer ,— Atzáne. Netin.",em_dash,matched_headword,high,machine_accepted,direct_page_headword_match,machine_derived,true,false
ORT1888-art-001708,spa,Pervertir a otro,,Ortega1888[73],ORT1888-cand-001708,ORTEGA1888-TEPIC-IA,77,73,4210,4210,Pervertir a otro. — Tohé. Neti.,em_dash,matched_headword,high,machine_accepted,direct_page_headword_match,machine_derived,true,false
ORT1888-art-001709,spa,Pesada cosa,,Ortega1888[73],ORT1888-cand-001709,ORTEGA1888-TEPIC-IA,77,73,4211,4214,Pesada cosa. — Tiheti. | Pesar tener de alguna cosa | muerite.,em_dash,matched_headword,high,machine_accepted,direct_page_headword_match,machine_derived,true,false
ORT1888-art-001710,spa,Pesadumbre asi,,Ortega1888[73],ORT1888-cand-001710,ORTEGA1888-TEPIC-IA,77,73,4215,4215,Pesadumbre asi. — Xamuchreat.,em_dash,matched_headword,high,machine_accepted,direct_page_headword_match,machine_derived,true,false
ORT1888-art-001711,spa,Pesar en balanza,,Ortega1888[73],ORT1888-cand-001711,ORTEGA1888-TEPIC-IA,77,73,4216,4216,Pesar en balanza. — Pezuvi. Neti.,em_dash,matched_headword,high,machine_accepted,direct_page_headword_match,machine_derived,true,false
ORT1888-art-001712,spa,Pescado,,Ortega1888[72],ORT1888-cand-001712,ORTEGA1888-TEPIC-IA,76,72,4217,4218,Pescado. — Hucat. pl. Hucaitéri. | Pescar con el red. Úchuam. N.,em_dash,matched_headword,high,machine_accepted,direct_page_headword_match,machine_derived,true,false
ORT1888-art-001713,spa,Pescar con el anzuelo,,Ortega1888[73],ORT1888-cand-001713,ORTEGA1888-TEPIC-IA,77,73,4219,4219,Pescar con el anzuelo. — Busca anzuelo.,em_dash,matched_headword,high,machine_accepted,direct_page_headword_match,machine_derived,true,false
ORT1888-art-001714,spa,Pescuezo ó cerviz,,Ortega1888[73],ORT1888-cand-001714,ORTEGA1888-TEPIC-IA,77,73,4220,4220,Pescuezo ó cerviz. — Keupihti.,em_dash,matched_headword,high,machine_accepted,direct_page_headword_match,machine_derived,true,false
ORT1888-art-001715,spa,"Pestaña, r",,Ortega1888[73],ORT1888-cand-001715,ORTEGA1888-TEPIC-IA,77,73,4221,4222,"Pestaña, r— Ceákerit.",em_dash,matched_headword,high,machine_accepted,direct_page_headword_match,machine_derived,true,false
ORT1888-art-001716,spa,Pestañear,,Ortega1888[73],ORT1888-cand-001716,ORTEGA1888-TEPIC-IA,77,73,4223,4223,Pestañear. — sBusca menear los párpados.,em_dash,matched_headword,high,machine_accepted,direct_page_headword_match,machine_derived,true,false
ORT1888-art-001717,spa,Peste aver,,Ortega1888[73],ORT1888-cand-001717,ORTEGA1888-TEPIC-IA,77,73,4224,4224,Peste aver. — Teticui.,em_dash,matched_headword,high,machine_accepted,direct_page_headword_match,machine_derived,true,false
ORT1888-art-001718,spa,Picada,,Ortega1888[73],ORT1888-cand-001718,ORTEGA1888-TEPIC-IA,77,73,4225,4230,Picada. — Tzetziat | Vxamuchrité. Neanxa-,em_dash,matched_headword,high,machine_accepted,direct_page_headword_match,machine_derived,true,false
ORT1888-art-001719,spa,Picar como alacrán,,Ortega1888[74],ORT1888-cand-001719,ORTEGA1888-TEPIC-IA,78,74,4234,4235,Picar como alacrán. — Che. Mete,em_dash,matched_headword,high,machine_accepted,direct_page_headword_match,machine_derived,true,false
ORT1888-art-001720,spa,Picada asi,,Ortega1888[74],ORT1888-cand-001720,ORTEGA1888-TEPIC-IA,78,74,4236,4237,Picada asi. — Cheitziat,em_dash,matched_headword,high,machine_accepted,direct_page_headword_match,machine_derived,true,false
ORT1888-art-001721,spa,Picar carne,,Ortega1888[74],ORT1888-cand-001721,ORTEGA1888-TEPIC-IA,78,74,4238,4239,Picar carne.— -Béhehi. Neti.,em_dash,matched_headword,high,machine_accepted,direct_page_headword_match,machine_derived,true,false
ORT1888-art-001722,spa,Pico de ave,,Ortega1888[74],ORT1888-cand-001722,ORTEGA1888-TEPIC-IA,78,74,4240,4241,Pico de ave.- — Yxeti.,em_dash,matched_headword,high,machine_accepted,direct_page_headword_match,machine_derived,true,false
ORT1888-art-001723,spa,Pie de animal,,Ortega1888[74],ORT1888-cand-001723,ORTEGA1888-TEPIC-IA,78,74,4242,4243,Pie de animal. — Chapoariti.,em_dash,matched_headword,high,machine_accepted,direct_page_headword_match,machine_derived,true,false
ORT1888-art-001724,spa,Piedra,,Ortega1888[74],ORT1888-cand-001724,ORTEGA1888-TEPIC-IA,78,74,4244,4245,"Piedra. ,-Teten. Teteti.",hyphen_variant,matched_headword,medium,machine_accepted,direct_page_headword_match,machine_derived,true,false
ORT1888-art-001725,spa,Piedra para moler maíz,,Ortega1888[74],ORT1888-cand-001725,ORTEGA1888-TEPIC-IA,78,74,4246,4250,Piedra para moler maíz — Muatáti | Piedra de que se sacan nav | prieto.,em_dash,matched_headword,high,machine_accepted,direct_page_headword_match,machine_derived,true,false
ORT1888-art-001726,spa,Piel,,Ortega1888[74],ORT1888-cand-001726,ORTEGA1888-TEPIC-IA,78,74,4251,4251,Piel. — Busca pellejo.,em_dash,matched_headword,high,machine_accepted,direct_page_headword_match,machine_derived,true,false
ORT1888-art-001727,spa,Pino,,Ortega1888[74],ORT1888-cand-001727,ORTEGA1888-TEPIC-IA,78,74,4252,4252,Pino.— Ocótn. Ocóti.,em_dash,matched_headword,high,machine_accepted,direct_page_headword_match,machine_derived,true,false
ORT1888-art-001728,spa,Piñal,,Ortega1888[74],ORT1888-cand-001728,ORTEGA1888-TEPIC-IA,78,74,4253,4253,Piñal. — Ocótzáta.,em_dash,matched_headword,high,machine_accepted,direct_page_headword_match,machine_derived,true,false
ORT1888-art-001729,spa,Pintar,,Ortega1888[74],ORT1888-cand-001729,ORTEGA1888-TEPIC-IA,78,74,4254,4254,Pintar .-^.Xúxa. Neti.,hyphen_variant,matched_headword,medium,machine_accepted,direct_page_headword_match,machine_derived,true,false
ORT1888-art-001730,spa,Pintor,,Ortega1888[74],ORT1888-cand-001730,ORTEGA1888-TEPIC-IA,78,74,4255,4255,"Pintor, — Tiyúxame. pl. tzi.",em_dash,matched_headword,high,machine_accepted,direct_page_headword_match,machine_derived,true,false
ORT1888-art-001731,spa,Pinto,,Ortega1888[74],ORT1888-cand-001731,ORTEGA1888-TEPIC-IA,78,74,4256,4256,"Pinto. ,—Yuxare.",em_dash,matched_headword,high,machine_accepted,direct_page_headword_match,machine_derived,true,false
ORT1888-art-001732,spa,"Pintura, r",,Ortega1888[74],ORT1888-cand-001732,ORTEGA1888-TEPIC-IA,78,74,4257,4257,"Pintura, r— Yúzeat.",em_dash,matched_headword,high,machine_accepted,direct_page_headword_match,machine_derived,true,false
ORT1888-art-001733,spa,"Pina, fruta",,Ortega1888[74],ORT1888-cand-001733,ORTEGA1888-TEPIC-IA,78,74,4258,4258,"Pina, fruta.— Moatzahtí.",em_dash,matched_headword,high,machine_accepted,direct_page_headword_match,machine_derived,true,false
ORT1888-art-001734,spa,Piojo de la cabeza,,Ortega1888[74],ORT1888-cand-001734,ORTEGA1888-TEPIC-IA,78,74,4259,4259,"Piojo de la cabeza. — Atete, pl. Atétzi",em_dash,matched_headword,high,machine_accepted,direct_page_headword_match,machine_derived,true,false
ORT1888-art-001735,spa,"Pisar, generalmeute",,Ortega1888[74],ORT1888-cand-001735,ORTEGA1888-TEPIC-IA,78,74,4260,4260,"Pisar, generalmeute. — Tzina. Neti.",em_dash,matched_headword,high,machine_accepted,direct_page_headword_match,machine_derived,true,false
ORT1888-art-001736,spa,Pisar alguna cosa,,Ortega1888[74],ORT1888-cand-001736,ORTEGA1888-TEPIC-IA,78,74,4261,4261,"Pisar alguna cosa, — Bétze. Nete.",em_dash,matched_headword,high,machine_accepted,direct_page_headword_match,machine_derived,true,false
ORT1888-art-001737,spa,Pisiete que mascan,,Ortega1888[74],ORT1888-cand-001737,ORTEGA1888-TEPIC-IA,78,74,4262,4262,Pisiete que mascan. — Acuait.,em_dash,matched_headword,high,machine_accepted,direct_page_headword_match,machine_derived,true,false
ORT1888-art-001738,spa,Pisiete mascar,,Ortega1888[74],ORT1888-cand-001738,ORTEGA1888-TEPIC-IA,78,74,4263,4263,Pisiete mascar. — Vhuatehuaca N.,em_dash,matched_headword,high,machine_accepted,direct_page_headword_match,machine_derived,true,false
ORT1888-art-001739,spa,Pito real,,Ortega1888[74],ORT1888-cand-001739,ORTEGA1888-TEPIC-IA,78,74,4264,4264,Pito real. — Yéaru. pl. tzi.,em_dash,matched_headword,high,machine_accepted,direct_page_headword_match,machine_derived,true,false
ORT1888-art-001740,spa,Pi tahalí a,,Ortega1888[74],ORT1888-cand-001740,ORTEGA1888-TEPIC-IA,78,74,4265,4265,Pi tahalí a. — Moara.,em_dash,matched_headword,high,machine_accepted,direct_page_headword_match,machine_derived,true,false
ORT1888-art-001741,spa,Pitar,,Ortega1888[74],ORT1888-cand-001741,ORTEGA1888-TEPIC-IA,78,74,4266,4266,Pitar.— Bike. Ne.,em_dash,matched_headword,high,machine_accepted,direct_page_headword_match,machine_derived,true,false
ORT1888-art-001742,spa,Pitar chillando,,Ortega1888[74],ORT1888-cand-001742,ORTEGA1888-TEPIC-IA,78,74,4267,4267,Pitar chillando. — Muáxe Ne.,em_dash,matched_headword,high,machine_accepted,direct_page_headword_match,machine_derived,true,false
ORT1888-art-001743,spa,Planta del pié,,Ortega1888[74],ORT1888-cand-001743,ORTEGA1888-TEPIC-IA,78,74,4268,4268,Planta del pié. — Busca pié,em_dash,matched_headword,high,machine_accepted,direct_page_headword_match,machine_derived,true,false
ORT1888-art-001744,spa,Plantar árboles,,Ortega1888[74],ORT1888-cand-001744,ORTEGA1888-TEPIC-IA,78,74,4269,4269,Plantar árboles. — Hixte. Neti.,em_dash,matched_headword,high,machine_accepted,direct_page_headword_match,machine_derived,true,false
ORT1888-art-001745,spa,Platicar con otro,,Ortega1888[74],ORT1888-cand-001745,ORTEGA1888-TEPIC-IA,78,74,4270,4270,Platicar con otro. — Busca parlar.,em_dash,matched_headword,high,machine_accepted,direct_page_headword_match,machine_derived,true,false
ORT1888-art-001746,spa,Plática tal,,Ortega1888[74],ORT1888-cand-001746,ORTEGA1888-TEPIC-IA,78,74,4271,4271,Plática tal. ^ — Xahtzit.,em_dash,matched_headword,high,machine_accepted,direct_page_headword_match,machine_derived,true,false
ORT1888-art-001747,spa,Plátano,,Ortega1888[74],ORT1888-cand-001747,ORTEGA1888-TEPIC-IA,78,74,4272,4272,Plátano.-^ Xánarit.,hyphen_variant,matched_headword,medium,machine_accepted,direct_page_headword_match,machine_derived,true,false
ORT1888-art-001748,spa,"Placer, regocijo",,Ortega1888[74],ORT1888-cand-001748,ORTEGA1888-TEPIC-IA,78,74,4273,4278,"Placer, regocijo. — Busca gozo. | ,Tajas. Busca pedernal",em_dash,matched_headword,high,machine_accepted,direct_page_headword_match,machine_derived,true,false
ORT1888-art-001749,spa,"Plazo, poner. r",,Ortega1888[75],ORT1888-cand-001749,ORTEGA1888-TEPIC-IA,79,75,4285,4286,"Plazo, poner. r— Ateihteri. Ne.",em_dash,matched_headword,high,machine_accepted,direct_page_headword_match,machine_derived,true,false
ORT1888-art-001750,spa,Plegar,,Ortega1888[75],ORT1888-cand-001750,ORTEGA1888-TEPIC-IA,79,75,4287,4288,Plegar. —Busca fruncir.,em_dash,matched_headword,high,machine_accepted,direct_page_headword_match,machine_derived,true,false
ORT1888-art-001751,spa,Pleito aver,,Ortega1888[75],ORT1888-cand-001751,ORTEGA1888-TEPIC-IA,79,75,4289,4290,Pleito aver. — Maucúbua.,em_dash,matched_headword,high,machine_accepted,direct_page_headword_match,machine_derived,true,false
ORT1888-art-001752,spa,Pluma,,Ortega1888[75],ORT1888-cand-001752,ORTEGA1888-TEPIC-IA,79,75,4291,4292,Pluma. — Atratz.,em_dash,matched_headword,high,machine_accepted,direct_page_headword_match,machine_derived,true,false
ORT1888-art-001753,spa,Plumero.',,Ortega1888[75],ORT1888-cand-001753,ORTEGA1888-TEPIC-IA,79,75,4293,4294,Plumero.' — Busca penacho.,em_dash,matched_headword,high,machine_accepted,direct_page_headword_match,machine_derived,true,false
ORT1888-art-001754,spa,Pobre estar,,Ortega1888[75],ORT1888-cand-001754,ORTEGA1888-TEPIC-IA,79,75,4295,4296,Pobre estar. ^-Nempúeheké. nenuehke.,hyphen_variant,matched_headword,medium,machine_accepted,direct_page_headword_match,machine_derived,true,false
ORT1888-art-001755,spa,"Poco, nombre adj",,Ortega1888[75],ORT1888-cand-001755,ORTEGA1888-TEPIC-IA,79,75,4297,4298,"Poco, nombre adj. — Atzú.",em_dash,matched_headword,high,machine_accepted,direct_page_headword_match,machine_derived,true,false
ORT1888-art-001756,spa,Poco antes,,Ortega1888[75],ORT1888-cand-001756,ORTEGA1888-TEPIC-IA,79,75,4299,4300,"Poco antes. — Busca, no ha mucho.",em_dash,matched_headword,high,machine_accepted,direct_page_headword_match,machine_derived,true,false
ORT1888-art-001757,spa,Pocas veces,,Ortega1888[75],ORT1888-cand-001757,ORTEGA1888-TEPIC-IA,79,75,4301,4302,Pocas veces. — Atzüpoamáxu,em_dash,matched_headword,high,machine_accepted,direct_page_headword_match,machine_derived,true,false
ORT1888-art-001758,spa,Poco a poco,,Ortega1888[75],ORT1888-cand-001758,ORTEGA1888-TEPIC-IA,79,75,4303,4304,Poco a poco.— > Xah ten.,em_dash,matched_headword,high,machine_accepted,direct_page_headword_match,machine_derived,true,false
ORT1888-art-001759,spa,Podar,,Ortega1888[75],ORT1888-cand-001759,ORTEGA1888-TEPIC-IA,79,75,4305,4306,Podar. — Behche. Neti.,em_dash,matched_headword,high,machine_accepted,direct_page_headword_match,machine_derived,true,false
ORT1888-art-001760,spa,"Poder, nombre",,Ortega1888[75],ORT1888-cand-001760,ORTEGA1888-TEPIC-IA,79,75,4307,4308,"Poder, nombre. — Huata^/riat.",em_dash,matched_headword,high,machine_accepted,direct_page_headword_match,machine_derived,true,false
ORT1888-art-001761,spa,"Poder, verbo",,Ortega1888[75],ORT1888-cand-001761,ORTEGA1888-TEPIC-IA,79,75,4309,4312,"Poder, verbo. ^— Huatap/hbe. Hatacihbe | Poderoso. Huata<°/hl)acame. pl. tzi.",em_dash,matched_headword,high,machine_accepted,direct_page_headword_match,machine_derived,true,false
ORT1888-art-001762,spa,Podre,,Ortega1888[75],ORT1888-cand-001762,ORTEGA1888-TEPIC-IA,79,75,4313,4314,Podre. — Busca materia.,em_dash,matched_headword,high,machine_accepted,direct_page_headword_match,machine_derived,true,false
ORT1888-art-001763,spa,Podrirse la cosa,,Ortega1888[75],ORT1888-cand-001763,ORTEGA1888-TEPIC-IA,79,75,4315,4316,Podrirse la cosa. — Petné. Ne.,em_dash,matched_headword,high,machine_accepted,direct_page_headword_match,machine_derived,true,false
ORT1888-art-001764,spa,Polilla,,Ortega1888[75],ORT1888-cand-001764,ORTEGA1888-TEPIC-IA,79,75,4317,4318,Polilla. — Tipenitéhahuame. pl. tzi.,em_dash,matched_headword,high,machine_accepted,direct_page_headword_match,machine_derived,true,false
ORT1888-art-001765,spa,Polvo,,Ortega1888[75],ORT1888-cand-001765,ORTEGA1888-TEPIC-IA,79,75,4319,4320,Polvo. — Chuehti,em_dash,matched_headword,high,machine_accepted,direct_page_headword_match,machine_derived,true,false
ORT1888-art-001766,spa,"Pollo, hijo de la gallina",,Ortega1888[75],ORT1888-cand-001766,ORTEGA1888-TEPIC-IA,79,75,4321,4322,"Pollo, hijo de la gallina. —Busca gallina.",em_dash,matched_headword,high,machine_accepted,direct_page_headword_match,machine_derived,true,false
ORT1888-art-001767,spa,Poner,,Ortega1888[75],ORT1888-cand-001767,ORTEGA1888-TEPIC-IA,79,75,4323,4324,Poner.— ^ Ye púa-. Yenüa.,em_dash,matched_headword,high,machine_accepted,direct_page_headword_match,machine_derived,true,false
ORT1888-art-001768,spa,Poner la gallina,,Ortega1888[75],ORT1888-cand-001768,ORTEGA1888-TEPIC-IA,79,75,4325,4326,Poner la gallina. — Nuí. Neti.,em_dash,matched_headword,high,machine_accepted,direct_page_headword_match,machine_derived,true,false
ORT1888-art-001769,spa,Ponerse el capote,,Ortega1888[75],ORT1888-cand-001769,ORTEGA1888-TEPIC-IA,79,75,4327,4328,Ponerse el capote. — Yepuateáte. yenateate.,em_dash,matched_headword,high,machine_accepted,direct_page_headword_match,machine_derived,true,false
ORT1888-art-001770,spa,"Por, prep. para dar causa",,Ortega1888[75],ORT1888-cand-001770,ORTEGA1888-TEPIC-IA,79,75,4329,4330,"Por, prep. para dar causa. — Keme.",em_dash,matched_headword,high,machine_accepted,direct_page_headword_match,machine_derived,true,false
ORT1888-art-001771,spa,Por ventura,,Ortega1888[75],ORT1888-cand-001771,ORTEGA1888-TEPIC-IA,79,75,4331,4332,Por ventura.- -Ne.,hyphen_variant,matched_headword,medium,machine_accepted,direct_page_headword_match,machine_derived,true,false
ORT1888-art-001772,spa,Por dónde1?,,Ortega1888[75],ORT1888-cand-001772,ORTEGA1888-TEPIC-IA,79,75,4333,4334,Por dónde1?.— >Aeineitta?,em_dash,matched_headword,high,machine_accepted,direct_page_headword_match,machine_derived,true,false
ORT1888-art-001773,spa,Por qué?,,Ortega1888[75],ORT1888-cand-001773,ORTEGA1888-TEPIC-IA,79,75,4335,4336,Por qué? — Aeineitta?,em_dash,matched_headword,high,machine_accepted,direct_page_headword_match,machine_derived,true,false
ORT1888-art-001774,spa,Poseer,,Ortega1888[75],ORT1888-cand-001774,ORTEGA1888-TEPIC-IA,79,75,4337,4338,Poseer. — Cheaé. Neti.,em_dash,matched_headword,high,machine_accepted,direct_page_headword_match,machine_derived,true,false
ORT1888-art-001775,spa,Pozo,,Ortega1888[75],ORT1888-cand-001775,ORTEGA1888-TEPIC-IA,79,75,4339,4340,Pozo. — Tetécüne.,em_dash,matched_headword,high,machine_accepted,direct_page_headword_match,machine_derived,true,false
ORT1888-art-001776,spa,"Predicar, hacer sermon",,Ortega1888[75],ORT1888-cand-001776,ORTEGA1888-TEPIC-IA,79,75,4341,4342,"Predicar, hacer sermon. — Muaté. Neti",em_dash,matched_headword,high,machine_accepted,direct_page_headword_match,machine_derived,true,false
ORT1888-art-001777,spa,Predicador,,Ortega1888[75],ORT1888-cand-001777,ORTEGA1888-TEPIC-IA,79,75,4343,4344,Predicador. — Timuateahuame. pl. tzi.,em_dash,matched_headword,high,machine_accepted,direct_page_headword_match,machine_derived,true,false
ORT1888-art-001778,spa,Predicación,,Ortega1888[75],ORT1888-cand-001778,ORTEGA1888-TEPIC-IA,79,75,4345,4346,Predicación. — Muatihat.,em_dash,matched_headword,high,machine_accepted,direct_page_headword_match,machine_derived,true,false
ORT1888-art-001779,spa,Pregonar,,Ortega1888[75],ORT1888-cand-001779,ORTEGA1888-TEPIC-IA,79,75,4347,4352,Pregonar. — Hihhua. Neti. | 76,em_dash,matched_headword,high,machine_accepted,direct_page_headword_match,machine_derived,true,false
ORT1888-art-001780,spa,Pregunta,,Ortega1888[76],ORT1888-cand-001780,ORTEGA1888-TEPIC-IA,80,76,4358,4359,Pregunta. — Huavirit.,em_dash,matched_headword,high,machine_accepted,direct_page_headword_match,machine_derived,true,false
ORT1888-art-001781,spa,"Premiar, r",,Ortega1888[76],ORT1888-cand-001781,ORTEGA1888-TEPIC-IA,80,76,4360,4361,"Premiar, r— Tacare. Nete.",em_dash,matched_headword,high,machine_accepted,direct_page_headword_match,machine_derived,true,false
ORT1888-art-001782,spa,Prender la planta,,Ortega1888[76],ORT1888-cand-001782,ORTEGA1888-TEPIC-IA,80,76,4362,4363,Prender la planta. — Ahtanezim.,em_dash,matched_headword,high,machine_accepted,direct_page_headword_match,machine_derived,true,false
ORT1888-art-001783,spa,Preñada estar,,Ortega1888[76],ORT1888-cand-001783,ORTEGA1888-TEPIC-IA,80,76,4364,4365,"Preñada estar. — Hutza, Ne.",em_dash,matched_headword,high,machine_accepted,direct_page_headword_match,machine_derived,true,false
ORT1888-art-001784,spa,Prestar como quiera,,Ortega1888[76],ORT1888-cand-001784,ORTEGA1888-TEPIC-IA,80,76,4366,4367,Prestar como quiera. — Nehte. Neteu,em_dash,matched_headword,high,machine_accepted,direct_page_headword_match,machine_derived,true,false
ORT1888-art-001785,spa,Presto ado,,Ortega1888[76],ORT1888-cand-001785,ORTEGA1888-TEPIC-IA,80,76,4368,4369,Presto ado — Üiyétat.,em_dash,matched_headword,high,machine_accepted,direct_page_headword_match,machine_derived,true,false
ORT1888-art-001786,spa,Prieto,,Ortega1888[76],ORT1888-cand-001786,ORTEGA1888-TEPIC-IA,80,76,4370,4371,Prieto. — Busca negro.,em_dash,matched_headword,high,machine_accepted,direct_page_headword_match,machine_derived,true,false
ORT1888-art-001787,spa,Primero,,Ortega1888[76],ORT1888-cand-001787,ORTEGA1888-TEPIC-IA,80,76,4372,4373,"Primero. ,— Ahcuata.",em_dash,matched_headword,high,machine_accepted,direct_page_headword_match,machine_derived,true,false
ORT1888-art-001788,spa,Pi i ra a herman a,,Ortega1888[76],ORT1888-cand-001788,ORTEGA1888-TEPIC-IA,80,76,4374,4375,Pi i ra a herman a . — Ti hu tz i,em_dash,matched_headword,high,machine_accepted,direct_page_headword_match,machine_derived,true,false
ORT1888-art-001789,spa,Primo hermano,,Ortega1888[76],ORT1888-cand-001789,ORTEGA1888-TEPIC-IA,80,76,4376,4379,"Primo hermano. —Tihát/i, | Primo y prima segunda.-",em_dash,matched_headword,high,machine_accepted,direct_page_headword_match,machine_derived,true,false
ORT1888-art-001790,spa,Prometer,,Ortega1888[76],ORT1888-cand-001790,ORTEGA1888-TEPIC-IA,80,76,4380,4381,Prometer. — Yxate. Neteu.,em_dash,matched_headword,high,machine_accepted,direct_page_headword_match,machine_derived,true,false
ORT1888-art-001791,spa,Proponer algo,,Ortega1888[76],ORT1888-cand-001791,ORTEGA1888-TEPIC-IA,80,76,4382,4383,Proponer algo — Purhuaohé,em_dash,matched_headword,high,machine_accepted,direct_page_headword_match,machine_derived,true,false
ORT1888-art-001792,spa,Probar algo,,Ortega1888[76],ORT1888-cand-001792,ORTEGA1888-TEPIC-IA,80,76,4384,4385,Probar algo.— Muat/é. Neti.,em_dash,matched_headword,high,machine_accepted,direct_page_headword_match,machine_derived,true,false
ORT1888-art-001793,spa,Provocar á otro,,Ortega1888[76],ORT1888-cand-001793,ORTEGA1888-TEPIC-IA,80,76,4386,4387,Provocar á otro. — Haxeite.,em_dash,matched_headword,high,machine_accepted,direct_page_headword_match,machine_derived,true,false
ORT1888-art-001794,spa,Próximo,,Ortega1888[76],ORT1888-cand-001794,ORTEGA1888-TEPIC-IA,80,76,4388,4389,Próximo. -^Tühuá. pl. Tühuamoa.,hyphen_variant,matched_headword,medium,machine_accepted,direct_page_headword_match,machine_derived,true,false
ORT1888-art-001795,spa,Público ser,,Ortega1888[76],ORT1888-cand-001795,ORTEGA1888-TEPIC-IA,80,76,4390,4391,Público ser. — Moarérihua.,em_dash,matched_headword,high,machine_accepted,direct_page_headword_match,machine_derived,true,false
ORT1888-art-001796,spa,"Pueblo, de gente",,Ortega1888[76],ORT1888-cand-001796,ORTEGA1888-TEPIC-IA,80,76,4392,4393,"Pueblo, de gente. — M^/oceihre.",em_dash,matched_headword,high,machine_accepted,direct_page_headword_match,machine_derived,true,false
ORT1888-art-001797,spa,Puente,,Ortega1888[76],ORT1888-cand-001797,ORTEGA1888-TEPIC-IA,80,76,4394,4395,Puente. — Tean tahét.,em_dash,matched_headword,high,machine_accepted,direct_page_headword_match,machine_derived,true,false
ORT1888-art-001798,spa,Puerco ó puerca,,Ortega1888[76],ORT1888-cand-001798,ORTEGA1888-TEPIC-IA,80,76,4396,4397,Puerco ó puerca.-^ Tuíno,hyphen_variant,matched_headword,medium,machine_accepted,direct_page_headword_match,machine_derived,true,false
ORT1888-art-001799,spa,Pulga,,Ortega1888[76],ORT1888-cand-001799,ORTEGA1888-TEPIC-IA,80,76,4398,4399,"Pulga,— Teapuit. pl. t/i.",em_dash,matched_headword,high,machine_accepted,direct_page_headword_match,machine_derived,true,false
ORT1888-art-001800,spa,Pulpito,,Ortega1888[76],ORT1888-cand-001800,ORTEGA1888-TEPIC-IA,80,76,4400,4401,Pulpito. — Chauhrit.,em_dash,matched_headword,high,machine_accepted,direct_page_headword_match,machine_derived,true,false
ORT1888-art-001801,spa,Punzar,,Ortega1888[76],ORT1888-cand-001801,ORTEGA1888-TEPIC-IA,80,76,4402,4403,Punzar.— Tzet. Neteu.,em_dash,matched_headword,high,machine_accepted,direct_page_headword_match,machine_derived,true,false
ORT1888-art-001802,spa,Punta de cosa delgada,,Ortega1888[76],ORT1888-cand-001802,ORTEGA1888-TEPIC-IA,80,76,4404,4405,Punta de cosa delgada. — Antipitní,em_dash,matched_headword,high,machine_accepted,direct_page_headword_match,machine_derived,true,false
ORT1888-art-001803,spa,"Punta, sacar",,Ortega1888[76],ORT1888-cand-001803,ORTEGA1888-TEPIC-IA,80,76,4406,4407,"Punta, sacar.— Antipitnihwe. Neu.",em_dash,matched_headword,high,machine_accepted,direct_page_headword_match,machine_derived,true,false
ORT1888-art-001804,spa,Purgar la herida,,Ortega1888[76],ORT1888-cand-001804,ORTEGA1888-TEPIC-IA,80,76,4408,4413,Purgar la herida.— Apuxuachye | pl.,em_dash,matched_headword,high,machine_accepted,direct_page_headword_match,machine_derived,true,false
ORT1888-art-001805,spa,Qué?,,Ortega1888[76],ORT1888-cand-001805,ORTEGA1888-TEPIC-IA,80,76,4416,4416,Qué?— Titane?,em_dash,anchored_same_page,medium,machine_accepted,same_page_anchor_support,machine_derived,true,false
ORT1888-art-001806,spa,Quebrar,,Ortega1888[76],ORT1888-cand-001806,ORTEGA1888-TEPIC-IA,80,76,4417,4417,"Quebrar.,^- Tapoa. Neteu.",hyphen_variant,matched_headword,medium,machine_accepted,direct_page_headword_match,machine_derived,true,false
ORT1888-art-001807,spa,Quebrantar la ley,,Ortega1888[76],ORT1888-cand-001807,ORTEGA1888-TEPIC-IA,80,76,4418,4423,Quebrantar la ley.— Busca ofender | 77:,em_dash,matched_headword,high,machine_accepted,direct_page_headword_match,machine_derived,true,false
ORT1888-art-001808,spa,Quebrarse el hueso,,Ortega1888[77],ORT1888-cand-001808,ORTEGA1888-TEPIC-IA,81,77,4424,4424,Quebrarse el hueso.— . Antinácheca.,em_dash,matched_headword,high,machine_accepted,direct_page_headword_match,machine_derived,true,false
ORT1888-art-001809,spa,Quedarse,,Ortega1888[77],ORT1888-cand-001809,ORTEGA1888-TEPIC-IA,81,77,4425,4425,Quedarse. — Huateáhtua. Neteahtua.,em_dash,matched_headword,high,machine_accepted,direct_page_headword_match,machine_derived,true,false
ORT1888-art-001810,spa,"Quedar, sobrar",,Ortega1888[77],ORT1888-cand-001810,ORTEGA1888-TEPIC-IA,81,77,4426,4426,"Quedar, sobrar,— NB visca sobrar.",em_dash,matched_headword,high,machine_accepted,direct_page_headword_match,machine_derived,true,false
ORT1888-art-001811,spa,Quemar alguna cosa,,Ortega1888[77],ORT1888-cand-001811,ORTEGA1888-TEPIC-IA,81,77,4427,4427,Quemar alguna cosa. — Taiya. Neti.,em_dash,matched_headword,high,machine_accepted,direct_page_headword_match,machine_derived,true,false
ORT1888-art-001812,spa,Quemadura tal,,Ortega1888[77],ORT1888-cand-001812,ORTEGA1888-TEPIC-IA,81,77,4428,4428,Quemadura tal. — Tairiat.,em_dash,matched_headword,high,machine_accepted,direct_page_headword_match,machine_derived,true,false
ORT1888-art-001813,spa,Quemarse,,Ortega1888[77],ORT1888-cand-001813,ORTEGA1888-TEPIC-IA,81,77,4429,4429,Quemarse. — Huataixe. Natáixe.,em_dash,matched_headword,high,machine_accepted,direct_page_headword_match,machine_derived,true,false
ORT1888-art-001814,spa,Querer alguna cosa,,Ortega1888[77],ORT1888-cand-001814,ORTEGA1888-TEPIC-IA,81,77,4430,4430,"Querer alguna cosa.,— Xébe. Neti.",em_dash,matched_headword,high,machine_accepted,direct_page_headword_match,machine_derived,true,false
ORT1888-art-001815,spa,Querellarse,,Ortega1888[77],ORT1888-cand-001815,ORTEGA1888-TEPIC-IA,81,77,4431,4431,Querellarse. — Teutaxáhtaca. Ne.,em_dash,matched_headword,high,machine_accepted,direct_page_headword_match,machine_derived,true,false
ORT1888-art-001816,spa,Querella,,Ortega1888[77],ORT1888-cand-001816,ORTEGA1888-TEPIC-IA,81,77,4432,4432,Querella — Tiaxahtziri-,em_dash,matched_headword,high,machine_accepted,direct_page_headword_match,machine_derived,true,false
ORT1888-art-001817,spa,Quizá?,,Ortega1888[77],ORT1888-cand-001817,ORTEGA1888-TEPIC-IA,81,77,4433,4433,"Quizá?. ,— Hico.",em_dash,matched_headword,high,machine_accepted,direct_page_headword_match,machine_derived,true,false
ORT1888-art-001818,spa,Quién?,,Ortega1888[77],ORT1888-cand-001818,ORTEGA1888-TEPIC-IA,81,77,4434,4434,Quién?.— Atena?,em_dash,matched_headword,high,machine_accepted,direct_page_headword_match,machine_derived,true,false
ORT1888-art-001819,spa,Quién eres?,,Ortega1888[77],ORT1888-cand-001819,ORTEGA1888-TEPIC-IA,81,77,4435,4435,Quién eres? — Atenapepéne?,em_dash,matched_headword,high,machine_accepted,direct_page_headword_match,machine_derived,true,false
ORT1888-art-001820,spa,Quién sois?,,Ortega1888[77],ORT1888-cand-001820,ORTEGA1888-TEPIC-IA,81,77,4436,4436,Quién sois? — Atenecepéne?,em_dash,matched_headword,high,machine_accepted,direct_page_headword_match,machine_derived,true,false
ORT1888-art-001821,spa,Quién es?,,Ortega1888[77],ORT1888-cand-001821,ORTEGA1888-TEPIC-IA,81,77,4437,4437,Quién es?— Atanepuéne?,em_dash,matched_headword,high,machine_accepted,direct_page_headword_match,machine_derived,true,false
ORT1888-art-001822,spa,Quienes son?,,Ortega1888[77],ORT1888-cand-001822,ORTEGA1888-TEPIC-IA,81,77,4438,4438,Quienes son? — Atanemepene?,em_dash,matched_headword,high,machine_accepted,direct_page_headword_match,machine_derived,true,false
ORT1888-art-001823,spa,"Quitar, apartar algo",,Ortega1888[77],ORT1888-cand-001823,ORTEGA1888-TEPIC-IA,81,77,4439,4439,"Quitar, apartar algo. — Tea. Neti.",em_dash,matched_headword,high,machine_accepted,direct_page_headword_match,machine_derived,true,false
ORT1888-art-001824,spa,Quitar algo á otro,,Ortega1888[77],ORT1888-cand-001824,ORTEGA1888-TEPIC-IA,81,77,4440,4440,Quitar algo á otro. — Anahairi. Nete.,em_dash,matched_headword,high,machine_accepted,direct_page_headword_match,machine_derived,true,false
ORT1888-art-001825,spa,Qwijada,,Ortega1888[77],ORT1888-cand-001825,ORTEGA1888-TEPIC-IA,81,77,4441,4446,Qwijada.-^Aytfí?hrit. | E.,hyphen_variant,matched_headword,medium,machine_accepted,direct_page_headword_match,machine_derived,true,false
ORT1888-art-001826,spa,Rabadilla,,Ortega1888[77],ORT1888-cand-001826,ORTEGA1888-TEPIC-IA,81,77,4447,4448,Rabadilla — Ket> apoati.,em_dash,matched_headword,high,machine_accepted,direct_page_headword_match,machine_derived,true,false
ORT1888-art-001827,spa,Rabo de animal,,Ortega1888[77],ORT1888-cand-001827,ORTEGA1888-TEPIC-IA,81,77,4449,4450,Rabo de animal. — Ketzapóati.,em_dash,matched_headword,high,machine_accepted,direct_page_headword_match,machine_derived,true,false
ORT1888-art-001828,spa,Raer,,Ortega1888[77],ORT1888-cand-001828,ORTEGA1888-TEPIC-IA,81,77,4451,4452,Raer. — Cazizá. Neti.,em_dash,matched_headword,high,machine_accepted,direct_page_headword_match,machine_derived,true,false
ORT1888-art-001829,spa,"Rayar, hacer raya",,Ortega1888[77],ORT1888-cand-001829,ORTEGA1888-TEPIC-IA,81,77,4453,4454,"Rayar, hacer raya. — Yhte. Neti.",em_dash,matched_headword,high,machine_accepted,direct_page_headword_match,machine_derived,true,false
ORT1888-art-001830,spa,Raiz de árbol,,Ortega1888[77],ORT1888-cand-001830,ORTEGA1888-TEPIC-IA,81,77,4455,4456,Raiz de árbol. — Nanat.,em_dash,matched_headword,high,machine_accepted,direct_page_headword_match,machine_derived,true,false
ORT1888-art-001831,spa,Rajar madera,,Ortega1888[77],ORT1888-cand-001831,ORTEGA1888-TEPIC-IA,81,77,4457,4458,"Rajar madera,— ^Aziztara. Ne.",em_dash,matched_headword,high,machine_accepted,direct_page_headword_match,machine_derived,true,false
ORT1888-art-001832,spa,Rala cosa,,Ortega1888[77],ORT1888-cand-001832,ORTEGA1888-TEPIC-IA,81,77,4459,4460,Rala cosa. — Emuapéte.,em_dash,matched_headword,high,machine_accepted,direct_page_headword_match,machine_derived,true,false
ORT1888-art-001833,spa,Rama de árbol,,Ortega1888[77],ORT1888-cand-001833,ORTEGA1888-TEPIC-IA,81,77,4461,4462,Rama de árbol. — Piznári.,em_dash,matched_headword,high,machine_accepted,direct_page_headword_match,machine_derived,true,false
ORT1888-art-001834,spa,"Ramera, puta",,Ortega1888[77],ORT1888-cand-001834,ORTEGA1888-TEPIC-IA,81,77,4463,4464,"Ramera, puta. — Capuuhmuahche.",em_dash,matched_headword,high,machine_accepted,direct_page_headword_match,machine_derived,true,false
ORT1888-art-001835,spa,"Ramas, hechar el árbol",,Ortega1888[77],ORT1888-cand-001835,ORTEGA1888-TEPIC-IA,81,77,4465,4466,"Ramas, hechar el árbol. — Antanenéca.",em_dash,matched_headword,high,machine_accepted,direct_page_headword_match,machine_derived,true,false
ORT1888-art-001836,spa,Rana,,Ortega1888[77],ORT1888-cand-001836,ORTEGA1888-TEPIC-IA,81,77,4467,4472,"Rana. — Xeucuat, pl. tzi. | r,. . .. , - •■",em_dash,matched_headword,high,machine_accepted,direct_page_headword_match,machine_derived,true,false
ORT1888-art-001837,spa,Rapar el pelo,,Ortega1888[78],ORT1888-cand-001837,ORTEGA1888-TEPIC-IA,82,78,4473,4474,"Rapar el pelo. ,— Busca raer.",em_dash,matched_headword,high,machine_accepted,direct_page_headword_match,machine_derived,true,false
ORT1888-art-001838,spa,Rasar,,Ortega1888[78],ORT1888-cand-001838,ORTEGA1888-TEPIC-IA,82,78,4475,4476,Rasar. — Cíirácache. Neteu.,em_dash,matched_headword,high,machine_accepted,direct_page_headword_match,machine_derived,true,false
ORT1888-art-001839,spa,Rasarse el Cielo,,Ortega1888[78],ORT1888-cand-001839,ORTEGA1888-TEPIC-IA,82,78,4477,4478,Rasarse el Cielo. — Abénelui.,em_dash,matched_headword,high,machine_accepted,direct_page_headword_match,machine_derived,true,false
ORT1888-art-001840,spa,Rascuar,,Ortega1888[78],ORT1888-cand-001840,ORTEGA1888-TEPIC-IA,82,78,4479,4480,Rascuar. — Cúina. Neti.,em_dash,matched_headword,high,machine_accepted,direct_page_headword_match,machine_derived,true,false
ORT1888-art-001841,spa,Rasgar,,Ortega1888[78],ORT1888-cand-001841,ORTEGA1888-TEPIC-IA,82,78,4481,4482,"Rasgar.— ^Tza, Neteu.",em_dash,matched_headword,high,machine_accepted,direct_page_headword_match,machine_derived,true,false
ORT1888-art-001842,spa,Raspar,,Ortega1888[78],ORT1888-cand-001842,ORTEGA1888-TEPIC-IA,82,78,4483,4484,Raspar. — Acuracuina. Nete.,em_dash,matched_headword,high,machine_accepted,direct_page_headword_match,machine_derived,true,false
ORT1888-art-001843,spa,Rastrear como el podenco,,Ortega1888[78],ORT1888-cand-001843,ORTEGA1888-TEPIC-IA,82,78,4485,4486,Rastrear como el podenco. — Atv/hehui. Neti.,em_dash,matched_headword,high,machine_accepted,direct_page_headword_match,machine_derived,true,false
ORT1888-art-001844,spa,Rastro dejar,,Ortega1888[78],ORT1888-cand-001844,ORTEGA1888-TEPIC-IA,82,78,4487,4490,Rastro dejar. — Yaliué. Ni. | Rastro aver.^Yahhuécehápuari. Ne.,em_dash,matched_headword,high,machine_accepted,direct_page_headword_match,machine_derived,true,false
ORT1888-art-001845,spa,Raton,,Ortega1888[78],ORT1888-cand-001845,ORTEGA1888-TEPIC-IA,82,78,4491,4492,Raton. — Naicat. pl. tzi,em_dash,matched_headword,high,machine_accepted,direct_page_headword_match,machine_derived,true,false
ORT1888-art-001846,spa,Raton otro,,Ortega1888[78],ORT1888-cand-001846,ORTEGA1888-TEPIC-IA,82,78,4493,4494,Raton otro. — Teácuai. pl tzi.,em_dash,matched_headword,high,machine_accepted,direct_page_headword_match,machine_derived,true,false
ORT1888-art-001847,spa,Raton otro,,Ortega1888[78],ORT1888-cand-001847,ORTEGA1888-TEPIC-IA,82,78,4495,4496,Raton otro. — Vyaniúca. pl. tzi.,em_dash,matched_headword,high,machine_accepted,direct_page_headword_match,machine_derived,true,false
ORT1888-art-001848,spa,Raton otro,,Ortega1888[78],ORT1888-cand-001848,ORTEGA1888-TEPIC-IA,82,78,4497,4498,Raton otro. — Cirh. pl Cirútze.,em_dash,matched_headword,high,machine_accepted,direct_page_headword_match,machine_derived,true,false
ORT1888-art-001849,spa,Rebatar,,Ortega1888[78],ORT1888-cand-001849,ORTEGA1888-TEPIC-IA,82,78,4499,4500,Rebatar. — Huanahuáire. Nete.,em_dash,matched_headword,high,machine_accepted,direct_page_headword_match,machine_derived,true,false
ORT1888-art-001850,spa,Rebatiña,,Ortega1888[78],ORT1888-cand-001850,ORTEGA1888-TEPIC-IA,82,78,4501,4502,Rebatiña. — Huanahuáireat.,em_dash,matched_headword,high,machine_accepted,direct_page_headword_match,machine_derived,true,false
ORT1888-art-001851,spa,Rebentar,,Ortega1888[78],ORT1888-cand-001851,ORTEGA1888-TEPIC-IA,82,78,4503,4504,Rebentar. — Autatzá. N.,em_dash,matched_headword,high,machine_accepted,direct_page_headword_match,machine_derived,true,false
ORT1888-art-001852,spa,Rebentar la flor del botón,,Ortega1888[78],ORT1888-cand-001852,ORTEGA1888-TEPIC-IA,82,78,4505,4506,Rebentar la flor del botón. — Huataxota.,em_dash,matched_headword,high,machine_accepted,direct_page_headword_match,machine_derived,true,false
ORT1888-art-001853,spa,Rebuznar,,Ortega1888[78],ORT1888-cand-001853,ORTEGA1888-TEPIC-IA,82,78,4507,4508,"Rebuznar., — IZeux. Ne.",em_dash,matched_headword,high,machine_accepted,direct_page_headword_match,machine_derived,true,false
ORT1888-art-001854,spa,Rebolcarse,,Ortega1888[78],ORT1888-cand-001854,ORTEGA1888-TEPIC-IA,82,78,4509,4510,Rebolcarse. — Vhiré. Ncniré.,em_dash,matched_headword,high,machine_accepted,direct_page_headword_match,machine_derived,true,false
ORT1888-art-001855,spa,Rebol ver una cosa con otrar*,,Ortega1888[78],ORT1888-cand-001855,ORTEGA1888-TEPIC-IA,82,78,4511,4512,Rebol ver una cosa con otrar* — Busca mesclar.,em_dash,matched_headword,high,machine_accepted,direct_page_headword_match,machine_derived,true,false
ORT1888-art-001856,spa,Recoger lo esparcido,,Ortega1888[78],ORT1888-cand-001856,ORTEGA1888-TEPIC-IA,82,78,4513,4514,Recoger lo esparcido. — ■Ceflíiehre. Neti.,em_dash,matched_headword,high,machine_accepted,direct_page_headword_match,machine_derived,true,false
ORT1888-art-001857,spa,Rechinar la puerta,,Ortega1888[78],ORT1888-cand-001857,ORTEGA1888-TEPIC-IA,82,78,4515,4516,Rechinar la puerta. — Y raima.,em_dash,matched_headword,high,machine_accepted,direct_page_headword_match,machine_derived,true,false
ORT1888-art-001858,spa,Rechinar los dientes,,Ortega1888[78],ORT1888-cand-001858,ORTEGA1888-TEPIC-IA,82,78,4517,4518,Rechinar los dientes.— ■ Anteukénie. Nantiukeme.,em_dash,matched_headword,high,machine_accepted,direct_page_headword_match,machine_derived,true,false
ORT1888-art-001859,spa,Recular,,Ortega1888[78],ORT1888-cand-001859,ORTEGA1888-TEPIC-IA,82,78,4519,4520,Recular. — Thuáritacáine. Nehuáritancáme,em_dash,matched_headword,high,machine_accepted,direct_page_headword_match,machine_derived,true,false
ORT1888-art-001860,spa,Red para pescar,,Ortega1888[78],ORT1888-cand-001860,ORTEGA1888-TEPIC-IA,82,78,4521,4522,Red para pescar. — Atatu.,em_dash,matched_headword,high,machine_accepted,direct_page_headword_match,machine_derived,true,false
ORT1888-art-001861,spa,Redimir,,Ortega1888[78],ORT1888-cand-001861,ORTEGA1888-TEPIC-IA,82,78,4523,4524,Redimir. — Anáha. Nete.,em_dash,matched_headword,high,machine_accepted,direct_page_headword_match,machine_derived,true,false
ORT1888-art-001862,spa,Redentor,,Ortega1888[78],ORT1888-cand-001862,ORTEGA1888-TEPIC-IA,82,78,4525,4526,Redentor. — Teanahanárae. pl. tzi.,em_dash,matched_headword,high,machine_accepted,direct_page_headword_match,machine_derived,true,false
ORT1888-art-001863,spa,Redondo,,Ortega1888[78],ORT1888-cand-001863,ORTEGA1888-TEPIC-IA,82,78,4527,4528,Redondo. — Cikeuva. Neti.,em_dash,matched_headword,high,machine_accepted,direct_page_headword_match,machine_derived,true,false
ORT1888-art-001864,spa,Redondear,,Ortega1888[78],ORT1888-cand-001864,ORTEGA1888-TEPIC-IA,82,78,4529,4530,Redondear. — Cxkeura.,em_dash,matched_headword,high,machine_accepted,direct_page_headword_match,machine_derived,true,false
ORT1888-art-001865,spa,Regañar,,Ortega1888[78],ORT1888-cand-001865,ORTEGA1888-TEPIC-IA,82,78,4531,4532,Regañar.- Teaxe. Neti.,hyphen_variant,matched_headword,medium,machine_accepted,direct_page_headword_match,machine_derived,true,false
ORT1888-art-001866,spa,Regaño,,Ortega1888[78],ORT1888-cand-001866,ORTEGA1888-TEPIC-IA,82,78,4533,4534,Regaño. — IV^xat.,em_dash,matched_headword,high,machine_accepted,direct_page_headword_match,machine_derived,true,false
ORT1888-art-001867,spa,Regar,,Ortega1888[78],ORT1888-cand-001867,ORTEGA1888-TEPIC-IA,82,78,4535,4540,"Regar. — Yhpoa. Neti, | 79",em_dash,matched_headword,high,machine_accepted,direct_page_headword_match,machine_derived,true,false
ORT1888-art-001868,spa,"""Reglar con regla",,Ortega1888[79],ORT1888-cand-001868,ORTEGA1888-TEPIC-IA,83,79,4541,4542,"""Reglar con regla — Busca rayar.",em_dash,matched_headword,high,machine_accepted,direct_page_headword_match,machine_derived,true,false
ORT1888-art-001869,spa,Regoldar,,Ortega1888[79],ORT1888-cand-001869,ORTEGA1888-TEPIC-IA,83,79,4543,4544,Regoldar. — Tarróhua . Ne,em_dash,matched_headword,high,machine_accepted,direct_page_headword_match,machine_derived,true,false
ORT1888-art-001870,spa,Regüeldo,,Ortega1888[79],ORT1888-cand-001870,ORTEGA1888-TEPIC-IA,83,79,4545,4546,Regüeldo. — Tarcahueat.,em_dash,matched_headword,high,machine_accepted,direct_page_headword_match,machine_derived,true,false
ORT1888-art-001871,spa,Reírse,,Ortega1888[79],ORT1888-cand-001871,ORTEGA1888-TEPIC-IA,83,79,4547,4548,Reírse. — Nana. Neananá.,em_dash,matched_headword,high,machine_accepted,direct_page_headword_match,machine_derived,true,false
ORT1888-art-001872,spa,Remedar al padre,,Ortega1888[79],ORT1888-cand-001872,ORTEGA1888-TEPIC-IA,83,79,4549,4550,Remedar al padre.— .Busca parecerse.,em_dash,matched_headword,high,machine_accepted,direct_page_headword_match,machine_derived,true,false
ORT1888-art-001873,spa,Remendar,,Ortega1888[79],ORT1888-cand-001873,ORTEGA1888-TEPIC-IA,83,79,4551,4552,Remendar. — Bibpua. Neti.,em_dash,matched_headword,high,machine_accepted,direct_page_headword_match,machine_derived,true,false
ORT1888-art-001874,spa,Remojar. r,,Ortega1888[79],ORT1888-cand-001874,ORTEGA1888-TEPIC-IA,83,79,4553,4554,Remojar. r-Uné. Neti.,hyphen_variant,matched_headword,medium,machine_accepted,direct_page_headword_match,machine_derived,true,false
ORT1888-art-001875,spa,Remudar,,Ortega1888[79],ORT1888-cand-001875,ORTEGA1888-TEPIC-IA,83,79,4555,4556,Remudar. — Puatatá Neti.,em_dash,matched_headword,high,machine_accepted,direct_page_headword_match,machine_derived,true,false
ORT1888-art-001876,spa,Renovar,,Ortega1888[79],ORT1888-cand-001876,ORTEGA1888-TEPIC-IA,83,79,4557,4558,Renovar.— xHahcuare. Neti,em_dash,matched_headword,high,machine_accepted,direct_page_headword_match,machine_derived,true,false
ORT1888-art-001877,spa,Reñir,,Ortega1888[79],ORT1888-cand-001877,ORTEGA1888-TEPIC-IA,83,79,4559,4560,"Reñir. ,— Busca Regañar.",em_dash,matched_headword,high,machine_accepted,direct_page_headword_match,machine_derived,true,false
ORT1888-art-001878,spa,Repartir algo,,Ortega1888[79],ORT1888-cand-001878,ORTEGA1888-TEPIC-IA,83,79,4561,4562,Repartir algo. — Huatzane. Neti,em_dash,matched_headword,high,machine_accepted,direct_page_headword_match,machine_derived,true,false
ORT1888-art-001879,spa,Repicar campanas,,Ortega1888[79],ORT1888-cand-001879,ORTEGA1888-TEPIC-IA,83,79,4563,4566,Repicar campanas. — Atañüre. Ne. | Reprender.,em_dash,matched_headword,high,machine_accepted,direct_page_headword_match,machine_derived,true,false
ORT1888-art-001880,spa,Reprehender,,Ortega1888[79],ORT1888-cand-001880,ORTEGA1888-TEPIC-IA,83,79,4567,4568,"Reprehender., — Busca.",em_dash,matched_headword,high,machine_accepted,direct_page_headword_match,machine_derived,true,false
ORT1888-art-001881,spa,Resbalar 6 deslizarse,,Ortega1888[79],ORT1888-cand-001881,ORTEGA1888-TEPIC-IA,83,79,4569,4570,Resbalar 6 deslizarse. ^-Antiputzi. Neti,hyphen_variant,matched_headword,medium,machine_accepted,direct_page_headword_match,machine_derived,true,false
ORT1888-art-001882,spa,Resollar,,Ortega1888[79],ORT1888-cand-001882,ORTEGA1888-TEPIC-IA,83,79,4571,4572,Resollar. -Tiyéye. Nehyéye.,hyphen_variant,matched_headword,medium,machine_accepted,direct_page_headword_match,machine_derived,true,false
ORT1888-art-001883,spa,"Resina, del árbol",,Ortega1888[79],ORT1888-cand-001883,ORTEGA1888-TEPIC-IA,83,79,4573,4574,"Resina, del árbol. — Yzuméti.",em_dash,matched_headword,high,machine_accepted,direct_page_headword_match,machine_derived,true,false
ORT1888-art-001884,spa,Responder,,Ortega1888[79],ORT1888-cand-001884,ORTEGA1888-TEPIC-IA,83,79,4575,4576,Responder. ^—Eá. Neti.,em_dash,matched_headword,high,machine_accepted,direct_page_headword_match,machine_derived,true,false
ORT1888-art-001885,spa,Respuesta,,Ortega1888[79],ORT1888-cand-001885,ORTEGA1888-TEPIC-IA,83,79,4577,4578,Respuesta. — Eát.,em_dash,matched_headword,high,machine_accepted,direct_page_headword_match,machine_derived,true,false
ORT1888-art-001886,spa,Resucitar,,Ortega1888[79],ORT1888-cand-001886,ORTEGA1888-TEPIC-IA,83,79,4579,4580,Resucitar. — Hna/>. Nenó. Ache. N.,em_dash,matched_headword,high,machine_accepted,direct_page_headword_match,machine_derived,true,false
ORT1888-art-001887,spa,Retosar,,Ortega1888[79],ORT1888-cand-001887,ORTEGA1888-TEPIC-IA,83,79,4581,4582,"Retosar. — Mea mué. Teatamue, es })rimera persona,",em_dash,matched_headword,high,machine_accepted,direct_page_headword_match,machine_derived,true,false
ORT1888-art-001888,spa,Retar ó desafiar,,Ortega1888[79],ORT1888-cand-001888,ORTEGA1888-TEPIC-IA,83,79,4583,4584,Retar ó desafiar. — Bevite Nete.,em_dash,matched_headword,high,machine_accepted,direct_page_headword_match,machine_derived,true,false
ORT1888-art-001889,spa,Reverdecer,,Ortega1888[79],ORT1888-cand-001889,ORTEGA1888-TEPIC-IA,83,79,4585,4586,Reverdecer. — NHuataó.,em_dash,matched_headword,high,machine_accepted,direct_page_headword_match,machine_derived,true,false
ORT1888-art-001890,spa,Rezai,,Ortega1888[79],ORT1888-cand-001890,ORTEGA1888-TEPIC-IA,83,79,4587,4588,Rezai-. — Mu ate. Neti.,em_dash,matched_headword,high,machine_accepted,direct_page_headword_match,machine_derived,true,false
ORT1888-art-001891,spa,Ribera de cualquier agua,,Ortega1888[79],ORT1888-cand-001891,ORTEGA1888-TEPIC-IA,83,79,4589,4590,Ribera de cualquier agua. — Busca orilla,em_dash,matched_headword,high,machine_accepted,direct_page_headword_match,machine_derived,true,false
ORT1888-art-001892,spa,Rico estar,,Ortega1888[79],ORT1888-cand-001892,ORTEGA1888-TEPIC-IA,83,79,4591,4592,Rico estar. ^— Aráru. Ne.,em_dash,matched_headword,high,machine_accepted,direct_page_headword_match,machine_derived,true,false
ORT1888-art-001893,spa,Rio,,Ortega1888[79],ORT1888-cand-001893,ORTEGA1888-TEPIC-IA,83,79,4593,4594,Rio.— Até.,em_dash,matched_headword,high,machine_accepted,direct_page_headword_match,machine_derived,true,false
ORT1888-art-001894,spa,Rio de Lerma,,Ortega1888[79],ORT1888-cand-001894,ORTEGA1888-TEPIC-IA,83,79,4595,4596,Rio de Lerma. — Moanimehtzé,em_dash,matched_headword,high,machine_accepted,direct_page_headword_match,machine_derived,true,false
ORT1888-art-001895,spa,Rifa,,Ortega1888[79],ORT1888-cand-001895,ORTEGA1888-TEPIC-IA,83,79,4597,4598,Rifa. — Nanaihti.,em_dash,matched_headword,high,machine_accepted,direct_page_headword_match,machine_derived,true,false
ORT1888-art-001896,spa,Robar,,Ortega1888[79],ORT1888-cand-001896,ORTEGA1888-TEPIC-IA,83,79,4599,4600,Robar. — Busca hurtar,em_dash,matched_headword,high,machine_accepted,direct_page_headword_match,machine_derived,true,false
ORT1888-art-001897,spa,Roca,,Ortega1888[79],ORT1888-cand-001897,ORTEGA1888-TEPIC-IA,83,79,4601,4602,Roca — Busca peñasco.,em_dash,matched_headword,high,machine_accepted,direct_page_headword_match,machine_derived,true,false
ORT1888-art-001898,spa,Rocío de la noche,,Ortega1888[79],ORT1888-cand-001898,ORTEGA1888-TEPIC-IA,83,79,4603,4608,Rocío de la noche. — Huahaacareatá. | 80,em_dash,matched_headword,high,machine_accepted,direct_page_headword_match,machine_derived,true,false
ORT1888-art-001899,spa,Rociar con la boca,,Ortega1888[80],ORT1888-cand-001899,ORTEGA1888-TEPIC-IA,84,80,4609,4610,Rociar con la boca. — Taapútzi. Neteu.,em_dash,matched_headword,high,machine_accepted,direct_page_headword_match,machine_derived,true,false
ORT1888-art-001900,spa,Rodar cuesta abajo,,Ortega1888[80],ORT1888-cand-001900,ORTEGA1888-TEPIC-IA,84,80,4611,4612,Rodar cuesta abajo. -^Huátáohiri. Natanire.,hyphen_variant,matched_headword,medium,machine_accepted,direct_page_headword_match,machine_derived,true,false
ORT1888-art-001901,spa,Rodela,,Ortega1888[80],ORT1888-cand-001901,ORTEGA1888-TEPIC-IA,84,80,4613,4614,Rodela. — N Busca adarga.,em_dash,matched_headword,high,machine_accepted,direct_page_headword_match,machine_derived,true,false
ORT1888-art-001902,spa,Rodilla,,Ortega1888[80],ORT1888-cand-001902,ORTEGA1888-TEPIC-IA,84,80,4615,4616,Rodilla. — Tunúti.,em_dash,matched_headword,high,machine_accepted,direct_page_headword_match,machine_derived,true,false
ORT1888-art-001903,spa,Rogar,,Ortega1888[80],ORT1888-cand-001903,ORTEGA1888-TEPIC-IA,84,80,4617,4618,Rogar.- -Vcubé. Neancubé.,hyphen_variant,matched_headword,medium,machine_accepted,direct_page_headword_match,machine_derived,true,false
ORT1888-art-001904,spa,Romadizo,,Ortega1888[80],ORT1888-cand-001904,ORTEGA1888-TEPIC-IA,84,80,4619,4620,Romadizo. — Muucaziti.,em_dash,matched_headword,high,machine_accepted,direct_page_headword_match,machine_derived,true,false
ORT1888-art-001905,spa,Romper,,Ortega1888[80],ORT1888-cand-001905,ORTEGA1888-TEPIC-IA,84,80,4621,4622,Romper. — Busca rasgar.,em_dash,matched_headword,high,machine_accepted,direct_page_headword_match,machine_derived,true,false
ORT1888-art-001906,spa,Roncar,,Ortega1888[80],ORT1888-cand-001906,ORTEGA1888-TEPIC-IA,84,80,4623,4624,Roncar. — Moaníihua Ne.,em_dash,matched_headword,high,machine_accepted,direct_page_headword_match,machine_derived,true,false
ORT1888-art-001907,spa,Roncha hacer,,Ortega1888[80],ORT1888-cand-001907,ORTEGA1888-TEPIC-IA,84,80,4625,4626,Roncha hacer. — Ateánare. N.,em_dash,matched_headword,high,machine_accepted,direct_page_headword_match,machine_derived,true,false
ORT1888-art-001908,spa,Rondar,,Ortega1888[80],ORT1888-cand-001908,ORTEGA1888-TEPIC-IA,84,80,4627,4628,Rondar.- — Yeixeréne. Ne.,em_dash,matched_headword,high,machine_accepted,direct_page_headword_match,machine_derived,true,false
ORT1888-art-001909,spa,Ropa,,Ortega1888[80],ORT1888-cand-001909,ORTEGA1888-TEPIC-IA,84,80,4629,4630,Ropa. — Taziti.,em_dash,matched_headword,high,machine_accepted,direct_page_headword_match,machine_derived,true,false
ORT1888-art-001910,spa,Rostro,,Ortega1888[80],ORT1888-cand-001910,ORTEGA1888-TEPIC-IA,84,80,4631,4632,Rostro.— > Busca cara.,em_dash,matched_headword,high,machine_accepted,direct_page_headword_match,machine_derived,true,false
ORT1888-art-001911,spa,"Rueda, r",,Ortega1888[80],ORT1888-cand-001911,ORTEGA1888-TEPIC-IA,84,80,4633,4636,"Rueda, r— Busca redonda cosa. | s.",em_dash,matched_headword,high,machine_accepted,direct_page_headword_match,machine_derived,true,false
ORT1888-art-001912,spa,"Saber, generalmente",,Ortega1888[80],ORT1888-cand-001912,ORTEGA1888-TEPIC-IA,84,80,4637,4638,"Saber, generalmente. — Euve. Neti. Muarere. Neti",em_dash,matched_headword,high,machine_accepted,direct_page_headword_match,machine_derived,true,false
ORT1888-art-001913,spa,Sabio ó sabidor,,Ortega1888[80],ORT1888-cand-001913,ORTEGA1888-TEPIC-IA,84,80,4639,4640,Sabio ó sabidor. — Tieuhve pl. MetiVwhre.,em_dash,matched_headword,high,machine_accepted,direct_page_headword_match,machine_derived,true,false
ORT1888-art-001914,spa,Sabiduría,,Ortega1888[80],ORT1888-cand-001914,ORTEGA1888-TEPIC-IA,84,80,4641,4642,Sabiduría. — Moatziat. Euhrihtzite.,em_dash,matched_headword,high,machine_accepted,direct_page_headword_match,machine_derived,true,false
ORT1888-art-001915,spa,Saber el manjar,,Ortega1888[80],ORT1888-cand-001915,ORTEGA1888-TEPIC-IA,84,80,4643,4644,"Saber el manjar. — Euhripoatát?,",em_dash,matched_headword,high,machine_accepted,direct_page_headword_match,machine_derived,true,false
ORT1888-art-001916,spa,Sacar del corral de la casa,,Ortega1888[80],ORT1888-cand-001916,ORTEGA1888-TEPIC-IA,84,80,4645,4646,"Sacar del corral de la casa. ,— Vbehepua. Nete.",em_dash,matched_headword,high,machine_accepted,direct_page_headword_match,machine_derived,true,false
ORT1888-art-001917,spa,Sacar de la caja,,Ortega1888[80],ORT1888-cand-001917,ORTEGA1888-TEPIC-IA,84,80,4647,4648,Sacar de la caja.- — TVáeare. Nete.,em_dash,matched_headword,high,machine_accepted,direct_page_headword_match,machine_derived,true,false
ORT1888-art-001918,spa,"Sacar vino, r",,Ortega1888[80],ORT1888-cand-001918,ORTEGA1888-TEPIC-IA,84,80,4649,4650,"Sacar vino, r— Tiyátza. Ne",em_dash,matched_headword,high,machine_accepted,direct_page_headword_match,machine_derived,true,false
ORT1888-art-001919,spa,Sacar del agua,,Ortega1888[80],ORT1888-cand-001919,ORTEGA1888-TEPIC-IA,84,80,4651,4652,Sacar del agua. — Taha. Nete.,em_dash,matched_headword,high,machine_accepted,direct_page_headword_match,machine_derived,true,false
ORT1888-art-001920,spa,Sacar pollos el ave,,Ortega1888[80],ORT1888-cand-001920,ORTEGA1888-TEPIC-IA,84,80,4653,4654,Sacar pollos el ave.-- ..Huaitahána.,hyphen_variant,matched_headword,medium,machine_accepted,direct_page_headword_match,machine_derived,true,false
ORT1888-art-001921,spa,Sacudir,,Ortega1888[80],ORT1888-cand-001921,ORTEGA1888-TEPIC-IA,84,80,4655,4656,Sacudir. — Teácatze. Neteu.,em_dash,matched_headword,high,machine_accepted,direct_page_headword_match,machine_derived,true,false
ORT1888-art-001922,spa,Saeta,,Ortega1888[80],ORT1888-cand-001922,ORTEGA1888-TEPIC-IA,84,80,4657,4658,"Saeta. — Emit],",em_dash,matched_headword,high,machine_accepted,direct_page_headword_match,machine_derived,true,false
ORT1888-art-001923,spa,Sahumar,,Ortega1888[80],ORT1888-cand-001923,ORTEGA1888-TEPIC-IA,84,80,4659,4660,"Sahumar. ,— Ketziviat.",em_dash,matched_headword,high,machine_accepted,direct_page_headword_match,machine_derived,true,false
ORT1888-art-001924,spa,Sal,,Ortega1888[80],ORT1888-cand-001924,ORTEGA1888-TEPIC-IA,84,80,4661,4662,Sal. — Unnti.,em_dash,matched_headword,high,machine_accepted,direct_page_headword_match,machine_derived,true,false
ORT1888-art-001925,spa,Salar,,Ortega1888[80],ORT1888-cand-001925,ORTEGA1888-TEPIC-IA,84,80,4663,4664,Salar.- — Unamoa. Neti..,em_dash,matched_headword,high,machine_accepted,direct_page_headword_match,machine_derived,true,false
ORT1888-art-001926,spa,Salario,,Ortega1888[80],ORT1888-cand-001926,ORTEGA1888-TEPIC-IA,84,80,4665,4666,Salario. — Nahchitérit.,em_dash,matched_headword,high,machine_accepted,direct_page_headword_match,machine_derived,true,false
ORT1888-art-001927,spa,Salir de la casa,,Ortega1888[80],ORT1888-cand-001927,ORTEGA1888-TEPIC-IA,84,80,4667,4672,"Salir de la casa, — Vbéme. N. | mam",em_dash,matched_headword,high,machine_accepted,direct_page_headword_match,machine_derived,true,false
ORT1888-art-001928,spa,^SVJ&lí,,Ortega1888[81],ORT1888-cand-001928,ORTEGA1888-TEPIC-IA,85,81,4673,4678,^SVJ&lí-V?*.** | Sal i | Sal i,hyphen_variant,matched_headword,medium,machine_accepted,direct_page_headword_match,machine_derived,true,false
ORT1888-art-001929,spa,Saltar,,Ortega1888[81],ORT1888-cand-001929,ORTEGA1888-TEPIC-IA,85,81,4690,4690,Saltar. — Busca brincar.,em_dash,matched_headword,high,machine_accepted,direct_page_headword_match,machine_derived,true,false
ORT1888-art-001930,spa,Saludar,,Ortega1888[81],ORT1888-cand-001930,ORTEGA1888-TEPIC-IA,85,81,4691,4693,Saludar.— Teáuhte. Neti,em_dash,matched_headword,high,machine_accepted,direct_page_headword_match,machine_derived,true,false
ORT1888-art-001931,spa,Salvar,,Ortega1888[81],ORT1888-cand-001931,ORTEGA1888-TEPIC-IA,85,81,4694,4699,Salvar.— Bi | Sanar A otr | id i mu,em_dash,matched_headword,high,machine_accepted,direct_page_headword_match,machine_derived,true,false
ORT1888-art-001932,spa,Sanguijuela,,Ortega1888[81],ORT1888-cand-001932,ORTEGA1888-TEPIC-IA,85,81,4713,4718,Sanguijuela. — Chúihnete. pl. Chúihnetzi. | Sai,em_dash,matched_headword,high,machine_accepted,direct_page_headword_match,machine_derived,true,false
ORT1888-art-001933,spa,Saiga abrir,,Ortega1888[81],ORT1888-cand-001933,ORTEGA1888-TEPIC-IA,85,81,4722,4722,Saiga abrir. — Acacúnata. Ne.,em_dash,matched_headword,high,machine_accepted,direct_page_headword_match,machine_derived,true,false
ORT1888-art-001934,spa,k apo,,Ortega1888[81],ORT1888-cand-001934,ORTEGA1888-TEPIC-IA,85,81,4723,4723,k apo. — Teacúzt. ],em_dash,matched_headword,high,machine_accepted,direct_page_headword_match,machine_derived,true,false
ORT1888-art-001935,spa,Sarna,,Ortega1888[81],ORT1888-cand-001935,ORTEGA1888-TEPIC-IA,85,81,4724,4729,Sarna. — At/áti. | eacuzi,em_dash,matched_headword,high,machine_accepted,direct_page_headword_match,machine_derived,true,false
ORT1888-art-001936,spa,l,,Ortega1888[81],ORT1888-cand-001936,ORTEGA1888-TEPIC-IA,85,81,4742,4747,l.-Hi | íhti,hyphen_variant,anchored_same_page,low,machine_accepted,same_page_anchor_support,machine_derived,true,false
ORT1888-art-001937,spa,ciarse la fruta,,Ortega1888[81],ORT1888-cand-001937,ORTEGA1888-TEPIC-IA,85,81,4748,4753,ciarse la fruta.- — Busca madura estar | Huatzia. Neti. Y,em_dash,matched_headword,high,machine_accepted,direct_page_headword_match,machine_derived,true,false
ORT1888-art-001938,spa,Sed,,Ortega1888[81],ORT1888-cand-001938,ORTEGA1888-TEPIC-IA,85,81,4769,4770,Sed. — Imwcat.,em_dash,matched_headword,high,machine_accepted,direct_page_headword_match,machine_derived,true,false
ORT1888-art-001939,spa,Sed tener,,Ortega1888[81],ORT1888-cand-001939,ORTEGA1888-TEPIC-IA,85,81,4771,4774,Sed tener — Imue N< | ¡segar inieses.,em_dash,matched_headword,high,machine_accepted,direct_page_headword_match,machine_derived,true,false
ORT1888-art-001940,spa,Seguir,,Ortega1888[81],ORT1888-cand-001940,ORTEGA1888-TEPIC-IA,85,81,4775,4780,Seguir. — Tabt | ■Zizche. Neti. | e. Neteu.,em_dash,matched_headword,high,machine_accepted,direct_page_headword_match,machine_derived,true,false
ORT1888-art-001941,spa,Sembrar,,Ortega1888[81],ORT1888-cand-001941,ORTEGA1888-TEPIC-IA,85,81,4792,4797,Sembrar. — At/a. Neti. | Sí,em_dash,matched_headword,high,machine_accepted,direct_page_headword_match,machine_derived,true,false
ORT1888-art-001942,spa,Señalar,,Ortega1888[81],ORT1888-cand-001942,ORTEGA1888-TEPIC-IA,85,81,4838,4843,Señalar. — Ihte. Net | •en u l tai,em_dash,matched_headword,high,machine_accepted,direct_page_headword_match,machine_derived,true,false
ORT1888-art-001943,spa,Seq ii edad,,Ortega1888[82],ORT1888-cand-001943,ORTEGA1888-TEPIC-IA,86,82,4856,4856,Seq ii edad . — H u át ú at.,em_dash,matched_headword,high,machine_accepted,direct_page_headword_match,machine_derived,true,false
ORT1888-art-001944,spa,Ser,,Ortega1888[82],ORT1888-cand-001944,ORTEGA1888-TEPIC-IA,86,82,4857,4857,Ser —Busca al fin.,em_dash,matched_headword,high,machine_accepted,direct_page_headword_match,machine_derived,true,false
ORT1888-art-001945,spa,Servir,,Ortega1888[82],ORT1888-cand-001945,ORTEGA1888-TEPIC-IA,86,82,4858,4858,Servir. — Mué. Nefci.,em_dash,matched_headword,high,machine_accepted,direct_page_headword_match,machine_derived,true,false
ORT1888-art-001946,spa,Servicio tal,,Ortega1888[82],ORT1888-cand-001946,ORTEGA1888-TEPIC-IA,86,82,4859,4859,Servicio tal — Muéat.,em_dash,matched_headword,high,machine_accepted,direct_page_headword_match,machine_derived,true,false
ORT1888-art-001947,spa,Sesos,,Ortega1888[82],ORT1888-cand-001947,ORTEGA1888-TEPIC-IA,86,82,4860,4860,Sesos. .— Muchuxeti.,em_dash,matched_headword,high,machine_accepted,direct_page_headword_match,machine_derived,true,false
ORT1888-art-001948,spa,Sebo sin derretir,,Ortega1888[82],ORT1888-cand-001948,ORTEGA1888-TEPIC-IA,86,82,4861,4861,Sebo sin derretir. — Te/ehuit.,em_dash,matched_headword,high,machine_accepted,direct_page_headword_match,machine_derived,true,false
ORT1888-art-001949,spa,"Si, ado",,Ortega1888[82],ORT1888-cand-001949,ORTEGA1888-TEPIC-IA,86,82,4862,4862,"Si, ado, — E. tánénat. aviat.",em_dash,matched_headword,high,machine_accepted,direct_page_headword_match,machine_derived,true,false
ORT1888-art-001950,spa,"Si, conj",,Ortega1888[82],ORT1888-cand-001950,ORTEGA1888-TEPIC-IA,86,82,4863,4863,"Si, conj. — Tepoac.",em_dash,matched_headword,high,machine_accepted,direct_page_headword_match,machine_derived,true,false
ORT1888-art-001951,spa,Siempre,,Ortega1888[82],ORT1888-cand-001951,ORTEGA1888-TEPIC-IA,86,82,4864,4864,Siempre. — Hüihma. huihma.,em_dash,matched_headword,high,machine_accepted,direct_page_headword_match,machine_derived,true,false
ORT1888-art-001952,spa,Sierra para cortar,,Ortega1888[82],ORT1888-cand-001952,ORTEGA1888-TEPIC-IA,86,82,4865,4865,Sierra para cortar. — Zizcheméti,em_dash,matched_headword,high,machine_accepted,direct_page_headword_match,machine_derived,true,false
ORT1888-art-001953,spa,"Sierra, monte",,Ortega1888[82],ORT1888-cand-001953,ORTEGA1888-TEPIC-IA,86,82,4866,4866,"Sierra, monte. ,— -Busca monte.",em_dash,matched_headword,high,machine_accepted,direct_page_headword_match,machine_derived,true,false
ORT1888-art-001954,spa,Sieso el sahonor,,Ortega1888[82],ORT1888-cand-001954,ORTEGA1888-TEPIC-IA,86,82,4867,4867,Sieso el sahonor. — CimuUité.,em_dash,matched_headword,high,machine_accepted,direct_page_headword_match,machine_derived,true,false
ORT1888-art-001955,spa,Signarse o persignarse,,Ortega1888[82],ORT1888-cand-001955,ORTEGA1888-TEPIC-IA,86,82,4868,4868,Signarse o persignarse. — Acá vité. Nacamité.,em_dash,matched_headword,high,machine_accepted,direct_page_headword_match,machine_derived,true,false
ORT1888-art-001956,spa,Silla para asentarse,,Ortega1888[82],ORT1888-cand-001956,ORTEGA1888-TEPIC-IA,86,82,4869,4869,Silla para asentarse. — Sirn. vel. Eupuárit.,em_dash,matched_headword,high,machine_accepted,direct_page_headword_match,machine_derived,true,false
ORT1888-art-001957,spa,Simiente,,Ortega1888[82],ORT1888-cand-001957,ORTEGA1888-TEPIC-IA,86,82,4870,4870,Simiente. — Busca semilla.,em_dash,matched_headword,high,machine_accepted,direct_page_headword_match,machine_derived,true,false
ORT1888-art-001958,spa,"Sino, conj",,Ortega1888[82],ORT1888-cand-001958,ORTEGA1888-TEPIC-IA,86,82,4871,4871,"Sino, conj. — Tepoaccai.",em_dash,matched_headword,high,machine_accepted,direct_page_headword_match,machine_derived,true,false
ORT1888-art-001959,spa,Sobaco,,Ortega1888[82],ORT1888-cand-001959,ORTEGA1888-TEPIC-IA,86,82,4872,4872,Sobaco.— >Yhtzicuarifc.,em_dash,matched_headword,high,machine_accepted,direct_page_headword_match,machine_derived,true,false
ORT1888-art-001960,spa,Sobrar,,Ortega1888[82],ORT1888-cand-001960,ORTEGA1888-TEPIC-IA,86,82,4873,4873,"Sobrar.,— Busca quedar.",em_dash,matched_headword,high,machine_accepted,direct_page_headword_match,machine_derived,true,false
ORT1888-art-001961,spa,Sobre,,Ortega1888[82],ORT1888-cand-001961,ORTEGA1888-TEPIC-IA,86,82,4874,4875,Sobre. — Apoan.,em_dash,matched_headword,high,machine_accepted,direct_page_headword_match,machine_derived,true,false
ORT1888-art-001962,spa,Sobrepujar,,Ortega1888[82],ORT1888-cand-001962,ORTEGA1888-TEPIC-IA,86,82,4876,4876,Sobrepujar. — Amuaeheyite. Nete.,em_dash,matched_headword,high,machine_accepted,direct_page_headword_match,machine_derived,true,false
ORT1888-art-001963,spa,Sobrina y sobrino,,Ortega1888[82],ORT1888-cand-001963,ORTEGA1888-TEPIC-IA,86,82,4877,4877,Sobrina y sobrino. — Tinaozi. pl. moatitata. pl. tai.,em_dash,matched_headword,high,machine_accepted,direct_page_headword_match,machine_derived,true,false
ORT1888-art-001964,spa,Socorrer,,Ortega1888[82],ORT1888-cand-001964,ORTEGA1888-TEPIC-IA,86,82,4878,4879,"Socorrer. — Busca ayudar,",em_dash,matched_headword,high,machine_accepted,direct_page_headword_match,machine_derived,true,false
ORT1888-art-001965,spa,Sol,,Ortega1888[82],ORT1888-cand-001965,ORTEGA1888-TEPIC-IA,86,82,4880,4881,"Sol. — Xewcat. Decirle. Tayoappa, es idolatrar, porque de- | cían que era su padre.",em_dash,matched_headword,high,machine_accepted,direct_page_headword_match,machine_derived,true,false
ORT1888-art-001966,spa,Soldarse el hueso,,Ortega1888[82],ORT1888-cand-001966,ORTEGA1888-TEPIC-IA,86,82,4882,4882,"Soldarse el hueso. ,— Antenbite.",em_dash,matched_headword,high,machine_accepted,direct_page_headword_match,machine_derived,true,false
ORT1888-art-001967,spa,Soltar lo que se tenia,,Ortega1888[82],ORT1888-cand-001967,ORTEGA1888-TEPIC-IA,86,82,4883,4883,Soltar lo que se tenia. — Tátoa. Neteu.,em_dash,matched_headword,high,machine_accepted,direct_page_headword_match,machine_derived,true,false
ORT1888-art-001968,spa,Soltero,,Ortega1888[82],ORT1888-cand-001968,ORTEGA1888-TEPIC-IA,86,82,4884,4884,Soltero. — Témuávi.,em_dash,matched_headword,high,machine_accepted,direct_page_headword_match,machine_derived,true,false
ORT1888-art-001969,spa,Sombra,,Ortega1888[82],ORT1888-cand-001969,ORTEGA1888-TEPIC-IA,86,82,4885,4885,"Sombra. — Oaciniat,",em_dash,matched_headword,high,machine_accepted,direct_page_headword_match,machine_derived,true,false
ORT1888-art-001970,spa,Sombra hacer,,Ortega1888[82],ORT1888-cand-001970,ORTEGA1888-TEPIC-IA,86,82,4886,4886,Sombra hacer. — Canamuercána. N.,em_dash,matched_headword,high,machine_accepted,direct_page_headword_match,machine_derived,true,false
ORT1888-art-001971,spa,Sombrero,,Ortega1888[82],ORT1888-cand-001971,ORTEGA1888-TEPIC-IA,86,82,4887,4887,Sombrero. — Mocotzit,em_dash,matched_headword,high,machine_accepted,direct_page_headword_match,machine_derived,true,false
ORT1888-art-001972,spa,"Sombrerete, lugar",,Ortega1888[82],ORT1888-cand-001972,ORTEGA1888-TEPIC-IA,86,82,4888,4888,"Sombrerete, lugar. — Mocotzata.",em_dash,matched_headword,high,machine_accepted,direct_page_headword_match,machine_derived,true,false
ORT1888-art-001973,spa,Sonar,,Ortega1888[82],ORT1888-cand-001973,ORTEGA1888-TEPIC-IA,86,82,4889,4894,Sonar. — Táhuane. Ne. | 'ffii,em_dash,matched_headword,high,machine_accepted,direct_page_headword_match,machine_derived,true,false
ORT1888-art-001974,spa,Sonarse las narices,,Ortega1888[83],ORT1888-cand-001974,ORTEGA1888-TEPIC-IA,87,83,4898,4899,Sonarse las narices.— Busca limpiar.,em_dash,matched_headword,high,machine_accepted,direct_page_headword_match,machine_derived,true,false
ORT1888-art-001975,spa,Soñar,,Ortega1888[82],ORT1888-cand-001975,ORTEGA1888-TEPIC-IA,86,82,4900,4901,Soñar.— Maca. Neteu.,em_dash,matched_headword,high,machine_accepted,direct_page_headword_match,machine_derived,true,false
ORT1888-art-001976,spa,Sueño tal,,Ortega1888[83],ORT1888-cand-001976,ORTEGA1888-TEPIC-IA,87,83,4902,4903,Sueño tal.— Cúhmuave.,em_dash,matched_headword,high,machine_accepted,direct_page_headword_match,machine_derived,true,false
ORT1888-art-001977,spa,Soplar,,Ortega1888[83],ORT1888-cand-001977,ORTEGA1888-TEPIC-IA,87,83,4904,4905,"Soplar.— Ipuetza, Ne.",em_dash,matched_headword,high,machine_accepted,direct_page_headword_match,machine_derived,true,false
ORT1888-art-001978,spa,Soplo ó soplido,,Ortega1888[83],ORT1888-cand-001978,ORTEGA1888-TEPIC-IA,87,83,4906,4907,Soplo ó soplido. — Tpútziat.,em_dash,matched_headword,high,machine_accepted,direct_page_headword_match,machine_derived,true,false
ORT1888-art-001979,spa,Sordo,,Ortega1888[83],ORT1888-cand-001979,ORTEGA1888-TEPIC-IA,87,83,4908,4909,Sordo. — Capuiteanamoá.,em_dash,matched_headword,high,machine_accepted,direct_page_headword_match,machine_derived,true,false
ORT1888-art-001980,spa,Sorber,,Ortega1888[83],ORT1888-cand-001980,ORTEGA1888-TEPIC-IA,87,83,4910,4911,Sorber.— Xurai pihua. Neti.,em_dash,matched_headword,high,machine_accepted,direct_page_headword_match,machine_derived,true,false
ORT1888-art-001981,spa,Suave al tacto,,Ortega1888[83],ORT1888-cand-001981,ORTEGA1888-TEPIC-IA,87,83,4912,4913,"Suave al tacto.-, Méchea.",hyphen_variant,matched_headword,medium,machine_accepted,direct_page_headword_match,machine_derived,true,false
ORT1888-art-001982,spa,Subir,,Ortega1888[83],ORT1888-cand-001982,ORTEGA1888-TEPIC-IA,87,83,4914,4915,"Subir.-, Antea. N.",hyphen_variant,matched_headword,medium,machine_accepted,direct_page_headword_match,machine_derived,true,false
ORT1888-art-001983,spa,Subir algo,,Ortega1888[83],ORT1888-cand-001983,ORTEGA1888-TEPIC-IA,87,83,4916,4917,"Subir algo.— Mitoa, Neti.",em_dash,matched_headword,high,machine_accepted,direct_page_headword_match,machine_derived,true,false
ORT1888-art-001984,spa,Suceder al que precede,,Ortega1888[83],ORT1888-cand-001984,ORTEGA1888-TEPIC-IA,87,83,4918,4919,"Suceder al que precede. — Poa tata, Neti.",em_dash,matched_headword,high,machine_accepted,direct_page_headword_match,machine_derived,true,false
ORT1888-art-001985,spa,Sudar,,Ortega1888[83],ORT1888-cand-001985,ORTEGA1888-TEPIC-IA,87,83,4920,4921,Sudar.— Taixe. Ne.,em_dash,matched_headword,high,machine_accepted,direct_page_headword_match,machine_derived,true,false
ORT1888-art-001986,spa,Sudor,,Ortega1888[83],ORT1888-cand-001986,ORTEGA1888-TEPIC-IA,87,83,4922,4923,Sudor. — Taixeat.,em_dash,matched_headword,high,machine_accepted,direct_page_headword_match,machine_derived,true,false
ORT1888-art-001987,spa,Sudadero para la silla,,Ortega1888[83],ORT1888-cand-001987,ORTEGA1888-TEPIC-IA,87,83,4924,4925,Sudadero para la silla. — Itaaiti.,em_dash,matched_headword,high,machine_accepted,direct_page_headword_match,machine_derived,true,false
ORT1888-art-001988,spa,Suegro,,Ortega1888[83],ORT1888-cand-001988,ORTEGA1888-TEPIC-IA,87,83,4926,4927,Suegro. — Tim ún i.,em_dash,matched_headword,high,machine_accepted,direct_page_headword_match,machine_derived,true,false
ORT1888-art-001989,spa,Suegra,,Ortega1888[83],ORT1888-cand-001989,ORTEGA1888-TEPIC-IA,87,83,4928,4929,Suegra. — -Tirnuní.,em_dash,matched_headword,high,machine_accepted,direct_page_headword_match,machine_derived,true,false
ORT1888-art-001990,spa,Suelo,,Ortega1888[83],ORT1888-cand-001990,ORTEGA1888-TEPIC-IA,87,83,4930,4931,Suelo.. — Chuata.,em_dash,matched_headword,high,machine_accepted,direct_page_headword_match,machine_derived,true,false
ORT1888-art-001991,spa,Sufrir,,Ortega1888[83],ORT1888-cand-001991,ORTEGA1888-TEPIC-IA,87,83,4932,4933,"Sufrir. — Busca paciencia, tener.",em_dash,matched_headword,high,machine_accepted,direct_page_headword_match,machine_derived,true,false
ORT1888-art-001992,spa,Sumirse en el agua,,Ortega1888[83],ORT1888-cand-001992,ORTEGA1888-TEPIC-IA,87,83,4934,4935,Sumirse en el agua. — Ateahuipicbe. N.,em_dash,matched_headword,high,machine_accepted,direct_page_headword_match,machine_derived,true,false
ORT1888-art-001993,spa,Sumirse en la tierra,,Ortega1888[83],ORT1888-cand-001993,ORTEGA1888-TEPIC-IA,87,83,4936,4937,Sumirse en la tierra. — Ateahupíi. N.,em_dash,matched_headword,high,machine_accepted,direct_page_headword_match,machine_derived,true,false
ORT1888-art-001994,spa,Sucia cosa,,Ortega1888[83],ORT1888-cand-001994,ORTEGA1888-TEPIC-IA,87,83,4938,4939,Sucia cosa. — Chuámoa.,em_dash,matched_headword,high,machine_accepted,direct_page_headword_match,machine_derived,true,false
ORT1888-art-001995,spa,Suciedad,,Ortega1888[83],ORT1888-cand-001995,ORTEGA1888-TEPIC-IA,87,83,4940,4942,Suciedad. — Chuámoarcat,em_dash,matched_headword,high,machine_accepted,direct_page_headword_match,machine_derived,true,false
ORT1888-art-001996,spa,"Taba, del pié",,Ortega1888[83],ORT1888-cand-001996,ORTEGA1888-TEPIC-IA,87,83,4943,4943,"Taba, del pié — Carápozi.",em_dash,matched_headword,high,machine_accepted,direct_page_headword_match,machine_derived,true,false
ORT1888-art-001997,spa,Talar monte. r,,Ortega1888[83],ORT1888-cand-001997,ORTEGA1888-TEPIC-IA,87,83,4944,4944,Talar monte. r-Tabézim. N,hyphen_variant,matched_headword,medium,machine_accepted,direct_page_headword_match,machine_derived,true,false
ORT1888-art-001998,spa,Talón del pié,,Ortega1888[83],ORT1888-cand-001998,ORTEGA1888-TEPIC-IA,87,83,4945,4945,Talón del pié. — Chatzoriti.,em_dash,matched_headword,high,machine_accepted,direct_page_headword_match,machine_derived,true,false
ORT1888-art-001999,spa,"También, ado",,Ortega1888[83],ORT1888-cand-001999,ORTEGA1888-TEPIC-IA,87,83,4946,4946,"También, ado. — Acta.",em_dash,matched_headword,high,machine_accepted,direct_page_headword_match,machine_derived,true,false
ORT1888-art-002000,spa,Tanto,,Ortega1888[83],ORT1888-cand-002000,ORTEGA1888-TEPIC-IA,87,83,4947,4948,"Tanto.—, Muuxo. | Tener instrumento músico.",em_dash,matched_headword,high,machine_accepted,direct_page_headword_match,machine_derived,true,false
ORT1888-art-002001,spa,Tapar,,Ortega1888[83],ORT1888-cand-002001,ORTEGA1888-TEPIC-IA,87,83,4949,4954,Tapar.— ^Bána. Net©-. | Cuina. Neti,em_dash,matched_headword,high,machine_accepted,direct_page_headword_match,machine_derived,true,false
ORT1888-art-002002,spa,Tapón,,Ortega1888[84],ORT1888-cand-002002,ORTEGA1888-TEPIC-IA,88,84,4958,4959,Tapón. — Itúpuáme.,em_dash,matched_headword,high,machine_accepted,direct_page_headword_match,machine_derived,true,false
ORT1888-art-002003,spa,Tarde,,Ortega1888[84],ORT1888-cand-002003,ORTEGA1888-TEPIC-IA,88,84,4960,4961,Tarde. — C h u m áa na.,em_dash,matched_headword,high,machine_accepted,direct_page_headword_match,machine_derived,true,false
ORT1888-art-002004,spa,Távano,,Ortega1888[84],ORT1888-cand-002004,ORTEGA1888-TEPIC-IA,88,84,4962,4963,"Távano. — ,Arü pl. tzi.",em_dash,matched_headword,high,machine_accepted,direct_page_headword_match,machine_derived,true,false
ORT1888-art-002005,spa,Tea de pino,,Ortega1888[84],ORT1888-cand-002005,ORTEGA1888-TEPIC-IA,88,84,4964,4965,Tea de pino. — Utzite.,em_dash,matched_headword,high,machine_accepted,direct_page_headword_match,machine_derived,true,false
ORT1888-art-002006,spa,Techar casa. r,,Ortega1888[84],ORT1888-cand-002006,ORTEGA1888-TEPIC-IA,88,84,4966,4967,Techar casa. r— Chive. Ne.,em_dash,matched_headword,high,machine_accepted,direct_page_headword_match,machine_derived,true,false
ORT1888-art-002007,spa,Tela íaña,,Ortega1888[84],ORT1888-cand-002007,ORTEGA1888-TEPIC-IA,88,84,4968,4969,Tela íaña. — B en n a vé be .,em_dash,matched_headword,high,machine_accepted,direct_page_headword_match,machine_derived,true,false
ORT1888-art-002008,spa,Temblar,,Ortega1888[84],ORT1888-cand-002008,ORTEGA1888-TEPIC-IA,88,84,4970,4971,Temblar. — Vbibé. Nenebibé.,em_dash,matched_headword,high,machine_accepted,direct_page_headword_match,machine_derived,true,false
ORT1888-art-002009,spa,Temblar la siena,,Ortega1888[84],ORT1888-cand-002009,ORTEGA1888-TEPIC-IA,88,84,4972,4973,Temblar la siena. — Huatahuax.,em_dash,matched_headword,high,machine_accepted,direct_page_headword_match,machine_derived,true,false
ORT1888-art-002010,spa,Temblor tal,,Ortega1888[84],ORT1888-cand-002010,ORTEGA1888-TEPIC-IA,88,84,4974,4975,Temblor tal. — Huataubivaxa.,em_dash,matched_headword,high,machine_accepted,direct_page_headword_match,machine_derived,true,false
ORT1888-art-002011,spa,Temer á otro,,Ortega1888[84],ORT1888-cand-002011,ORTEGA1888-TEPIC-IA,88,84,4976,4977,Temer á otro. — Tzc//ne. Neti.,em_dash,matched_headword,high,machine_accepted,direct_page_headword_match,machine_derived,true,false
ORT1888-art-002012,spa,Temor,,Ortega1888[84],ORT1888-cand-002012,ORTEGA1888-TEPIC-IA,88,84,4978,4979,"Temor, — Tzéuniat.",em_dash,matched_headword,high,machine_accepted,direct_page_headword_match,machine_derived,true,false
ORT1888-art-002013,spa,Templar el instrumento,,Ortega1888[84],ORT1888-cand-002013,ORTEGA1888-TEPIC-IA,88,84,4980,4981,Templar el instrumento. — Catné. Neti.,em_dash,matched_headword,high,machine_accepted,direct_page_headword_match,machine_derived,true,false
ORT1888-art-002014,spa,"Temprano, ado",,Ortega1888[84],ORT1888-cand-002014,ORTEGA1888-TEPIC-IA,88,84,4982,4983,"Temprano, ado. — Arcapoáco. .'",em_dash,matched_headword,high,machine_accepted,direct_page_headword_match,machine_derived,true,false
ORT1888-art-002015,spa,Tender,,Ortega1888[84],ORT1888-cand-002015,ORTEGA1888-TEPIC-IA,88,84,4984,4985,Tender.- -Tábtf/azt. Neten.- .,hyphen_variant,matched_headword,medium,machine_accepted,direct_page_headword_match,machine_derived,true,false
ORT1888-art-002016,spa,Tender al sol,,Ortega1888[84],ORT1888-cand-002016,ORTEGA1888-TEPIC-IA,88,84,4986,4987,Tender al sol. — Iay^/xazt. Neten.,em_dash,matched_headword,high,machine_accepted,direct_page_headword_match,machine_derived,true,false
ORT1888-art-002017,spa,Tener con las manos,,Ortega1888[84],ORT1888-cand-002017,ORTEGA1888-TEPIC-IA,88,84,4988,4989,Tener con las manos. — Busca agarrar.,em_dash,matched_headword,high,machine_accepted,direct_page_headword_match,machine_derived,true,false
ORT1888-art-002018,spa,Tener ambre,,Ortega1888[84],ORT1888-cand-002018,ORTEGA1888-TEPIC-IA,88,84,4990,4991,"Tener ambre. — Busca, amble.",em_dash,matched_headword,high,machine_accepted,direct_page_headword_match,machine_derived,true,false
ORT1888-art-002019,spa,Tener sed,,Ortega1888[84],ORT1888-cand-002019,ORTEGA1888-TEPIC-IA,88,84,4992,4993,Tener sed — Busca sed tener.,em_dash,matched_headword,high,machine_accepted,direct_page_headword_match,machine_derived,true,false
ORT1888-art-002020,spa,Tener á la que quiere parir,,Ortega1888[84],ORT1888-cand-002020,ORTEGA1888-TEPIC-IA,88,84,4994,4995,Tener á la que quiere parir. — Nuépe. Neti.,em_dash,matched_headword,high,machine_accepted,direct_page_headword_match,machine_derived,true,false
ORT1888-art-002021,spa,Tentar con las manos,,Ortega1888[84],ORT1888-cand-002021,ORTEGA1888-TEPIC-IA,88,84,4996,4997,"Tentar con las manos: ,— Busca paipai-.",em_dash,matched_headword,high,machine_accepted,direct_page_headword_match,machine_derived,true,false
ORT1888-art-002022,spa,Teñir,,Ortega1888[84],ORT1888-cand-002022,ORTEGA1888-TEPIC-IA,88,84,4998,4999,Teñir. — Iihua. Neti.,em_dash,matched_headword,high,machine_accepted,direct_page_headword_match,machine_derived,true,false
ORT1888-art-002023,spa,Terrible,,Ortega1888[84],ORT1888-cand-002023,ORTEGA1888-TEPIC-IA,88,84,5000,5001,Terrible. — T/^wnive.,em_dash,matched_headword,high,machine_accepted,direct_page_headword_match,machine_derived,true,false
ORT1888-art-002024,spa,Teta,,Ortega1888[84],ORT1888-cand-002024,ORTEGA1888-TEPIC-IA,88,84,5002,5003,Teta. — Tziméti.,em_dash,matched_headword,high,machine_accepted,direct_page_headword_match,machine_derived,true,false
ORT1888-art-002025,spa,Tejer,,Ortega1888[84],ORT1888-cand-002025,ORTEGA1888-TEPIC-IA,88,84,5004,5005,Tejer. — Itza. Neti.,em_dash,matched_headword,high,machine_accepted,direct_page_headword_match,machine_derived,true,false
ORT1888-art-002026,spa,Tia y tio,,Ortega1888[84],ORT1888-cand-002026,ORTEGA1888-TEPIC-IA,88,84,5006,5007,Tia y tio.— Titata. Tinaózi.,em_dash,matched_headword,high,machine_accepted,direct_page_headword_match,machine_derived,true,false
ORT1888-art-002027,spa,Tiempo,,Ortega1888[84],ORT1888-cand-002027,ORTEGA1888-TEPIC-IA,88,84,5008,5009,Tiempo. — Te vi.,em_dash,matched_headword,high,machine_accepted,direct_page_headword_match,machine_derived,true,false
ORT1888-art-002028,spa,Tierra,,Ortega1888[83],ORT1888-cand-002028,ORTEGA1888-TEPIC-IA,87,83,5010,5011,Tierra.— Chuéhti,em_dash,matched_headword,high,machine_accepted,direct_page_headword_match,machine_derived,true,false
ORT1888-art-002029,spa,Tinaja de barro,,Ortega1888[84],ORT1888-cand-002029,ORTEGA1888-TEPIC-IA,88,84,5012,5013,Tinaja de barro. — Xarit.,em_dash,matched_headword,high,machine_accepted,direct_page_headword_match,machine_derived,true,false
ORT1888-art-002030,spa,Tinta para escribir,,Ortega1888[84],ORT1888-cand-002030,ORTEGA1888-TEPIC-IA,88,84,5014,5015,Tinta para escribir. — Te x urna vi.,em_dash,matched_headword,high,machine_accepted,direct_page_headword_match,machine_derived,true,false
ORT1888-art-002031,spa,Tirar con piedra,,Ortega1888[84],ORT1888-cand-002031,ORTEGA1888-TEPIC-IA,88,84,5016,5017,Tirar con piedra.— > Vteahaché. Vnteahachg.,em_dash,matched_headword,high,machine_accepted,direct_page_headword_match,machine_derived,true,false
ORT1888-art-002032,spa,Tiro de piedra,,Ortega1888[84],ORT1888-cand-002032,ORTEGA1888-TEPIC-IA,88,84,5018,5019,Tiro de piedra.-— VteahaayrtHe.,em_dash,matched_headword,high,machine_accepted,direct_page_headword_match,machine_derived,true,false
ORT1888-art-002033,spa,Tirar estirando,,Ortega1888[84],ORT1888-cand-002033,ORTEGA1888-TEPIC-IA,88,84,5020,5025,Tirar estirando. -Busca estirar. | WSM,hyphen_variant,matched_headword,medium,machine_accepted,direct_page_headword_match,machine_derived,true,false
ORT1888-art-002034,spa,Tirar ó arroja*,,Ortega1888[85],ORT1888-cand-002034,ORTEGA1888-TEPIC-IA,89,85,5029,5030,Tirar ó arroja*. -^VitE Ne.,hyphen_variant,matched_headword,medium,machine_accepted,direct_page_headword_match,machine_derived,true,false
ORT1888-art-002035,spa,Tiritar de frió,,Ortega1888[85],ORT1888-cand-002035,ORTEGA1888-TEPIC-IA,89,85,5031,5032,"Tiritar de frió. ,— Xámue. Ne.",em_dash,matched_headword,high,machine_accepted,direct_page_headword_match,machine_derived,true,false
ORT1888-art-002036,spa,Tijeras,,Ortega1888[85],ORT1888-cand-002036,ORTEGA1888-TEPIC-IA,89,85,5033,5034,Tijeras . — Yamoámmet.,em_dash,matched_headword,high,machine_accepted,direct_page_headword_match,machine_derived,true,false
ORT1888-art-002037,spa,Tiznar,,Ortega1888[85],ORT1888-cand-002037,ORTEGA1888-TEPIC-IA,89,85,5035,5036,Tiznar.— Auéhmua. Nete,em_dash,matched_headword,high,machine_accepted,direct_page_headword_match,machine_derived,true,false
ORT1888-art-002038,spa,Tizne,,Ortega1888[85],ORT1888-cand-002038,ORTEGA1888-TEPIC-IA,89,85,5037,5038,Tizne.- — Busca tinta.,em_dash,matched_headword,high,machine_accepted,direct_page_headword_match,machine_derived,true,false
ORT1888-art-002039,spa,Tizón,,Ortega1888[85],ORT1888-cand-002039,ORTEGA1888-TEPIC-IA,89,85,5039,5040,Tizón— Tait.,em_dash,matched_headword,high,machine_accepted,direct_page_headword_match,machine_derived,true,false
ORT1888-art-002040,spa,Tocar,,Ortega1888[85],ORT1888-cand-002040,ORTEGA1888-TEPIC-IA,89,85,5041,5042,Tocar. — Busca palpar.,em_dash,matched_headword,high,machine_accepted,direct_page_headword_match,machine_derived,true,false
ORT1888-art-002041,spa,Todo,,Ortega1888[85],ORT1888-cand-002041,ORTEGA1888-TEPIC-IA,89,85,5043,5044,Todo. — Naeiinie. pl. Manaiéeic.,em_dash,matched_headword,high,machine_accepted,direct_page_headword_match,machine_derived,true,false
ORT1888-art-002042,spa,Tomar,,Ortega1888[85],ORT1888-cand-002042,ORTEGA1888-TEPIC-IA,89,85,5045,5046,Tomar. — Tazime. Neti.,em_dash,matched_headword,high,machine_accepted,direct_page_headword_match,machine_derived,true,false
ORT1888-art-002043,spa,Topar encontrando con otro,,Ortega1888[85],ORT1888-cand-002043,ORTEGA1888-TEPIC-IA,89,85,5047,5048,Topar encontrando con otro. — Náhehe. Neti.,em_dash,matched_headword,high,machine_accepted,direct_page_headword_match,machine_derived,true,false
ORT1888-art-002044,spa,"Topo, animal",,Ortega1888[85],ORT1888-cand-002044,ORTEGA1888-TEPIC-IA,89,85,5049,5050,"Topo, animal. — Busca escarabajo.",em_dash,matched_headword,high,machine_accepted,direct_page_headword_match,machine_derived,true,false
ORT1888-art-002045,spa,Torcer hilo 6 soga,,Ortega1888[85],ORT1888-cand-002045,ORTEGA1888-TEPIC-IA,89,85,5051,5052,Torcer hilo 6 soga. — Ancuána. Ne.,em_dash,matched_headword,high,machine_accepted,direct_page_headword_match,machine_derived,true,false
ORT1888-art-002046,spa,Torcerse el árbol,,Ortega1888[85],ORT1888-cand-002046,ORTEGA1888-TEPIC-IA,89,85,5053,5054,Torcerse el árbol. — Acate.,em_dash,matched_headword,high,machine_accepted,direct_page_headword_match,machine_derived,true,false
ORT1888-art-002047,spa,Tomar el vino al <pie lo bebe,,Ortega1888[85],ORT1888-cand-002047,ORTEGA1888-TEPIC-IA,89,85,5055,5056,Tomar el vino al <pie lo bebe. — Huateahtahuai.,em_dash,matched_headword,high,machine_accepted,direct_page_headword_match,machine_derived,true,false
ORT1888-art-002048,spa,Torear./,,Ortega1888[85],ORT1888-cand-002048,ORTEGA1888-TEPIC-IA,89,85,5057,5058,Torear./ — A. Neti.,em_dash,matched_headword,high,machine_accepted,direct_page_headword_match,machine_derived,true,false
ORT1888-art-002049,spa,"Tortilla, pan de los indios",,Ortega1888[85],ORT1888-cand-002049,ORTEGA1888-TEPIC-IA,89,85,5059,5060,"Tortilla, pan de los indios — Hamuit.",em_dash,matched_headword,high,machine_accepted,direct_page_headword_match,machine_derived,true,false
ORT1888-art-002050,spa,Tordo,,Ortega1888[85],ORT1888-cand-002050,ORTEGA1888-TEPIC-IA,89,85,5061,5062,"Tordo. — ,Tzapuzt. pl. Tzapuzi.",em_dash,matched_headword,high,machine_accepted,direct_page_headword_match,machine_derived,true,false
ORT1888-art-002051,spa,Tortuga,,Ortega1888[85],ORT1888-cand-002051,ORTEGA1888-TEPIC-IA,89,85,5063,5064,"Tortuga,. — Moíirizti. pl. Moarizi.",em_dash,matched_headword,high,machine_accepted,direct_page_headword_match,machine_derived,true,false
ORT1888-art-002052,spa,Toser,,Ortega1888[85],ORT1888-cand-002052,ORTEGA1888-TEPIC-IA,89,85,5065,5066,Toser. — Caz tda.h mu'i ti.,em_dash,matched_headword,high,machine_accepted,direct_page_headword_match,machine_derived,true,false
ORT1888-art-002053,spa,Tos,,Ortega1888[85],ORT1888-cand-002053,ORTEGA1888-TEPIC-IA,89,85,5067,5068,Tos — Casteahuariti.,em_dash,matched_headword,high,machine_accepted,direct_page_headword_match,machine_derived,true,false
ORT1888-art-002054,spa,Tostar,,Ortega1888[85],ORT1888-cand-002054,ORTEGA1888-TEPIC-IA,89,85,5069,5070,Tostar.— Eré. Neti.,em_dash,matched_headword,high,machine_accepted,direct_page_headword_match,machine_derived,true,false
ORT1888-art-002055,spa,Tostar maiz,,Ortega1888[85],ORT1888-cand-002055,ORTEGA1888-TEPIC-IA,89,85,5071,5072,Tostar maiz.— Xáxche. Neti.,em_dash,matched_headword,high,machine_accepted,direct_page_headword_match,machine_derived,true,false
ORT1888-art-002056,spa,Trabajo,,Ortega1888[85],ORT1888-cand-002056,ORTEGA1888-TEPIC-IA,89,85,5073,5074,Trabajo.— > Mué rit.,em_dash,matched_headword,high,machine_accepted,direct_page_headword_match,machine_derived,true,false
ORT1888-art-002057,spa,Trabajar,,Ortega1888[85],ORT1888-cand-002057,ORTEGA1888-TEPIC-IA,89,85,5075,5076,Trabajar.— Mué. Neti.,em_dash,matched_headword,high,machine_accepted,direct_page_headword_match,machine_derived,true,false
ORT1888-art-002058,spa,Trabarse con la ponzoña,,Ortega1888[85],ORT1888-cand-002058,ORTEGA1888-TEPIC-IA,89,85,5077,5078,Trabarse con la ponzoña.— Huateceácaz.,em_dash,matched_headword,high,machine_accepted,direct_page_headword_match,machine_derived,true,false
ORT1888-art-002059,spa,Traer cosas largas como palo,,Ortega1888[85],ORT1888-cand-002059,ORTEGA1888-TEPIC-IA,89,85,5079,5081,Traer cosas largas como palo. — Vhychehui. Vuychehuy. | Vhytiae. Vn.,em_dash,matched_headword,high,machine_accepted,direct_page_headword_match,machine_derived,true,false
ORT1888-art-002060,spa,"Traer cosa, viviente. Vhyahanua. Vnyahánna",,Ortega1888[85],ORT1888-cand-002060,ORTEGA1888-TEPIC-IA,89,85,5082,5084,"Traer cosa, viviente. Vhyahanua. Vnyahánna — Vh- | yahápuen. Vn",em_dash,matched_headword,high,machine_accepted,direct_page_headword_match,machine_derived,true,false
ORT1888-art-002061,spa,Traer cosas redondas como piedras.- Vhaatew,,Ortega1888[85],ORT1888-cand-002061,ORTEGA1888-TEPIC-IA,89,85,5085,5090,"Traer cosas redondas como piedras.- Vhaatew. — >,Vn- | va a liten. Vnvaahtútu Uu. | 1",em_dash,matched_headword,high,machine_accepted,direct_page_headword_match,machine_derived,true,false
ORT1888-art-002062,spa,Tragar,,Ortega1888[86],ORT1888-cand-002062,ORTEGA1888-TEPIC-IA,90,86,5099,5099,Tragar. — Vy aoze z in. Vn .,em_dash,matched_headword,high,machine_accepted,direct_page_headword_match,machine_derived,true,false
ORT1888-art-002063,spa,"Trapo, r",,Ortega1888[86],ORT1888-cand-002063,ORTEGA1888-TEPIC-IA,90,86,5100,5100,"Trapo, r— Cánariti.",em_dash,matched_headword,high,machine_accepted,direct_page_headword_match,machine_derived,true,false
ORT1888-art-002064,spa,Tras. prep,,Ortega1888[86],ORT1888-cand-002064,ORTEGA1888-TEPIC-IA,90,86,5101,5101,Tras. prep. — Tihuarita.,em_dash,matched_headword,high,machine_accepted,direct_page_headword_match,machine_derived,true,false
ORT1888-art-002065,spa,Trasponer plantas,,Ortega1888[86],ORT1888-cand-002065,ORTEGA1888-TEPIC-IA,90,86,5102,5102,Trasponer plantas. — Busca plantar.,em_dash,matched_headword,high,machine_accepted,direct_page_headword_match,machine_derived,true,false
ORT1888-art-002066,spa,Trasquilar,,Ortega1888[86],ORT1888-cand-002066,ORTEGA1888-TEPIC-IA,90,86,5103,5103,Trasquilar. — Toya moa. Neti,em_dash,matched_headword,high,machine_accepted,direct_page_headword_match,machine_derived,true,false
ORT1888-art-002067,spa,Trillar,,Ortega1888[86],ORT1888-cand-002067,ORTEGA1888-TEPIC-IA,90,86,5104,5104,Trillar.— Chetzina. Nete.,em_dash,matched_headword,high,machine_accepted,direct_page_headword_match,machine_derived,true,false
ORT1888-art-002068,spa,Tripa,,Ortega1888[86],ORT1888-cand-002068,ORTEGA1888-TEPIC-IA,90,86,5105,5105,Tripa. — Chuitoriti.,em_dash,matched_headword,high,machine_accepted,direct_page_headword_match,machine_derived,true,false
ORT1888-art-002069,spa,Tristeza,,Ortega1888[86],ORT1888-cand-002069,ORTEGA1888-TEPIC-IA,90,86,5106,5106,Tristeza.— Xa muehri teat.,em_dash,matched_headword,high,machine_accepted,direct_page_headword_match,machine_derived,true,false
ORT1888-art-002070,spa,Triste estar,,Ortega1888[86],ORT1888-cand-002070,ORTEGA1888-TEPIC-IA,90,86,5107,5107,"Triste estar. ,—Vxainuchriti. Nema.",em_dash,matched_headword,high,machine_accepted,direct_page_headword_match,machine_derived,true,false
ORT1888-art-002071,spa,Tronar el Cielo,,Ortega1888[86],ORT1888-cand-002071,ORTEGA1888-TEPIC-IA,90,86,5108,5108,Tronar el Cielo. — Vméte. neuca.,em_dash,matched_headword,high,machine_accepted,direct_page_headword_match,machine_derived,true,false
ORT1888-art-002072,spa,Tronar,,Ortega1888[86],ORT1888-cand-002072,ORTEGA1888-TEPIC-IA,90,86,5109,5109,"Tronar. — Tatziné, Ne.",em_dash,matched_headword,high,machine_accepted,direct_page_headword_match,machine_derived,true,false
ORT1888-art-002073,spa,"Tropezar. ,■",,Ortega1888[86],ORT1888-cand-002073,ORTEGA1888-TEPIC-IA,90,86,5110,5110,"Tropezar. ,■— An teu xu x cá. Nanti n x u x cá",em_dash,matched_headword,high,machine_accepted,direct_page_headword_match,machine_derived,true,false
ORT1888-art-002074,spa,Troje,,Ortega1888[86],ORT1888-cand-002074,ORTEGA1888-TEPIC-IA,90,86,5111,5111,Troje.— Cha uliri t.,em_dash,matched_headword,high,machine_accepted,direct_page_headword_match,machine_derived,true,false
ORT1888-art-002075,spa,"Trucha, pez. r",,Ortega1888[86],ORT1888-cand-002075,ORTEGA1888-TEPIC-IA,90,86,5112,5112,"Trucha, pez. r- Arihcrtt. pl. tzi.",hyphen_variant,matched_headword,medium,machine_accepted,direct_page_headword_match,machine_derived,true,false
ORT1888-art-002076,spa,"Tuerto, no derecho",,Ortega1888[86],ORT1888-cand-002076,ORTEGA1888-TEPIC-IA,90,86,5113,5113,"Tuerto, no derecho. — Nah pirará.",em_dash,matched_headword,high,machine_accepted,direct_page_headword_match,machine_derived,true,false
ORT1888-art-002077,spa,Tuerto de un ojo,,Ortega1888[86],ORT1888-cand-002077,ORTEGA1888-TEPIC-IA,90,86,5114,5114,Tuerto de un ojo — Acune.,em_dash,matched_headword,high,machine_accepted,direct_page_headword_match,machine_derived,true,false
ORT1888-art-002078,spa,Tuétano,,Ortega1888[86],ORT1888-cand-002078,ORTEGA1888-TEPIC-IA,90,86,5115,5115,"Tuétano. ,— Tútano.",em_dash,matched_headword,high,machine_accepted,direct_page_headword_match,machine_derived,true,false
ORT1888-art-002079,spa,Tuna,,Ortega1888[86],ORT1888-cand-002079,ORTEGA1888-TEPIC-IA,90,86,5116,5116,"Tuna,— Naca ti.",em_dash,matched_headword,high,machine_accepted,direct_page_headword_match,machine_derived,true,false
ORT1888-art-002080,spa,"Tuza, animal",,Ortega1888[86],ORT1888-cand-002080,ORTEGA1888-TEPIC-IA,90,86,5117,5122,"Tuza, animal. ,— Te iuxat. pl. tzi. | v.",em_dash,matched_headword,high,machine_accepted,direct_page_headword_match,machine_derived,true,false
ORT1888-art-002081,spa,Veso,,Ortega1888[86],ORT1888-cand-002081,ORTEGA1888-TEPIC-IA,90,86,5123,5124,Veso. — Cari ti.,em_dash,matched_headword,high,machine_accepted,direct_page_headword_match,machine_derived,true,false
ORT1888-art-002082,spa,Vagia,,Ortega1888[86],ORT1888-cand-002082,ORTEGA1888-TEPIC-IA,90,86,5125,5126,Vagia-ento.V^Airataidt:,hyphen_variant,matched_headword,medium,machine_accepted,direct_page_headword_match,machine_derived,true,false
ORT1888-art-002083,spa,V. Vña,,Ortega1888[86],ORT1888-cand-002083,ORTEGA1888-TEPIC-IA,90,86,5127,5128,V. Vña. — X^í/teti.,em_dash,matched_headword,high,machine_accepted,direct_page_headword_match,machine_derived,true,false
ORT1888-art-002084,spa,Vntar,,Ortega1888[86],ORT1888-cand-002084,ORTEGA1888-TEPIC-IA,90,86,5129,5130,"Vntar— Huate. Neti,",em_dash,matched_headword,high,machine_accepted,direct_page_headword_match,machine_derived,true,false
ORT1888-art-002085,spa,Vrdir tela,,Ortega1888[86],ORT1888-cand-002085,ORTEGA1888-TEPIC-IA,90,86,5131,5132,Vrdir tela. — Hutfona. Neti.,em_dash,matched_headword,high,machine_accepted,direct_page_headword_match,machine_derived,true,false
ORT1888-art-002086,spa,Vaciar lo que está lleno,,Ortega1888[86],ORT1888-cand-002086,ORTEGA1888-TEPIC-IA,90,86,5133,5134,Vaciar lo que está lleno.— Xéhrihua. Neti.,em_dash,matched_headword,high,machine_accepted,direct_page_headword_match,machine_derived,true,false
ORT1888-art-002087,spa,Vacío estar,,Ortega1888[86],ORT1888-cand-002087,ORTEGA1888-TEPIC-IA,90,86,5135,5136,Vacío estar. — Muávi. Ne. - -,em_dash,matched_headword,high,machine_accepted,direct_page_headword_match,machine_derived,true,false
ORT1888-art-002088,spa,Vadear el rio,,Ortega1888[86],ORT1888-cand-002088,ORTEGA1888-TEPIC-IA,90,86,5137,5142,Vadear el rio.— -Busca pasar el rio por vado | Vhyaáha. Vnyahaa,em_dash,matched_headword,high,machine_accepted,direct_page_headword_match,machine_derived,true,false
ORT1888-art-002089,spa,Valer en precio,,Ortega1888[87],ORT1888-cand-002089,ORTEGA1888-TEPIC-IA,91,87,5146,5147,Valer en precio.— Tianahche.,em_dash,matched_headword,high,machine_accepted,direct_page_headword_match,machine_derived,true,false
ORT1888-art-002090,spa,Valeroso,,Ortega1888[87],ORT1888-cand-002090,ORTEGA1888-TEPIC-IA,91,87,5148,5149,Valeroso. — Captitzewne,em_dash,matched_headword,high,machine_accepted,direct_page_headword_match,machine_derived,true,false
ORT1888-art-002091,spa,Valor,,Ortega1888[87],ORT1888-cand-002091,ORTEGA1888-TEPIC-IA,91,87,5150,5151,Valor. — Captitz«wniat.,em_dash,matched_headword,high,machine_accepted,direct_page_headword_match,machine_derived,true,false
ORT1888-art-002092,spa,"Vana, estar la fruta",,Ortega1888[87],ORT1888-cand-002092,ORTEGA1888-TEPIC-IA,91,87,5152,5153,"Vana, estar la fruta. ,^-Vhuamué",hyphen_variant,matched_headword,medium,machine_accepted,direct_page_headword_match,machine_derived,true,false
ORT1888-art-002093,spa,Vara,,Ortega1888[87],ORT1888-cand-002093,ORTEGA1888-TEPIC-IA,91,87,5154,5155,Vara. — Piznari.,em_dash,matched_headword,high,machine_accepted,direct_page_headword_match,machine_derived,true,false
ORT1888-art-002094,spa,"Varear, dar con vara",,Ortega1888[87],ORT1888-cand-002094,ORTEGA1888-TEPIC-IA,91,87,5156,5157,"Varear, dar con vara, — Curevia. Neti.",em_dash,matched_headword,high,machine_accepted,direct_page_headword_match,machine_derived,true,false
ORT1888-art-002095,spa,Varón,,Ortega1888[87],ORT1888-cand-002095,ORTEGA1888-TEPIC-IA,91,87,5158,5159,Varón. — Teata. pl. Teteácari.,em_dash,matched_headword,high,machine_accepted,direct_page_headword_match,machine_derived,true,false
ORT1888-art-002096,spa,Vaso,,Ortega1888[87],ORT1888-cand-002096,ORTEGA1888-TEPIC-IA,91,87,5160,5161,Vaso. — Caitzat,em_dash,matched_headword,high,machine_accepted,direct_page_headword_match,machine_derived,true,false
ORT1888-art-002097,spa,Vasura,,Ortega1888[87],ORT1888-cand-002097,ORTEGA1888-TEPIC-IA,91,87,5162,5163,Vasura.-^Xaériti,hyphen_variant,matched_headword,medium,machine_accepted,direct_page_headword_match,machine_derived,true,false
ORT1888-art-002098,spa,Veer,,Ortega1888[87],ORT1888-cand-002098,ORTEGA1888-TEPIC-IA,91,87,5164,5165,Veer.— Oéfia. Neti.,em_dash,matched_headword,high,machine_accepted,direct_page_headword_match,machine_derived,true,false
ORT1888-art-002099,spa,Vello del c:¡erpo,,Ortega1888[87],ORT1888-cand-002099,ORTEGA1888-TEPIC-IA,91,87,5166,5167,Vello del c:¡erpo. — Vxafc.,em_dash,matched_headword,high,machine_accepted,direct_page_headword_match,machine_derived,true,false
ORT1888-art-002100,spa,Vena,,Ortega1888[87],ORT1888-cand-002100,ORTEGA1888-TEPIC-IA,91,87,5168,5169,Vena.— Tátat.,em_dash,matched_headword,high,machine_accepted,direct_page_headword_match,machine_derived,true,false
ORT1888-art-002101,spa,Venado,,Ortega1888[87],ORT1888-cand-002101,ORTEGA1888-TEPIC-IA,91,87,5170,5171,Venado. — Muaxati. pl. eri.,em_dash,matched_headword,high,machine_accepted,direct_page_headword_match,machine_derived,true,false
ORT1888-art-002102,spa,Venado pequeño,,Ortega1888[87],ORT1888-cand-002102,ORTEGA1888-TEPIC-IA,91,87,5172,5173,Venado pequeño. — Muáriti. pl. Muáritzi,em_dash,matched_headword,high,machine_accepted,direct_page_headword_match,machine_derived,true,false
ORT1888-art-002103,spa,Vence)-.',,Ortega1888[87],ORT1888-cand-002103,ORTEGA1888-TEPIC-IA,91,87,5174,5175,Vence)-.' — Tavicuaéie. Neteu.,em_dash,matched_headword,high,machine_accepted,direct_page_headword_match,machine_derived,true,false
ORT1888-art-002104,spa,Vencimiento,,Ortega1888[87],ORT1888-cand-002104,ORTEGA1888-TEPIC-IA,91,87,5176,5177,Vencimiento — Huatavicuareat.,em_dash,matched_headword,high,machine_accepted,direct_page_headword_match,machine_derived,true,false
ORT1888-art-002105,spa,Vender,,Ortega1888[87],ORT1888-cand-002105,ORTEGA1888-TEPIC-IA,91,87,5178,5179,Vender -A Toa Neti.,hyphen_variant,matched_headword,medium,machine_accepted,direct_page_headword_match,machine_derived,true,false
ORT1888-art-002106,spa,Vendedor,,Ortega1888[87],ORT1888-cand-002106,ORTEGA1888-TEPIC-IA,91,87,5180,5181,Vendedor. — Titoanie. pl. tzi.,em_dash,matched_headword,high,machine_accepted,direct_page_headword_match,machine_derived,true,false
ORT1888-art-002107,spa,Vendicion,,Ortega1888[87],ORT1888-cand-002107,ORTEGA1888-TEPIC-IA,91,87,5182,5183,Vendicion. — Toirit.,em_dash,matched_headword,high,machine_accepted,direct_page_headword_match,machine_derived,true,false
ORT1888-art-002108,spa,Veno-a rse,,Ortega1888[87],ORT1888-cand-002108,ORTEGA1888-TEPIC-IA,91,87,5184,5185,Veno-a rse. — Ahróhue. Neahuanaé.,em_dash,matched_headword,high,machine_accepted,direct_page_headword_match,machine_derived,true,false
ORT1888-art-002109,spa,Vengar ;í otro,,Ortega1888[87],ORT1888-cand-002109,ORTEGA1888-TEPIC-IA,91,87,5186,5187,Vengar ;í otro. — Yahué. Neteahué.,em_dash,matched_headword,high,machine_accepted,direct_page_headword_match,machine_derived,true,false
ORT1888-art-002110,spa,Veneno,,Ortega1888[87],ORT1888-cand-002110,ORTEGA1888-TEPIC-IA,91,87,5188,5189,Veneno. — Huáberit.,em_dash,matched_headword,high,machine_accepted,direct_page_headword_match,machine_derived,true,false
ORT1888-art-002111,spa,Venenoso ser,,Ortega1888[87],ORT1888-cand-002111,ORTEGA1888-TEPIC-IA,91,87,5190,5191,Venenoso ser.— Titáhuaite.,em_dash,matched_headword,high,machine_accepted,direct_page_headword_match,machine_derived,true,false
ORT1888-art-002112,spa,Venir,,Ortega1888[87],ORT1888-cand-002112,ORTEGA1888-TEPIC-IA,91,87,5192,5193,Venir. — Mepebéme. Yembeme.,em_dash,matched_headword,high,machine_accepted,direct_page_headword_match,machine_derived,true,false
ORT1888-art-002113,spa,Verano,,Ortega1888[87],ORT1888-cand-002113,ORTEGA1888-TEPIC-IA,91,87,5194,5195,Verano. — Xuxcatrí.,em_dash,matched_headword,high,machine_accepted,direct_page_headword_match,machine_derived,true,false
ORT1888-art-002114,spa,Verdad,,Ortega1888[87],ORT1888-cand-002114,ORTEGA1888-TEPIC-IA,91,87,5196,5197,Verdad. — Euhv'i.,em_dash,matched_headword,high,machine_accepted,direct_page_headword_match,machine_derived,true,false
ORT1888-art-002115,spa,"Verde, color",,Ortega1888[87],ORT1888-cand-002115,ORTEGA1888-TEPIC-IA,91,87,5198,5199,"Verde, color. — Huaravi.",em_dash,matched_headword,high,machine_accepted,direct_page_headword_match,machine_derived,true,false
ORT1888-art-002116,spa,Verdolagas,,Ortega1888[87],ORT1888-cand-002116,ORTEGA1888-TEPIC-IA,91,87,5200,5201,Verdolagas.— Nacarixa.,em_dash,matched_headword,high,machine_accepted,direct_page_headword_match,machine_derived,true,false
ORT1888-art-002117,spa,Vergüenza,,Ortega1888[87],ORT1888-cand-002117,ORTEGA1888-TEPIC-IA,91,87,5202,5203,Vergüenza. — Taviaketi.,em_dash,matched_headword,high,machine_accepted,direct_page_headword_match,machine_derived,true,false
ORT1888-art-002118,spa,Vergüenza tener,,Ortega1888[87],ORT1888-cand-002118,ORTEGA1888-TEPIC-IA,91,87,5204,5205,Vergüenza tener.- — -Tévia. Neti.,em_dash,matched_headword,high,machine_accepted,direct_page_headword_match,machine_derived,true,false
ORT1888-art-002119,spa,Vestir,,Ortega1888[87],ORT1888-cand-002119,ORTEGA1888-TEPIC-IA,91,87,5206,5207,Vestir. — Acbéhte. Neti.,em_dash,matched_headword,high,machine_accepted,direct_page_headword_match,machine_derived,true,false
ORT1888-art-002120,spa,Vestido ó vestidura,,Ortega1888[87],ORT1888-cand-002120,ORTEGA1888-TEPIC-IA,91,87,5208,5209,Vestido ó vestidura. — sChemiat.,em_dash,matched_headword,high,machine_accepted,direct_page_headword_match,machine_derived,true,false
ORT1888-art-002121,spa,Vida,,Ortega1888[87],ORT1888-cand-002121,ORTEGA1888-TEPIC-IA,91,87,5210,5215,Vida.— >Huriat. | 88,em_dash,matched_headword,high,machine_accepted,direct_page_headword_match,machine_derived,true,false
ORT1888-art-002122,spa,Vida tener,,Ortega1888[88],ORT1888-cand-002122,ORTEGA1888-TEPIC-IA,92,88,5216,5216,Vida tener. — Húri. Ne.,em_dash,matched_headword,high,machine_accepted,direct_page_headword_match,machine_derived,true,false
ORT1888-art-002123,spa,Viejo,,Ortega1888[88],ORT1888-cand-002123,ORTEGA1888-TEPIC-IA,92,88,5217,5217,Viejo. — Busca anciano.,em_dash,matched_headword,high,machine_accepted,direct_page_headword_match,machine_derived,true,false
ORT1888-art-002124,spa,Viento,,Ortega1888[88],ORT1888-cand-002124,ORTEGA1888-TEPIC-IA,92,88,5218,5218,Viento. — Busca aire.,em_dash,matched_headword,high,machine_accepted,direct_page_headword_match,machine_derived,true,false
ORT1888-art-002125,spa,Vihuela ó guitarra,,Ortega1888[88],ORT1888-cand-002125,ORTEGA1888-TEPIC-IA,92,88,5219,5219,Vihuela ó guitarra. — Canári.,em_dash,matched_headword,high,machine_accepted,direct_page_headword_match,machine_derived,true,false
ORT1888-art-002126,spa,Vino Mezcal,,Ortega1888[88],ORT1888-cand-002126,ORTEGA1888-TEPIC-IA,92,88,5220,5220,Vino Mezcal. — Nahuáti.,em_dash,matched_headword,high,machine_accepted,direct_page_headword_match,machine_derived,true,false
ORT1888-art-002127,spa,Visabuelo,,Ortega1888[88],ORT1888-cand-002127,ORTEGA1888-TEPIC-IA,92,88,5221,5221,Visabuelo.— Tituiú.,em_dash,matched_headword,high,machine_accepted,direct_page_headword_match,machine_derived,true,false
ORT1888-art-002128,spa,Visabuela,,Ortega1888[88],ORT1888-cand-002128,ORTEGA1888-TEPIC-IA,92,88,5222,5222,Visabuela. — Tituiú.,em_dash,matched_headword,high,machine_accepted,direct_page_headword_match,machine_derived,true,false
ORT1888-art-002129,spa,Visitar,,Ortega1888[88],ORT1888-cand-002129,ORTEGA1888-TEPIC-IA,92,88,5223,5223,Visitar. — Téze. Neteu.,em_dash,matched_headword,high,machine_accepted,direct_page_headword_match,machine_derived,true,false
ORT1888-art-002130,spa,Vista,,Ortega1888[88],ORT1888-cand-002130,ORTEGA1888-TEPIC-IA,92,88,5224,5224,Vista. — Céhriat.,em_dash,matched_headword,high,machine_accepted,direct_page_headword_match,machine_derived,true,false
ORT1888-art-002131,spa,Voluntad,,Ortega1888[88],ORT1888-cand-002131,ORTEGA1888-TEPIC-IA,92,88,5225,5225,Voluntad.- -Xéhviat.,hyphen_variant,matched_headword,medium,machine_accepted,direct_page_headword_match,machine_derived,true,false
ORT1888-art-002132,spa,Vomitar,,Ortega1888[88],ORT1888-cand-002132,ORTEGA1888-TEPIC-IA,92,88,5226,5226,"Vomitar. ,— Ha. Neti",em_dash,matched_headword,high,machine_accepted,direct_page_headword_match,machine_derived,true,false
ORT1888-art-002133,spa,Vle,,Ortega1888[88],ORT1888-cand-002133,ORTEGA1888-TEPIC-IA,92,88,5227,5229,Vle.— Vret.,em_dash,matched_headword,high,machine_accepted,direct_page_headword_match,machine_derived,true,false
ORT1888-art-002134,spa,Zelar,,Ortega1888[88],ORT1888-cand-002134,ORTEGA1888-TEPIC-IA,92,88,5230,5231,Zelar. — Trafcza. JNeti.,em_dash,matched_headword,high,machine_accepted,direct_page_headword_match,machine_derived,true,false
ORT1888-art-002135,spa,Zelo,,Ortega1888[88],ORT1888-cand-002135,ORTEGA1888-TEPIC-IA,92,88,5232,5233,Zelo. -Teatzacat.,hyphen_variant,matched_headword,medium,machine_accepted,direct_page_headword_match,machine_derived,true,false
ORT1888-art-002136,spa,Zorra,,Ortega1888[88],ORT1888-cand-002136,ORTEGA1888-TEPIC-IA,92,88,5234,5235,Zorra. ^-Arachuihti. pl. Arachuizi.,hyphen_variant,matched_headword,medium,machine_accepted,direct_page_headword_match,machine_derived,true,false
ORT1888-art-002137,spa,Zorrillo,,Ortega1888[88],ORT1888-cand-002137,ORTEGA1888-TEPIC-IA,92,88,5236,5237,Zorrillo. — Eupiht. pl. tzi.,em_dash,matched_headword,high,machine_accepted,direct_page_headword_match,machine_derived,true,false
ORT1888-art-002138,spa,Zumbar,,Ortega1888[88],ORT1888-cand-002138,ORTEGA1888-TEPIC-IA,92,88,5238,5239,Zumbar. — TJhhuána,em_dash,matched_headword,high,machine_accepted,direct_page_headword_match,machine_derived,true,false
ORT1888-art-002139,spa,Zumbar los oidos,,Ortega1888[88],ORT1888-cand-002139,ORTEGA1888-TEPIC-IA,92,88,5240,5241,Zumbar los oidos.— Vcaxana.,em_dash,matched_headword,high,machine_accepted,direct_page_headword_match,machine_derived,true,false
ORT1888-art-002140,spa,Zumbar la abeja,,Ortega1888[88],ORT1888-cand-002140,ORTEGA1888-TEPIC-IA,92,88,5242,5244,Zumbar la abeja.— Uhhuána.,em_dash,matched_headword,high,machine_accepted,direct_page_headword_match,machine_derived,true,false
