ID,Description,Entry_ID,Description_Language_ID,CHD_Candidate_ID,CHD_Authority_Status,CHD_Human_Verified
ORT1888-art-000001-s1,"A., hua.",ORT1888-art-000001,crn,ORT1888-cand-000001,machine_derived,false
ORT1888-art-000002-s1,Acátoa. Nete. Acucare. Nete.,ORT1888-art-000002,crn,ORT1888-cand-000002,machine_derived,false
ORT1888-art-000003-s1,Acátezin Nete. Acahazéme. Nete.,ORT1888-art-000003,crn,ORT1888-cand-000003,machine_derived,false
ORT1888-art-000004-s1,Abaútona. Nabántona.,ORT1888-art-000004,crn,ORT1888-cand-000004,machine_derived,false
ORT1888-art-000005-s1,Acame. N.,ORT1888-art-000005,crn,ORT1888-cand-000005,machine_derived,false
ORT1888-art-000006-s1,Temubá. Ne.,ORT1888-art-000006,crn,ORT1888-cand-000006,machine_derived,false
ORT1888-art-000007-s1,Abaútona. Nabántona.,ORT1888-art-000007,crn,ORT1888-cand-000007,machine_derived,false
ORT1888-art-000008-s1,Acahutacá Ne-,ORT1888-art-000008,crn,ORT1888-cand-000008,machine_derived,false
ORT1888-art-000009-s1,Iúte Mete.,ORT1888-art-000009,crn,ORT1888-cand-000009,machine_derived,false
ORT1888-art-000010-s1,Make Muke Ake.,ORT1888-art-000010,crn,ORT1888-cand-000010,machine_derived,false
ORT1888-art-000011-s1,Bévi. Nete.,ORT1888-art-000011,crn,ORT1888-cand-000011,machine_derived,false
ORT1888-art-000012-s1,Vicurétzina. Nete.,ORT1888-art-000012,crn,ORT1888-cand-000012,machine_derived,false
ORT1888-art-000013-s1,Ayápúche. Arepoá.,ORT1888-art-000013,crn,ORT1888-cand-000013,machine_derived,false
ORT1888-art-000014-s1,Zearáte. pl. ri.,ORT1888-art-000014,crn,ORT1888-cand-000014,machine_derived,false
ORT1888-art-000015-s1,Xumuate.,ORT1888-art-000015,crn,ORT1888-cand-000015,machine_derived,false
ORT1888-art-000016-s1,Tucaixarizt. Caretsing.,ORT1888-art-000016,crn,ORT1888-cand-000016,machine_derived,false
ORT1888-art-000017-s1,Tzihcn. \\.,ORT1888-art-000017,crn,ORT1888-cand-000017,machine_derived,false
ORT1888-art-000018-s1,Tzinuiate. {>1. ri,ORT1888-art-000018,crn,ORT1888-cand-000018,machine_derived,false
ORT1888-art-000019-s1,Chuarete pl ri,ORT1888-art-000019,crn,ORT1888-cand-000019,machine_derived,false
ORT1888-art-000020-s1,Iúte. [>l. ri.,ORT1888-art-000020,crn,ORT1888-cand-000020,machine_derived,false
ORT1888-art-000021-s1,Ancáeúne.,ORT1888-art-000021,crn,ORT1888-cand-000021,machine_derived,false
ORT1888-art-000022-s1,A.ntáruneat.,ORT1888-art-000022,crn,ORT1888-cand-000022,machine_derived,false
ORT1888-art-000023-s1,Aca.ihrliihuatéme.,ORT1888-art-000023,crn,ORT1888-cand-000023,machine_derived,false
ORT1888-art-000024-s1,Ateat>v/.,ORT1888-art-000024,crn,ORT1888-cand-000024,machine_derived,false
ORT1888-art-000025-s1,Vhniuéye.,ORT1888-art-000025,crn,ORT1888-cand-000025,machine_derived,false
ORT1888-art-000026-s1,UMiuái. pl. tzi.,ORT1888-art-000026,crn,ORT1888-cand-000026,machine_derived,false
ORT1888-art-000027-s1,A^//\acat. pl. t/i.,ORT1888-art-000027,crn,ORT1888-cand-000027,machine_derived,false
ORT1888-art-000028-s1,Tuca. Neti.,ORT1888-art-000028,crn,ORT1888-cand-000028,machine_derived,false
ORT1888-art-000029-s1,Putna. Neti.,ORT1888-art-000029,crn,ORT1888-cand-000029,machine_derived,false
ORT1888-art-000030-s1,Vcácnane. N.,ORT1888-art-000030,crn,ORT1888-cand-000030,machine_derived,false
ORT1888-art-000031-s1,Vitebéchexe. Neti.,ORT1888-art-000031,crn,ORT1888-cand-000031,machine_derived,false
ORT1888-art-000032-s1,Tibeite becheme pl. tzi.,ORT1888-art-000032,crn,ORT1888-cand-000032,machine_derived,false
ORT1888-art-000033-s1,Muecube. Netiucube.,ORT1888-art-000033,crn,ORT1888-cand-000033,machine_derived,false
ORT1888-art-000034-s1,Cubihat.,ORT1888-art-000034,crn,ORT1888-cand-000034,machine_derived,false
ORT1888-art-000035-s1,Hucabihuáme. pl. tzi.,ORT1888-art-000035,crn,ORT1888-cand-000035,machine_derived,false
ORT1888-art-000036-s1,Teáutze. Nete.,ORT1888-art-000036,crn,ORT1888-cand-000036,machine_derived,false
ORT1888-art-000037-s1,Vtécbeziin. N.,ORT1888-art-000037,crn,ORT1888-cand-000037,machine_derived,false
ORT1888-art-000038-s1,"Haxéhvia, Neti.",ORT1888-art-000038,crn,ORT1888-cand-000038,machine_derived,false
ORT1888-art-000039-s1,Haxelmviat.,ORT1888-art-000039,crn,ORT1888-cand-000039,machine_derived,false
ORT1888-art-000040-s1,Muhaxihvia.,ORT1888-art-000040,crn,ORT1888-cand-000040,machine_derived,false
ORT1888-art-000041-s1,Ahee. Nete.,ORT1888-art-000041,crn,ORT1888-cand-000041,machine_derived,false
ORT1888-art-000042-s1,tal. A vial.,ORT1888-art-000042,crn,ORT1888-cand-000042,machine_derived,false
ORT1888-art-000043-s1,Aacáite.,ORT1888-art-000043,crn,ORT1888-cand-000043,machine_derived,false
ORT1888-art-000044-s1,Vicurechui. Neti.,ORT1888-art-000044,crn,ORT1888-cand-000044,machine_derived,false
ORT1888-art-000045-s1,.Muicurá hitipu.,ORT1888-art-000045,crn,ORT1888-cand-000045,machine_derived,false
ORT1888-art-000046-s1,Vpuzcheá. n.,ORT1888-art-000046,crn,ORT1888-cand-000046,machine_derived,false
ORT1888-art-000047-s1,Taixe. Ne.,ORT1888-art-000047,crn,ORT1888-cand-000047,machine_derived,false
ORT1888-art-000048-s1,Huantaixe. Nataixe.,ORT1888-art-000048,crn,ORT1888-cand-000048,machine_derived,false
ORT1888-art-000049-s1,Namihua.,ORT1888-art-000049,crn,ORT1888-cand-000049,machine_derived,false
ORT1888-art-000050-s1,Baña. Nete.,ORT1888-art-000050,crn,ORT1888-cand-000050,machine_derived,false
ORT1888-art-000051-s1,Huateavihcatacá.,ORT1888-art-000051,crn,ORT1888-cand-000051,machine_derived,false
ORT1888-art-000052-s1,Antacü. Nete.,ORT1888-art-000052,crn,ORT1888-cand-000052,machine_derived,false
ORT1888-art-000053-s1,-Anticú. Nete.,ORT1888-art-000053,crn,ORT1888-cand-000053,machine_derived,false
ORT1888-art-000054-s1,Ácacuaxa. N.,ORT1888-art-000054,crn,ORT1888-cand-000054,machine_derived,false
ORT1888-art-000055-s1,A u tacú. Ne.,ORT1888-art-000055,crn,ORT1888-cand-000055,machine_derived,false
ORT1888-art-000056-s1,Atátva. Ne.,ORT1888-art-000056,crn,ORT1888-cand-000056,machine_derived,false
ORT1888-art-000057-s1,Aeihché. Ne.,ORT1888-art-000057,crn,ORT1888-cand-000057,machine_derived,false
ORT1888-art-000058-s1,Ainuaíitéhua. Nea nautéhua.,ORT1888-art-000058,crn,ORT1888-cand-000058,machine_derived,false
ORT1888-art-000059-s1,Tzicaréte.,ORT1888-art-000059,crn,ORT1888-cand-000059,machine_derived,false
ORT1888-art-000060-s1,Tapoaketaeá. Neteu.,ORT1888-art-000060,crn,ORT1888-cand-000060,machine_derived,false
ORT1888-art-000061-s1,Tiyácuari. pl. tzi.,ORT1888-art-000061,crn,ORT1888-cand-000061,machine_derived,false
ORT1888-art-000062-s1,Tiyaxú. pl tzi.,ORT1888-art-000062,crn,ORT1888-cand-000062,machine_derived,false
ORT1888-art-000063-s1,Tipini. Ne.,ORT1888-art-000063,crn,ORT1888-cand-000063,machine_derived,false
ORT1888-art-000064-s1,Ampuéne. Acá. Iye.,ORT1888-art-000064,crn,ORT1888-cand-000064,machine_derived,false
ORT1888-art-000065-s1,Kete. Neteu.,ORT1888-art-000065,crn,ORT1888-cand-000065,machine_derived,false
ORT1888-art-000066-s1,Huaxé*.,ORT1888-art-000066,crn,ORT1888-cand-000066,machine_derived,false
ORT1888-art-000067-s1,Vipuareca. N.,ORT1888-art-000067,crn,ORT1888-cand-000067,machine_derived,false
ORT1888-art-000068-s1,"Atánehve, Ne.",ORT1888-art-000068,crn,ORT1888-cand-000068,machine_derived,false
ORT1888-art-000069-s1,Iya puche.,ORT1888-art-000069,crn,ORT1888-cand-000069,machine_derived,false
ORT1888-art-000070-s1,Ihmoéa. Neti. Taih.-Moaéhri. Ne.,ORT1888-art-000070,crn,ORT1888-cand-000070,machine_derived,false
ORT1888-art-000071-s1,Atoatüeca. Nete.,ORT1888-art-000071,crn,ORT1888-cand-000071,machine_derived,false
ORT1888-art-000072-s1,NVvátoah Nete.,ORT1888-art-000072,crn,ORT1888-cand-000072,machine_derived,false
ORT1888-art-000073-s1,Vitátoah. Nete.,ORT1888-art-000073,crn,ORT1888-cand-000073,machine_derived,false
ORT1888-art-000074-s1,Acátoah. Nete.,ORT1888-art-000074,crn,ORT1888-cand-000074,machine_derived,false
ORT1888-art-000075-s1,Antitoah. Nete.,ORT1888-art-000075,crn,ORT1888-cand-000075,machine_derived,false
ORT1888-art-000076-s1,Vtatoah. Nete.,ORT1888-art-000076,crn,ORT1888-cand-000076,machine_derived,false
ORT1888-art-000077-s1,Vhuátoah. Nete.,ORT1888-art-000077,crn,ORT1888-cand-000077,machine_derived,false
ORT1888-art-000078-s1,Heiva. Ne.,ORT1888-art-000078,crn,ORT1888-cand-000078,machine_derived,false
ORT1888-art-000079-s1,Tzahuate. Nete.,ORT1888-art-000079,crn,ORT1888-cand-000079,machine_derived,false
ORT1888-art-000080-s1,Huatahuázezt. Nuhuatancá-,ORT1888-art-000080,crn,ORT1888-cand-000080,machine_derived,false
ORT1888-art-000081-s1,Huáxehte. Ne.,ORT1888-art-000081,crn,ORT1888-cand-000081,machine_derived,false
ORT1888-art-000082-s1,"Miiihin//*"". Neti.",ORT1888-art-000082,crn,ORT1888-cand-000082,machine_derived,false
ORT1888-art-000083-s1,Vivaba. Néniyéta.,ORT1888-art-000083,crn,ORT1888-cand-000083,machine_derived,false
ORT1888-art-000084-s1,Vi yeta t.,ORT1888-art-000084,crn,ORT1888-cand-000084,machine_derived,false
ORT1888-art-000085-s1,Metné. Neti.,ORT1888-art-000085,crn,ORT1888-cand-000085,machine_derived,false
ORT1888-art-000086-s1,Xé'oe. Neti.,ORT1888-art-000086,crn,ORT1888-cand-000086,machine_derived,false
ORT1888-art-000087-s1,Apoanti.,ORT1888-art-000087,crn,ORT1888-cand-000087,machine_derived,false
ORT1888-art-000088-s1,Apuxeurizt Manúxeiirizt.,ORT1888-art-000088,crn,ORT1888-cand-000088,machine_derived,false
ORT1888-art-000089-s1,Ahv/¿otoa. Nahiiautoa.,ORT1888-art-000089,crn,ORT1888-cand-000089,machine_derived,false
ORT1888-art-000090-s1,Yaxuhpua. Ni. Yateu«¿\ Ni. Ye. Ni.,ORT1888-art-000090,crn,ORT1888-cand-000090,machine_derived,false
ORT1888-art-000091-s1,Ntizizchizt. Nete.,ORT1888-art-000091,crn,ORT1888-cand-000091,machine_derived,false
ORT1888-art-000092-s1,Man xé.,ORT1888-art-000092,crn,ORT1888-cand-000092,machine_derived,false
ORT1888-art-000093-s1,Huaohcácari.,ORT1888-art-000093,crn,ORT1888-cand-000093,machine_derived,false
ORT1888-art-000094-s1,Tachetzina. Neti.,ORT1888-art-000094,crn,ORT1888-cand-000094,machine_derived,false
ORT1888-art-000095-s1,Huatáhua Nata-,ORT1888-art-000095,crn,ORT1888-cand-000095,machine_derived,false
ORT1888-art-000096-s1,Anta neáxcaca. Nete.,ORT1888-art-000096,crn,ORT1888-cand-000096,machine_derived,false
ORT1888-art-000097-s1,^Hebe. Neti.,ORT1888-art-000097,crn,ORT1888-cand-000097,machine_derived,false
ORT1888-art-000098-s1,Vtamuarem/ea Nete.,ORT1888-art-000098,crn,ORT1888-cand-000098,machine_derived,false
ORT1888-art-000099-s1,Huateahuzemi. Nateahuizemi.,ORT1888-art-000099,crn,ORT1888-cand-000099,machine_derived,false
ORT1888-art-000100-s1,Huatwhui. Natetfhui.,ORT1888-art-000100,crn,ORT1888-cand-000100,machine_derived,false
ORT1888-art-000101-s1,ATete. Neteu.,ORT1888-art-000101,crn,ORT1888-cand-000101,machine_derived,false
ORT1888-art-000102-s1,>Amutzi.,ORT1888-art-000102,crn,ORT1888-cand-000102,machine_derived,false
ORT1888-art-000103-s1,Bé Net i.,ORT1888-art-000103,crn,ORT1888-cand-000103,machine_derived,false
ORT1888-art-000104-s1,Cureva Neti.,ORT1888-art-000104,crn,ORT1888-cand-000104,machine_derived,false
ORT1888-art-000105-s1,Beyat.,ORT1888-art-000105,crn,ORT1888-cand-000105,machine_derived,false
ORT1888-art-000106-s1,NNaviti.,ORT1888-art-000106,crn,ORT1888-cand-000106,machine_derived,false
ORT1888-art-000107-s1,"NHiiíwiutiéhre. Neii, tearauéhre.",ORT1888-art-000107,crn,ORT1888-cand-000107,machine_derived,false
ORT1888-art-000108-s1,NTzúchá Ne,ORT1888-art-000108,crn,ORT1888-cand-000108,machine_derived,false
ORT1888-art-000109-s1,Taba Neti.,ORT1888-art-000109,crn,ORT1888-cand-000109,machine_derived,false
ORT1888-art-000110-s1,M«>me. Euk.,ORT1888-art-000110,crn,ORT1888-cand-000110,machine_derived,false
ORT1888-art-000111-s1,xT¡axahtzi-ri,ORT1888-art-000111,crn,ORT1888-cand-000111,machine_derived,false
ORT1888-art-000112-s1,An caca.,ORT1888-art-000112,crn,ORT1888-cand-000112,machine_derived,false
ORT1888-art-000113-s1,Teaunamua. Netemamua.,ORT1888-art-000113,crn,ORT1888-cand-000113,machine_derived,false
ORT1888-art-000114-s1,M.ueiuevé.,ORT1888-art-000114,crn,ORT1888-cand-000114,machine_derived,false
ORT1888-art-000115-s1,Tazné. Neti.,ORT1888-art-000115,crn,ORT1888-cand-000115,machine_derived,false
ORT1888-art-000116-s1,Pitzire. Neti.,ORT1888-art-000116,crn,ORT1888-cand-000116,machine_derived,false
ORT1888-art-000117-s1,/?>/hripent¡ tahua. £#uhrimentitáhua. £fahriti-,ORT1888-art-000117,crn,ORT1888-cand-000117,machine_derived,false
ORT1888-art-000118-s1,vVnea. Neunca.,ORT1888-art-000118,crn,ORT1888-cand-000118,machine_derived,false
ORT1888-art-000119-s1,Teahnane. Neti.,ORT1888-art-000119,crn,ORT1888-cand-000119,machine_derived,false
ORT1888-art-000120-s1,Huáve. pl. tzi.,ORT1888-art-000120,crn,ORT1888-cand-000120,machine_derived,false
ORT1888-art-000121-s1,Amuahrere. Net.,ORT1888-art-000121,crn,ORT1888-cand-000121,machine_derived,false
ORT1888-art-000122-s1,Tiéhre. pl. Metühre.,ORT1888-art-000122,crn,ORT1888-cand-000122,machine_derived,false
ORT1888-art-000123-s1,Atzáhuate. Ne.,ORT1888-art-000123,crn,ORT1888-cand-000123,machine_derived,false
ORT1888-art-000124-s1,At zahuate. Nete.,ORT1888-art-000124,crn,ORT1888-cand-000124,machine_derived,false
ORT1888-art-000125-s1,Ihua. Neti.,ORT1888-art-000125,crn,ORT1888-cand-000125,machine_derived,false
ORT1888-art-000126-s1,Ihuaihua.,ORT1888-art-000126,crn,ORT1888-cand-000126,machine_derived,false
ORT1888-art-000127-s1,Xamit.,ORT1888-art-000127,crn,ORT1888-cand-000127,machine_derived,false
ORT1888-art-000128-s1,Anáhcona. Ne.,ORT1888-art-000128,crn,ORT1888-cand-000128,machine_derived,false
ORT1888-art-000129-s1,Auné?,ORT1888-art-000129,crn,ORT1888-cand-000129,machine_derived,false
ORT1888-art-000130-s1,Aupéhye.,ORT1888-art-000130,crn,ORT1888-cand-000130,machine_derived,false
ORT1888-art-000131-s1,Atzahuate. Ne.,ORT1888-art-000131,crn,ORT1888-cand-000131,machine_derived,false
ORT1888-art-000132-s1,Cozté. Neti.,ORT1888-art-000132,crn,ORT1888-cand-000132,machine_derived,false
ORT1888-art-000133-s1,"Taatzihmoaca, Ne.",ORT1888-art-000133,crn,ORT1888-cand-000133,machine_derived,false
ORT1888-art-000134-s1,Acáze. Ne.,ORT1888-art-000134,crn,ORT1888-cand-000134,machine_derived,false
ORT1888-art-000135-s1,Veá-se aderezar,ORT1888-art-000135,crn,ORT1888-cand-000135,machine_derived,false
ORT1888-art-000136-s1,Hebe Nete.,ORT1888-art-000136,crn,ORT1888-cand-000136,machine_derived,false
ORT1888-art-000137-s1,Maco.,ORT1888-art-000137,crn,ORT1888-cand-000137,machine_derived,false
ORT1888-art-000138-s1,"Tatachiácá, Neteu.",ORT1888-art-000138,crn,ORT1888-cand-000138,machine_derived,false
ORT1888-art-000139-s1,Avitzike.,ORT1888-art-000139,crn,ORT1888-cand-000139,machine_derived,false
ORT1888-art-000140-s1,Iapúc,ORT1888-art-000140,crn,ORT1888-cand-000140,machine_derived,false
ORT1888-art-000141-s1,Euhv\eue. pl. Enhiiméne.,ORT1888-art-000141,crn,ORT1888-cand-000141,machine_derived,false
ORT1888-art-000142-s1,Xana ve Neti.,ORT1888-art-000142,crn,ORT1888-cand-000142,machine_derived,false
ORT1888-art-000143-s1,Muei/.ipe. Neti.,ORT1888-art-000143,crn,ORT1888-cand-000143,machine_derived,false
ORT1888-art-000144-s1,Cayezim Neti.,ORT1888-art-000144,crn,ORT1888-cand-000144,machine_derived,false
ORT1888-art-000145-s1,Vitazeupeiie. pl. Vitazeuméne.,ORT1888-art-000145,crn,ORT1888-cand-000145,machine_derived,false
ORT1888-art-000146-s1,Cache. Neti. Pitné. Neti.,ORT1888-art-000146,crn,ORT1888-cand-000146,machine_derived,false
ORT1888-art-000147-s1,^Tipitnihuame pl. tzi.,ORT1888-art-000147,crn,ORT1888-cand-000147,machine_derived,false
ORT1888-art-000148-s1,Apuaíte. Neti.,ORT1888-art-000148,crn,ORT1888-cand-000148,machine_derived,false
ORT1888-art-000149-s1,Apurarse. Nemputeamoaté. Neuuteamoaté.,ORT1888-art-000149,crn,ORT1888-cand-000149,machine_derived,false
ORT1888-art-000150-s1,Cuaxe/.tn. Neteu.,ORT1888-art-000150,crn,ORT1888-cand-000150,machine_derived,false
ORT1888-art-000151-s1,"Tacuaxeztn, Neteu. Tacua-",ORT1888-art-000151,crn,ORT1888-cand-000151,machine_derived,false
ORT1888-art-000152-s1,Teúcazt.,ORT1888-art-000152,crn,ORT1888-cand-000152,machine_derived,false
ORT1888-art-000153-s1,Vcurrebi pihua. Nete.,ORT1888-art-000153,crn,ORT1888-cand-000153,machine_derived,false
ORT1888-art-000154-s1,Tebea. Kéte. Neti.,ORT1888-art-000154,crn,ORT1888-cand-000154,machine_derived,false
ORT1888-art-000155-s1,Teben. Kéte.,ORT1888-art-000155,crn,ORT1888-cand-000155,machine_derived,false
ORT1888-art-000156-s1,Titebea. Kéte.,ORT1888-art-000156,crn,ORT1888-cand-000156,machine_derived,false
ORT1888-art-000157-s1,Abaútona. Abántona.,ORT1888-art-000157,crn,ORT1888-cand-000157,machine_derived,false
ORT1888-art-000158-s1,Abaútotze. Abautotze.,ORT1888-art-000158,crn,ORT1888-cand-000158,machine_derived,false
ORT1888-art-000159-s1,Via. Neti. Tebi. Neteu.,ORT1888-art-000159,crn,ORT1888-cand-000159,machine_derived,false
ORT1888-art-000160-s1,"^ Zíwhripoauhii. /""¿/hrinaühre.",ORT1888-art-000160,crn,ORT1888-cand-000160,machine_derived,false
ORT1888-art-000161-s1,.. M?^ké. Ne. Vi tzi te Nencavitzite.,ORT1888-art-000161,crn,ORT1888-cand-000161,machine_derived,false
ORT1888-art-000162-s1,Ico.,ORT1888-art-000162,crn,ORT1888-cand-000162,machine_derived,false
ORT1888-art-000163-s1,Vzi.,ORT1888-art-000163,crn,ORT1888-cand-000163,machine_derived,false
ORT1888-art-000164-s1,Huateahuatziri. Neteahuatziri.,ORT1888-art-000164,crn,ORT1888-cand-000164,machine_derived,false
ORT1888-art-000165-s1,Antzina.,ORT1888-art-000165,crn,ORT1888-cand-000165,machine_derived,false
ORT1888-art-000166-s1,Huatetzinaca.,ORT1888-art-000166,crn,ORT1888-cand-000166,machine_derived,false
ORT1888-art-000167-s1,Atzahuate. Nete.,ORT1888-art-000167,crn,ORT1888-cand-000167,machine_derived,false
ORT1888-art-000168-s1,Bene. Neteu.,ORT1888-art-000168,crn,ORT1888-cand-000168,machine_derived,false
ORT1888-art-000169-s1,Benear.,ORT1888-art-000169,crn,ORT1888-cand-000169,machine_derived,false
ORT1888-art-000170-s1,Ah ti.,ORT1888-art-000170,crn,ORT1888-cand-000170,machine_derived,false
ORT1888-art-000171-s1,Yhebme. N.,ORT1888-art-000171,crn,ORT1888-cand-000171,machine_derived,false
ORT1888-art-000172-s1,Lo mismo que arriba.,ORT1888-art-000172,crn,ORT1888-cand-000172,machine_derived,false
ORT1888-art-000173-s1,Yaóhea.,ORT1888-art-000173,crn,ORT1888-cand-000173,machine_derived,false
ORT1888-art-000174-s1,Vi tori.,ORT1888-art-000174,crn,ORT1888-cand-000174,machine_derived,false
ORT1888-art-000175-s1,Puxcáre.,ORT1888-art-000175,crn,ORT1888-cand-000175,machine_derived,false
ORT1888-art-000176-s1,Ai níia v i .,ORT1888-art-000176,crn,ORT1888-cand-000176,machine_derived,false
ORT1888-art-000177-s1,Háinoarc. Neti.,ORT1888-art-000177,crn,ORT1888-cand-000177,machine_derived,false
ORT1888-art-000178-s1,Chucve. Neti.,ORT1888-art-000178,crn,ORT1888-cand-000178,machine_derived,false
ORT1888-art-000179-s1,Antipitné.,ORT1888-art-000179,crn,ORT1888-cand-000179,machine_derived,false
ORT1888-art-000180-s1,Cuna Neti.,ORT1888-art-000180,crn,ORT1888-cand-000180,machine_derived,false
ORT1888-art-000181-s1,Anacucúne.,ORT1888-art-000181,crn,ORT1888-cand-000181,machine_derived,false
ORT1888-art-000182-s1,Anamimézim. Nete.,ORT1888-art-000182,crn,ORT1888-cand-000182,machine_derived,false
ORT1888-art-000183-s1,Anatayáxe. Nete.,ORT1888-art-000183,crn,ORT1888-cand-000183,machine_derived,false
ORT1888-art-000184-s1,Anacüni.,ORT1888-art-000184,crn,ORT1888-cand-000184,machine_derived,false
ORT1888-art-000185-s1,Anacunazt. Nete.,ORT1888-art-000185,crn,ORT1888-cand-000185,machine_derived,false
ORT1888-art-000186-s1,V ca c u n i .,ORT1888-art-000186,crn,ORT1888-cand-000186,machine_derived,false
ORT1888-art-000187-s1,Muaxemét. pl. tzi.,ORT1888-art-000187,crn,ORT1888-cand-000187,machine_derived,false
ORT1888-art-000188-s1,Aihnatame. pl. tzi.,ORT1888-art-000188,crn,ORT1888-cand-000188,machine_derived,false
ORT1888-art-000189-s1,Quáiravet. pl. tzi.,ORT1888-art-000189,crn,ORT1888-cand-000189,machine_derived,false
ORT1888-art-000190-s1,Tanacucúne.,ORT1888-art-000190,crn,ORT1888-cand-000190,machine_derived,false
ORT1888-art-000191-s1,Heácari. Neti.,ORT1888-art-000191,crn,ORT1888-cand-000191,machine_derived,false
ORT1888-art-000192-s1,Huacuaitzá. Nacuaitza.,ORT1888-art-000192,crn,ORT1888-cand-000192,machine_derived,false
ORT1888-art-000193-s1,Aohamuezfc. Nete.,ORT1888-art-000193,crn,ORT1888-cand-000193,machine_derived,false
ORT1888-art-000194-s1,Autácatzi. Is,ORT1888-art-000194,crn,ORT1888-cand-000194,machine_derived,false
ORT1888-art-000195-s1,Nteacuáime. Nete.,ORT1888-art-000195,crn,ORT1888-cand-000195,machine_derived,false
ORT1888-art-000196-s1,Ketzimoarite Neteu.,ORT1888-art-000196,crn,ORT1888-cand-000196,machine_derived,false
ORT1888-art-000197-s1,Amaihna.,ORT1888-art-000197,crn,ORT1888-cand-000197,machine_derived,false
ORT1888-art-000198-s1,"Anái, Ahuí, Aipoc.",ORT1888-art-000198,crn,ORT1888-cand-000198,machine_derived,false
ORT1888-art-000199-s1,Tahcai.,ORT1888-art-000199,crn,ORT1888-cand-000199,machine_derived,false
ORT1888-art-000200-s1,Haxéihte. Neti.,ORT1888-art-000200,crn,ORT1888-cand-000200,machine_derived,false
ORT1888-art-000201-s1,Acate.,ORT1888-art-000201,crn,ORT1888-cand-000201,machine_derived,false
ORT1888-art-000202-s1,Huaác.,ORT1888-art-000202,crn,ORT1888-cand-000202,machine_derived,false
ORT1888-art-000203-s1,Vaehre Neti,ORT1888-art-000203,crn,ORT1888-cand-000203,machine_derived,false
ORT1888-art-000204-s1,Vaehreat.,ORT1888-art-000204,crn,ORT1888-cand-000204,machine_derived,false
ORT1888-art-000205-s1,"asi. ^-Tivaehrel) name, pl. tzi.",ORT1888-art-000205,crn,ORT1888-cand-000205,machine_derived,false
ORT1888-art-000206-s1,Taihri. Neteu.,ORT1888-art-000206,crn,ORT1888-cand-000206,machine_derived,false
ORT1888-art-000207-s1,Taihriat.,ORT1888-art-000207,crn,ORT1888-cand-000207,machine_derived,false
ORT1888-art-000208-s1,Vitzive. Nénit/íve.,ORT1888-art-000208,crn,ORT1888-cand-000208,machine_derived,false
ORT1888-art-000209-s1,>Vitzivehuame. ]>1. tzi.,ORT1888-art-000209,crn,ORT1888-cand-000209,machine_derived,false
ORT1888-art-000210-s1,Itziviat.,ORT1888-art-000210,crn,ORT1888-cand-000210,machine_derived,false
ORT1888-art-000211-s1,Tipiní. Ticutzí.,ORT1888-art-000211,crn,ORT1888-cand-000211,machine_derived,false
ORT1888-art-000212-s1,Anáti.,ORT1888-art-000212,crn,ORT1888-cand-000212,machine_derived,false
ORT1888-art-000213-s1,Tfaxcn. pl. te.,ORT1888-art-000213,crn,ORT1888-cand-000213,machine_derived,false
ORT1888-art-000214-s1,Euhriyaomoara. Euh,ORT1888-art-000214,crn,ORT1888-cand-000214,machine_derived,false
ORT1888-art-000215-s1,Negrita.,ORT1888-art-000215,crn,ORT1888-cand-000215,machine_derived,false
ORT1888-art-000216-s1,Necutatá.,ORT1888-art-000216,crn,ORT1888-cand-000216,machine_derived,false
ORT1888-art-000217-s1,Tepuzti.,ORT1888-art-000217,crn,ORT1888-cand-000217,machine_derived,false
ORT1888-art-000218-s1,Vbetat.,ORT1888-art-000218,crn,ORT1888-cand-000218,machine_derived,false
ORT1888-art-000219-s1,Taána. Neti.,ORT1888-art-000219,crn,ORT1888-cand-000219,machine_derived,false
ORT1888-art-000220-s1,Tet.,ORT1888-art-000220,crn,ORT1888-cand-000220,machine_derived,false
ORT1888-art-000221-s1,Teázeca.,ORT1888-art-000221,crn,ORT1888-cand-000221,machine_derived,false
ORT1888-art-000222-s1,Antiáze. N.,ORT1888-art-000222,crn,ORT1888-cand-000222,machine_derived,false
ORT1888-art-000223-s1,Téazim. Neti.. Teahpuazt.,ORT1888-art-000223,crn,ORT1888-cand-000223,machine_derived,false
ORT1888-art-000224-s1,Tézim. Neti. Tutuizem. Neti.,ORT1888-art-000224,crn,ORT1888-cand-000224,machine_derived,false
ORT1888-art-000225-s1,Team uva. Ne.,ORT1888-art-000225,crn,ORT1888-cand-000225,machine_derived,false
ORT1888-art-000226-s1,Teanava. Ne.,ORT1888-art-000226,crn,ORT1888-cand-000226,machine_derived,false
ORT1888-art-000227-s1,Vtea m un vé;,ORT1888-art-000227,crn,ORT1888-cand-000227,machine_derived,false
ORT1888-art-000228-s1,Uteainuavihnanie. pl. tzi.,ORT1888-art-000228,crn,ORT1888-cand-000228,machine_derived,false
ORT1888-art-000229-s1,Team na via t.,ORT1888-art-000229,crn,ORT1888-cand-000229,machine_derived,false
ORT1888-art-000230-s1,Gane Neti.,ORT1888-art-000230,crn,ORT1888-cand-000230,machine_derived,false
ORT1888-art-000231-s1,v Ti tac.,ORT1888-art-000231,crn,ORT1888-cand-000231,machine_derived,false
ORT1888-art-000232-s1,MmíxiUí.,ORT1888-art-000232,crn,ORT1888-cand-000232,machine_derived,false
ORT1888-art-000233-s1,Ti tac.,ORT1888-art-000233,crn,ORT1888-cand-000233,machine_derived,false
ORT1888-art-000234-s1,Atzáco.,ORT1888-art-000234,crn,ORT1888-cand-000234,machine_derived,false
ORT1888-art-000235-s1,Muacátá.,ORT1888-art-000235,crn,ORT1888-cand-000235,machine_derived,false
ORT1888-art-000236-s1,"Atañe, pl, Aténio.",ORT1888-art-000236,crn,ORT1888-cand-000236,machine_derived,false
ORT1888-art-000237-s1,Yeyeat.,ORT1888-art-000237,crn,ORT1888-cand-000237,machine_derived,false
ORT1888-art-000238-s1,Heacari. Neti.,ORT1888-art-000238,crn,ORT1888-cand-000238,machine_derived,false
ORT1888-art-000239-s1,Naviti.,ORT1888-art-000239,crn,ORT1888-cand-000239,machine_derived,false
ORT1888-art-000240-s1,Uu.,ORT1888-art-000240,crn,ORT1888-cand-000240,machine_derived,false
ORT1888-art-000241-s1,Temuapoaure Temuanaúre.,ORT1888-art-000241,crn,ORT1888-cand-000241,machine_derived,false
ORT1888-art-000242-s1,Vtabána.,ORT1888-art-000242,crn,ORT1888-cand-000242,machine_derived,false
ORT1888-art-000243-s1,Mufiue. Eua.,ORT1888-art-000243,crn,ORT1888-cand-000243,machine_derived,false
ORT1888-art-000244-s1,Tixaménkare.,ORT1888-art-000244,crn,ORT1888-cand-000244,machine_derived,false
ORT1888-art-000245-s1,Cea táriti.,ORT1888-art-000245,crn,ORT1888-cand-000245,machine_derived,false
ORT1888-art-000246-s1,Míiútziti.,ORT1888-art-000246,crn,ORT1888-cand-000246,machine_derived,false
ORT1888-art-000247-s1,Neuhritzé .N.,ORT1888-art-000247,crn,ORT1888-cand-000247,machine_derived,false
ORT1888-art-000248-s1,An ti te vi.,ORT1888-art-000248,crn,ORT1888-cand-000248,machine_derived,false
ORT1888-art-000249-s1,Naco.,ORT1888-art-000249,crn,ORT1888-cand-000249,machine_derived,false
ORT1888-art-000250-s1,Vhuatéte.,ORT1888-art-000250,crn,ORT1888-cand-000250,machine_derived,false
ORT1888-art-000251-s1,Vhuatévi.,ORT1888-art-000251,crn,ORT1888-cand-000251,machine_derived,false
ORT1888-art-000252-s1,Tatzabé. Ne.,ORT1888-art-000252,crn,ORT1888-cand-000252,machine_derived,false
ORT1888-art-000253-s1,"NHuaxeca,",ORT1888-art-000253,crn,ORT1888-cand-000253,machine_derived,false
ORT1888-art-000254-s1,Táatzi.,ORT1888-art-000254,crn,ORT1888-cand-000254,machine_derived,false
ORT1888-art-000255-s1,Vhuavíte Xt.,ORT1888-art-000255,crn,ORT1888-cand-000255,machine_derived,false
ORT1888-art-000256-s1,Vkéuite. N-eneké-,ORT1888-art-000256,crn,ORT1888-cand-000256,machine_derived,false
ORT1888-art-000257-s1,vTétitzitc.,ORT1888-art-000257,crn,ORT1888-cand-000257,machine_derived,false
ORT1888-art-000258-s1,Timuáchéacáme. pl. tzi.,ORT1888-art-000258,crn,ORT1888-cand-000258,machine_derived,false
ORT1888-art-000259-s1,Anenéchihua. Nete.,ORT1888-art-000259,crn,ORT1888-cand-000259,machine_derived,false
ORT1888-art-000260-s1,Taunahua. Ni.,ORT1888-art-000260,crn,ORT1888-cand-000260,machine_derived,false
ORT1888-art-000261-s1,Taranta.,ORT1888-art-000261,crn,ORT1888-cand-000261,machine_derived,false
ORT1888-art-000262-s1,Táutatá.,ORT1888-art-000262,crn,ORT1888-cand-000262,machine_derived,false
ORT1888-art-000263-s1,Huatanéric. Kerist.,ORT1888-art-000263,crn,ORT1888-cand-000263,machine_derived,false
ORT1888-art-000264-s1,H iiai fé ri ■. H ■•■■:■■■ ■ oareca.,ORT1888-art-000264,crn,ORT1888-cand-000264,machine_derived,false
ORT1888-art-000265-s1,M até. Neti.,ORT1888-art-000265,crn,ORT1888-cand-000265,machine_derived,false
ORT1888-art-000266-s1,M íche. Neti.,ORT1888-art-000266,crn,ORT1888-cand-000266,machine_derived,false
ORT1888-art-000267-s1,Antzihvi.,ORT1888-art-000267,crn,ORT1888-cand-000267,machine_derived,false
ORT1888-art-000268-s1,Téamuavi.,ORT1888-art-000268,crn,ORT1888-cand-000268,machine_derived,false
ORT1888-art-000269-s1,Teáumuá. Ne.,ORT1888-art-000269,crn,ORT1888-cand-000269,machine_derived,false
ORT1888-art-000270-s1,Putna. Neti.,ORT1888-art-000270,crn,ORT1888-cand-000270,machine_derived,false
ORT1888-art-000271-s1,Mahuaf át.,ORT1888-art-000271,crn,ORT1888-cand-000271,machine_derived,false
ORT1888-art-000272-s1,Aeítapoát. A'itateca.,ORT1888-art-000272,crn,ORT1888-cand-000272,machine_derived,false
ORT1888-art-000273-s1,Tahapoatacáco.,ORT1888-art-000273,crn,ORT1888-cand-000273,machine_derived,false
ORT1888-art-000274-s1,Tetecual.,ORT1888-art-000274,crn,ORT1888-cand-000274,machine_derived,false
ORT1888-art-000275-s1,Haxcihie. Neti.,ORT1888-art-000275,crn,ORT1888-cand-000275,machine_derived,false
ORT1888-art-000276-s1,Véase «filar.,ORT1888-art-000276,crn,ORT1888-cand-000276,machine_derived,false
ORT1888-art-000277-s1,Hih e. Neti.,ORT1888-art-000277,crn,ORT1888-cand-000277,machine_derived,false
ORT1888-art-000278-s1,Hihhuárití.,ORT1888-art-000278,crn,ORT1888-cand-000278,machine_derived,false
ORT1888-art-000279-s1,Zewekre. Neti.,ORT1888-art-000279,crn,ORT1888-cand-000279,machine_derived,false
ORT1888-art-000280-s1,Muáhchiat.,ORT1888-art-000280,crn,ORT1888-cand-000280,machine_derived,false
ORT1888-art-000281-s1,Ihche. Xeti.,ORT1888-art-000281,crn,ORT1888-cand-000281,machine_derived,false
ORT1888-art-000282-s1,V hu a bata. Neneabata.,ORT1888-art-000282,crn,ORT1888-cand-000282,machine_derived,false
ORT1888-art-000283-s1,A-inomezchea. N.,ORT1888-art-000283,crn,ORT1888-cand-000283,machine_derived,false
ORT1888-art-000284-s1,Ketzapoati.,ORT1888-art-000284,crn,ORT1888-cand-000284,machine_derived,false
ORT1888-art-000285-s1,Yaohhua.,ORT1888-art-000285,crn,ORT1888-cand-000285,machine_derived,false
ORT1888-art-000286-s1,-Purvearizt. pl. Murvearizi.,ORT1888-art-000286,crn,ORT1888-cand-000286,machine_derived,false
ORT1888-art-000287-s1,Purvaztah. pl. Murb<whzi.,ORT1888-art-000287,crn,ORT1888-cand-000287,machine_derived,false
ORT1888-art-000288-s1,Ayeca. N.,ORT1888-art-000288,crn,ORT1888-cand-000288,machine_derived,false
ORT1888-art-000289-s1,Ayihbe.' N.,ORT1888-art-000289,crn,ORT1888-cand-000289,machine_derived,false
ORT1888-art-000290-s1,Titzunáche. Neatzonache.,ORT1888-art-000290,crn,ORT1888-cand-000290,machine_derived,false
ORT1888-art-000291-s1,Áubet. Ne.,ORT1888-art-000291,crn,ORT1888-cand-000291,machine_derived,false
ORT1888-art-000292-s1,Vtátziti.,ORT1888-art-000292,crn,ORT1888-cand-000292,machine_derived,false
ORT1888-art-000293-s1,Muechitvtátzi.,ORT1888-art-000293,crn,ORT1888-cand-000293,machine_derived,false
ORT1888-art-000294-s1,Huacura Money ecá.,ORT1888-art-000294,crn,ORT1888-cand-000294,machine_derived,false
ORT1888-art-000295-s1,Cacázti.,ORT1888-art-000295,crn,ORT1888-cand-000295,machine_derived,false
ORT1888-art-000296-s1,At'úpuyaóhhua.,ORT1888-art-000296,crn,ORT1888-cand-000296,machine_derived,false
ORT1888-art-000297-s1,A tzüpu yánteme.,ORT1888-art-000297,crn,ORT1888-cand-000297,machine_derived,false
ORT1888-art-000298-s1,^Vánacaé. pl. tzi.,ORT1888-art-000298,crn,ORT1888-cand-000298,machine_derived,false
ORT1888-art-000299-s1,Busca afligirse.,ORT1888-art-000299,crn,ORT1888-cand-000299,machine_derived,false
ORT1888-art-000300-s1,Xamuéhreat.,ORT1888-art-000300,crn,ORT1888-cand-000300,machine_derived,false
ORT1888-art-000301-s1,Busca afligir.,ORT1888-art-000301,crn,ORT1888-cand-000301,machine_derived,false
ORT1888-art-000302-s1,Tevitoate. Netinitoaté.,ORT1888-art-000302,crn,ORT1888-cand-000302,machine_derived,false
ORT1888-art-000303-s1,Cañe. Neti.,ORT1888-art-000303,crn,ORT1888-cand-000303,machine_derived,false
ORT1888-art-000304-s1,^CaptitzWhne.,ORT1888-art-000304,crn,ORT1888-cand-000304,machine_derived,false
ORT1888-art-000305-s1,Tahcaitecá.,ORT1888-art-000305,crn,ORT1888-cand-000305,machine_derived,false
ORT1888-art-000306-s1,Huácánacá.,ORT1888-art-000306,crn,ORT1888-cand-000306,machine_derived,false
ORT1888-art-000307-s1,Antahacai.,ORT1888-art-000307,crn,ORT1888-cand-000307,machine_derived,false
ORT1888-art-000308-s1,T'úiauzé. Tinericmetzé.,ORT1888-art-000308,crn,ORT1888-cand-000308,machine_derived,false
ORT1888-art-000309-s1,Anahcate. Ne.,ORT1888-art-000309,crn,ORT1888-cand-000309,machine_derived,false
ORT1888-art-000310-s1,Tinaozi.,ORT1888-art-000310,crn,ORT1888-cand-000310,machine_derived,false
ORT1888-art-000311-s1,Tiyaoxahuari.,ORT1888-art-000311,crn,ORT1888-cand-000311,machine_derived,false
ORT1888-art-000312-s1,Ahcuazt.,ORT1888-art-000312,crn,ORT1888-cand-000312,machine_derived,false
ORT1888-art-000313-s1,Armita. Purmi. Mimacam.,ORT1888-art-000313,crn,ORT1888-cand-000313,machine_derived,false
ORT1888-art-000314-s1,"Quaitzepoari,",ORT1888-art-000314,crn,ORT1888-cand-000314,machine_derived,false
ORT1888-art-000315-s1,IJpequaitzépo.' Unequaitzé-,ORT1888-art-000315,crn,ORT1888-cand-000315,machine_derived,false
ORT1888-art-000316-s1,Ntibite. Nete. tbihpoaca,ORT1888-art-000316,crn,ORT1888-cand-000316,machine_derived,false
ORT1888-art-000317-s1,Muabebé.,ORT1888-art-000317,crn,ORT1888-cand-000317,machine_derived,false
ORT1888-art-000318-s1,Ntitápe. Nete.,ORT1888-art-000318,crn,ORT1888-cand-000318,machine_derived,false
ORT1888-art-000319-s1,Huacuáite. Neti.,ORT1888-art-000319,crn,ORT1888-cand-000319,machine_derived,false
ORT1888-art-000320-s1,Átiiátza. Ne.,ORT1888-art-000320,crn,ORT1888-cand-000320,machine_derived,false
ORT1888-art-000321-s1,Ak/itza. Ne. Ahéicata. Ne.,ORT1888-art-000321,crn,ORT1888-cand-000321,machine_derived,false
ORT1888-art-000322-s1,Teva. Neti.,ORT1888-art-000322,crn,ORT1888-cand-000322,machine_derived,false
ORT1888-art-000323-s1,Timoátze. Ne.,ORT1888-art-000323,crn,ORT1888-cand-000323,machine_derived,false
ORT1888-art-000324-s1,Tezeáromaté. Neti.,ORT1888-art-000324,crn,ORT1888-cand-000324,machine_derived,false
ORT1888-art-000325-s1,Zearomoa.,ORT1888-art-000325,crn,ORT1888-cand-000325,machine_derived,false
ORT1888-art-000326-s1,Báhuana. Nete.,ORT1888-art-000326,crn,ORT1888-cand-000326,machine_derived,false
ORT1888-art-000327-s1,Abáhuáueat.,ORT1888-art-000327,crn,ORT1888-cand-000327,machine_derived,false
ORT1888-art-000328-s1,Auatáliuana. Nebuan tahua na.,ORT1888-art-000328,crn,ORT1888-cand-000328,machine_derived,false
ORT1888-art-000329-s1,Antacáte.,ORT1888-art-000329,crn,ORT1888-cand-000329,machine_derived,false
ORT1888-art-000330-s1,Qea. Kémáeame.,ORT1888-art-000330,crn,ORT1888-cand-000330,machine_derived,false
ORT1888-art-000331-s1,Acamé. N.,ORT1888-art-000331,crn,ORT1888-cand-000331,machine_derived,false
ORT1888-art-000332-s1,Titoáxe. Neti.,ORT1888-art-000332,crn,ORT1888-cand-000332,machine_derived,false
ORT1888-art-000333-s1,Busca aparejarse.,ORT1888-art-000333,crn,ORT1888-cand-000333,machine_derived,false
ORT1888-art-000334-s1,Xebé. Neti.,ORT1888-art-000334,crn,ORT1888-cand-000334,machine_derived,false
ORT1888-art-000335-s1,Taihmowhri. Neteu.,ORT1888-art-000335,crn,ORT1888-cand-000335,machine_derived,false
ORT1888-art-000336-s1,"Chuáma. Neti,",ORT1888-art-000336,crn,ORT1888-cand-000336,machine_derived,false
ORT1888-art-000337-s1,Meé. Neti.,ORT1888-art-000337,crn,ORT1888-cand-000337,machine_derived,false
ORT1888-art-000338-s1,Tea. Neti.,ORT1888-art-000338,crn,ORT1888-cand-000338,machine_derived,false
ORT1888-art-000339-s1,Tache. Neti.,ORT1888-art-000339,crn,ORT1888-cand-000339,machine_derived,false
ORT1888-art-000340-s1,Táchehat.,ORT1888-art-000340,crn,ORT1888-cand-000340,machine_derived,false
ORT1888-art-000341-s1,Viyéta. Neniyeta.,ORT1888-art-000341,crn,ORT1888-cand-000341,machine_derived,false
ORT1888-art-000343-s1,V.iyéfcat:,ORT1888-art-000343,crn,ORT1888-cand-000343,machine_derived,false
ORT1888-art-000344-s1,Caté. Neti.,ORT1888-art-000344,crn,ORT1888-cand-000344,machine_derived,false
ORT1888-art-000345-s1,Á\¿ean&. Ne.,ORT1888-art-000345,crn,ORT1888-cand-000345,machine_derived,false
ORT1888-art-000346-s1,Acurarahuána.,ORT1888-art-000346,crn,ORT1888-cand-000346,machine_derived,false
ORT1888-art-000347-s1,Acurahékehua. Nete.,ORT1888-art-000347,crn,ORT1888-cand-000347,machine_derived,false
ORT1888-art-000348-s1,Nteácate. Nete.,ORT1888-art-000348,crn,ORT1888-cand-000348,machine_derived,false
ORT1888-art-000349-s1,s Aheche. Nebeche.,ORT1888-art-000349,crn,ORT1888-cand-000349,machine_derived,false
ORT1888-art-000350-s1,Viyetat.,ORT1888-art-000350,crn,ORT1888-cand-000350,machine_derived,false
ORT1888-art-000351-s1,Huateuacórtzite. Neteutancórt-,ORT1888-art-000351,crn,ORT1888-cand-000351,machine_derived,false
ORT1888-art-000352-s1,Taxébe. Neteu.,ORT1888-art-000352,crn,ORT1888-cand-000352,machine_derived,false
ORT1888-art-000353-s1,Gurebechi. Neti.,ORT1888-art-000353,crn,ORT1888-cand-000353,machine_derived,false
ORT1888-art-000354-s1,fttzit/é Neteu.,ORT1888-art-000354,crn,ORT1888-cand-000354,machine_derived,false
ORT1888-art-000355-s1,Vpauxeté. Vnauxe-,ORT1888-art-000355,crn,ORT1888-cand-000355,machine_derived,false
ORT1888-art-000356-s1,Atzatue?,ORT1888-art-000356,crn,ORT1888-cand-000356,machine_derived,false
ORT1888-art-000357-s1,Aehpu.,ORT1888-art-000357,crn,ORT1888-cand-000357,machine_derived,false
ORT1888-art-000358-s1,A ehmo.,ORT1888-art-000358,crn,ORT1888-cand-000358,machine_derived,false
ORT1888-art-000359-s1,Etnie. Mtf^inuec.,ORT1888-art-000359,crn,ORT1888-cand-000359,machine_derived,false
ORT1888-art-000360-s1,Amuéhca.,ORT1888-art-000360,crn,ORT1888-cand-000360,machine_derived,false
ORT1888-art-000361-s1,Tic.,ORT1888-art-000361,crn,ORT1888-cand-000361,machine_derived,false
ORT1888-art-000362-s1,Anatuc?,ORT1888-art-000362,crn,ORT1888-cand-000362,machine_derived,false
ORT1888-art-000363-s1,Iye.,ORT1888-art-000363,crn,ORT1888-cand-000363,machine_derived,false
ORT1888-art-000364-s1,Atac?,ORT1888-art-000364,crn,ORT1888-cand-000364,machine_derived,false
ORT1888-art-000365-s1,Taceáhua. Ne.,ORT1888-art-000365,crn,ORT1888-cand-000365,machine_derived,false
ORT1888-art-000366-s1,"Tucati. pl. Tu cate i,",ORT1888-art-000366,crn,ORT1888-cand-000366,machine_derived,false
ORT1888-art-000367-s1,^Couyet.,ORT1888-art-000367,crn,ORT1888-cand-000367,machine_derived,false
ORT1888-art-000368-s1,Tamaehhuoa.,ORT1888-art-000368,crn,ORT1888-cand-000368,machine_derived,false
ORT1888-art-000369-s1,Hunuaxá.,ORT1888-art-000369,crn,ORT1888-cand-000369,machine_derived,false
ORT1888-art-000370-s1,Umuás-,ORT1888-art-000370,crn,ORT1888-cand-000370,machine_derived,false
ORT1888-art-000371-s1,Aitzü-,ORT1888-art-000371,crn,ORT1888-cand-000371,machine_derived,false
ORT1888-art-000372-s1,Muaxa.,ORT1888-art-000372,crn,ORT1888-cand-000372,machine_derived,false
ORT1888-art-000373-s1,Cayechi.,ORT1888-art-000373,crn,ORT1888-cand-000373,machine_derived,false
ORT1888-art-000374-s1,Euvn.,ORT1888-art-000374,crn,ORT1888-cand-000374,machine_derived,false
ORT1888-art-000375-s1,Náchiabhua.,ORT1888-art-000375,crn,ORT1888-cand-000375,machine_derived,false
ORT1888-art-000376-s1,Cóuyetzahta,ORT1888-art-000376,crn,ORT1888-cand-000376,machine_derived,false
ORT1888-art-000377-s1,Tunamoati.,ORT1888-art-000377,crn,ORT1888-cand-000377,machine_derived,false
ORT1888-art-000378-s1,Cuuxat.,ORT1888-art-000378,crn,ORT1888-cand-000378,machine_derived,false
ORT1888-art-000379-s1,Tot u a ri.,ORT1888-art-000379,crn,ORT1888-cand-000379,machine_derived,false
ORT1888-art-000380-s1,Titotna. Ne.,ORT1888-art-000380,crn,ORT1888-cand-000380,machine_derived,false
ORT1888-art-000381-s1,Taa Nea.,ORT1888-art-000381,crn,ORT1888-cand-000381,machine_derived,false
ORT1888-art-000382-s1,Ata.,ORT1888-art-000382,crn,ORT1888-cand-000382,machine_derived,false
ORT1888-art-000383-s1,Antitá.,ORT1888-art-000383,crn,ORT1888-cand-000383,machine_derived,false
ORT1888-art-000384-s1,Cehti.,ORT1888-art-000384,crn,ORT1888-cand-000384,machine_derived,false
ORT1888-art-000385-s1,Ceáta.,ORT1888-art-000385,crn,ORT1888-cand-000385,machine_derived,false
ORT1888-art-000386-s1,Ceamuavi.,ORT1888-art-000386,crn,ORT1888-cand-000386,machine_derived,false
ORT1888-art-000387-s1,Maa/^wziti.,ORT1888-art-000387,crn,ORT1888-cand-000387,machine_derived,false
ORT1888-art-000388-s1,Utahua. Nean tahua.,ORT1888-art-000388,crn,ORT1888-cand-000388,machine_derived,false
ORT1888-art-000389-s1,X^wyet. pl. tzi,ORT1888-art-000389,crn,ORT1888-cand-000389,machine_derived,false
ORT1888-art-000390-s1,Ahuaobauate. N.,ORT1888-art-000390,crn,ORT1888-cand-000390,machine_derived,false
ORT1888-art-000391-s1,", Tacú pí. Nete.",ORT1888-art-000391,crn,ORT1888-cand-000391,machine_derived,false
ORT1888-art-000392-s1,"Tana, Nete.",ORT1888-art-000392,crn,ORT1888-cand-000392,machine_derived,false
ORT1888-art-000393-s1,Tacupi. Nete._,ORT1888-art-000393,crn,ORT1888-cand-000393,machine_derived,false
ORT1888-art-000394-s1,Teahánane. Neti.,ORT1888-art-000394,crn,ORT1888-cand-000394,machine_derived,false
ORT1888-art-000395-s1,Tzftrazte. Neten.,ORT1888-art-000395,crn,ORT1888-cand-000395,machine_derived,false
ORT1888-art-000396-s1,".Cancona, Neti.",ORT1888-art-000396,crn,ORT1888-cand-000396,machine_derived,false
ORT1888-art-000397-s1,Ahueanahuári. Nete.,ORT1888-art-000397,crn,ORT1888-cand-000397,machine_derived,false
ORT1888-art-000398-s1,Vhyeuhpata. Nete.,ORT1888-art-000398,crn,ORT1888-cand-000398,machine_derived,false
ORT1888-art-000399-s1,Tte Neten.,ORT1888-art-000399,crn,ORT1888-cand-000399,machine_derived,false
ORT1888-art-000400-s1,.Autaumuarercaca. N.,ORT1888-art-000400,crn,ORT1888-cand-000400,machine_derived,false
ORT1888-art-000401-s1,Veanheiyete. Nucaneiyete.,ORT1888-art-000401,crn,ORT1888-cand-000401,machine_derived,false
ORT1888-art-000402-s1,Méhtevi.,ORT1888-art-000402,crn,ORT1888-cand-000402,machine_derived,false
ORT1888-art-000403-s1,Mehtivéhiri.,ORT1888-art-000403,crn,ORT1888-cand-000403,machine_derived,false
ORT1888-art-000404-s1,Vhtevicühmoa.,ORT1888-art-000404,crn,ORT1888-cand-000404,machine_derived,false
ORT1888-art-000405-s1,Yuhtepoa. Mehtepoa.,ORT1888-art-000405,crn,ORT1888-cand-000405,machine_derived,false
ORT1888-art-000406-s1,Méntevi.,ORT1888-art-000406,crn,ORT1888-cand-000406,machine_derived,false
ORT1888-art-000407-s1,Etzanpuhaxcuhre. Etzanuá,ORT1888-art-000407,crn,ORT1888-cand-000407,machine_derived,false
ORT1888-art-000408-s1,Ti ton 6'. Neatonó.,ORT1888-art-000408,crn,ORT1888-cand-000408,machine_derived,false
ORT1888-art-000409-s1,Tae. Neten.,ORT1888-art-000409,crn,ORT1888-cand-000409,machine_derived,false
ORT1888-art-000410-s1,A<hit.,ORT1888-art-000410,crn,ORT1888-cand-000410,machine_derived,false
ORT1888-art-000411-s1,Tahiií. Neten.,ORT1888-art-000411,crn,ORT1888-cand-000411,machine_derived,false
ORT1888-art-000412-s1,Bánamoa. Nete.,ORT1888-art-000412,crn,ORT1888-cand-000412,machine_derived,false
ORT1888-art-000413-s1,Auxütaí. Neti.,ORT1888-art-000413,crn,ORT1888-cand-000413,machine_derived,false
ORT1888-art-000414-s1,Viteahuaini Ne.,ORT1888-art-000414,crn,ORT1888-cand-000414,machine_derived,false
ORT1888-art-000415-s1,Huatahuxái. Natahuaxai.,ORT1888-art-000415,crn,ORT1888-cand-000415,machine_derived,false
ORT1888-art-000416-s1,Tamui. Neten.,ORT1888-art-000416,crn,ORT1888-cand-000416,machine_derived,false
ORT1888-art-000417-s1,Xanavi Neti.,ORT1888-art-000417,crn,ORT1888-cand-000417,machine_derived,false
ORT1888-art-000418-s1,Té vi. Neten.,ORT1888-art-000418,crn,ORT1888-cand-000418,machine_derived,false
ORT1888-art-000419-s1,Tiatévi. Tinatévi.,ORT1888-art-000419,crn,ORT1888-cand-000419,machine_derived,false
ORT1888-art-000420-s1,Iaxuhpua. Ne.,ORT1888-art-000420,crn,ORT1888-cand-000420,machine_derived,false
ORT1888-art-000421-s1,"Hatzia, Neti.",ORT1888-art-000421,crn,ORT1888-cand-000421,machine_derived,false
ORT1888-art-000422-s1,Cachea Ceauehiá.,ORT1888-art-000422,crn,ORT1888-cand-000422,machine_derived,false
ORT1888-art-000423-s1,Teuxcuárit.,ORT1888-art-000423,crn,ORT1888-cand-000423,machine_derived,false
ORT1888-art-000424-s1,Huarácca. Neti.,ORT1888-art-000424,crn,ORT1888-cand-000424,machine_derived,false
ORT1888-art-000425-s1,Hua^'xcamet.,ORT1888-art-000425,crn,ORT1888-cand-000425,machine_derived,false
ORT1888-art-000426-s1,Vhuateyeux. Vhuáteaoceaehri.,ORT1888-art-000426,crn,ORT1888-cand-000426,machine_derived,false
ORT1888-art-000427-s1,Ayahna.,ORT1888-art-000427,crn,ORT1888-cand-000427,machine_derived,false
ORT1888-art-000428-s1,leí Iteupi. Iescu. Iteupene. Iete-,ORT1888-art-000428,crn,ORT1888-cand-000428,machine_derived,false
ORT1888-art-000429-s1,Eupuarr.,ORT1888-art-000429,crn,ORT1888-cand-000429,machine_derived,false
ORT1888-art-000430-s1,"Xeux, Neti.",ORT1888-art-000430,crn,ORT1888-cand-000430,machine_derived,false
ORT1888-art-000431-s1,Amoaneri. N.,ORT1888-art-000431,crn,ORT1888-cand-000431,machine_derived,false
ORT1888-art-000432-s1,Viten xa bu a. N.,ORT1888-art-000432,crn,ORT1888-cand-000432,machine_derived,false
ORT1888-art-000433-s1,"Tzatzái lit,",ORT1888-art-000433,crn,ORT1888-cand-000433,machine_derived,false
ORT1888-art-000434-s1,Anaene?,ORT1888-art-000434,crn,ORT1888-cand-000434,machine_derived,false
ORT1888-art-000435-s1,Anah.,ORT1888-art-000435,crn,ORT1888-cand-000435,machine_derived,false
ORT1888-art-000436-s1,"., Tape. Neti.",ORT1888-art-000436,crn,ORT1888-cand-000436,machine_derived,false
ORT1888-art-000437-s1,Amúaheca. Nete,ORT1888-art-000437,crn,ORT1888-cand-000437,machine_derived,false
ORT1888-art-000438-s1,Neteáheca. Nete.,ORT1888-art-000438,crn,ORT1888-cand-000438,machine_derived,false
ORT1888-art-000439-s1,Teáheca. Neteu,ORT1888-art-000439,crn,ORT1888-cand-000439,machine_derived,false
ORT1888-art-000440-s1,Amuáheca: Nete.,ORT1888-art-000440,crn,ORT1888-cand-000440,machine_derived,false
ORT1888-art-000441-s1,"Báheca, Nete.",ORT1888-art-000441,crn,ORT1888-cand-000441,machine_derived,false
ORT1888-art-000442-s1,Vbaúheke. Nubehneke.,ORT1888-art-000442,crn,ORT1888-cand-000442,machine_derived,false
ORT1888-art-000443-s1,Teaii. Neteu.,ORT1888-art-000443,crn,ORT1888-cand-000443,machine_derived,false
ORT1888-art-000444-s1,Ancurehey^tá. N.,ORT1888-art-000444,crn,ORT1888-cand-000444,machine_derived,false
ORT1888-art-000445-s1,Fuhvipouhve. Eubrincaóure.,ORT1888-art-000445,crn,ORT1888-cand-000445,machine_derived,false
ORT1888-art-000446-s1,Amuarite. Neti.,ORT1888-art-000446,crn,ORT1888-cand-000446,machine_derived,false
ORT1888-art-000447-s1,Temuapuanamoá. Temua-,ORT1888-art-000447,crn,ORT1888-cand-000447,machine_derived,false
ORT1888-art-000448-s1,Ti moaré re. Nete.,ORT1888-art-000448,crn,ORT1888-cand-000448,machine_derived,false
ORT1888-art-000449-s1,Aiíáá. N.,ORT1888-art-000449,crn,ORT1888-cand-000449,machine_derived,false
ORT1888-art-000450-s1,Huaopi. Naopi.,ORT1888-art-000450,crn,ORT1888-cand-000450,machine_derived,false
ORT1888-art-000451-s1,Tecaihre. Ne.,ORT1888-art-000451,crn,ORT1888-cand-000451,machine_derived,false
ORT1888-art-000452-s1,Poaihte Neti.,ORT1888-art-000452,crn,ORT1888-cand-000452,machine_derived,false
ORT1888-art-000453-s1,Aetzitzé. Ne.,ORT1888-art-000453,crn,ORT1888-cand-000453,machine_derived,false
ORT1888-art-000454-s1,Atne.,ORT1888-art-000454,crn,ORT1888-cand-000454,machine_derived,false
ORT1888-art-000455-s1,Anáhoa.,ORT1888-art-000455,crn,ORT1888-cand-000455,machine_derived,false
ORT1888-art-000456-s1,"Ntitacheaea, Nete.",ORT1888-art-000456,crn,ORT1888-cand-000456,machine_derived,false
ORT1888-art-000457-s1,"Puztéri, Zeüneare»",ORT1888-art-000457,crn,ORT1888-cand-000457,machine_derived,false
ORT1888-art-000458-s1,Nempntzamoaté.,ORT1888-art-000458,crn,ORT1888-cand-000458,machine_derived,false
ORT1888-art-000459-s1,Pinazt. pl. Pinazéri.,ORT1888-art-000459,crn,ORT1888-cand-000459,machine_derived,false
ORT1888-art-000460-s1,Ichhnátahuá. lenhuataneá.,ORT1888-art-000460,crn,ORT1888-cand-000460,machine_derived,false
ORT1888-art-000461-s1,Amuaéhyetc Nete.,ORT1888-art-000461,crn,ORT1888-cand-000461,machine_derived,false
ORT1888-art-000462-s1,Neatze. Neti.,ORT1888-art-000462,crn,ORT1888-cand-000462,machine_derived,false
ORT1888-art-000463-s1,Ktfaxa.,ORT1888-art-000463,crn,ORT1888-cand-000463,machine_derived,false
ORT1888-art-000464-s1,Cexepó.,ORT1888-art-000464,crn,ORT1888-cand-000464,machine_derived,false
ORT1888-art-000465-s1,Teinneri.,ORT1888-art-000465,crn,ORT1888-cand-000465,machine_derived,false
ORT1888-art-000466-s1,Me,ORT1888-art-000466,crn,ORT1888-cand-000466,machine_derived,false
ORT1888-art-000467-s1,"Ahnttzé. Ne,",ORT1888-art-000467,crn,ORT1888-cand-000467,machine_derived,false
ORT1888-art-000468-s1,TiheaUlhw-Mna.,ORT1888-art-000468,crn,ORT1888-cand-000468,machine_derived,false
ORT1888-art-000469-s1,Te via. Kete Neti.,ORT1888-art-000469,crn,ORT1888-cand-000469,machine_derived,false
ORT1888-art-000470-s1,Tülirixo.,ORT1888-art-000470,crn,ORT1888-cand-000470,machine_derived,false
ORT1888-art-000471-s1,Cncniit.,ORT1888-art-000471,crn,ORT1888-cand-000471,machine_derived,false
ORT1888-art-000472-s1,..Purái.,ORT1888-art-000472,crn,ORT1888-cand-000472,machine_derived,false
ORT1888-art-000473-s1,Hnatetzinaca.,ORT1888-art-000473,crn,ORT1888-cand-000473,machine_derived,false
ORT1888-art-000474-s1,Tatareáhna. N<,ORT1888-art-000474,crn,ORT1888-cand-000474,machine_derived,false
ORT1888-art-000475-s1,Hnarávi,ORT1888-art-000475,crn,ORT1888-cand-000475,machine_derived,false
ORT1888-art-000476-s1,Tzürit.,ORT1888-art-000476,crn,ORT1888-cand-000476,machine_derived,false
ORT1888-art-000477-s1,Icuatn. Ne.,ORT1888-art-000477,crn,ORT1888-cand-000477,machine_derived,false
ORT1888-art-000478-s1,"Cahtzai. pl,",ORT1888-art-000478,crn,ORT1888-cand-000478,machine_derived,false
ORT1888-art-000479-s1,Teake. pl. ri.,ORT1888-art-000479,crn,ORT1888-cand-000479,machine_derived,false
ORT1888-art-000480-s1,Cheaehni. pl. tzi.,ORT1888-art-000480,crn,ORT1888-cand-000480,machine_derived,false
ORT1888-art-000481-s1,Cnrúi. pl. tzi.,ORT1888-art-000481,crn,ORT1888-cand-000481,machine_derived,false
ORT1888-art-000482-s1,Eu n c ai &,ORT1888-art-000482,crn,ORT1888-cand-000482,machine_derived,false
ORT1888-art-000483-s1,Vbachrieá N.,ORT1888-art-000483,crn,ORT1888-cand-000483,machine_derived,false
ORT1888-art-000484-s1,Xakéti.,ORT1888-art-000484,crn,ORT1888-cand-000484,machine_derived,false
ORT1888-art-000485-s1,sVz-neam.,ORT1888-art-000485,crn,ORT1888-cand-000485,machine_derived,false
ORT1888-art-000486-s1,Mucizit.,ORT1888-art-000486,crn,ORT1888-cand-000486,machine_derived,false
ORT1888-art-000487-s1,Tayeye. Ne.,ORT1888-art-000487,crn,ORT1888-cand-000487,machine_derived,false
ORT1888-art-000488-s1,"Yuexu&ii,",ORT1888-art-000488,crn,ORT1888-cand-000488,machine_derived,false
ORT1888-art-000489-s1,-Keutzitú,ORT1888-art-000489,crn,ORT1888-cand-000489,machine_derived,false
ORT1888-art-000490-s1,Ne. Neti.,ORT1888-art-000490,crn,ORT1888-cand-000490,machine_derived,false
ORT1888-art-000491-s1,Acame. N.,ORT1888-art-000491,crn,ORT1888-cand-000491,machine_derived,false
ORT1888-art-000492-s1,Atzutetévi. Ateupuliuatebé.,ORT1888-art-000492,crn,ORT1888-cand-000492,machine_derived,false
ORT1888-art-000493-s1,Vtát/.iti.,ORT1888-art-000493,crn,ORT1888-cand-000493,machine_derived,false
ORT1888-art-000494-s1,Eiya. Neti.,ORT1888-art-000494,crn,ORT1888-cand-000494,machine_derived,false
ORT1888-art-000495-s1,Ehiyat.,ORT1888-art-000495,crn,ORT1888-cand-000495,machine_derived,false
ORT1888-art-000496-s1,EÍiua. Ne.,ORT1888-art-000496,crn,ORT1888-cand-000496,machine_derived,false
ORT1888-art-000497-s1,Capuachuanáhshi.,ORT1888-art-000497,crn,ORT1888-cand-000497,machine_derived,false
ORT1888-art-000498-s1,Titemwtfeizi. Pehuanie pl. tzi.,ORT1888-art-000498,crn,ORT1888-cand-000498,machine_derived,false
ORT1888-art-000499-s1,"Busca, Bagre.",ORT1888-art-000499,crn,ORT1888-cand-000499,machine_derived,false
ORT1888-art-000500-s1,Zeatárit.,ORT1888-art-000500,crn,ORT1888-cand-000500,machine_derived,false
ORT1888-art-000501-s1,Ewhnua. Neti.,ORT1888-art-000501,crn,ORT1888-cand-000501,machine_derived,false
ORT1888-art-000502-s1,Xaiiáké,ORT1888-art-000502,crn,ORT1888-cand-000502,machine_derived,false
ORT1888-art-000503-s1,Hun xana.,ORT1888-art-000503,crn,ORT1888-cand-000503,machine_derived,false
ORT1888-art-000504-s1,Busca agujerar con barrena.,ORT1888-art-000504,crn,ORT1888-cand-000504,machine_derived,false
ORT1888-art-000505-s1,Techaoufa. Neti.,ORT1888-art-000505,crn,ORT1888-cand-000505,machine_derived,false
ORT1888-art-000506-s1,Húacáti.,ORT1888-art-000506,crn,ORT1888-cand-000506,machine_derived,false
ORT1888-art-000507-s1,Xarit.,ORT1888-art-000507,crn,ORT1888-cand-000507,machine_derived,false
ORT1888-art-000508-s1,Ayaéhrit.,ORT1888-art-000508,crn,ORT1888-cand-000508,machine_derived,false
ORT1888-art-000509-s1,Mucizit.,ORT1888-art-000509,crn,ORT1888-cand-000509,machine_derived,false
ORT1888-art-000510-s1,Cacutzápé.,ORT1888-art-000510,crn,ORT1888-cand-000510,machine_derived,false
ORT1888-art-000511-s1,Aínete. Neti.,ORT1888-art-000511,crn,ORT1888-cand-000511,machine_derived,false
ORT1888-art-000512-s1,sYuéti.,ORT1888-art-000512,crn,ORT1888-cand-000512,machine_derived,false
ORT1888-art-000513-s1,Uz^/hti.,ORT1888-art-000513,crn,ORT1888-cand-000513,machine_derived,false
ORT1888-art-000514-s1,Míwcuhuáhta,ORT1888-art-000514,crn,ORT1888-cand-000514,machine_derived,false
ORT1888-art-000515-s1,Tüxat.,ORT1888-art-000515,crn,ORT1888-cand-000515,machine_derived,false
ORT1888-art-000516-s1,Euhiya.,ORT1888-art-000516,crn,ORT1888-cand-000516,machine_derived,false
ORT1888-art-000517-s1,Euhriat.,ORT1888-art-000517,crn,ORT1888-cand-000517,machine_derived,false
ORT1888-art-000518-s1,Mehteu acare.,ORT1888-art-000518,crn,ORT1888-cand-000518,machine_derived,false
ORT1888-art-000519-s1,Nado — Taheté.,ORT1888-art-000519,crn,ORT1888-cand-000519,machine_derived,false
ORT1888-art-000520-s1,Ye. Neti.,ORT1888-art-000520,crn,ORT1888-cand-000520,machine_derived,false
ORT1888-art-000521-s1,Ucáye. Nete.,ORT1888-art-000521,crn,ORT1888-cand-000521,machine_derived,false
ORT1888-art-000522-s1,Zixúriti.,ORT1888-art-000522,crn,ORT1888-cand-000522,machine_derived,false
ORT1888-art-000523-s1,Zeuhatacái.,ORT1888-art-000523,crn,ORT1888-cand-000523,machine_derived,false
ORT1888-art-000524-s1,Tahua. [>1. Meta rúa.,ORT1888-art-000524,crn,ORT1888-cand-000524,machine_derived,false
ORT1888-art-000525-s1,Naca ri xa.,ORT1888-art-000525,crn,ORT1888-cand-000525,machine_derived,false
ORT1888-art-000526-s1,Tuixo. pl. ri.,ORT1888-art-000526,crn,ORT1888-cand-000526,machine_derived,false
ORT1888-art-000527-s1,Teaxkeriti.,ORT1888-art-000527,crn,ORT1888-cand-000527,machine_derived,false
ORT1888-art-000528-s1,Ancateniemoa. Nete.,ORT1888-art-000528,crn,ORT1888-cand-000528,machine_derived,false
ORT1888-art-000529-s1,^Téncat.,ORT1888-art-000529,crn,ORT1888-cand-000529,machine_derived,false
ORT1888-art-000530-s1,Atuxari.,ORT1888-art-000530,crn,ORT1888-cand-000530,machine_derived,false
ORT1888-art-000531-s1,Quamehrit.,ORT1888-art-000531,crn,ORT1888-cand-000531,machine_derived,false
ORT1888-art-000532-s1,Tzinácateri.,ORT1888-art-000532,crn,ORT1888-cand-000532,machine_derived,false
ORT1888-art-000533-s1,Tetapohuitme,ORT1888-art-000533,crn,ORT1888-cand-000533,machine_derived,false
ORT1888-art-000534-s1,"Xapoé, Xápoená.",ORT1888-art-000534,crn,ORT1888-cand-000534,machine_derived,false
ORT1888-art-000535-s1,Té m n a v i .,ORT1888-art-000535,crn,ORT1888-cand-000535,machine_derived,false
ORT1888-art-000536-s1,Quamá. pl. Meaquainavi.,ORT1888-art-000536,crn,ORT1888-cand-000536,machine_derived,false
ORT1888-art-000537-s1,Quáinarimoa. Neti.,ORT1888-art-000537,crn,ORT1888-cand-000537,machine_derived,false
ORT1888-art-000538-s1,Huamuáini.,ORT1888-art-000538,crn,ORT1888-cand-000538,machine_derived,false
ORT1888-art-000539-s1,Ahyé.,ORT1888-art-000539,crn,ORT1888-cand-000539,machine_derived,false
ORT1888-art-000540-s1,Aguauhtle. Va vét.,ORT1888-art-000540,crn,ORT1888-cand-000540,machine_derived,false
ORT1888-art-000541-s1,Chíxreu.,ORT1888-art-000541,crn,ORT1888-cand-000541,machine_derived,false
ORT1888-art-000542-s1,Veúte.,ORT1888-art-000542,crn,ORT1888-cand-000542,machine_derived,false
ORT1888-art-000543-s1,Moatzetfbiwíme.,ORT1888-art-000543,crn,ORT1888-cand-000543,machine_derived,false
ORT1888-art-000544-s1,N Ten ni ti.,ORT1888-art-000544,crn,ORT1888-cand-000544,machine_derived,false
ORT1888-art-000545-s1,Neámoat.,ORT1888-art-000545,crn,ORT1888-cand-000545,machine_derived,false
ORT1888-art-000546-s1,Vífcebechéxe. Neti.,ORT1888-art-000546,crn,ORT1888-cand-000546,machine_derived,false
ORT1888-art-000547-s1,Vrá.,ORT1888-art-000547,crn,ORT1888-cand-000547,machine_derived,false
ORT1888-art-000548-s1,Huataá. Nataa.,ORT1888-art-000548,crn,ORT1888-cand-000548,machine_derived,false
ORT1888-art-000549-s1,Huacuréme. Nacuréme.,ORT1888-art-000549,crn,ORT1888-cand-000549,machine_derived,false
ORT1888-art-000550-s1,Puhmanpuhuateahpüa. Puh-,ORT1888-art-000550,crn,ORT1888-cand-000550,machine_derived,false
ORT1888-art-000551-s1,Busca bastón.,ORT1888-art-000551,crn,ORT1888-cand-000551,machine_derived,false
ORT1888-art-000552-s1,Busca beodo.,ORT1888-art-000552,crn,ORT1888-cand-000552,machine_derived,false
ORT1888-art-000553-s1,Tahua riat.,ORT1888-art-000553,crn,ORT1888-cand-000553,machine_derived,false
ORT1888-art-000554-s1,Tea n. Neteu.,ORT1888-art-000554,crn,ORT1888-cand-000554,machine_derived,false
ORT1888-art-000555-s1,Ha;i. Ne.,ORT1888-art-000555,crn,ORT1888-cand-000555,machine_derived,false
ORT1888-art-000556-s1,Iíaárit.,ORT1888-art-000556,crn,ORT1888-cand-000556,machine_derived,false
ORT1888-art-000557-s1,Ateahua. Ne.,ORT1888-art-000557,crn,ORT1888-cand-000557,machine_derived,false
ORT1888-art-000558-s1,Háeéaíhte.,ORT1888-art-000558,crn,ORT1888-cand-000558,machine_derived,false
ORT1888-art-000559-s1,Cemoamat.,ORT1888-art-000559,crn,ORT1888-cand-000559,machine_derived,false
ORT1888-art-000560-s1,Muamabé. Ne.,ORT1888-art-000560,crn,ORT1888-cand-000560,machine_derived,false
ORT1888-art-000561-s1,Moamati.,ORT1888-art-000561,crn,ORT1888-cand-000561,machine_derived,false
ORT1888-art-000562-s1,Busca ascua.,ORT1888-art-000562,crn,ORT1888-cand-000562,machine_derived,false
ORT1888-art-000563-s1,Eutzati.,ORT1888-art-000563,crn,ORT1888-cand-000563,machine_derived,false
ORT1888-art-000564-s1,Vyéin ni.,ORT1888-art-000564,crn,ORT1888-cand-000564,machine_derived,false
ORT1888-art-000565-s1,Mumxe.,ORT1888-art-000565,crn,ORT1888-cand-000565,machine_derived,false
ORT1888-art-000566-s1,Veat/.n. pl. Mean cha tza.,ORT1888-art-000566,crn,ORT1888-cand-000566,machine_derived,false
ORT1888-art-000567-s1,Acahtzocoa. N.,ORT1888-art-000567,crn,ORT1888-cand-000567,machine_derived,false
ORT1888-art-000568-s1,Huatatzonazt. Natatsonzt.,ORT1888-art-000568,crn,ORT1888-cand-000568,machine_derived,false
ORT1888-art-000569-s1,>Vitiné.,ORT1888-art-000569,crn,ORT1888-cand-000569,machine_derived,false
ORT1888-art-000570-s1,xTémuré.,ORT1888-art-000570,crn,ORT1888-cand-000570,machine_derived,false
ORT1888-art-000571-s1,Vheziácam. pl. Vheziácametzi.,ORT1888-art-000571,crn,ORT1888-cand-000571,machine_derived,false
ORT1888-art-000572-s1,.Aimitzi.,ORT1888-art-000572,crn,ORT1888-cand-000572,machine_derived,false
ORT1888-art-000573-s1,Titzieune.,ORT1888-art-000573,crn,ORT1888-cand-000573,machine_derived,false
ORT1888-art-000574-s1,Huxaimefc.,ORT1888-art-000574,crn,ORT1888-cand-000574,machine_derived,false
ORT1888-art-000575-s1,Püyezi. pl. tzi.,ORT1888-art-000575,crn,ORT1888-cand-000575,machine_derived,false
ORT1888-art-000576-s1,.Chihti.,ORT1888-art-000576,crn,ORT1888-cand-000576,machine_derived,false
ORT1888-art-000577-s1,v.Mueeliiti. pl. eri.,ORT1888-art-000577,crn,ORT1888-cand-000577,machine_derived,false
ORT1888-art-000578-s1,Hucáat?©. Nete.,ORT1888-art-000578,crn,ORT1888-cand-000578,machine_derived,false
ORT1888-art-000579-s1,Tahuáne. Ne.,ORT1888-art-000579,crn,ORT1888-cand-000579,machine_derived,false
ORT1888-art-000580-s1,Huahua Neti.,ORT1888-art-000580,crn,ORT1888-cand-000580,machine_derived,false
ORT1888-art-000581-s1,Yeichi. Neti.,ORT1888-art-000581,crn,ORT1888-cand-000581,machine_derived,false
ORT1888-art-000582-s1,Teacíl. Nete. tehe Nete.,ORT1888-art-000582,crn,ORT1888-cand-000582,machine_derived,false
ORT1888-art-000583-s1,Yeabéhri. N.,ORT1888-art-000583,crn,ORT1888-cand-000583,machine_derived,false
ORT1888-art-000584-s1,Muti.,ORT1888-art-000584,crn,ORT1888-cand-000584,machine_derived,false
ORT1888-art-000585-s1,Aba<?i¿tz N.,ORT1888-art-000585,crn,ORT1888-cand-000585,machine_derived,false
ORT1888-art-000586-s1,N.Caúhnarit.,ORT1888-art-000586,crn,ORT1888-cand-000586,machine_derived,false
ORT1888-art-000587-s1,xCaúrazi. pl. tzi.,ORT1888-art-000587,crn,ORT1888-cand-000587,machine_derived,false
ORT1888-art-000588-s1,Váreme. Ne.,ORT1888-art-000588,crn,ORT1888-cand-000588,machine_derived,false
ORT1888-art-000589-s1,Ipuaré. Ne.,ORT1888-art-000589,crn,ORT1888-cand-000589,machine_derived,false
ORT1888-art-000590-s1,Cacave.,ORT1888-art-000590,crn,ORT1888-cand-000590,machine_derived,false
ORT1888-art-000591-s1,ly apa puche.,ORT1888-art-000591,crn,ORT1888-cand-000591,machine_derived,false
ORT1888-art-000592-s1,Ceaxuime.,ORT1888-art-000592,crn,ORT1888-cand-000592,machine_derived,false
ORT1888-art-000593-s1,Ketzati.,ORT1888-art-000593,crn,ORT1888-cand-000593,machine_derived,false
ORT1888-art-000594-s1,Huatéhbe. Natéhebe.,ORT1888-art-000594,crn,ORT1888-cand-000594,machine_derived,false
ORT1888-art-000595-s1,Anáme.,ORT1888-art-000595,crn,ORT1888-cand-000595,machine_derived,false
ORT1888-art-000596-s1,Acahbet N.,ORT1888-art-000596,crn,ORT1888-cand-000596,machine_derived,false
ORT1888-art-000597-s1,Axat. pi. tzi.,ORT1888-art-000597,crn,ORT1888-cand-000597,machine_derived,false
ORT1888-art-000598-s1,vTénzti.,ORT1888-art-000598,crn,ORT1888-cand-000598,machine_derived,false
ORT1888-art-000599-s1,Xotziti.,ORT1888-art-000599,crn,ORT1888-cand-000599,machine_derived,false
ORT1888-art-000600-s1,Xaihnúriti.,ORT1888-art-000600,crn,ORT1888-cand-000600,machine_derived,false
ORT1888-art-000601-s1,Caitzat.,ORT1888-art-000601,crn,ORT1888-cand-000601,machine_derived,false
ORT1888-art-000602-s1,Quxauriti.,ORT1888-art-000602,crn,ORT1888-cand-000602,machine_derived,false
ORT1888-art-000603-s1,Erihti.,ORT1888-art-000603,crn,ORT1888-cand-000603,machine_derived,false
ORT1888-art-000604-s1,T.,ORT1888-art-000604,crn,ORT1888-cand-000604,machine_derived,false
ORT1888-art-000605-s1,Chatzóriti.,ORT1888-art-000605,crn,ORT1888-cand-000605,machine_derived,false
ORT1888-art-000606-s1,Cacáhite.,ORT1888-art-000606,crn,ORT1888-cand-000606,machine_derived,false
ORT1888-art-000607-s1,Veácáih te. Nenecácaihte.,ORT1888-art-000607,crn,ORT1888-cand-000607,machine_derived,false
ORT1888-art-000608-s1,Haaáti.,ORT1888-art-000608,crn,ORT1888-cand-000608,machine_derived,false
ORT1888-art-000609-s1,Fuzte. Nefci.,ORT1888-art-000609,crn,ORT1888-cand-000609,machine_derived,false
ORT1888-art-000610-s1,Vkexaite. Nenekexaite.,ORT1888-art-000610,crn,ORT1888-cand-000610,machine_derived,false
ORT1888-art-000611-s1,X^/rihat.,ORT1888-art-000611,crn,ORT1888-cand-000611,machine_derived,false
ORT1888-art-000612-s1,X^i/ca. P««ziii. Pue/.ti.,ORT1888-art-000612,crn,ORT1888-cand-000612,machine_derived,false
ORT1888-art-000613-s1,Huateapoarecá. Ñatea poareca.,ORT1888-art-000613,crn,ORT1888-cand-000613,machine_derived,false
ORT1888-art-000614-s1,Acánitme.,ORT1888-art-000614,crn,ORT1888-cand-000614,machine_derived,false
ORT1888-art-000615-s1,Taíxeat.,ORT1888-art-000615,crn,ORT1888-cand-000615,machine_derived,false
ORT1888-art-000616-s1,Teacaeca.,ORT1888-art-000616,crn,ORT1888-cand-000616,machine_derived,false
ORT1888-art-000617-s1,Teáixe. Ne.,ORT1888-art-000617,crn,ORT1888-cand-000617,machine_derived,false
ORT1888-art-000618-s1,Capuabákepoa. Canabakepoa.,ORT1888-art-000618,crn,ORT1888-cand-000618,machine_derived,false
ORT1888-art-000619-s1,Tumi te.,ORT1888-art-000619,crn,ORT1888-cand-000619,machine_derived,false
ORT1888-art-000620-s1,Tzamazti. pl. T/anzi.,ORT1888-art-000620,crn,ORT1888-cand-000620,machine_derived,false
ORT1888-art-000621-s1,Vtátzi ti .,ORT1888-art-000621,crn,ORT1888-cand-000621,machine_derived,false
ORT1888-art-000622-s1,Túketzi. pl. Túkezi.,ORT1888-art-000622,crn,ORT1888-cand-000622,machine_derived,false
ORT1888-art-000623-s1,P na tata.,ORT1888-art-000623,crn,ORT1888-cand-000623,machine_derived,false
ORT1888-art-000624-s1,Uyeti.,ORT1888-art-000624,crn,ORT1888-cand-000624,machine_derived,false
ORT1888-art-000625-s1,Axepútzihbé.,ORT1888-art-000625,crn,ORT1888-cand-000625,machine_derived,false
ORT1888-art-000626-s1,"Choata,",ORT1888-art-000626,crn,ORT1888-cand-000626,machine_derived,false
ORT1888-art-000627-s1,Quáinave.,ORT1888-art-000627,crn,ORT1888-cand-000627,machine_derived,false
ORT1888-art-000628-s1,Ahaquáinave. N.,ORT1888-art-000628,crn,ORT1888-cand-000628,machine_derived,false
ORT1888-art-000629-s1,C'ikeuv'ú.,ORT1888-art-000629,crn,ORT1888-cand-000629,machine_derived,false
ORT1888-art-000630-s1,Aíhna. pl. ri.,ORT1888-art-000630,crn,ORT1888-cand-000630,machine_derived,false
ORT1888-art-000631-s1,Vecv/owkene.,ORT1888-art-000631,crn,ORT1888-cand-000631,machine_derived,false
ORT1888-art-000632-s1,Ceaonkeneat.,ORT1888-art-000632,crn,ORT1888-cand-000632,machine_derived,false
ORT1888-art-000633-s1,Chuicat.,ORT1888-art-000633,crn,ORT1888-cand-000633,machine_derived,false
ORT1888-art-000634-s1,Tichicáme. pl. tzi.,ORT1888-art-000634,crn,ORT1888-cand-000634,machine_derived,false
ORT1888-art-000635-s1,Hihhna.,ORT1888-art-000635,crn,ORT1888-cand-000635,machine_derived,false
ORT1888-art-000636-s1,Ay amet.,ORT1888-art-000636,crn,ORT1888-cand-000636,machine_derived,false
ORT1888-art-000637-s1,Acáti.,ORT1888-art-000637,crn,ORT1888-cand-000637,machine_derived,false
ORT1888-art-000638-s1,Acot.,ORT1888-art-000638,crn,ORT1888-cand-000638,machine_derived,false
ORT1888-art-000639-s1,Huakexati.,ORT1888-art-000639,crn,ORT1888-cand-000639,machine_derived,false
ORT1888-art-000640-s1,Huínniti.,ORT1888-art-000640,crn,ORT1888-cand-000640,machine_derived,false
ORT1888-art-000641-s1,Tazeúrabétme. Tálleteme.,ORT1888-art-000641,crn,ORT1888-cand-000641,machine_derived,false
ORT1888-art-000642-s1,Ataripéne. Neti.,ORT1888-art-000642,crn,ORT1888-cand-000642,machine_derived,false
ORT1888-art-000643-s1,Titaaripchuáme. pl. tzi.,ORT1888-art-000643,crn,ORT1888-cand-000643,machine_derived,false
ORT1888-art-000644-s1,Huateaú. Netencíi.,ORT1888-art-000644,crn,ORT1888-cand-000644,machine_derived,false
ORT1888-art-000645-s1,Nerimit.,ORT1888-art-000645,crn,ORT1888-cand-000645,machine_derived,false
ORT1888-art-000646-s1,Tianahehe.,ORT1888-art-000646,crn,ORT1888-cand-000646,machine_derived,false
ORT1888-art-000647-s1,Huácace. pl. ri.,ORT1888-art-000647,crn,ORT1888-cand-000647,machine_derived,false
ORT1888-art-000648-s1,Xopot. pl. tzi.,ORT1888-art-000648,crn,ORT1888-cand-000648,machine_derived,false
ORT1888-art-000649-s1,Cerit.,ORT1888-art-000649,crn,ORT1888-cand-000649,machine_derived,false
ORT1888-art-000650-s1,TVwxquári.,ORT1888-art-000650,crn,ORT1888-cand-000650,machine_derived,false
ORT1888-art-000651-s1,Eukeritan.,ORT1888-art-000651,crn,ORT1888-cand-000651,machine_derived,false
ORT1888-art-000652-s1,Cana. Neti.,ORT1888-art-000652,crn,ORT1888-cand-000652,machine_derived,false
ORT1888-art-000653-s1,Atéke. Nete.,ORT1888-art-000653,crn,ORT1888-cand-000653,machine_derived,false
ORT1888-art-000654-s1,Ihcata. Neti.,ORT1888-art-000654,crn,ORT1888-cand-000654,machine_derived,false
ORT1888-art-000655-s1,Muahchiat.,ORT1888-art-000655,crn,ORT1888-cand-000655,machine_derived,false
ORT1888-art-000656-s1,Hncat.,ORT1888-art-000656,crn,ORT1888-cand-000656,machine_derived,false
ORT1888-art-000657-s1,Huaine. Ne.,ORT1888-art-000657,crn,ORT1888-cand-000657,machine_derived,false
ORT1888-art-000658-s1,Canax. pl. eri.,ORT1888-art-000658,crn,ORT1888-cand-000658,machine_derived,false
ORT1888-art-000659-s1,Busca cara cosa.,ORT1888-art-000659,crn,ORT1888-cand-000659,machine_derived,false
ORT1888-art-000660-s1,Vpéziti.,ORT1888-art-000660,crn,ORT1888-cand-000660,machine_derived,false
ORT1888-art-000661-s1,Busca caña hueca.,ORT1888-art-000661,crn,ORT1888-cand-000661,machine_derived,false
ORT1888-art-000662-s1,Acátzahta.,ORT1888-art-000662,crn,ORT1888-cand-000662,machine_derived,false
ORT1888-art-000663-s1,Yüxarit.,ORT1888-art-000663,crn,ORT1888-cand-000663,machine_derived,false
ORT1888-art-000664-s1,Chihti.,ORT1888-art-000664,crn,ORT1888-cand-000664,machine_derived,false
ORT1888-art-000665-s1,Nahehiten. Neti.,ORT1888-art-000665,crn,ORT1888-cand-000665,machine_derived,false
ORT1888-art-000666-s1,Nahehiterit.,ORT1888-art-000666,crn,ORT1888-cand-000666,machine_derived,false
ORT1888-art-000667-s1,Caerit.,ORT1888-art-000667,crn,ORT1888-cand-000667,machine_derived,false
ORT1888-art-000668-s1,Tepoahte. Ne.,ORT1888-art-000668,crn,ORT1888-cand-000668,machine_derived,false
ORT1888-art-000669-s1,Poáihtzit.,ORT1888-art-000669,crn,ORT1888-cand-000669,machine_derived,false
ORT1888-art-000670-s1,Kenie.,ORT1888-art-000670,crn,ORT1888-cand-000670,machine_derived,false
ORT1888-art-000671-s1,Hihhua. Ne.,ORT1888-art-000671,crn,ORT1888-cand-000671,machine_derived,false
ORT1888-art-000672-s1,Hihhuariti.,ORT1888-art-000672,crn,ORT1888-cand-000672,machine_derived,false
ORT1888-art-000673-s1,Huaravi.,ORT1888-art-000673,crn,ORT1888-cand-000673,machine_derived,false
ORT1888-art-000674-s1,Huanérie.,ORT1888-art-000674,crn,ORT1888-cand-000674,machine_derived,false
ORT1888-art-000675-s1,Tahtatai. Nete.,ORT1888-art-000675,crn,ORT1888-cand-000675,machine_derived,false
ORT1888-art-000676-s1,Vicati.,ORT1888-art-000676,crn,ORT1888-cand-000676,machine_derived,false
ORT1888-art-000677-s1,Tantimoa.,ORT1888-art-000677,crn,ORT1888-cand-000677,machine_derived,false
ORT1888-art-000678-s1,Ihbe. Neti.,ORT1888-art-000678,crn,ORT1888-cand-000678,machine_derived,false
ORT1888-art-000679-s1,Auúitzi.,ORT1888-art-000679,crn,ORT1888-cand-000679,machine_derived,false
ORT1888-art-000680-s1,Tzicúri ti.,ORT1888-art-000680,crn,ORT1888-cand-000680,machine_derived,false
ORT1888-art-000681-s1,Zeaíi. pl. riti.,ORT1888-art-000681,crn,ORT1888-cand-000681,machine_derived,false
ORT1888-art-000682-s1,Bia. Neti.,ORT1888-art-000682,crn,ORT1888-cand-000682,machine_derived,false
ORT1888-art-000683-s1,Antácih. Nete.,ORT1888-art-000683,crn,ORT1888-cand-000683,machine_derived,false
ORT1888-art-000684-s1,Tea. Neti.,ORT1888-art-000684,crn,ORT1888-cand-000684,machine_derived,false
ORT1888-art-000685-s1,"Capa^whri. huachiáca. Canocurihuachiaca,",ORT1888-art-000685,crn,ORT1888-cand-000685,machine_derived,false
ORT1888-art-000686-s1,Nahche.,ORT1888-art-000686,crn,ORT1888-cand-000686,machine_derived,false
ORT1888-art-000687-s1,Quaciti.,ORT1888-art-000687,crn,ORT1888-cand-000687,machine_derived,false
ORT1888-art-000688-s1,Catze. Neti.,ORT1888-art-000688,crn,ORT1888-cand-000688,machine_derived,false
ORT1888-art-000689-s1,"Heké. Neti,",ORT1888-art-000689,crn,ORT1888-cand-000689,machine_derived,false
ORT1888-art-000690-s1,Bahezt. Nete.,ORT1888-art-000690,crn,ORT1888-cand-000690,machine_derived,false
ORT1888-art-000691-s1,Tehche Neteu.,ORT1888-art-000691,crn,ORT1888-cand-000691,machine_derived,false
ORT1888-art-000692-s1,Teahpuazt. pl. Teahpuazi.,ORT1888-art-000692,crn,ORT1888-cand-000692,machine_derived,false
ORT1888-art-000693-s1,Cua. Neti.,ORT1888-art-000693,crn,ORT1888-cand-000693,machine_derived,false
ORT1888-art-000694-s1,Taeuné. Ne.,ORT1888-art-000694,crn,ORT1888-cand-000694,machine_derived,false
ORT1888-art-000695-s1,Queahti.,ORT1888-art-000695,crn,ORT1888-cand-000695,machine_derived,false
ORT1888-art-000696-s1,Aitné?,ORT1888-art-000696,crn,ORT1888-cand-000696,machine_derived,false
ORT1888-art-000697-s1,Eup&t.,ORT1888-art-000697,crn,ORT1888-cand-000697,machine_derived,false
ORT1888-art-000698-s1,Cube. Neti va.,ORT1888-art-000698,crn,ORT1888-cand-000698,machine_derived,false
ORT1888-art-000699-s1,Atari ti.,ORT1888-art-000699,crn,ORT1888-cand-000699,machine_derived,false
ORT1888-art-000700-s1,Cu beat,ORT1888-art-000700,crn,ORT1888-cand-000700,machine_derived,false
ORT1888-art-000701-s1,vAtahua. Neti.,ORT1888-art-000701,crn,ORT1888-cand-000701,machine_derived,false
ORT1888-art-000702-s1,Nana. Neti.,ORT1888-art-000702,crn,ORT1888-cand-000702,machine_derived,false
ORT1888-art-000703-s1,Tinanabeme. pl. tzi.,ORT1888-art-000703,crn,ORT1888-cand-000703,machine_derived,false
ORT1888-art-000704-s1,Tezahuateiiü Neti.,ORT1888-art-000704,crn,ORT1888-cand-000704,machine_derived,false
ORT1888-art-000705-s1,Tzahuatiat.,ORT1888-art-000705,crn,ORT1888-cand-000705,machine_derived,false
ORT1888-art-000706-s1,Keme.,ORT1888-art-000706,crn,ORT1888-cand-000706,machine_derived,false
ORT1888-art-000707-s1,Tiliemi. Tihamoan. Tihetzána.,ORT1888-art-000707,crn,ORT1888-cand-000707,machine_derived,false
ORT1888-art-000708-s1,Kfí/xati.,ORT1888-art-000708,crn,ORT1888-cand-000708,machine_derived,false
ORT1888-art-000709-s1,Acao.ner¡. Nete.,ORT1888-art-000709,crn,ORT1888-cand-000709,machine_derived,false
ORT1888-art-000710-s1,-Tatzú. pl. ri.,ORT1888-art-000710,crn,ORT1888-cand-000710,machine_derived,false
ORT1888-art-000711-s1,Huahua retiat. Nraztariat,ORT1888-art-000711,crn,ORT1888-cand-000711,machine_derived,false
ORT1888-art-000712-s1,Tihuhuretehuáme. pl. tzi. Tencaztacareme.,ORT1888-art-000712,crn,ORT1888-cand-000712,machine_derived,false
ORT1888-art-000713-s1,uno. Tihetzeticlmave. Tihetzenetichua-,ORT1888-art-000713,crn,ORT1888-cand-000713,machine_derived,false
ORT1888-art-000714-s1,Chueveat.,ORT1888-art-000714,crn,ORT1888-cand-000714,machine_derived,false
ORT1888-art-000715-s1,Amoanpuhüicari. Amoamuhuicari.,ORT1888-art-000715,crn,ORT1888-cand-000715,machine_derived,false
ORT1888-art-000716-s1,Muaté Neti.,ORT1888-art-000716,crn,ORT1888-cand-000716,machine_derived,false
ORT1888-art-000717-s1,Tahetépoaomatáme. Taheténoaomatáme.,ORT1888-art-000717,crn,ORT1888-cand-000717,machine_derived,false
ORT1888-art-000718-s1,Veacanéhua. Nucaneanéhua.,ORT1888-art-000718,crn,ORT1888-cand-000718,machine_derived,false
ORT1888-art-000719-s1,Ganéhat.,ORT1888-art-000719,crn,ORT1888-cand-000719,machine_derived,false
ORT1888-art-000720-s1,Tihemi.,ORT1888-art-000720,crn,ORT1888-cand-000720,machine_derived,false
ORT1888-art-000721-s1,Huaóhe. Naúhe.,ORT1888-art-000721,crn,ORT1888-cand-000721,machine_derived,false
ORT1888-art-000722-s1,Xaihnuriti.,ORT1888-art-000722,crn,ORT1888-cand-000722,machine_derived,false
ORT1888-art-000723-s1,Atcútutna. Nantitutna. Áhtepuzi. N.,ORT1888-art-000723,crn,ORT1888-cand-000723,machine_derived,false
ORT1888-art-000724-s1,Nahpoára.,ORT1888-art-000724,crn,ORT1888-cand-000724,machine_derived,false
ORT1888-art-000725-s1,Cahuáriti.,ORT1888-art-000725,crn,ORT1888-cand-000725,machine_derived,false
ORT1888-art-000726-s1,Hébe Neti.,ORT1888-art-000726,crn,ORT1888-cand-000726,machine_derived,false
ORT1888-art-000727-s1,Hebiat.,ORT1888-art-000727,crn,ORT1888-cand-000727,machine_derived,false
ORT1888-art-000728-s1,Átate Ne.,ORT1888-art-000728,crn,ORT1888-cand-000728,machine_derived,false
ORT1888-art-000729-s1,Pipoatzi.,ORT1888-art-000729,crn,ORT1888-cand-000729,machine_derived,false
ORT1888-art-000730-s1,.sJBehehi. Neti.,ORT1888-art-000730,crn,ORT1888-cand-000730,machine_derived,false
ORT1888-art-000731-s1,Zizehi Neti.,ORT1888-art-000731,crn,ORT1888-cand-000731,machine_derived,false
ORT1888-art-000732-s1,Ntitépi. Nete.,ORT1888-art-000732,crn,ORT1888-cand-000732,machine_derived,false
ORT1888-art-000733-s1,Ntikeuca. Nete.,ORT1888-art-000733,crn,ORT1888-cand-000733,machine_derived,false
ORT1888-art-000734-s1,Ntiyé. Nete.,ORT1888-art-000734,crn,ORT1888-cand-000734,machine_derived,false
ORT1888-art-000735-s1,Cutzapéhti.,ORT1888-art-000735,crn,ORT1888-cand-000735,machine_derived,false
ORT1888-art-000736-s1,Titah.,ORT1888-art-000736,crn,ORT1888-cand-000736,machine_derived,false
ORT1888-art-000737-s1,. Tzan i at.,ORT1888-art-000737,crn,ORT1888-cand-000737,machine_derived,false
ORT1888-art-000738-s1,Bibpua. Neti.,ORT1888-art-000738,crn,ORT1888-cand-000738,machine_derived,false
ORT1888-art-000739-s1,Yhtzicuatá. Neti.,ORT1888-art-000739,crn,ORT1888-cand-000739,machine_derived,false
ORT1888-art-000740-s1,Yhtzieuaré Ne.,ORT1888-art-000740,crn,ORT1888-cand-000740,machine_derived,false
ORT1888-art-000741-s1,Ata uri ti.,ORT1888-art-000741,crn,ORT1888-cand-000741,machine_derived,false
ORT1888-art-000742-s1,Ytzapuari.,ORT1888-art-000742,crn,ORT1888-cand-000742,machine_derived,false
ORT1888-art-000743-s1,Ynhatzá Ne.,ORT1888-art-000743,crn,ORT1888-cand-000743,machine_derived,false
ORT1888-art-000744-s1,Yatzá. Neti.,ORT1888-art-000744,crn,ORT1888-cand-000744,machine_derived,false
ORT1888-art-000745-s1,"Tcuenazt,",ORT1888-art-000745,crn,ORT1888-cand-000745,machine_derived,false
ORT1888-art-000746-s1,Ahuaótuna.,ORT1888-art-000746,crn,ORT1888-cand-000746,machine_derived,false
ORT1888-art-000747-s1,Veezé Ne.,ORT1888-art-000747,crn,ORT1888-cand-000747,machine_derived,false
ORT1888-art-000748-s1,vTzalluate. Neti.,ORT1888-art-000748,crn,ORT1888-cand-000748,machine_derived,false
ORT1888-art-000749-s1,Tzahuaterit.,ORT1888-art-000749,crn,ORT1888-cand-000749,machine_derived,false
ORT1888-art-000750-s1,Abatzotní. N.,ORT1888-art-000750,crn,ORT1888-cand-000750,machine_derived,false
ORT1888-art-000751-s1,>Tzubetn.,ORT1888-art-000751,crn,ORT1888-cand-000751,machine_derived,false
ORT1888-art-000752-s1,Tatáhuacatn.,ORT1888-art-000752,crn,ORT1888-cand-000752,machine_derived,false
ORT1888-art-000753-s1,Taavihhuacame.,ORT1888-art-000753,crn,ORT1888-cand-000753,machine_derived,false
ORT1888-art-000754-s1,Curuztaté. Curuzneteuataté.,ORT1888-art-000754,crn,ORT1888-cand-000754,machine_derived,false
ORT1888-art-000755-s1,Capuquazé.,ORT1888-art-000755,crn,ORT1888-cand-000755,machine_derived,false
ORT1888-art-000756-s1,Vkeme. Nenkémé.,ORT1888-art-000756,crn,ORT1888-cand-000756,machine_derived,false
ORT1888-art-000757-s1,Teuhté. Neti.,ORT1888-art-000757,crn,ORT1888-cand-000757,machine_derived,false
ORT1888-art-000758-s1,Quaxú.,ORT1888-art-000758,crn,ORT1888-cand-000758,machine_derived,false
ORT1888-art-000759-s1,Anatne?,ORT1888-art-000759,crn,ORT1888-cand-000759,machine_derived,false
ORT1888-art-000760-s1,"Tet,",ORT1888-art-000760,crn,ORT1888-cand-000760,machine_derived,false
ORT1888-art-000761-s1,Achunepeoamexl,ORT1888-art-000761,crn,ORT1888-cand-000761,machine_derived,false
ORT1888-art-000762-s1,Baana Nete.,ORT1888-art-000762,crn,ORT1888-cand-000762,machine_derived,false
ORT1888-art-000763-s1,Itehti.,ORT1888-art-000763,crn,ORT1888-cand-000763,machine_derived,false
ORT1888-art-000764-s1,Nécuazt. Neti.,ORT1888-art-000764,crn,ORT1888-cand-000764,machine_derived,false
ORT1888-art-000765-s1,Necuatziat.,ORT1888-art-000765,crn,ORT1888-cand-000765,machine_derived,false
ORT1888-art-000766-s1,Keupihti.,ORT1888-art-000766,crn,ORT1888-cand-000766,machine_derived,false
ORT1888-art-000767-s1,>Yteyak,ORT1888-art-000767,crn,ORT1888-cand-000767,machine_derived,false
ORT1888-art-000768-s1,Matzebeti.,ORT1888-art-000768,crn,ORT1888-cand-000768,machine_derived,false
ORT1888-art-000769-s1,^Ahuáti.,ORT1888-art-000769,crn,ORT1888-cand-000769,machine_derived,false
ORT1888-art-000770-s1,Naviti.,ORT1888-art-000770,crn,ORT1888-cand-000770,machine_derived,false
ORT1888-art-000771-s1,Coátza pl. rí.,ORT1888-art-000771,crn,ORT1888-cand-000771,machine_derived,false
ORT1888-art-000772-s1,Teazta. Teaztánacat.,ORT1888-art-000772,crn,ORT1888-cand-000772,machine_derived,false
ORT1888-art-000773-s1,Chaéhrin.,ORT1888-art-000773,crn,ORT1888-cand-000773,machine_derived,false
ORT1888-art-000774-s1,Chaeh. Neti.,ORT1888-art-000774,crn,ORT1888-cand-000774,machine_derived,false
ORT1888-art-000775-s1,Aixacuráet. pl tzi.,ORT1888-art-000775,crn,ORT1888-cand-000775,machine_derived,false
ORT1888-art-000776-s1,Ahke. pl. ahkeri.,ORT1888-art-000776,crn,ORT1888-cand-000776,machine_derived,false
ORT1888-art-000777-s1,Xanacati.,ORT1888-art-000777,crn,ORT1888-cand-000777,machine_derived,false
ORT1888-art-000778-s1,Antevi.,ORT1888-art-000778,crn,ORT1888-cand-000778,machine_derived,false
ORT1888-art-000779-s1,Aaztéht.a,ORT1888-art-000779,crn,ORT1888-cand-000779,machine_derived,false
ORT1888-art-000780-s1,Tzapóriti.,ORT1888-art-000780,crn,ORT1888-cand-000780,machine_derived,false
ORT1888-art-000781-s1,^Xanacate. Neti.,ORT1888-art-000781,crn,ORT1888-cand-000781,machine_derived,false
ORT1888-art-000782-s1,^Tihui tari.,ORT1888-art-000782,crn,ORT1888-cand-000782,machine_derived,false
ORT1888-art-000783-s1,Tiyaoberi.,ORT1888-art-000783,crn,ORT1888-cand-000783,machine_derived,false
ORT1888-art-000784-s1,Tihuítari.,ORT1888-art-000784,crn,ORT1888-cand-000784,machine_derived,false
ORT1888-art-000785-s1,Tenca Neti,ORT1888-art-000785,crn,ORT1888-cand-000785,machine_derived,false
ORT1888-art-000786-s1,Admita. Ne.,ORT1888-art-000786,crn,ORT1888-cand-000786,machine_derived,false
ORT1888-art-000787-s1,Yhua. Neti.,ORT1888-art-000787,crn,ORT1888-cand-000787,machine_derived,false
ORT1888-art-000788-s1,Teaolite.,ORT1888-art-000788,crn,ORT1888-cand-000788,machine_derived,false
ORT1888-art-000789-s1,Natzarit.,ORT1888-art-000789,crn,ORT1888-cand-000789,machine_derived,false
ORT1888-art-000790-s1,Enri.,ORT1888-art-000790,crn,ORT1888-cand-000790,machine_derived,false
ORT1888-art-000791-s1,Catzémite.,ORT1888-art-000791,crn,ORT1888-cand-000791,machine_derived,false
ORT1888-art-000792-s1,Acune.,ORT1888-art-000792,crn,ORT1888-cand-000792,machine_derived,false
ORT1888-art-000793-s1,Ceaka élite.,ORT1888-art-000793,crn,ORT1888-cand-000793,machine_derived,false
ORT1888-art-000794-s1,Teat'/a,ORT1888-art-000794,crn,ORT1888-cand-000794,machine_derived,false
ORT1888-art-000795-s1,Teatzeat.,ORT1888-art-000795,crn,ORT1888-cand-000795,machine_derived,false
ORT1888-art-000796-s1,Teatzácame. pl. tzi.,ORT1888-art-000796,crn,ORT1888-cand-000796,machine_derived,false
ORT1888-art-000797-s1,Nazi ti.,ORT1888-art-000797,crn,ORT1888-cand-000797,machine_derived,false
ORT1888-art-000798-s1,Busca cárcel.,ORT1888-art-000798,crn,ORT1888-cand-000798,machine_derived,false
ORT1888-art-000799-s1,Xuxca.,ORT1888-art-000799,crn,ORT1888-cand-000799,machine_derived,false
ORT1888-art-000800-s1,"Namiat,",ORT1888-art-000800,crn,ORT1888-cand-000800,machine_derived,false
ORT1888-art-000801-s1,Na moa. Neti.,ORT1888-art-000801,crn,ORT1888-cand-000801,machine_derived,false
ORT1888-art-000802-s1,Euni.,ORT1888-art-000802,crn,ORT1888-cand-000802,machine_derived,false
ORT1888-art-000803-s1,Anahcatze. Nete.,ORT1888-art-000803,crn,ORT1888-cand-000803,machine_derived,false
ORT1888-art-000804-s1,Baña. Nete.,ORT1888-art-000804,crn,ORT1888-cand-000804,machine_derived,false
ORT1888-art-000805-s1,Autehcuti. N.,ORT1888-art-000805,crn,ORT1888-cand-000805,machine_derived,false
ORT1888-art-000806-s1,N Enri ti.,ORT1888-art-000806,crn,ORT1888-cand-000806,machine_derived,false
ORT1888-art-000807-s1,Muchuixéti.,ORT1888-art-000807,crn,ORT1888-cand-000807,machine_derived,false
ORT1888-art-000808-s1,Atapovakteaca. Ne.,ORT1888-art-000808,crn,ORT1888-cand-000808,machine_derived,false
ORT1888-art-000809-s1,"Teuhtezime Neti,",ORT1888-art-000809,crn,ORT1888-cand-000809,machine_derived,false
ORT1888-art-000810-s1,Acune.,ORT1888-art-000810,crn,ORT1888-cand-000810,machine_derived,false
ORT1888-art-000811-s1,Tahapoa*,ORT1888-art-000811,crn,ORT1888-cand-000811,machine_derived,false
ORT1888-art-000812-s1,vNaizébetzi.,ORT1888-art-000812,crn,ORT1888-cand-000812,machine_derived,false
ORT1888-art-000813-s1,Eiihv'r. Euhriéyacam.,ORT1888-art-000813,crn,ORT1888-cand-000813,machine_derived,false
ORT1888-art-000814-s1,Viata.,ORT1888-art-000814,crn,ORT1888-cand-000814,machine_derived,false
ORT1888-art-000815-s1,Quaxpoa.,ORT1888-art-000815,crn,ORT1888-cand-000815,machine_derived,false
ORT1888-art-000816-s1,Teteamnavi.,ORT1888-art-000816,crn,ORT1888-cand-000816,machine_derived,false
ORT1888-art-000817-s1,Tepohbi.,ORT1888-art-000817,crn,ORT1888-cand-000817,machine_derived,false
ORT1888-art-000818-s1,.Caerit.,ORT1888-art-000818,crn,ORT1888-cand-000818,machine_derived,false
ORT1888-art-000819-s1,Muekeri té.,ORT1888-art-000819,crn,ORT1888-cand-000819,machine_derived,false
ORT1888-art-000820-s1,Pitzicai.,ORT1888-art-000820,crn,ORT1888-cand-000820,machine_derived,false
ORT1888-art-000821-s1,Tenxa. pl. ii.,ORT1888-art-000821,crn,ORT1888-cand-000821,machine_derived,false
ORT1888-art-000822-s1,Taxuát. pl. zeri.,ORT1888-art-000822,crn,ORT1888-cand-000822,machine_derived,false
ORT1888-art-000823-s1,Capteacu ve.,ORT1888-art-000823,crn,ORT1888-cand-000823,machine_derived,false
ORT1888-art-000824-s1,Busca bailar.,ORT1888-art-000824,crn,ORT1888-cand-000824,machine_derived,false
ORT1888-art-000825-s1,Ta. Neteu.,ORT1888-art-000825,crn,ORT1888-cand-000825,machine_derived,false
ORT1888-art-000826-s1,Tachúite. Neteu. Tauihte.,ORT1888-art-000826,crn,ORT1888-cand-000826,machine_derived,false
ORT1888-art-000827-s1,Tatezte. Neteu. Tatutui-,ORT1888-art-000827,crn,ORT1888-cand-000827,machine_derived,false
ORT1888-art-000828-s1,Tai te. Neteu. Tepuihte,ORT1888-art-000828,crn,ORT1888-cand-000828,machine_derived,false
ORT1888-art-000829-s1,Tahan i ti. Neteu. Tahapuah-,ORT1888-art-000829,crn,ORT1888-cand-000829,machine_derived,false
ORT1888-art-000830-s1,"Antiteaca,",ORT1888-art-000830,crn,ORT1888-cand-000830,machine_derived,false
ORT1888-art-000831-s1,Áúhna.,ORT1888-art-000831,crn,ORT1888-cand-000831,machine_derived,false
ORT1888-art-000832-s1,Entina.,ORT1888-art-000832,crn,ORT1888-cand-000832,machine_derived,false
ORT1888-art-000833-s1,Cheaehre. Nete,ORT1888-art-000833,crn,ORT1888-cand-000833,machine_derived,false
ORT1888-art-000834-s1,Cheaehret.,ORT1888-art-000834,crn,ORT1888-cand-000834,machine_derived,false
ORT1888-art-000835-s1,Acame. N,ORT1888-art-000835,crn,ORT1888-cand-000835,machine_derived,false
ORT1888-art-000836-s1,Acayeat.,ORT1888-art-000836,crn,ORT1888-cand-000836,machine_derived,false
ORT1888-art-000837-s1,Tühca.,ORT1888-art-000837,crn,ORT1888-cand-000837,machine_derived,false
ORT1888-art-000838-s1,ILfutéi'i.,ORT1888-art-000838,crn,ORT1888-cand-000838,machine_derived,false
ORT1888-art-000839-s1,Vaehre. Neti.,ORT1888-art-000839,crn,ORT1888-cand-000839,machine_derived,false
ORT1888-art-000840-s1,Vaehreat.,ORT1888-art-000840,crn,ORT1888-cand-000840,machine_derived,false
ORT1888-art-000841-s1,Muechit.,ORT1888-art-000841,crn,ORT1888-cand-000841,machine_derived,false
ORT1888-art-000842-s1,Vhuatazizehizt Neteu.,ORT1888-art-000842,crn,ORT1888-cand-000842,machine_derived,false
ORT1888-art-000843-s1,Pipoatzi.,ORT1888-art-000843,crn,ORT1888-cand-000843,machine_derived,false
ORT1888-art-000844-s1,Tüaro.,ORT1888-art-000844,crn,ORT1888-cand-000844,machine_derived,false
ORT1888-art-000845-s1,Chuta.,ORT1888-art-000845,crn,ORT1888-cand-000845,machine_derived,false
ORT1888-art-000846-s1,Anáhtat.,ORT1888-art-000846,crn,ORT1888-cand-000846,machine_derived,false
ORT1888-art-000847-s1,CVwra,ORT1888-art-000847,crn,ORT1888-cand-000847,machine_derived,false
ORT1888-art-000848-s1,Xfwri. Neti.,ORT1888-art-000848,crn,ORT1888-cand-000848,machine_derived,false
ORT1888-art-000849-s1,Autauhataca. Nauta nata cá.,ORT1888-art-000849,crn,ORT1888-cand-000849,machine_derived,false
ORT1888-art-000850-s1,Acáhé. Nete.,ORT1888-art-000850,crn,ORT1888-cand-000850,machine_derived,false
ORT1888-art-000851-s1,Vté. Nete.,ORT1888-art-000851,crn,ORT1888-cand-000851,machine_derived,false
ORT1888-art-000852-s1,Acahé. Nete.,ORT1888-art-000852,crn,ORT1888-cand-000852,machine_derived,false
ORT1888-art-000853-s1,Cahtzótzai. Neti.,ORT1888-art-000853,crn,ORT1888-cand-000853,machine_derived,false
ORT1888-art-000854-s1,Veeaupe. Nenceaupe.,ORT1888-art-000854,crn,ORT1888-cand-000854,machine_derived,false
ORT1888-art-000855-s1,Ceaupiat.,ORT1888-art-000855,crn,ORT1888-cand-000855,machine_derived,false
ORT1888-art-000856-s1,Cas^wpi. Neti.,ORT1888-art-000856,crn,ORT1888-cand-000856,machine_derived,false
ORT1888-art-000857-s1,Nticú. Nete.,ORT1888-art-000857,crn,ORT1888-cand-000857,machine_derived,false
ORT1888-art-000858-s1,"Xeztna, Neti.",ORT1888-art-000858,crn,ORT1888-cand-000858,machine_derived,false
ORT1888-art-000859-s1,Yhmué. Neti.,ORT1888-art-000859,crn,ORT1888-cand-000859,machine_derived,false
ORT1888-art-000860-s1,Xéve Neti.,ORT1888-art-000860,crn,ORT1888-cand-000860,machine_derived,false
ORT1888-art-000861-s1,Taxcupi. Neteu.,ORT1888-art-000861,crn,ORT1888-cand-000861,machine_derived,false
ORT1888-art-000862-s1,Acuxa Nete.,ORT1888-art-000862,crn,ORT1888-cand-000862,machine_derived,false
ORT1888-art-000863-s1,Ycacuanaca. N.,ORT1888-art-000863,crn,ORT1888-cand-000863,machine_derived,false
ORT1888-art-000864-s1,Atzupe. Neti.,ORT1888-art-000864,crn,ORT1888-cand-000864,machine_derived,false
ORT1888-art-000865-s1,Capti te via.,ORT1888-art-000865,crn,ORT1888-cand-000865,machine_derived,false
ORT1888-art-000866-s1,Acuamoa. Nete.,ORT1888-art-000866,crn,ORT1888-cand-000866,machine_derived,false
ORT1888-art-000867-s1,Utemucá. Neantemuaca.,ORT1888-art-000867,crn,ORT1888-cand-000867,machine_derived,false
ORT1888-art-000868-s1,Ten u cat.,ORT1888-art-000868,crn,ORT1888-cand-000868,machine_derived,false
ORT1888-art-000869-s1,Coyeohpe. Neti.,ORT1888-art-000869,crn,ORT1888-cand-000869,machine_derived,false
ORT1888-art-000870-s1,Ycóbpiát.,ORT1888-art-000870,crn,ORT1888-cand-000870,machine_derived,false
ORT1888-art-000871-s1,Cuhtzana. Neti.,ORT1888-art-000871,crn,ORT1888-cand-000871,machine_derived,false
ORT1888-art-000872-s1,Ahuaxérat. Nete.,ORT1888-art-000872,crn,ORT1888-cand-000872,machine_derived,false
ORT1888-art-000873-s1,Antipuena. Ne.,ORT1888-art-000873,crn,ORT1888-cand-000873,machine_derived,false
ORT1888-art-000874-s1,Antiyanioa. Ne.,ORT1888-art-000874,crn,ORT1888-cand-000874,machine_derived,false
ORT1888-art-000875-s1,Tzanax. Neti.,ORT1888-art-000875,crn,ORT1888-cand-000875,machine_derived,false
ORT1888-art-000876-s1,Atatza. Nete.,ORT1888-art-000876,crn,ORT1888-cand-000876,machine_derived,false
ORT1888-art-000877-s1,Vtbet. N.,ORT1888-art-000877,crn,ORT1888-cand-000877,machine_derived,false
ORT1888-art-000878-s1,Tiecha Ne.,ORT1888-art-000878,crn,ORT1888-cand-000878,machine_derived,false
ORT1888-art-000879-s1,Táutzara.,ORT1888-art-000879,crn,ORT1888-cand-000879,machine_derived,false
ORT1888-art-000880-s1,Cütna. Neti.,ORT1888-art-000880,crn,ORT1888-cand-000880,machine_derived,false
ORT1888-art-000881-s1,Moaiiecaitá.,ORT1888-art-000881,crn,ORT1888-cand-000881,machine_derived,false
ORT1888-art-000882-s1,Muarizé. Ne.,ORT1888-art-000882,crn,ORT1888-cand-000882,machine_derived,false
ORT1888-art-000883-s1,Cu humaré. Ne.,ORT1888-art-000883,crn,ORT1888-cand-000883,machine_derived,false
ORT1888-art-000884-s1,Auhcu. Nete.,ORT1888-art-000884,crn,ORT1888-cand-000884,machine_derived,false
ORT1888-art-000885-s1,Tihuárita.,ORT1888-art-000885,crn,ORT1888-cand-000885,machine_derived,false
ORT1888-art-000886-s1,Xepuche.,ORT1888-art-000886,crn,ORT1888-cand-000886,machine_derived,false
ORT1888-art-000887-s1,Taehachrihuame. pl. tzi.,ORT1888-art-000887,crn,ORT1888-cand-000887,machine_derived,false
ORT1888-art-000888-s1,Tahtoa. Neteu.,ORT1888-art-000888,crn,ORT1888-cand-000888,machine_derived,false
ORT1888-art-000889-s1,Ñeüea Neti.,ORT1888-art-000889,crn,ORT1888-cand-000889,machine_derived,false
ORT1888-art-000890-s1,X«tócat.,ORT1888-art-000890,crn,ORT1888-cand-000890,machine_derived,false
ORT1888-art-000891-s1,Teanáme.,ORT1888-art-000891,crn,ORT1888-cand-000891,machine_derived,false
ORT1888-art-000892-s1,Busca demonio.,ORT1888-art-000892,crn,ORT1888-cand-000892,machine_derived,false
ORT1888-art-000893-s1,Tameti.,ORT1888-art-000893,crn,ORT1888-cand-000893,machine_derived,false
ORT1888-art-000894-s1,Vpétevi. Vnétevi.,ORT1888-art-000894,crn,ORT1888-cand-000894,machine_derived,false
ORT1888-art-000895-s1,Tezíhua.,ORT1888-art-000895,crn,ORT1888-cand-000895,machine_derived,false
ORT1888-art-000896-s1,Busca diferir.,ORT1888-art-000896,crn,ORT1888-cand-000896,machine_derived,false
ORT1888-art-000897-s1,Busca deshonesto.,ORT1888-art-000897,crn,ORT1888-cand-000897,machine_derived,false
ORT1888-art-000898-s1,Timuiyebmé.,ORT1888-art-000898,crn,ORT1888-cand-000898,machine_derived,false
ORT1888-art-000899-s1,Yhcata. Neti.,ORT1888-art-000899,crn,ORT1888-cand-000899,machine_derived,false
ORT1888-art-000900-s1,Tecui.,ORT1888-art-000900,crn,ORT1888-cand-000900,machine_derived,false
ORT1888-art-000901-s1,Tíwhmuaztaé. pl. EumsiYi.,ORT1888-art-000901,crn,ORT1888-cand-000901,machine_derived,false
ORT1888-art-000902-s1,Cutzó. Ne.,ORT1888-art-000902,crn,ORT1888-cand-000902,machine_derived,false
ORT1888-art-000903-s1,Tze.,ORT1888-art-000903,crn,ORT1888-cand-000903,machine_derived,false
ORT1888-art-000904-s1,Atévi.,ORT1888-art-000904,crn,ORT1888-cand-000904,machine_derived,false
ORT1888-art-000905-s1,Huancunhua Neti.,ORT1888-art-000905,crn,ORT1888-cand-000905,machine_derived,false
ORT1888-art-000906-s1,Htiachete. Neti.,ORT1888-art-000906,crn,ORT1888-cand-000906,machine_derived,false
ORT1888-art-000907-s1,"Tahtoa, Nete.",ORT1888-art-000907,crn,ORT1888-cand-000907,machine_derived,false
ORT1888-art-000908-s1,Téhui.,ORT1888-art-000908,crn,ORT1888-cand-000908,machine_derived,false
ORT1888-art-000909-s1,Aehna. Aehpo.,ORT1888-art-000909,crn,ORT1888-cand-000909,machine_derived,false
ORT1888-art-000910-s1,Cerit.,ORT1888-art-000910,crn,ORT1888-cand-000910,machine_derived,false
ORT1888-art-000911-s1,Huabet.,ORT1888-art-000911,crn,ORT1888-cand-000911,machine_derived,false
ORT1888-art-000912-s1,Atab.,ORT1888-art-000912,crn,ORT1888-cand-000912,machine_derived,false
ORT1888-art-000913-s1,Vcáchehte. Nete,ORT1888-art-000913,crn,ORT1888-cand-000913,machine_derived,false
ORT1888-art-000914-s1,Antitzete. Ne.,ORT1888-art-000914,crn,ORT1888-cand-000914,machine_derived,false
ORT1888-art-000915-s1,Tai tueca. Neteu,ORT1888-art-000915,crn,ORT1888-cand-000915,machine_derived,false
ORT1888-art-000916-s1,Busca doblar.,ORT1888-art-000916,crn,ORT1888-cand-000916,machine_derived,false
ORT1888-art-000917-s1,Tatahuacihte. Neteu.,ORT1888-art-000917,crn,ORT1888-cand-000917,machine_derived,false
ORT1888-art-000918-s1,Tahua. Ne.,ORT1888-art-000918,crn,ORT1888-cand-000918,machine_derived,false
ORT1888-art-000919-s1,Huacho. Nanché.,ORT1888-art-000919,crn,ORT1888-cand-000919,machine_derived,false
ORT1888-art-000920-s1,Huacuaitzá. Nacuaitzá.,ORT1888-art-000920,crn,ORT1888-cand-000920,machine_derived,false
ORT1888-art-000921-s1,Tepoac.,ORT1888-art-000921,crn,ORT1888-cand-000921,machine_derived,false
ORT1888-art-000922-s1,Teahcuri. p!. tzi.,ORT1888-art-000922,crn,ORT1888-cand-000922,machine_derived,false
ORT1888-art-000923-s1,Taáti. Neti.,ORT1888-art-000923,crn,ORT1888-cand-000923,machine_derived,false
ORT1888-art-000924-s1,xTeutérihi'ia. Netintérihua.,ORT1888-art-000924,crn,ORT1888-cand-000924,machine_derived,false
ORT1888-art-000925-s1,Cáuxa.,ORT1888-art-000925,crn,ORT1888-cand-000925,machine_derived,false
ORT1888-art-000926-s1,"Atahuatzairi. Neteu,",ORT1888-art-000926,crn,ORT1888-cand-000926,machine_derived,false
ORT1888-art-000927-s1,Nehte. Neti.,ORT1888-art-000927,crn,ORT1888-cand-000927,machine_derived,false
ORT1888-art-000928-s1,"Hetze. Tzahta,",ORT1888-art-000928,crn,ORT1888-cand-000928,machine_derived,false
ORT1888-art-000929-s1,Abapütnazt.,ORT1888-art-000929,crn,ORT1888-cand-000929,machine_derived,false
ORT1888-art-000930-s1,Ntitái. Nete.,ORT1888-art-000930,crn,ORT1888-cand-000930,machine_derived,false
ORT1888-art-000931-s1,Nahéheca. Neteu.,ORT1888-art-000931,crn,ORT1888-cand-000931,machine_derived,false
ORT1888-art-000932-s1,Nahcheat.,ORT1888-art-000932,crn,ORT1888-cand-000932,machine_derived,false
ORT1888-art-000933-s1,Ntitntze Nete.,ORT1888-art-000933,crn,ORT1888-cand-000933,machine_derived,false
ORT1888-art-000934-s1,Baña Nete.,ORT1888-art-000934,crn,ORT1888-cand-000934,machine_derived,false
ORT1888-art-000935-s1,"Antiné. N,",ORT1888-art-000935,crn,ORT1888-cand-000935,machine_derived,false
ORT1888-art-000936-s1,Tatzáraca. Neteu.,ORT1888-art-000936,crn,ORT1888-cand-000936,machine_derived,false
ORT1888-art-000937-s1,Haxévia. Neti.,ORT1888-art-000937,crn,ORT1888-cand-000937,machine_derived,false
ORT1888-art-000938-s1,Cui. Neti.,ORT1888-art-000938,crn,ORT1888-cand-000938,machine_derived,false
ORT1888-art-000939-s1,Ticui.,ORT1888-art-000939,crn,ORT1888-cand-000939,machine_derived,false
ORT1888-art-000940-s1,Huateahua. Nateahua.,ORT1888-art-000940,crn,ORT1888-cand-000940,machine_derived,false
ORT1888-art-000941-s1,Tincrimet/é. Túiaouzé.,ORT1888-art-000941,crn,ORT1888-cand-000941,machine_derived,false
ORT1888-art-000942-s1,Tara Neti.,ORT1888-art-000942,crn,ORT1888-cand-000942,machine_derived,false
ORT1888-art-000943-s1,Cuanamoa. Neti.,ORT1888-art-000943,crn,ORT1888-cand-000943,machine_derived,false
ORT1888-art-000944-s1,Teuzim. Ne.,ORT1888-art-000944,crn,ORT1888-cand-000944,machine_derived,false
ORT1888-art-000945-s1,Huatatecáhire Natatecáhire.,ORT1888-art-000945,crn,ORT1888-cand-000945,machine_derived,false
ORT1888-art-000946-s1,Huateauchitáme.,ORT1888-art-000946,crn,ORT1888-cand-000946,machine_derived,false
ORT1888-art-000947-s1,Haxaht. Neti.,ORT1888-art-000947,crn,ORT1888-cand-000947,machine_derived,false
ORT1888-art-000948-s1,Neú. Ne. Acancü. N. Neucamoe. Ne.,ORT1888-art-000948,crn,ORT1888-cand-000948,machine_derived,false
ORT1888-art-000949-s1,Neil cat.,ORT1888-art-000949,crn,ORT1888-cand-000949,machine_derived,false
ORT1888-art-000950-s1,Huatahuázeca. Nateancazeca.,ORT1888-art-000950,crn,ORT1888-cand-000950,machine_derived,false
ORT1888-art-000951-s1,Teáheca. Neteu.,ORT1888-art-000951,crn,ORT1888-cand-000951,machine_derived,false
ORT1888-art-000952-s1,Teuzekere.,ORT1888-art-000952,crn,ORT1888-cand-000952,machine_derived,false
ORT1888-art-000953-s1,Xuu. Nete.,ORT1888-art-000953,crn,ORT1888-cand-000953,machine_derived,false
ORT1888-art-000954-s1,Muaté. Neti.,ORT1888-art-000954,crn,ORT1888-cand-000954,machine_derived,false
ORT1888-art-000955-s1,Muatéht.,ORT1888-art-000955,crn,ORT1888-cand-000955,machine_derived,false
ORT1888-art-000956-s1,Chuamüare. Neteu.,ORT1888-art-000956,crn,ORT1888-cand-000956,machine_derived,false
ORT1888-art-000957-s1,^Namoáhbe. Neti.,ORT1888-art-000957,crn,ORT1888-cand-000957,machine_derived,false
ORT1888-art-000958-s1,Namoáhriat.,ORT1888-art-000958,crn,ORT1888-cand-000958,machine_derived,false
ORT1888-art-000959-s1,Tete Nete. Teteaucuca. Nete.,ORT1888-art-000959,crn,ORT1888-cand-000959,machine_derived,false
ORT1888-art-000960-s1,Teaúhcluat.,ORT1888-art-000960,crn,ORT1888-cand-000960,machine_derived,false
ORT1888-art-000961-s1,Nermü.,ORT1888-art-000961,crn,ORT1888-cand-000961,machine_derived,false
ORT1888-art-000962-s1,Mahuapoát.,ORT1888-art-000962,crn,ORT1888-cand-000962,machine_derived,false
ORT1888-art-000963-s1,Vtaü | >i. N.,ORT1888-art-000963,crn,ORT1888-cand-000963,machine_derived,false
ORT1888-art-000964-s1,Bellcipüihua. Nete.,ORT1888-art-000964,crn,ORT1888-cand-000964,machine_derived,false
ORT1888-art-000965-s1,Tzuhchá. Ne.,ORT1888-art-000965,crn,ORT1888-cand-000965,machine_derived,false
ORT1888-art-000966-s1,Chuamoéti. Neteu.,ORT1888-art-000966,crn,ORT1888-cand-000966,machine_derived,false
ORT1888-art-000967-s1,Huápuat.,ORT1888-art-000967,crn,ORT1888-cand-000967,machine_derived,false
ORT1888-art-000968-s1,a Huattíbezi. Natebezi.,ORT1888-art-000968,crn,ORT1888-cand-000968,machine_derived,false
ORT1888-art-000969-s1,Zéuhti.,ORT1888-art-000969,crn,ORT1888-cand-000969,machine_derived,false
ORT1888-art-000970-s1,Tixúixaca. Ne.,ORT1888-art-000970,crn,ORT1888-cand-000970,machine_derived,false
ORT1888-art-000971-s1,Euxhté.,ORT1888-art-000971,crn,ORT1888-cand-000971,machine_derived,false
ORT1888-art-000972-s1,Anavízit.,ORT1888-art-000972,crn,ORT1888-cand-000972,machine_derived,false
ORT1888-art-000973-s1,Chuitapurivt. pl. Chuitapurizi.,ORT1888-art-000973,crn,ORT1888-cand-000973,machine_derived,false
ORT1888-art-000974-s1,Atzupe. Neti.,ORT1888-art-000974,crn,ORT1888-cand-000974,machine_derived,false
ORT1888-art-000975-s1,A i bebé. Ne.,ORT1888-art-000975,crn,ORT1888-cand-000975,machine_derived,false
ORT1888-art-000976-s1,.Huatanerick^wraca.,ORT1888-art-000976,crn,ORT1888-cand-000976,machine_derived,false
ORT1888-art-000977-s1,Nanaihuacat. pl. tzi.,ORT1888-art-000977,crn,ORT1888-cand-000977,machine_derived,false
ORT1888-art-000978-s1,Tzimuari. Tebaucbtáme.,ORT1888-art-000978,crn,ORT1888-cand-000978,machine_derived,false
ORT1888-art-000979-s1,Meatzekébti .,ORT1888-art-000979,crn,ORT1888-cand-000979,machine_derived,false
ORT1888-art-000980-s1,Busca entresacar.,ORT1888-art-000980,crn,ORT1888-cand-000980,machine_derived,false
ORT1888-art-000981-s1,Vhuabata. Neneabata.,ORT1888-art-000981,crn,ORT1888-cand-000981,machine_derived,false
ORT1888-art-000982-s1,T'/io¿ri. pl. tzi.,ORT1888-art-000982,crn,ORT1888-cand-000982,machine_derived,false
ORT1888-art-000983-s1,.Tiyú xa.,ORT1888-art-000983,crn,ORT1888-cand-000983,machine_derived,false
ORT1888-art-000984-s1,Yuxa. Neti,ORT1888-art-000984,crn,ORT1888-cand-000984,machine_derived,false
ORT1888-art-000985-s1,Namoah. Neti.,ORT1888-art-000985,crn,ORT1888-cand-000985,machine_derived,false
ORT1888-art-000986-s1,Huachumáná Huatécca.,ORT1888-art-000986,crn,ORT1888-cand-000986,machine_derived,false
ORT1888-art-000987-s1,Tzitzicaite.,ORT1888-art-000987,crn,ORT1888-cand-000987,machine_derived,false
ORT1888-art-000988-s1,"Cañe. Neti,",ORT1888-art-000988,crn,ORT1888-cand-000988,machine_derived,false
ORT1888-art-000989-s1,Canilla t.,ORT1888-art-000989,crn,ORT1888-cand-000989,machine_derived,false
ORT1888-art-000990-s1,Tahotzéhti.,ORT1888-art-000990,crn,ORT1888-cand-000990,machine_derived,false
ORT1888-art-000991-s1,Huariti.,ORT1888-art-000991,crn,ORT1888-cand-000991,machine_derived,false
ORT1888-art-000992-s1,Mnarite. Neti. ',ORT1888-art-000992,crn,ORT1888-cand-000992,machine_derived,false
ORT1888-art-000993-s1,Muaritiat.,ORT1888-art-000993,crn,ORT1888-cand-000993,machine_derived,false
ORT1888-art-000994-s1,Atenéric.,ORT1888-art-000994,crn,ORT1888-cand-000994,machine_derived,false
ORT1888-art-000995-s1,Busca rizarse:,ORT1888-art-000995,crn,ORT1888-cand-000995,machine_derived,false
ORT1888-art-000996-s1,Bu sea confiar.,ORT1888-art-000996,crn,ORT1888-cand-000996,machine_derived,false
ORT1888-art-000997-s1,T-^te. Neteu.,ORT1888-art-000997,crn,ORT1888-cand-000997,machine_derived,false
ORT1888-art-000998-s1,Busca desperesarse.,ORT1888-art-000998,crn,ORT1888-cand-000998,machine_derived,false
ORT1888-art-000999-s1,^ Moáey ete.,ORT1888-art-000999,crn,ORT1888-cand-000999,machine_derived,false
ORT1888-art-001000-s1,s.Moáeve.,ORT1888-art-001000,crn,ORT1888-cand-001000,machine_derived,false
ORT1888-art-001001-s1,Tzi cáréte.,ORT1888-art-001001,crn,ORT1888-cand-001001,machine_derived,false
ORT1888-art-001002-s1,Xnat.,ORT1888-art-001002,crn,ORT1888-cand-001002,machine_derived,false
ORT1888-art-001003-s1,Huatutn.,ORT1888-art-001003,crn,ORT1888-cand-001003,machine_derived,false
ORT1888-art-001004-s1,Kerubzite.,ORT1888-art-001004,crn,ORT1888-cand-001004,machine_derived,false
ORT1888-art-001005-s1,Uiteutzex. Nete.,ORT1888-art-001005,crn,ORT1888-cand-001005,machine_derived,false
ORT1888-art-001006-s1,Neurahachihua. Nete.,ORT1888-art-001006,crn,ORT1888-cand-001006,machine_derived,false
ORT1888-art-001007-s1,Ahme. Neti.,ORT1888-art-001007,crn,ORT1888-cand-001007,machine_derived,false
ORT1888-art-001008-s1,sHuaxcaitzipe. Neti.,ORT1888-art-001008,crn,ORT1888-cand-001008,machine_derived,false
ORT1888-art-001009-s1,Tzicuritam.,ORT1888-art-001009,crn,ORT1888-cand-001009,machine_derived,false
ORT1888-art-001010-s1,Amuehpu.,ORT1888-art-001010,crn,ORT1888-cand-001010,machine_derived,false
ORT1888-art-001011-s1,Vicáti.,ORT1888-art-001011,crn,ORT1888-cand-001011,machine_derived,false
ORT1888-art-001012-s1,Tahtalai. Nete.,ORT1888-art-001012,crn,ORT1888-cand-001012,machine_derived,false
ORT1888-art-001013-s1,Yepréhbe. Nentehbe.,ORT1888-art-001013,crn,ORT1888-cand-001013,machine_derived,false
ORT1888-art-001014-s1,Ti.,ORT1888-art-001014,crn,ORT1888-cand-001014,machine_derived,false
ORT1888-art-001015-s1,Busca desembolver.,ORT1888-art-001015,crn,ORT1888-cand-001015,machine_derived,false
ORT1888-art-001016-s1,Llárit,ORT1888-art-001016,crn,ORT1888-cand-001016,machine_derived,false
ORT1888-art-001017-s1,Capunúcari.,ORT1888-art-001017,crn,ORT1888-cand-001017,machine_derived,false
ORT1888-art-001018-s1,Vbyaobacaníhua. Vn.,ORT1888-art-001018,crn,ORT1888-cand-001018,machine_derived,false
ORT1888-art-001019-s1,Uehti.,ORT1888-art-001019,crn,ORT1888-cand-001019,machine_derived,false
ORT1888-art-001020-s1,Atzúhpua. Nr.,ORT1888-art-001020,crn,ORT1888-cand-001020,machine_derived,false
ORT1888-art-001021-s1,Atzúhpua ri ti.,ORT1888-art-001021,crn,ORT1888-cand-001021,machine_derived,false
ORT1888-art-001022-s1,Capuachuayaóteme.,ORT1888-art-001022,crn,ORT1888-cand-001022,machine_derived,false
ORT1888-art-001023-s1,Tzicuricat. Al Carro. Urcapuazt.,ORT1888-art-001023,crn,ORT1888-cand-001023,machine_derived,false
ORT1888-art-001024-s1,Uüic. Nembice.,ORT1888-art-001024,crn,ORT1888-cand-001024,machine_derived,false
ORT1888-art-001025-s1,Oabhe. Neti.,ORT1888-art-001025,crn,ORT1888-cand-001025,machine_derived,false
ORT1888-art-001026-s1,Muate. Neti.,ORT1888-art-001026,crn,ORT1888-cand-001026,machine_derived,false
ORT1888-art-001027-s1,"Muatehrit,",ORT1888-art-001027,crn,ORT1888-cand-001027,machine_derived,false
ORT1888-art-001028-s1,Teutannú.,ORT1888-art-001028,crn,ORT1888-cand-001028,machine_derived,false
ORT1888-art-001029-s1,Huahua. Neti.,ORT1888-art-001029,crn,ORT1888-cand-001029,machine_derived,false
ORT1888-art-001030-s1,Huavirit.,ORT1888-art-001030,crn,ORT1888-cand-001030,machine_derived,false
ORT1888-art-001031-s1,Vehite Neuchité.,ORT1888-art-001031,crn,ORT1888-cand-001031,machine_derived,false
ORT1888-art-001032-s1,Capterihua.,ORT1888-art-001032,crn,ORT1888-cand-001032,machine_derived,false
ORT1888-art-001033-s1,Quamuxat. pl. tzi.,ORT1888-art-001033,crn,ORT1888-cand-001033,machine_derived,false
ORT1888-art-001034-s1,Bitakéraé. pl. tzi.,ORT1888-art-001034,crn,ORT1888-cand-001034,machine_derived,false
ORT1888-art-001035-s1,A bauheké. Nabeueké.,ORT1888-art-001035,crn,ORT1888-cand-001035,machine_derived,false
ORT1888-art-001036-s1,Xanácat.,ORT1888-art-001036,crn,ORT1888-cand-001036,machine_derived,false
ORT1888-art-001037-s1,Xanácare. Neti.,ORT1888-art-001037,crn,ORT1888-cand-001037,machine_derived,false
ORT1888-art-001038-s1,Aubet. Ne.,ORT1888-art-001038,crn,ORT1888-cand-001038,machine_derived,false
ORT1888-art-001039-s1,Capuaazté. Canaasté.,ORT1888-art-001039,crn,ORT1888-cand-001039,machine_derived,false
ORT1888-art-001040-s1,Huáitzit.,ORT1888-art-001040,crn,ORT1888-cand-001040,machine_derived,false
ORT1888-art-001041-s1,Eriha. Ne.,ORT1888-art-001041,crn,ORT1888-cand-001041,machine_derived,false
ORT1888-art-001042-s1,Busca ayudar.,ORT1888-art-001042,crn,ORT1888-cand-001042,machine_derived,false
ORT1888-art-001043-s1,"Capureue Busca ayuda,",ORT1888-art-001043,crn,ORT1888-cand-001043,machine_derived,false
ORT1888-art-001044-s1,Capucurene.,ORT1888-art-001044,crn,ORT1888-cand-001044,machine_derived,false
ORT1888-art-001045-s1,Tzahuatiat.,ORT1888-art-001045,crn,ORT1888-cand-001045,machine_derived,false
ORT1888-art-001046-s1,"Puatata, Neti,",ORT1888-art-001046,crn,ORT1888-cand-001046,machine_derived,false
ORT1888-art-001047-s1,Teiuíaine.,ORT1888-art-001047,crn,ORT1888-cand-001047,machine_derived,false
ORT1888-art-001048-s1,Captahüané.,ORT1888-art-001048,crn,ORT1888-cand-001048,machine_derived,false
ORT1888-art-001049-s1,^ Macábanme-,ORT1888-art-001049,crn,ORT1888-cand-001049,machine_derived,false
ORT1888-art-001050-s1,^Antamuéimia.,ORT1888-art-001050,crn,ORT1888-cand-001050,machine_derived,false
ORT1888-art-001051-s1,Kéte. Neteu.,ORT1888-art-001051,crn,ORT1888-cand-001051,machine_derived,false
ORT1888-art-001052-s1,Anchi.,ORT1888-art-001052,crn,ORT1888-cand-001052,machine_derived,false
ORT1888-art-001053-s1,Huachi. Ne.,ORT1888-art-001053,crn,ORT1888-cand-001053,machine_derived,false
ORT1888-art-001054-s1,Nuacareme. Ne.,ORT1888-art-001054,crn,ORT1888-cand-001054,machine_derived,false
ORT1888-art-001055-s1,Tcáheka. Neteu.,ORT1888-art-001055,crn,ORT1888-cand-001055,machine_derived,false
ORT1888-art-001056-s1,Teatzahuateacame. pl. tzi.,ORT1888-art-001056,crn,ORT1888-cand-001056,machine_derived,false
ORT1888-art-001057-s1,Eúrüti,ORT1888-art-001057,crn,ORT1888-cand-001057,machine_derived,false
ORT1888-art-001058-s1,Vbaohaná. Nubenana.,ORT1888-art-001058,crn,ORT1888-cand-001058,machine_derived,false
ORT1888-art-001059-s1,Tamuémua. Neti.,ORT1888-art-001059,crn,ORT1888-cand-001059,machine_derived,false
ORT1888-art-001060-s1,Tzúmet.,ORT1888-art-001060,crn,ORT1888-cand-001060,machine_derived,false
ORT1888-art-001061-s1,.-Xuxut.,ORT1888-art-001061,crn,ORT1888-cand-001061,machine_derived,false
ORT1888-art-001062-s1,Huataxota.,ORT1888-art-001062,crn,ORT1888-cand-001062,machine_derived,false
ORT1888-art-001063-s1,Tu tu i ve.,ORT1888-art-001063,crn,ORT1888-cand-001063,machine_derived,false
ORT1888-art-001064-s1,Hiifrtcanaze. Ne. Tiunavé. Ne.,ORT1888-art-001064,crn,ORT1888-cand-001064,machine_derived,false
ORT1888-art-001065-s1,Huacanzt. Tiunavé. pl. Tiunavaiate.,ORT1888-art-001065,crn,ORT1888-cand-001065,machine_derived,false
ORT1888-art-001066-s1,Quaxezt.,ORT1888-art-001066,crn,ORT1888-cand-001066,machine_derived,false
ORT1888-art-001067-s1,> Tachen .,ORT1888-art-001067,crn,ORT1888-cand-001067,machine_derived,false
ORT1888-art-001068-s1,M oah u ol mana.,ORT1888-art-001068,crn,ORT1888-cand-001068,machine_derived,false
ORT1888-art-001069-s1,Auhépon. Nete.,ORT1888-art-001069,crn,ORT1888-cand-001069,machine_derived,false
ORT1888-art-001070-s1,Neviche. Neti.,ORT1888-art-001070,crn,ORT1888-cand-001070,machine_derived,false
ORT1888-art-001071-s1,Névat.,ORT1888-art-001071,crn,ORT1888-cand-001071,machine_derived,false
ORT1888-art-001072-s1,".Ahuzina, Neti.",ORT1888-art-001072,crn,ORT1888-cand-001072,machine_derived,false
ORT1888-art-001073-s1,"Yetzá, Neti.",ORT1888-art-001073,crn,ORT1888-cand-001073,machine_derived,false
ORT1888-art-001074-s1,Quátzite.,ORT1888-art-001074,crn,ORT1888-cand-001074,machine_derived,false
ORT1888-art-001075-s1,Cerit.,ORT1888-art-001075,crn,ORT1888-cand-001075,machine_derived,false
ORT1888-art-001076-s1,Huacébi.,ORT1888-art-001076,crn,ORT1888-cand-001076,machine_derived,false
ORT1888-art-001077-s1,"Xámue. Ne,",ORT1888-art-001077,crn,ORT1888-cand-001077,machine_derived,false
ORT1888-art-001078-s1,"Cébi,",ORT1888-art-001078,crn,ORT1888-cand-001078,machine_derived,false
ORT1888-art-001079-s1,Xeurihat,ORT1888-art-001079,crn,ORT1888-cand-001079,machine_derived,false
ORT1888-art-001080-s1,Xainue. Ne.,ORT1888-art-001080,crn,ORT1888-cand-001080,machine_derived,false
ORT1888-art-001081-s1,Mühmeti.,ORT1888-art-001081,crn,ORT1888-cand-001081,machine_derived,false
ORT1888-art-001082-s1,Tézi.,ORT1888-art-001082,crn,ORT1888-cand-001082,machine_derived,false
ORT1888-art-001083-s1,Tezure Zi/ure.,ORT1888-art-001083,crn,ORT1888-cand-001083,machine_derived,false
ORT1888-art-001084-s1,Vx uta i. Nete.,ORT1888-art-001084,crn,ORT1888-cand-001084,machine_derived,false
ORT1888-art-001085-s1,Ánomoxuríteáhua. N.,ORT1888-art-001085,crn,ORT1888-cand-001085,machine_derived,false
ORT1888-art-001086-s1,Tiqueahti.,ORT1888-art-001086,crn,ORT1888-cand-001086,machine_derived,false
ORT1888-art-001087-s1,Tacait.,ORT1888-art-001087,crn,ORT1888-cand-001087,machine_derived,false
ORT1888-art-001088-s1,Huaou Naou.,ORT1888-art-001088,crn,ORT1888-cand-001088,machine_derived,false
ORT1888-art-001089-s1,Cachea. Ne.,ORT1888-art-001089,crn,ORT1888-cand-001089,machine_derived,false
ORT1888-art-001090-s1,Cachea.,ORT1888-art-001090,crn,ORT1888-cand-001090,machine_derived,false
ORT1888-art-001091-s1,^Caeste.,ORT1888-art-001091,crn,ORT1888-cand-001091,machine_derived,false
ORT1888-art-001092-s1,Nahehiten. Neti.,ORT1888-art-001092,crn,ORT1888-cand-001092,machine_derived,false
ORT1888-art-001093-s1,Nahehiterit.,ORT1888-art-001093,crn,ORT1888-cand-001093,machine_derived,false
ORT1888-art-001094-s1,Tecuárae. pl. tzi.,ORT1888-art-001094,crn,ORT1888-cand-001094,machine_derived,false
ORT1888-art-001095-s1,XeupíIiti pl. Xeupihtzi. Carucati.,ORT1888-art-001095,crn,ORT1888-cand-001095,machine_derived,false
ORT1888-art-001096-s1,Pik^¿xa.,ORT1888-art-001096,crn,ORT1888-cand-001096,machine_derived,false
ORT1888-art-001097-s1,Muaitek. Neti.,ORT1888-art-001097,crn,ORT1888-cand-001097,machine_derived,false
ORT1888-art-001098-s1,Muáitechiat.,ORT1888-art-001098,crn,ORT1888-cand-001098,machine_derived,false
ORT1888-art-001099-s1,Quaxíi. pl. ti.,ORT1888-art-001099,crn,ORT1888-cand-001099,machine_derived,false
ORT1888-art-001100-s1,Huatuxat pl. tzi.,ORT1888-art-001100,crn,ORT1888-cand-001100,machine_derived,false
ORT1888-art-001101-s1,Ucarépe Neucucarépe,ORT1888-art-001101,crn,ORT1888-cand-001101,machine_derived,false
ORT1888-art-001102-s1,^Quaikí?^^xáti.,ORT1888-art-001102,crn,ORT1888-cand-001102,machine_derived,false
ORT1888-art-001103-s1,^Muatet. pl. tzi.,ORT1888-art-001103,crn,ORT1888-cand-001103,machine_derived,false
ORT1888-art-001104-s1,"NAhaohepoa. Nete. Ahahué. Nete,",ORT1888-art-001104,crn,ORT1888-cand-001104,machine_derived,false
ORT1888-art-001105-s1,Miston. pl. tzi.,ORT1888-art-001105,crn,ORT1888-cand-001105,machine_derived,false
ORT1888-art-001107-s1,Hucuritze. pl. Hucuri-,ORT1888-art-001107,crn,ORT1888-cand-001107,machine_derived,false
ORT1888-art-001108-s1,Tzicai. pl. tzi.,ORT1888-art-001108,crn,ORT1888-cand-001108,machine_derived,false
ORT1888-art-001109-s1,Chuix. pl. Chixcwri.,ORT1888-art-001109,crn,ORT1888-cand-001109,machine_derived,false
ORT1888-art-001110-s1,Zizchu. pl. tzi.,ORT1888-art-001110,crn,ORT1888-cand-001110,machine_derived,false
ORT1888-art-001111-s1,Uiteuyeimeyéca. Ne.,ORT1888-art-001111,crn,ORT1888-cand-001111,machine_derived,false
ORT1888-art-001112-s1,Vteamuavé\ Nenteamuavé.,ORT1888-art-001112,crn,ORT1888-cand-001112,machine_derived,false
ORT1888-art-001113-s1,vTeaiuuáveat.,ORT1888-art-001113,crn,ORT1888-cand-001113,machine_derived,false
ORT1888-art-001114-s1,Huavixcai. pl. tzi.,ORT1888-art-001114,crn,ORT1888-cand-001114,machine_derived,false
ORT1888-art-001115-s1,Tébeche. Neti.,ORT1888-art-001115,crn,ORT1888-cand-001115,machine_derived,false
ORT1888-art-001116-s1,Behcheat.,ORT1888-art-001116,crn,ORT1888-cand-001116,machine_derived,false
ORT1888-art-001117-s1,Yz u met.,ORT1888-art-001117,crn,ORT1888-cand-001117,machine_derived,false
ORT1888-art-001118-s1,Vec.,ORT1888-art-001118,crn,ORT1888-cand-001118,machine_derived,false
ORT1888-art-001119-s1,Máke?¿se.,ORT1888-art-001119,crn,ORT1888-cand-001119,machine_derived,false
ORT1888-art-001120-s1,Vbátzone.,ORT1888-art-001120,crn,ORT1888-cand-001120,machine_derived,false
ORT1888-art-001121-s1,Caville.,ORT1888-art-001121,crn,ORT1888-cand-001121,machine_derived,false
ORT1888-art-001122-s1,Tatoáni.,ORT1888-art-001122,crn,ORT1888-cand-001122,machine_derived,false
ORT1888-art-001123-s1,Busca Cuervo.,ORT1888-art-001123,crn,ORT1888-cand-001123,machine_derived,false
ORT1888-art-001124-s1,Chúitziti.,ORT1888-art-001124,crn,ORT1888-cand-001124,machine_derived,false
ORT1888-art-001125-s1,Tébi.,ORT1888-art-001125,crn,ORT1888-cand-001125,machine_derived,false
ORT1888-art-001126-s1,Vhuátébi.,ORT1888-art-001126,crn,ORT1888-cand-001126,machine_derived,false
ORT1888-art-001127-s1,Uhua/<?«te.,ORT1888-art-001127,crn,ORT1888-cand-001127,machine_derived,false
ORT1888-art-001128-s1,Tébi.,ORT1888-art-001128,crn,ORT1888-cand-001128,machine_derived,false
ORT1888-art-001129-s1,NTéfceri.,ORT1888-art-001129,crn,ORT1888-cand-001129,machine_derived,false
ORT1888-art-001130-s1,Mevatzé.,ORT1888-art-001130,crn,ORT1888-cand-001130,machine_derived,false
ORT1888-art-001131-s1,Atzat.,ORT1888-art-001131,crn,ORT1888-cand-001131,machine_derived,false
ORT1888-art-001132-s1,Atza. Ne.,ORT1888-art-001132,crn,ORT1888-cand-001132,machine_derived,false
ORT1888-art-001133-s1,Huscui. pl. rzi.,ORT1888-art-001133,crn,ORT1888-cand-001133,machine_derived,false
ORT1888-art-001134-s1,Xihliua. Ne.,ORT1888-art-001134,crn,ORT1888-cand-001134,machine_derived,false
ORT1888-art-001135-s1,Hihhuariti.,ORT1888-art-001135,crn,ORT1888-cand-001135,machine_derived,false
ORT1888-art-001136-s1,Teahuere. Ne.,ORT1888-art-001136,crn,ORT1888-cand-001136,machine_derived,false
ORT1888-art-001137-s1,Curúti. pl. Curutzi.,ORT1888-art-001137,crn,ORT1888-cand-001137,machine_derived,false
ORT1888-art-001138-s1,Oliách Neti.,ORT1888-art-001138,crn,ORT1888-cand-001138,machine_derived,false
ORT1888-art-001139-s1,Uhabiti. Menenabite.,ORT1888-art-001139,crn,ORT1888-cand-001139,machine_derived,false
ORT1888-art-001140-s1,Cuhuahta. Ne.,ORT1888-art-001140,crn,ORT1888-cand-001140,machine_derived,false
ORT1888-art-001141-s1,Amuáhcáte.,ORT1888-art-001141,crn,ORT1888-cand-001141,machine_derived,false
ORT1888-art-001142-s1,Amuáhcate. N.,ORT1888-art-001142,crn,ORT1888-cand-001142,machine_derived,false
ORT1888-art-001143-s1,Canarit.,ORT1888-art-001143,crn,ORT1888-cand-001143,machine_derived,false
ORT1888-art-001144-s1,"Chuno, pl. ri.",ORT1888-art-001144,crn,ORT1888-cand-001144,machine_derived,false
ORT1888-art-001145-s1,Chúinori. Ne.,ORT1888-art-001145,crn,ORT1888-cand-001145,machine_derived,false
ORT1888-art-001146-s1,Neuca. Neti.,ORT1888-art-001146,crn,ORT1888-cand-001146,machine_derived,false
ORT1888-art-001147-s1,Neúcaréti.,ORT1888-art-001147,crn,ORT1888-cand-001147,machine_derived,false
ORT1888-art-001148-s1,Teapueihte.,ORT1888-art-001148,crn,ORT1888-cand-001148,machine_derived,false
ORT1888-art-001149-s1,Utzite.,ORT1888-art-001149,crn,ORT1888-cand-001149,machine_derived,false
ORT1888-art-001150-s1,Teaccahca. Neti.,ORT1888-art-001150,crn,ORT1888-cand-001150,machine_derived,false
ORT1888-art-001151-s1,Uchriha. Nencuriha,ORT1888-art-001151,crn,ORT1888-cand-001151,machine_derived,false
ORT1888-art-001152-s1,Teuh. Neteu.,ORT1888-art-001152,crn,ORT1888-cand-001152,machine_derived,false
ORT1888-art-001153-s1,Túhriti.,ORT1888-art-001153,crn,ORT1888-cand-001153,machine_derived,false
ORT1888-art-001154-s1,.Ti vat. Ne.,ORT1888-art-001154,crn,ORT1888-cand-001154,machine_derived,false
ORT1888-art-001155-s1,Huatúhrihua.,ORT1888-art-001155,crn,ORT1888-cand-001155,machine_derived,false
ORT1888-art-001156-s1,Tahua. Neti.,ORT1888-art-001156,crn,ORT1888-cand-001156,machine_derived,false
ORT1888-art-001157-s1,Titahuáme. pl. tzi.,ORT1888-art-001157,crn,ORT1888-cand-001157,machine_derived,false
ORT1888-art-001158-s1,Tzute. Neti.,ORT1888-art-001158,crn,ORT1888-cand-001158,machine_derived,false
ORT1888-art-001159-s1,Atzuteahcame. pl. tzi.,ORT1888-art-001159,crn,ORT1888-cand-001159,machine_derived,false
ORT1888-art-001160-s1,Secure. Ne.,ORT1888-art-001160,crn,ORT1888-cand-001160,machine_derived,false
ORT1888-art-001161-s1,Tecüre.,ORT1888-art-001161,crn,ORT1888-cand-001161,machine_derived,false
ORT1888-art-001162-s1,Uita. pl. ucarí.,ORT1888-art-001162,crn,ORT1888-cand-001162,machine_derived,false
ORT1888-art-001163-s1,Bahetzete. Nete.,ORT1888-art-001163,crn,ORT1888-cand-001163,machine_derived,false
ORT1888-art-001164-s1,Hezttat.,ORT1888-art-001164,crn,ORT1888-cand-001164,machine_derived,false
ORT1888-art-001165-s1,sCacamul.,ORT1888-art-001165,crn,ORT1888-cand-001165,machine_derived,false
ORT1888-art-001166-s1,Tzite. Net-u.,ORT1888-art-001166,crn,ORT1888-cand-001166,machine_derived,false
ORT1888-art-001167-s1,Ticutzi. pl. moa.,ORT1888-art-001167,crn,ORT1888-cand-001167,machine_derived,false
ORT1888-art-001168-s1,Moaihuamoa.,ORT1888-art-001168,crn,ORT1888-cand-001168,machine_derived,false
ORT1888-art-001169-s1,Tetaixe. Neti.,ORT1888-art-001169,crn,ORT1888-cand-001169,machine_derived,false
ORT1888-art-001170-s1,Quáne.,ORT1888-art-001170,crn,ORT1888-cand-001170,machine_derived,false
ORT1888-art-001171-s1,Anteyex.,ORT1888-art-001171,crn,ORT1888-cand-001171,machine_derived,false
ORT1888-art-001172-s1,Tzitúxca.,ORT1888-art-001172,crn,ORT1888-cand-001172,machine_derived,false
ORT1888-art-001173-s1,Cérit.,ORT1888-art-001173,crn,ORT1888-cand-001173,machine_derived,false
ORT1888-art-001174-s1,Tepuzti.,ORT1888-art-001174,crn,ORT1888-cand-001174,machine_derived,false
ORT1888-art-001175-s1,Neamuát.,ORT1888-art-001175,crn,ORT1888-cand-001175,machine_derived,false
ORT1888-art-001176-s1,Xáhpoa.,ORT1888-art-001176,crn,ORT1888-cand-001176,machine_derived,false
ORT1888-art-001177-s1,Tipérie. pl. Titeuriyamoa.,ORT1888-art-001177,crn,ORT1888-cand-001177,machine_derived,false
ORT1888-art-001178-s1,Tiyaóh. pl. Tiyaóh moa.,ORT1888-art-001178,crn,ORT1888-cand-001178,machine_derived,false
ORT1888-art-001179-s1,Hinua. Neti.,ORT1888-art-001179,crn,ORT1888-cand-001179,machine_derived,false
ORT1888-art-001180-s1,Titonó. Neatonó.,ORT1888-art-001180,crn,ORT1888-cand-001180,machine_derived,false
ORT1888-art-001181-s1,"Haa. Ne,",ORT1888-art-001181,crn,ORT1888-cand-001181,machine_derived,false
ORT1888-art-001182-s1,Hayiáhti.,ORT1888-art-001182,crn,ORT1888-cand-001182,machine_derived,false
ORT1888-art-001183-s1,Ytatze. Ne,ORT1888-art-001183,crn,ORT1888-cand-001183,machine_derived,false
ORT1888-art-001184-s1,Yteutzéat.,ORT1888-art-001184,crn,ORT1888-cand-001184,machine_derived,false
ORT1888-art-001185-s1,Azixa. Curízixa.,ORT1888-art-001185,crn,ORT1888-cand-001185,machine_derived,false
ORT1888-art-001186-s1,Ahméme.,ORT1888-art-001186,crn,ORT1888-cand-001186,machine_derived,false
ORT1888-art-001187-s1,Caturiti.,ORT1888-art-001187,crn,ORT1888-cand-001187,machine_derived,false
ORT1888-art-001188-s1,Veacuni.,ORT1888-art-001188,crn,ORT1888-cand-001188,machine_derived,false
ORT1888-art-001189-s1,Veacunazt. Ne.,ORT1888-art-001189,crn,ORT1888-cand-001189,machine_derived,false
ORT1888-art-001190-s1,Vxaiíiripé.,ORT1888-art-001190,crn,ORT1888-cand-001190,machine_derived,false
ORT1888-art-001191-s1,Xamuátn.,ORT1888-art-001191,crn,ORT1888-cand-001191,machine_derived,false
ORT1888-art-001192-s1,", Busca gozarse.",ORT1888-art-001192,crn,ORT1888-cand-001192,machine_derived,false
ORT1888-art-001193-s1,Tevit. pl. Teaiteri.,ORT1888-art-001193,crn,ORT1888-cand-001193,machine_derived,false
ORT1888-art-001194-s1,Vitzapuati.,ORT1888-art-001194,crn,ORT1888-cand-001194,machine_derived,false
ORT1888-art-001195-s1,Yeatéái.,ORT1888-art-001195,crn,ORT1888-cand-001195,machine_derived,false
ORT1888-art-001196-s1,Yacuati.,ORT1888-art-001196,crn,ORT1888-cand-001196,machine_derived,false
ORT1888-art-001197-s1,Vtuxa.,ORT1888-art-001197,crn,ORT1888-cand-001197,machine_derived,false
ORT1888-art-001198-s1,Tzalmate. Neti.,ORT1888-art-001198,crn,ORT1888-cand-001198,machine_derived,false
ORT1888-art-001199-s1,^Busca agujerear.,ORT1888-art-001199,crn,ORT1888-cand-001199,machine_derived,false
ORT1888-art-001200-s1,Auteacat.,ORT1888-art-001200,crn,ORT1888-cand-001200,machine_derived,false
ORT1888-art-001201-s1,Achti. pl. ri.,ORT1888-art-001201,crn,ORT1888-cand-001201,machine_derived,false
ORT1888-art-001202-s1,Tzárizt. pl. Tzarizéri.,ORT1888-art-001202,crn,ORT1888-cand-001202,machine_derived,false
ORT1888-art-001203-s1,Aehtéripoa.,ORT1888-art-001203,crn,ORT1888-cand-001203,machine_derived,false
ORT1888-art-001204-s1,^Toatéri.,ORT1888-art-001204,crn,ORT1888-cand-001204,machine_derived,false
ORT1888-art-001205-s1,Xaéicame. pl. Xéicahte.,ORT1888-art-001205,crn,ORT1888-cand-001205,machine_derived,false
ORT1888-art-001206-s1,Huataú. Nataneu.,ORT1888-art-001206,crn,ORT1888-cand-001206,machine_derived,false
ORT1888-art-001207-s1,Tzonachane. pl. tzi.,ORT1888-art-001207,crn,ORT1888-cand-001207,machine_derived,false
ORT1888-art-001208-s1,K^wtziti,ORT1888-art-001208,crn,ORT1888-cand-001208,machine_derived,false
ORT1888-art-001209-s1,Ketzuhta.,ORT1888-art-001209,crn,ORT1888-cand-001209,machine_derived,false
ORT1888-art-001210-s1,Nah.ua. Neti.,ORT1888-art-001210,crn,ORT1888-cand-001210,machine_derived,false
ORT1888-art-001211-s1,Nahuarit.,ORT1888-art-001211,crn,ORT1888-cand-001211,machine_derived,false
ORT1888-art-001212-s1,Yuarit.,ORT1888-art-001212,crn,ORT1888-cand-001212,machine_derived,false
ORT1888-art-001213-s1,Busca goze.,ORT1888-art-001213,crn,ORT1888-cand-001213,machine_derived,false
ORT1888-art-001214-s1,Muautechiát.,ORT1888-art-001214,crn,ORT1888-cand-001214,machine_derived,false
ORT1888-art-001215-s1,Huacariti.,ORT1888-art-001215,crn,ORT1888-cand-001215,machine_derived,false
ORT1888-art-001216-s1,Timocricat. pl. tzi.,ORT1888-art-001216,crn,ORT1888-cand-001216,machine_derived,false
ORT1888-art-001217-s1,Muitec. Neti.,ORT1888-art-001217,crn,ORT1888-cand-001217,machine_derived,false
ORT1888-art-001218-s1,Huaca. Ne.,ORT1888-art-001218,crn,ORT1888-cand-001218,machine_derived,false
ORT1888-art-001219-s1,Beopoámet,ORT1888-art-001219,crn,ORT1888-cand-001219,machine_derived,false
ORT1888-art-001220-s1,Uitenahchité. Nete,ORT1888-art-001220,crn,ORT1888-cand-001220,machine_derived,false
ORT1888-art-001221-s1,Busca recoger.,ORT1888-art-001221,crn,ORT1888-cand-001221,machine_derived,false
ORT1888-art-001222-s1,No saben todavía.,ORT1888-art-001222,crn,ORT1888-cand-001222,machine_derived,false
ORT1888-art-001223-s1,Captixanaca. Cautixanáca.,ORT1888-art-001223,crn,ORT1888-cand-001223,machine_derived,false
ORT1888-art-001224-s1,acta.,ORT1888-art-001224,crn,ORT1888-cand-001224,machine_derived,false
ORT1888-art-001225-s1,Ar. pur.,ORT1888-art-001225,crn,ORT1888-cand-001225,machine_derived,false
ORT1888-art-001226-s1,"Teuathemintimoé,",ORT1888-art-001226,crn,ORT1888-cand-001226,machine_derived,false
ORT1888-art-001227-s1,Técuat. pl. tzi.,ORT1888-art-001227,crn,ORT1888-cand-001227,machine_derived,false
ORT1888-art-001228-s1,Busca hielo.,ORT1888-art-001228,crn,ORT1888-cand-001228,machine_derived,false
ORT1888-art-001229-s1,Timuni.,ORT1888-art-001229,crn,ORT1888-cand-001229,machine_derived,false
ORT1888-art-001230-s1,Euxahti.,ORT1888-art-001230,crn,ORT1888-cand-001230,machine_derived,false
ORT1888-art-001231-s1,Comestibles. — Cherit.,ORT1888-art-001231,crn,ORT1888-cand-001231,machine_derived,false
ORT1888-art-001232-s1,.Avcvchi.,ORT1888-art-001232,crn,ORT1888-cand-001232,machine_derived,false
ORT1888-art-001233-s1,Enimit.,ORT1888-art-001233,crn,ORT1888-cand-001233,machine_derived,false
ORT1888-art-001234-s1,Tiopan.,ORT1888-art-001234,crn,ORT1888-cand-001234,machine_derived,false
ORT1888-art-001235-s1,Vxapuhuacáte.,ORT1888-art-001235,crn,ORT1888-cand-001235,machine_derived,false
ORT1888-art-001236-s1,Cháatzáti. pl. Cháatzáfci.,ORT1888-art-001236,crn,ORT1888-cand-001236,machine_derived,false
ORT1888-art-001237-s1,Ancuvafcoa. Nete.,ORT1888-art-001237,crn,ORT1888-cand-001237,machine_derived,false
ORT1888-art-001238-s1,Ninte. Neti.,ORT1888-art-001238,crn,ORT1888-cand-001238,machine_derived,false
ORT1888-art-001239-s1,Capúcüaübe.,ORT1888-art-001239,crn,ORT1888-cand-001239,machine_derived,false
ORT1888-art-001240-s1,Aban tona. Nabautona.,ORT1888-art-001240,crn,ORT1888-cand-001240,machine_derived,false
ORT1888-art-001241-s1,Muechita. Taheté.,ORT1888-art-001241,crn,ORT1888-cand-001241,machine_derived,false
ORT1888-art-001242-s1,Ceviat. Ceuuti.,ORT1888-art-001242,crn,ORT1888-cand-001242,machine_derived,false
ORT1888-art-001243-s1,Yhucá. Neti.,ORT1888-art-001243,crn,ORT1888-cand-001243,machine_derived,false
ORT1888-art-001244-s1,B usca eslabón .,ORT1888-art-001244,crn,ORT1888-cand-001244,machine_derived,false
ORT1888-art-001245-s1,-Auatahéyaca. Nataheya-,ORT1888-art-001245,crn,ORT1888-cand-001245,machine_derived,false
ORT1888-art-001246-s1,Huateaóututzi. Nateantutzi.,ORT1888-art-001246,crn,ORT1888-cand-001246,machine_derived,false
ORT1888-art-001247-s1,Busca guiar.,ORT1888-art-001247,crn,ORT1888-cand-001247,machine_derived,false
ORT1888-art-001248-s1,Teocaihme. Ne.,ORT1888-art-001248,crn,ORT1888-cand-001248,machine_derived,false
ORT1888-art-001249-s1,"Busca agua traer,",ORT1888-art-001249,crn,ORT1888-cand-001249,machine_derived,false
ORT1888-art-001250-s1,Cicéritá.,ORT1888-art-001250,crn,ORT1888-cand-001250,machine_derived,false
ORT1888-art-001251-s1,• Utat.,ORT1888-art-001251,crn,ORT1888-cand-001251,machine_derived,false
ORT1888-art-001252-s1,Teniti.,ORT1888-art-001252,crn,ORT1888-cand-001252,machine_derived,false
ORT1888-art-001253-s1,-Aütn.,ORT1888-art-001253,crn,ORT1888-cand-001253,machine_derived,false
ORT1888-art-001254-s1,Tevéncúca.,ORT1888-art-001254,crn,ORT1888-cand-001254,machine_derived,false
ORT1888-art-001255-s1,N encare Fe.,ORT1888-art-001255,crn,ORT1888-cand-001255,machine_derived,false
ORT1888-art-001256-s1,^Neue'areat.,ORT1888-art-001256,crn,ORT1888-cand-001256,machine_derived,false
ORT1888-art-001257-s1,Tinahuame. pl. tzi.,ORT1888-art-001257,crn,ORT1888-cand-001257,machine_derived,false
ORT1888-art-001258-s1,Xachuitáti .,ORT1888-art-001258,crn,ORT1888-cand-001258,machine_derived,false
ORT1888-art-001259-s1,Axac. pl. tzi.,ORT1888-art-001259,crn,ORT1888-cand-001259,machine_derived,false
ORT1888-art-001260-s1,Chatzat. pl. tzi.,ORT1888-art-001260,crn,ORT1888-cand-001260,machine_derived,false
ORT1888-art-001261-s1,Veat.,ORT1888-art-001261,crn,ORT1888-cand-001261,machine_derived,false
ORT1888-art-001262-s1,Auxuáti.,ORT1888-art-001262,crn,ORT1888-cand-001262,machine_derived,false
ORT1888-art-001263-s1,Neaexé. Neti.,ORT1888-art-001263,crn,ORT1888-cand-001263,machine_derived,false
ORT1888-art-001264-s1,Mowxati.,ORT1888-art-001264,crn,ORT1888-cand-001264,machine_derived,false
ORT1888-art-001265-s1,Cahuxá.,ORT1888-art-001265,crn,ORT1888-cand-001265,machine_derived,false
ORT1888-art-001266-s1,Huáchité. Neti.,ORT1888-art-001266,crn,ORT1888-cand-001266,machine_derived,false
ORT1888-art-001267-s1,Bikeuzte. pl. tzi.,ORT1888-art-001267,crn,ORT1888-cand-001267,machine_derived,false
ORT1888-art-001268-s1,Xac/ipoti. pl. Xapótzi.,ORT1888-art-001268,crn,ORT1888-cand-001268,machine_derived,false
ORT1888-art-001269-s1,Camaiaicat. pl. tzi.,ORT1888-art-001269,crn,ORT1888-cand-001269,machine_derived,false
ORT1888-art-001270-s1,lunái. pl. tzi.,ORT1888-art-001270,crn,ORT1888-cand-001270,machine_derived,false
ORT1888-art-001271-s1,^Ecati. pl. Ecatzi.,ORT1888-art-001271,crn,ORT1888-cand-001271,machine_derived,false
ORT1888-art-001272-s1,Teutu.,ORT1888-art-001272,crn,ORT1888-cand-001272,machine_derived,false
ORT1888-art-001273-s1,Busca compadecerse.,ORT1888-art-001273,crn,ORT1888-cand-001273,machine_derived,false
ORT1888-art-001274-s1,Acúinite. Neti.,ORT1888-art-001274,crn,ORT1888-cand-001274,machine_derived,false
ORT1888-art-001275-s1,"Uitfwhuáxea,",ORT1888-art-001275,crn,ORT1888-cand-001275,machine_derived,false
ORT1888-art-001276-s1,Huzina. Neti.,ORT1888-art-001276,crn,ORT1888-cand-001276,machine_derived,false
ORT1888-art-001277-s1,Aucaohunézin. Nete.,ORT1888-art-001277,crn,ORT1888-cand-001277,machine_derived,false
ORT1888-art-001278-s1,Tziméti.,ORT1888-art-001278,crn,ORT1888-cand-001278,machine_derived,false
ORT1888-art-001279-s1,X^ret.,ORT1888-art-001279,crn,ORT1888-cand-001279,machine_derived,false
ORT1888-art-001280-s1,Cihuati. pl. Ciutzi.,ORT1888-art-001280,crn,ORT1888-cand-001280,machine_derived,false
ORT1888-art-001281-s1,Thté. Neti.,ORT1888-art-001281,crn,ORT1888-cand-001281,machine_derived,false
ORT1888-art-001282-s1,Tuhtacarenm pl. tzi.,ORT1888-art-001282,crn,ORT1888-cand-001282,machine_derived,false
ORT1888-art-001283-s1,-Thterit.,ORT1888-art-001283,crn,ORT1888-cand-001283,machine_derived,false
ORT1888-art-001284-s1,Cherit.,ORT1888-art-001284,crn,ORT1888-cand-001284,machine_derived,false
ORT1888-art-001285-s1,Namüriti.,ORT1888-art-001285,crn,ORT1888-cand-001285,machine_derived,false
ORT1888-art-001286-s1,Cayet.,ORT1888-art-001286,crn,ORT1888-cand-001286,machine_derived,false
ORT1888-art-001287-s1,Ticáa. Ne.,ORT1888-art-001287,crn,ORT1888-cand-001287,machine_derived,false
ORT1888-art-001288-s1,Moáhyet. pl. tzi.,ORT1888-art-001288,crn,ORT1888-cand-001288,machine_derived,false
ORT1888-art-001289-s1,Tcázim. Neti. Teahpoazt. Neti.,ORT1888-art-001289,crn,ORT1888-cand-001289,machine_derived,false
ORT1888-art-001290-s1,Tzána. Neti.,ORT1888-art-001290,crn,ORT1888-cand-001290,machine_derived,false
ORT1888-art-001291-s1,Ache. N.,ORT1888-art-001291,crn,ORT1888-cand-001291,machine_derived,false
ORT1888-art-001292-s1,Ateúha. Natina.,ORT1888-art-001292,crn,ORT1888-cand-001292,machine_derived,false
ORT1888-art-001293-s1,a Eumua..,ORT1888-art-001293,crn,ORT1888-cand-001293,machine_derived,false
ORT1888-art-001294-s1,Curahekehua. Neti.,ORT1888-art-001294,crn,ORT1888-cand-001294,machine_derived,false
ORT1888-art-001295-s1,Vachre. Neti.,ORT1888-art-001295,crn,ORT1888-cand-001295,machine_derived,false
ORT1888-art-001296-s1,Yüxarit.,ORT1888-art-001296,crn,ORT1888-cand-001296,machine_derived,false
ORT1888-art-001297-s1,Tatzu. pl. ri.,ORT1888-art-001297,crn,ORT1888-cand-001297,machine_derived,false
ORT1888-art-001298-s1,Xana. pl. ri.,ORT1888-art-001298,crn,ORT1888-cand-001298,machine_derived,false
ORT1888-art-001299-s1,Tzinácaré.,ORT1888-art-001299,crn,ORT1888-cand-001299,machine_derived,false
ORT1888-art-001300-s1,^ Busca limpiar.,ORT1888-art-001300,crn,ORT1888-cand-001300,machine_derived,false
ORT1888-art-001301-s1,Mehcheá.,ORT1888-art-001301,crn,ORT1888-cand-001301,machine_derived,false
ORT1888-art-001302-s1,Caputíhete.,ORT1888-art-001302,crn,ORT1888-cand-001302,machine_derived,false
ORT1888-art-001303-s1,Eursivet. pl. tzi.,ORT1888-art-001303,crn,ORT1888-cand-001303,machine_derived,false
ORT1888-art-001304-s1,Tecaihre.,ORT1888-art-001304,crn,ORT1888-cand-001304,machine_derived,false
ORT1888-art-001305-s1,Busca enloquecer.,ORT1888-art-001305,crn,ORT1888-cand-001305,machine_derived,false
ORT1888-art-001306-s1,Axot.,ORT1888-art-001306,crn,ORT1888-cand-001306,machine_derived,false
ORT1888-art-001307-s1,Haxota. Ne.,ORT1888-art-001307,crn,ORT1888-cand-001307,machine_derived,false
ORT1888-art-001308-s1,Huahaxohpoa.,ORT1888-art-001308,crn,ORT1888-cand-001308,machine_derived,false
ORT1888-art-001309-s1,Viyetzé.,ORT1888-art-001309,crn,ORT1888-cand-001309,machine_derived,false
ORT1888-art-001310-s1,Nucheritzé. Neanueritze.,ORT1888-art-001310,crn,ORT1888-cand-001310,machine_derived,false
ORT1888-art-001311-s1,Huavit.,ORT1888-art-001311,crn,ORT1888-cand-001311,machine_derived,false
ORT1888-art-001312-s1,Tútuvi. pl. tzi.,ORT1888-art-001312,crn,ORT1888-cand-001312,machine_derived,false
ORT1888-art-001313-s1,Turazt. pl. Turazi.,ORT1888-art-001313,crn,ORT1888-cand-001313,machine_derived,false
ORT1888-art-001314-s1,Tzipuzt. pl. Tzipuzi.,ORT1888-art-001314,crn,ORT1888-cand-001314,machine_derived,false
ORT1888-art-001315-s1,Puriz. pl. Puvizi.,ORT1888-art-001315,crn,ORT1888-cand-001315,machine_derived,false
ORT1888-art-001316-s1,Auhhepoa. Ne.,ORT1888-art-001316,crn,ORT1888-cand-001316,machine_derived,false
ORT1888-art-001317-s1,Huatatza.,ORT1888-art-001317,crn,ORT1888-cand-001317,machine_derived,false
ORT1888-art-001318-s1,Mopacaicó.,ORT1888-art-001318,crn,ORT1888-cand-001318,machine_derived,false
ORT1888-art-001319-s1,Tait.,ORT1888-art-001319,crn,ORT1888-cand-001319,machine_derived,false
ORT1888-art-001320-s1,Cáxe,ORT1888-art-001320,crn,ORT1888-cand-001320,machine_derived,false
ORT1888-art-001321-s1,• Añahupi. —,ORT1888-art-001321,crn,ORT1888-cand-001321,machine_derived,false
ORT1888-art-001322-s1,Meapurbeyaohraca. — Llenarse la lu-,ORT1888-art-001322,crn,ORT1888-cand-001322,machine_derived,false
ORT1888-art-001323-s1,Meapurbeyaórizt. — Acabarse la luna.-- -Purhua-,ORT1888-art-001323,crn,ORT1888-cand-001323,machine_derived,false
ORT1888-art-001324-s1,Traer la luna agua. — Ahputichaék.,ORT1888-art-001324,crn,ORT1888-cand-001324,machine_derived,false
ORT1888-art-001325-s1,Xuravet. pl. tzi.,ORT1888-art-001325,crn,ORT1888-cand-001325,machine_derived,false
ORT1888-art-001326-s1,"Tabatzi, pero por pensar",ORT1888-art-001326,crn,ORT1888-cand-001326,machine_derived,false
ORT1888-art-001327-s1,Curui. pl. tzi.,ORT1888-art-001327,crn,ORT1888-cand-001327,machine_derived,false
ORT1888-art-001328-s1,Atzat.,ORT1888-art-001328,crn,ORT1888-cand-001328,machine_derived,false
ORT1888-art-001329-s1,Atza. Ne.,ORT1888-art-001329,crn,ORT1888-cand-001329,machine_derived,false
ORT1888-art-001330-s1,Ahmeme.,ORT1888-art-001330,crn,ORT1888-cand-001330,machine_derived,false
ORT1888-art-001331-s1,Yete. Neti.,ORT1888-art-001331,crn,ORT1888-cand-001331,machine_derived,false
ORT1888-art-001332-s1,Hebe. Neti.,ORT1888-art-001332,crn,ORT1888-cand-001332,machine_derived,false
ORT1888-art-001333-s1,An teahua. N.,ORT1888-art-001333,crn,ORT1888-cand-001333,machine_derived,false
ORT1888-art-001334-s1,Hihbe. Neti.,ORT1888-art-001334,crn,ORT1888-cand-001334,machine_derived,false
ORT1888-art-001335-s1,Choatá.,ORT1888-art-001335,crn,ORT1888-cand-001335,machine_derived,false
ORT1888-art-001336-s1,Yeineat.,ORT1888-art-001336,crn,ORT1888-cand-001336,machine_derived,false
ORT1888-art-001337-s1,Vbenezum. N.,ORT1888-art-001337,crn,ORT1888-cand-001337,machine_derived,false
ORT1888-art-001338-s1,Bahezt. Nete.,ORT1888-art-001338,crn,ORT1888-cand-001338,machine_derived,false
ORT1888-art-001339-s1,Ani. Neti.,ORT1888-art-001339,crn,ORT1888-cand-001339,machine_derived,false
ORT1888-art-001340-s1,**S:,ORT1888-art-001340,crn,ORT1888-cand-001340,machine_derived,false
ORT1888-art-001341-s1,Chuene. Nite. Aehni. Nite.,ORT1888-art-001341,crn,ORT1888-cand-001341,machine_derived,false
ORT1888-art-001342-s1,Ahana. Nete. Ahpoan. Nete.,ORT1888-art-001342,crn,ORT1888-cand-001342,machine_derived,false
ORT1888-art-001343-s1,Ateni. Neti. Atutuni. Nete.,ORT1888-art-001343,crn,ORT1888-cand-001343,machine_derived,false
ORT1888-art-001344-s1,Achni. Nete. Achpaini. Nete.,ORT1888-art-001344,crn,ORT1888-cand-001344,machine_derived,false
ORT1888-art-001345-s1,Phini. Nete. Ateni. Nete.,ORT1888-art-001345,crn,ORT1888-cand-001345,machine_derived,false
ORT1888-art-001346-s1,^Vyeine. Nenyeine.,ORT1888-art-001346,crn,ORT1888-cand-001346,machine_derived,false
ORT1888-art-001347-s1,Busca llanto.,ORT1888-art-001347,crn,ORT1888-cand-001347,machine_derived,false
ORT1888-art-001348-s1,Viye.,ORT1888-art-001348,crn,ORT1888-cand-001348,machine_derived,false
ORT1888-art-001349-s1,Eunvlúe.,ORT1888-art-001349,crn,ORT1888-cand-001349,machine_derived,false
ORT1888-art-001350-s1,Mechéhvia.,ORT1888-art-001350,crn,ORT1888-cand-001350,machine_derived,false
ORT1888-art-001351-s1,Metalizarte.,ORT1888-art-001351,crn,ORT1888-cand-001351,machine_derived,false
ORT1888-art-001352-s1,Meciumuina..,ORT1888-art-001352,crn,ORT1888-cand-001352,machine_derived,false
ORT1888-art-001353-s1,Viteri.,ORT1888-art-001353,crn,ORT1888-cand-001353,machine_derived,false
ORT1888-art-001354-s1,Púzteri.,ORT1888-art-001354,crn,ORT1888-cand-001354,machine_derived,false
ORT1888-art-001355-s1,Tzinacatére.,ORT1888-art-001355,crn,ORT1888-cand-001355,machine_derived,false
ORT1888-art-001356-s1,%Teata. pl. Teteácare.,ORT1888-art-001356,crn,ORT1888-cand-001356,machine_derived,false
ORT1888-art-001357-s1,"Zitati,",ORT1888-art-001357,crn,ORT1888-cand-001357,machine_derived,false
ORT1888-art-001358-s1,Ykewriti.,ORT1888-art-001358,crn,ORT1888-cand-001358,machine_derived,false
ORT1888-art-001359-s1,Oüxat.,ORT1888-art-001359,crn,ORT1888-cand-001359,machine_derived,false
ORT1888-art-001360-s1,Toxa. Neti.,ORT1888-art-001360,crn,ORT1888-cand-001360,machine_derived,false
ORT1888-art-001361-s1,Coi^ét.,ORT1888-art-001361,crn,ORT1888-cand-001361,machine_derived,false
ORT1888-art-001362-s1,Titexahuári.,ORT1888-art-001362,crn,ORT1888-cand-001362,machine_derived,false
ORT1888-art-001363-s1,Tité.,ORT1888-art-001363,crn,ORT1888-cand-001363,machine_derived,false
ORT1888-art-001364-s1,Cápi.,ORT1888-art-001364,crn,ORT1888-cand-001364,machine_derived,false
ORT1888-art-001365-s1,N Tucfái p u .,ORT1888-art-001365,crn,ORT1888-cand-001365,machine_derived,false
ORT1888-art-001366-s1,Huacuázt.,ORT1888-art-001366,crn,ORT1888-cand-001366,machine_derived,false
ORT1888-art-001367-s1,Abmueyemúe.,ORT1888-art-001367,crn,ORT1888-cand-001367,machine_derived,false
ORT1888-art-001368-s1,Yuchit.,ORT1888-art-001368,crn,ORT1888-cand-001368,machine_derived,false
ORT1888-art-001369-s1,Yurit.,ORT1888-art-001369,crn,ORT1888-cand-001369,machine_derived,false
ORT1888-art-001370-s1,Tapoühibi.,ORT1888-art-001370,crn,ORT1888-cand-001370,machine_derived,false
ORT1888-art-001371-s1,T eh u a ray.,ORT1888-art-001371,crn,ORT1888-cand-001371,machine_derived,false
ORT1888-art-001372-s1,Tzéyémé.,ORT1888-art-001372,crn,ORT1888-cand-001372,machine_derived,false
ORT1888-art-001373-s1,Xaxeheri.,ORT1888-art-001373,crn,ORT1888-cand-001373,machine_derived,false
ORT1888-art-001374-s1,vBusca fea. cosa,ORT1888-art-001374,crn,ORT1888-cand-001374,machine_derived,false
ORT1888-art-001375-s1,Aaihta Neti.,ORT1888-art-001375,crn,ORT1888-cand-001375,machine_derived,false
ORT1888-art-001376-s1,Aahitzi.,ORT1888-art-001376,crn,ORT1888-cand-001376,machine_derived,false
ORT1888-art-001377-s1,Busca enfermo estar.,ORT1888-art-001377,crn,ORT1888-cand-001377,machine_derived,false
ORT1888-art-001378-s1,Texe,ORT1888-art-001378,crn,ORT1888-cand-001378,machine_derived,false
ORT1888-art-001379-s1,Te«xcat.,ORT1888-art-001379,crn,ORT1888-cand-001379,machine_derived,false
ORT1888-art-001380-s1,Tzeé. Ne.,ORT1888-art-001380,crn,ORT1888-cand-001380,machine_derived,false
ORT1888-art-001381-s1,Abmuéye.,ORT1888-art-001381,crn,ORT1888-cand-001381,machine_derived,false
ORT1888-art-001382-s1,TWmiuaeztaé. Teámuai i.,ORT1888-art-001382,crn,ORT1888-cand-001382,machine_derived,false
ORT1888-art-001383-s1,Teantálieca. Neti.,ORT1888-art-001383,crn,ORT1888-cand-001383,machine_derived,false
ORT1888-art-001384-s1,unuamare.,ORT1888-art-001384,crn,ORT1888-cand-001384,machine_derived,false
ORT1888-art-001385-s1,Aihte,ORT1888-art-001385,crn,ORT1888-cand-001385,machine_derived,false
ORT1888-art-001386-s1,sTxateat.,ORT1888-art-001386,crn,ORT1888-cand-001386,machine_derived,false
ORT1888-art-001387-s1,Amuáheca. Nete.,ORT1888-art-001387,crn,ORT1888-cand-001387,machine_derived,false
ORT1888-art-001388-s1,Quahti.,ORT1888-art-001388,crn,ORT1888-cand-001388,machine_derived,false
ORT1888-art-001389-s1,Vrite.,ORT1888-art-001389,crn,ORT1888-cand-001389,machine_derived,false
ORT1888-art-001390-s1,Busca izquierda mano.,ORT1888-art-001390,crn,ORT1888-cand-001390,machine_derived,false
ORT1888-art-001391-s1,Moamati.,ORT1888-art-001391,crn,ORT1888-cand-001391,machine_derived,false
ORT1888-art-001392-s1,H^wkcá,ORT1888-art-001392,crn,ORT1888-cand-001392,machine_derived,false
ORT1888-art-001393-s1,Hiria.,ORT1888-art-001393,crn,ORT1888-cand-001393,machine_derived,false
ORT1888-art-001394-s1,Muacáme.,ORT1888-art-001394,crn,ORT1888-cand-001394,machine_derived,false
ORT1888-art-001395-s1,Taziti.,ORT1888-art-001395,crn,ORT1888-cand-001395,machine_derived,false
ORT1888-art-001396-s1,Tezehut.,ORT1888-art-001396,crn,ORT1888-cand-001396,machine_derived,false
ORT1888-art-001397-s1,Atacare. Neti.,ORT1888-art-001397,crn,ORT1888-cand-001397,machine_derived,false
ORT1888-art-001398-s1,Vaac.,ORT1888-art-001398,crn,ORT1888-cand-001398,machine_derived,false
ORT1888-art-001399-s1,-Huaoiterit. Netihuanitérit.,ORT1888-art-001399,crn,ORT1888-cand-001399,machine_derived,false
ORT1888-art-001400-s1,Huateáheui.,ORT1888-art-001400,crn,ORT1888-cand-001400,machine_derived,false
ORT1888-art-001401-s1,Busca orilla.,ORT1888-art-001401,crn,ORT1888-cand-001401,machine_derived,false
ORT1888-art-001402-s1,Tiquénna.,ORT1888-art-001402,crn,ORT1888-cand-001402,machine_derived,false
ORT1888-art-001403-s1,Atzipoazt. pl. Atzipazi.,ORT1888-art-001403,crn,ORT1888-cand-001403,machine_derived,false
ORT1888-art-001404-s1,Busca machucar.,ORT1888-art-001404,crn,ORT1888-cand-001404,machine_derived,false
ORT1888-art-001405-s1,Eitze.,ORT1888-art-001405,crn,ORT1888-cand-001405,machine_derived,false
ORT1888-art-001406-s1,Hücua. Nete.,ORT1888-art-001406,crn,ORT1888-cand-001406,machine_derived,false
ORT1888-art-001407-s1,Xahpoari.,ORT1888-art-001407,crn,ORT1888-cand-001407,machine_derived,false
ORT1888-art-001408-s1,Quaihtzit. Moat^zit.,ORT1888-art-001408,crn,ORT1888-cand-001408,machine_derived,false
ORT1888-art-001409-s1,Yabtabé.,ORT1888-art-001409,crn,ORT1888-cand-001409,machine_derived,false
ORT1888-art-001410-s1,Mee. Ñeti. Heicat. Neti.,ORT1888-art-001410,crn,ORT1888-cand-001410,machine_derived,false
ORT1888-art-001411-s1,Temacaróme. pl. tzi.,ORT1888-art-001411,crn,ORT1888-cand-001411,machine_derived,false
ORT1888-art-001412-s1,Teúkéme.,ORT1888-art-001412,crn,ORT1888-cand-001412,machine_derived,false
ORT1888-art-001413-s1,"Atatzá,",ORT1888-art-001413,crn,ORT1888-cand-001413,machine_derived,false
ORT1888-art-001414-s1,Móárit.,ORT1888-art-001414,crn,ORT1888-cand-001414,machine_derived,false
ORT1888-art-001415-s1,Antaüre. Nete.,ORT1888-art-001415,crn,ORT1888-cand-001415,machine_derived,false
ORT1888-art-001416-s1,Aéita.,ORT1888-art-001416,crn,ORT1888-cand-001416,machine_derived,false
ORT1888-art-001417-s1,Tahapoatacaco,ORT1888-art-001417,crn,ORT1888-cand-001417,machine_derived,false
ORT1888-art-001418-s1,H^/atari,ORT1888-art-001418,crn,ORT1888-cand-001418,machine_derived,false
ORT1888-art-001419-s1,Yterit.,ORT1888-art-001419,crn,ORT1888-cand-001419,machine_derived,false
ORT1888-art-001420-s1,Thte. Neti.,ORT1888-art-001420,crn,ORT1888-cand-001420,machine_derived,false
ORT1888-art-001421-s1,Moronez.,ORT1888-art-001421,crn,ORT1888-cand-001421,machine_derived,false
ORT1888-art-001422-s1,Teáhtapoa Nete.,ORT1888-art-001422,crn,ORT1888-cand-001422,machine_derived,false
ORT1888-art-001423-s1,Muarereat.,ORT1888-art-001423,crn,ORT1888-cand-001423,machine_derived,false
ORT1888-art-001424-s1,Taúre. Nete.,ORT1888-art-001424,crn,ORT1888-cand-001424,machine_derived,false
ORT1888-art-001425-s1,Aceákeve.,ORT1888-art-001425,crn,ORT1888-cand-001425,machine_derived,false
ORT1888-art-001426-s1,Ténive. Ne.,ORT1888-art-001426,crn,ORT1888-cand-001426,machine_derived,false
ORT1888-art-001427-s1,Muve. Ne.,ORT1888-art-001427,crn,ORT1888-cand-001427,machine_derived,false
ORT1888-art-001428-s1,NVxéve,ORT1888-art-001428,crn,ORT1888-cand-001428,machine_derived,false
ORT1888-art-001429-s1,^Xahta. Neti.,ORT1888-art-001429,crn,ORT1888-cand-001429,machine_derived,false
ORT1888-art-001430-s1,Huaátn,ORT1888-art-001430,crn,ORT1888-cand-001430,machine_derived,false
ORT1888-art-001431-s1,Huátzit.,ORT1888-art-001431,crn,ORT1888-cand-001431,machine_derived,false
ORT1888-art-001432-s1,Tehuacitáme,ORT1888-art-001432,crn,ORT1888-cand-001432,machine_derived,false
ORT1888-art-001433-s1,Nana. Neti.,ORT1888-art-001433,crn,ORT1888-cand-001433,machine_derived,false
ORT1888-art-001434-s1,Nanaéerit.,ORT1888-art-001434,crn,ORT1888-cand-001434,machine_derived,false
ORT1888-art-001435-s1,Titoáme. pl. tzi.,ORT1888-art-001435,crn,ORT1888-cand-001435,machine_derived,false
ORT1888-art-001436-s1,Tuihua.,ORT1888-art-001436,crn,ORT1888-cand-001436,machine_derived,false
ORT1888-art-001437-s1,Ytneií.,ORT1888-art-001437,crn,ORT1888-cand-001437,machine_derived,false
ORT1888-art-001438-s1,Nuaite Neteu.,ORT1888-art-001438,crn,ORT1888-cand-001438,machine_derived,false
ORT1888-art-001439-s1,Aubet.,ORT1888-art-001439,crn,ORT1888-cand-001439,machine_derived,false
ORT1888-art-001440-s1,Matzakere,ORT1888-art-001440,crn,ORT1888-cand-001440,machine_derived,false
ORT1888-art-001441-s1,^ncutñéhri. Nete.,ORT1888-art-001441,crn,ORT1888-cand-001441,machine_derived,false
ORT1888-art-001442-s1,Ciípi. Neteu.,ORT1888-art-001442,crn,ORT1888-cand-001442,machine_derived,false
ORT1888-art-001443-s1,Areuze,ORT1888-art-001443,crn,ORT1888-cand-001443,machine_derived,false
ORT1888-art-001444-s1,Tepüzti.,ORT1888-art-001444,crn,ORT1888-cand-001444,machine_derived,false
ORT1888-art-001445-s1,Teauhteahua.,ORT1888-art-001445,crn,ORT1888-cand-001445,machine_derived,false
ORT1888-art-001446-s1,Aücauteahua. Nete.,ORT1888-art-001446,crn,ORT1888-cand-001446,machine_derived,false
ORT1888-art-001447-s1,Anauhteahua. Neti,ORT1888-art-001447,crn,ORT1888-cand-001447,machine_derived,false
ORT1888-art-001448-s1,Vpezit.,ORT1888-art-001448,crn,ORT1888-cand-001448,machine_derived,false
ORT1888-art-001449-s1,Timuahehe. pl,ORT1888-art-001449,crn,ORT1888-cand-001449,machine_derived,false
ORT1888-art-001450-s1,Tz^f/neat.,ORT1888-art-001450,crn,ORT1888-cand-001450,machine_derived,false
ORT1888-art-001451-s1,Titzeune,ORT1888-art-001451,crn,ORT1888-cand-001451,machine_derived,false
ORT1888-art-001452-s1,NTzeuni. Neti.,ORT1888-art-001452,crn,ORT1888-cand-001452,machine_derived,false
ORT1888-art-001453-s1,Zearati. &.,ORT1888-art-001453,crn,ORT1888-cand-001453,machine_derived,false
ORT1888-art-001454-s1,Matahua,ORT1888-art-001454,crn,ORT1888-cand-001454,machine_derived,false
ORT1888-art-001455-s1,Cainit.,ORT1888-art-001455,crn,ORT1888-cand-001455,machine_derived,false
ORT1888-art-001456-s1,Chuitáti.,ORT1888-art-001456,crn,ORT1888-cand-001456,machine_derived,false
ORT1888-art-001458-s1,Tecüzco.,ORT1888-art-001458,crn,ORT1888-cand-001458,machine_derived,false
ORT1888-art-001459-s1,"Celia, Neti.",ORT1888-art-001459,crn,ORT1888-cand-001459,machine_derived,false
ORT1888-art-001460-s1,-Busca medite,ORT1888-art-001460,crn,ORT1888-cand-001460,machine_derived,false
ORT1888-art-001461-s1,"-Tzumet,",ORT1888-art-001461,crn,ORT1888-cand-001461,machine_derived,false
ORT1888-art-001462-s1,Busca mancebo.,ORT1888-art-001462,crn,ORT1888-cand-001462,machine_derived,false
ORT1888-art-001463-s1,Busca menos preciar.,ORT1888-art-001463,crn,ORT1888-cand-001463,machine_derived,false
ORT1888-art-001464-s1,Múcuare.,ORT1888-art-001464,crn,ORT1888-cand-001464,machine_derived,false
ORT1888-art-001465-s1,Vehiiifcamoa.,ORT1888-art-001465,crn,ORT1888-cand-001465,machine_derived,false
ORT1888-art-001466-s1,"Habé. Ne,",ORT1888-art-001466,crn,ORT1888-cand-001466,machine_derived,false
ORT1888-art-001467-s1,sHuapaznaca. Napaz-,ORT1888-art-001467,crn,ORT1888-cand-001467,machine_derived,false
ORT1888-art-001468-s1,A.te.uxe. Nete.,ORT1888-art-001468,crn,ORT1888-cand-001468,machine_derived,false
ORT1888-art-001469-s1,Muatati.,ORT1888-art-001469,crn,ORT1888-cand-001469,machine_derived,false
ORT1888-art-001470-s1,Hatzúpé. Neti.,ORT1888-art-001470,crn,ORT1888-cand-001470,machine_derived,false
ORT1888-art-001471-s1,Óeotzahtá. Muutzita.,ORT1888-art-001471,crn,ORT1888-cand-001471,machine_derived,false
ORT1888-art-001472-s1,Busca casar.,ORT1888-art-001472,crn,ORT1888-cand-001472,machine_derived,false
ORT1888-art-001473-s1,"Che, Ne.",ORT1888-art-001473,crn,ORT1888-cand-001473,machine_derived,false
ORT1888-art-001474-s1,Atzizt. pl. Atzizzi.,ORT1888-art-001474,crn,ORT1888-cand-001474,machine_derived,false
ORT1888-art-001475-s1,Forceara.,ORT1888-art-001475,crn,ORT1888-cand-001475,machine_derived,false
ORT1888-art-001476-s1,Che Neteu.,ORT1888-art-001476,crn,ORT1888-cand-001476,machine_derived,false
ORT1888-art-001477-s1,Cheat,ORT1888-art-001477,crn,ORT1888-cand-001477,machine_derived,false
ORT1888-art-001478-s1,-Mneké. Ne.,ORT1888-art-001478,crn,ORT1888-cand-001478,machine_derived,false
ORT1888-art-001479-s1,N Busca frió tener.,ORT1888-art-001479,crn,ORT1888-cand-001479,machine_derived,false
ORT1888-art-001480-s1,X.HCU. pl. ri.,ORT1888-art-001480,crn,ORT1888-cand-001480,machine_derived,false
ORT1888-art-001481-s1,Zéte. pl. Zetzé.,ORT1888-art-001481,crn,ORT1888-cand-001481,machine_derived,false
ORT1888-art-001482-s1,"Húna, pl. ri.",ORT1888-art-001482,crn,ORT1888-cand-001482,machine_derived,false
ORT1888-art-001483-s1,Nexc?/meti. pl.,ORT1888-art-001483,crn,ORT1888-cand-001483,machine_derived,false
ORT1888-art-001484-s1,Ceanai. pl. tzí.,ORT1888-art-001484,crn,ORT1888-cand-001484,machine_derived,false
ORT1888-art-001485-s1,Busca apuntan,ORT1888-art-001485,crn,ORT1888-cand-001485,machine_derived,false
ORT1888-art-001486-s1,> Hüa. Ne.,ORT1888-art-001486,crn,ORT1888-cand-001486,machine_derived,false
ORT1888-art-001487-s1,N M'ui xo.,ORT1888-art-001487,crn,ORT1888-cand-001487,machine_derived,false
ORT1888-art-001488-s1,Mu ü.,ORT1888-art-001488,crn,ORT1888-cand-001488,machine_derived,false
ORT1888-art-001489-s1,Párezt. pi. 'íeuvitze.,ORT1888-art-001489,crn,ORT1888-cand-001489,machine_derived,false
ORT1888-art-001490-s1,Tametzé. Né.,ORT1888-art-001490,crn,ORT1888-cand-001490,machine_derived,false
ORT1888-art-001491-s1,Poatát:,ORT1888-art-001491,crn,ORT1888-cand-001491,machine_derived,false
ORT1888-art-001492-s1,Capuatanéube.,ORT1888-art-001492,crn,ORT1888-cand-001492,machine_derived,false
ORT1888-art-001493-s1,Taméti.,ORT1888-art-001493,crn,ORT1888-cand-001493,machine_derived,false
ORT1888-art-001494-s1,Muéat.,ORT1888-art-001494,crn,ORT1888-cand-001494,machine_derived,false
ORT1888-art-001495-s1,Muechit. pl. eri.,ORT1888-art-001495,crn,ORT1888-cand-001495,machine_derived,false
ORT1888-art-001496-s1,Merit. p,ORT1888-art-001496,crn,ORT1888-cand-001496,machine_derived,false
ORT1888-art-001497-s1,Uita. pl. TJcari.,ORT1888-art-001497,crn,ORT1888-cand-001497,machine_derived,false
ORT1888-art-001498-s1,Chianacat.,ORT1888-art-001498,crn,ORT1888-cand-001498,machine_derived,false
ORT1888-art-001499-s1,Huanuéhuaca. Nanuéhuaca.,ORT1888-art-001499,crn,ORT1888-cand-001499,machine_derived,false
ORT1888-art-001500-s1,Atué.,ORT1888-art-001500,crn,ORT1888-cand-001500,machine_derived,false
ORT1888-art-001501-s1,Atzáti.,ORT1888-art-001501,crn,ORT1888-cand-001501,machine_derived,false
ORT1888-art-001502-s1,Nucat.,ORT1888-art-001502,crn,ORT1888-cand-001502,machine_derived,false
ORT1888-art-001503-s1,Capufcita.e.,ORT1888-art-001503,crn,ORT1888-cand-001503,machine_derived,false
ORT1888-art-001504-s1,Antahuazim. Ne.,ORT1888-art-001504,crn,ORT1888-cand-001504,machine_derived,false
ORT1888-art-001505-s1,Capuata.,ORT1888-art-001505,crn,ORT1888-cand-001505,machine_derived,false
ORT1888-art-001506-s1,Tetuvatéte,ORT1888-art-001506,crn,ORT1888-cand-001506,machine_derived,false
ORT1888-art-001507-s1,Tzóriti-,ORT1888-art-001507,crn,ORT1888-cand-001507,machine_derived,false
ORT1888-art-001508-s1,Áucurahuaenacá.,ORT1888-art-001508,crn,ORT1888-cand-001508,machine_derived,false
ORT1888-art-001509-s1,Cainit.,ORT1888-art-001509,crn,ORT1888-cand-001509,machine_derived,false
ORT1888-art-001510-s1,Xapiti.,ORT1888-art-001510,crn,ORT1888-cand-001510,machine_derived,false
ORT1888-art-001511-s1,"Busca menester ser,",ORT1888-art-001511,crn,ORT1888-cand-001511,machine_derived,false
ORT1888-art-001512-s1,"Huaviri. Neti,",ORT1888-art-001512,crn,ORT1888-cand-001512,machine_derived,false
ORT1888-art-001513-s1,Hiraviriat.,ORT1888-art-001513,crn,ORT1888-cand-001513,machine_derived,false
ORT1888-art-001514-s1,"Texúmá,-",ORT1888-art-001514,crn,ORT1888-cand-001514,machine_derived,false
ORT1888-art-001515-s1,Xiimave. Nete.,ORT1888-art-001515,crn,ORT1888-cand-001515,machine_derived,false
ORT1888-art-001516-s1,. Tata ti.,ORT1888-art-001516,crn,ORT1888-cand-001516,machine_derived,false
ORT1888-art-001517-s1,Ceritpuhuabét.,ORT1888-art-001517,crn,ORT1888-cand-001517,machine_derived,false
ORT1888-art-001518-s1,Uchauhri. Neiuohauüi.,ORT1888-art-001518,crn,ORT1888-cand-001518,machine_derived,false
ORT1888-art-001519-s1,"Cía úrit,",ORT1888-art-001519,crn,ORT1888-cand-001519,machine_derived,false
ORT1888-art-001520-s1,Huáhaite.,ORT1888-art-001520,crn,ORT1888-cand-001520,machine_derived,false
ORT1888-art-001521-s1,: Tiyácuari.,ORT1888-art-001521,crn,ORT1888-cand-001521,machine_derived,false
ORT1888-art-001522-s1,Tiyaxú,ORT1888-art-001522,crn,ORT1888-cand-001522,machine_derived,false
ORT1888-art-001523-s1,Córit.,ORT1888-art-001523,crn,ORT1888-cand-001523,machine_derived,false
ORT1888-art-001524-s1,Busca nadie.,ORT1888-art-001524,crn,ORT1888-cand-001524,machine_derived,false
ORT1888-art-001525-s1,Busca nadie.,ORT1888-art-001525,crn,ORT1888-cand-001525,machine_derived,false
ORT1888-art-001526-s1,"-Ehé, capu cañó, canui.",ORT1888-art-001526,crn,ORT1888-cand-001526,machine_derived,false
ORT1888-art-001527-s1,Aucheámo.,ORT1888-art-001527,crn,ORT1888-cand-001527,machine_derived,false
ORT1888-art-001528-s1,Teca.,ORT1888-art-001528,crn,ORT1888-cand-001528,machine_derived,false
ORT1888-art-001529-s1,Tecáriti.,ORT1888-art-001529,crn,ORT1888-cand-001529,machine_derived,false
ORT1888-art-001530-s1,Cáieü,ORT1888-art-001530,crn,ORT1888-cand-001530,machine_derived,false
ORT1888-art-001531-s1,Busca llamar.,ORT1888-art-001531,crn,ORT1888-cand-001531,machine_derived,false
ORT1888-art-001532-s1,Teahuaiit.,ORT1888-art-001532,crn,ORT1888-cand-001532,machine_derived,false
ORT1888-art-001533-s1,Captitihuá,ORT1888-art-001533,crn,ORT1888-cand-001533,machine_derived,false
ORT1888-art-001534-s1,Tteáhmo.,ORT1888-art-001534,crn,ORT1888-cand-001534,machine_derived,false
ORT1888-art-001535-s1,-Huaixáte. Neti.,ORT1888-art-001535,crn,ORT1888-cand-001535,machine_derived,false
ORT1888-art-001536-s1,Yxtiat.,ORT1888-art-001536,crn,ORT1888-cand-001536,machine_derived,false
ORT1888-art-001537-s1,Hiiamuarerihuaca.,ORT1888-art-001537,crn,ORT1888-cand-001537,machine_derived,false
ORT1888-art-001538-s1,Catúrité.,ORT1888-art-001538,crn,ORT1888-cand-001538,machine_derived,false
ORT1888-art-001539-s1,Temuni.,ORT1888-art-001539,crn,ORT1888-cand-001539,machine_derived,false
ORT1888-art-001540-s1,Ahcua.,ORT1888-art-001540,crn,ORT1888-cand-001540,machine_derived,false
ORT1888-art-001541-s1,Ahcuazt.,ORT1888-art-001541,crn,ORT1888-cand-001541,machine_derived,false
ORT1888-art-001542-s1,ACapuanáco.,ORT1888-art-001542,crn,ORT1888-cand-001542,machine_derived,false
ORT1888-art-001543-s1,Aiterit.,ORT1888-art-001543,crn,ORT1888-cand-001543,machine_derived,false
ORT1888-art-001544-s1,Abébe.,ORT1888-art-001544,crn,ORT1888-cand-001544,machine_derived,false
ORT1888-art-001545-s1,Aimiuteupú,ORT1888-art-001545,crn,ORT1888-cand-001545,machine_derived,false
ORT1888-art-001546-s1,Amútbe.,ORT1888-art-001546,crn,ORT1888-cand-001546,machine_derived,false
ORT1888-art-001547-s1,^Ancábé.,ORT1888-art-001547,crn,ORT1888-cand-001547,machine_derived,false
ORT1888-art-001548-s1,Ahüi.,ORT1888-art-001548,crn,ORT1888-cand-001548,machine_derived,false
ORT1888-art-001549-s1,Narico.,ORT1888-art-001549,crn,ORT1888-cand-001549,machine_derived,false
ORT1888-art-001550-s1,Atzahuate. Nete.,ORT1888-art-001550,crn,ORT1888-cand-001550,machine_derived,false
ORT1888-art-001551-s1,Teat/ahuateacame. pl. tzi.,ORT1888-art-001551,crn,ORT1888-cand-001551,machine_derived,false
ORT1888-art-001552-s1,Tzahuátiat.,ORT1888-art-001552,crn,ORT1888-cand-001552,machine_derived,false
ORT1888-art-001553-s1,Cáne. Neti.,ORT1888-art-001553,crn,ORT1888-cand-001553,machine_derived,false
ORT1888-art-001554-s1,Cánihat.,ORT1888-art-001554,crn,ORT1888-cand-001554,machine_derived,false
ORT1888-art-001555-s1,Tahua. Neti.,ORT1888-art-001555,crn,ORT1888-cand-001555,machine_derived,false
ORT1888-art-001556-s1,Tavilmt.,ORT1888-art-001556,crn,ORT1888-cand-001556,machine_derived,false
ORT1888-art-001557-s1,Cánax. pl. cri.,ORT1888-art-001557,crn,ORT1888-cand-001557,machine_derived,false
ORT1888-art-001558-s1,Hutéhclie. Natehche.,ORT1888-art-001558,crn,ORT1888-cand-001558,machine_derived,false
ORT1888-art-001559-s1,Huatéhcheziat.,ORT1888-art-001559,crn,ORT1888-cand-001559,machine_derived,false
ORT1888-art-001560-s1,Abata Neti.,ORT1888-art-001560,crn,ORT1888-cand-001560,machine_derived,false
ORT1888-art-001561-s1,Anxchviat.,ORT1888-art-001561,crn,ORT1888-cand-001561,machine_derived,false
ORT1888-art-001562-s1,"NHaxchvia, Neti.",ORT1888-art-001562,crn,ORT1888-cand-001562,machine_derived,false
ORT1888-art-001563-s1,Xa cacare. Neteii.,ORT1888-art-001563,crn,ORT1888-cand-001563,machine_derived,false
ORT1888-art-001564-s1,Xana cat.,ORT1888-art-001564,crn,ORT1888-cand-001564,machine_derived,false
ORT1888-art-001565-s1,Tixanacaiihuame pl. tzi.,ORT1888-art-001565,crn,ORT1888-cand-001565,machine_derived,false
ORT1888-art-001566-s1,Muérit.,ORT1888-art-001566,crn,ORT1888-cand-001566,machine_derived,false
ORT1888-art-001567-s1,Tico.,ORT1888-art-001567,crn,ORT1888-cand-001567,machine_derived,false
ORT1888-art-001568-s1,Namuáhxcat.,ORT1888-art-001568,crn,ORT1888-cand-001568,machine_derived,false
ORT1888-art-001569-s1,"Tinamuahcnme. pl. tzi,",ORT1888-art-001569,crn,ORT1888-cand-001569,machine_derived,false
ORT1888-art-001570-s1,Namuá. Neti.,ORT1888-art-001570,crn,ORT1888-cand-001570,machine_derived,false
ORT1888-art-001571-s1,Hauziti.,ORT1888-art-001571,crn,ORT1888-cand-001571,machine_derived,false
ORT1888-art-001572-s1,xTeutehreyéca.,ORT1888-art-001572,crn,ORT1888-cand-001572,machine_derived,false
ORT1888-art-001573-s1,"Te. Ñe,",ORT1888-art-001573,crn,ORT1888-cand-001573,machine_derived,false
ORT1888-art-001574-s1,Euchm. Neti.,ORT1888-art-001574,crn,ORT1888-cand-001574,machine_derived,false
ORT1888-art-001575-s1,Tecñré. Ne,ORT1888-art-001575,crn,ORT1888-cand-001575,machine_derived,false
ORT1888-art-001576-s1,Xárit.,ORT1888-art-001576,crn,ORT1888-cand-001576,machine_derived,false
ORT1888-art-001577-s1,Huaxcihriat.,ORT1888-art-001577,crn,ORT1888-cand-001577,machine_derived,false
ORT1888-art-001578-s1,Té.,ORT1888-art-001578,crn,ORT1888-cand-001578,machine_derived,false
ORT1888-art-001579-s1,Aohuáxe. Neti.,ORT1888-art-001579,crn,ORT1888-cand-001579,machine_derived,false
ORT1888-art-001580-s1,Zepútzite.,ORT1888-art-001580,crn,ORT1888-cand-001580,machine_derived,false
ORT1888-art-001581-s1,Nahpoariti,ORT1888-art-001581,crn,ORT1888-cand-001581,machine_derived,false
ORT1888-art-001582-s1,Uitetzinazt.. Nete.,ORT1888-art-001582,crn,ORT1888-cand-001582,machine_derived,false
ORT1888-art-001583-s1,Ucatna. N.,ORT1888-art-001583,crn,ORT1888-cand-001583,machine_derived,false
ORT1888-art-001584-s1,Vcubé. Nencubé.,ORT1888-art-001584,crn,ORT1888-cand-001584,machine_derived,false
ORT1888-art-001585-s1,Cubéhat.,ORT1888-art-001585,crn,ORT1888-cand-001585,machine_derived,false
ORT1888-art-001586-s1,Vcubihuáme. pl. tzi.,ORT1888-art-001586,crn,ORT1888-cand-001586,machine_derived,false
ORT1888-art-001587-s1,Haché Neti.,ORT1888-art-001587,crn,ORT1888-cand-001587,machine_derived,false
ORT1888-art-001588-s1,A.cuaxá,ORT1888-art-001588,crn,ORT1888-cand-001588,machine_derived,false
ORT1888-art-001589-s1,Naxaihti.,ORT1888-art-001589,crn,ORT1888-cand-001589,machine_derived,false
ORT1888-art-001590-s1,Busca menear las orejas.,ORT1888-art-001590,crn,ORT1888-cand-001590,machine_derived,false
ORT1888-art-001591-s1,Haihketzé.,ORT1888-art-001591,crn,ORT1888-cand-001591,machine_derived,false
ORT1888-art-001592-s1,Busca meados.,ORT1888-art-001592,crn,ORT1888-cand-001592,machine_derived,false
ORT1888-art-001593-s1,Busca mear.,ORT1888-art-001593,crn,ORT1888-cand-001593,machine_derived,false
ORT1888-art-001594-s1,Ytzizcai.,ORT1888-art-001594,crn,ORT1888-cand-001594,machine_derived,false
ORT1888-art-001595-s1,Huatahuá. Nateneá.,ORT1888-art-001595,crn,ORT1888-cand-001595,machine_derived,false
ORT1888-art-001596-s1,Atzet. pl. tzi.,ORT1888-art-001596,crn,ORT1888-cand-001596,machine_derived,false
ORT1888-art-001597-s1,-Bita.,ORT1888-art-001597,crn,ORT1888-cand-001597,machine_derived,false
ORT1888-art-001598-s1,Xebe. Neti.,ORT1888-art-001598,crn,ORT1888-cand-001598,machine_derived,false
ORT1888-art-001599-s1,Chatáhuatzi.,ORT1888-art-001599,crn,ORT1888-cand-001599,machine_derived,false
ORT1888-art-001600-s1,"0""ut.",ORT1888-art-001600,crn,ORT1888-cand-001600,machine_derived,false
ORT1888-art-001601-s1,Huacuáite. Neti.,ORT1888-art-001601,crn,ORT1888-cand-001601,machine_derived,false
ORT1888-art-001602-s1,Titzahaaté. Ne.,ORT1888-art-001602,crn,ORT1888-cand-001602,machine_derived,false
ORT1888-art-001603-s1,Titzahuateácame. pl. tzi.,ORT1888-art-001603,crn,ORT1888-cand-001603,machine_derived,false
ORT1888-art-001604-s1,Titzahuéat.,ORT1888-art-001604,crn,ORT1888-cand-001604,machine_derived,false
ORT1888-art-001605-s1,Teupuáihte. Netimpuáite.,ORT1888-art-001605,crn,ORT1888-cand-001605,machine_derived,false
ORT1888-art-001606-s1,Tiyaóppaári .,ORT1888-art-001606,crn,ORT1888-cand-001606,machine_derived,false
ORT1888-art-001607-s1,Tiyaóppa.,ORT1888-art-001607,crn,ORT1888-cand-001607,machine_derived,false
ORT1888-art-001608-s1,Anahchitene. Neti.,ORT1888-art-001608,crn,ORT1888-cand-001608,machine_derived,false
ORT1888-art-001609-s1,Nahchiterit.,ORT1888-art-001609,crn,ORT1888-cand-001609,machine_derived,false
ORT1888-art-001610-s1,Euxaiiti.,ORT1888-art-001610,crn,ORT1888-cand-001610,machine_derived,false
ORT1888-art-001611-s1,Neúcari t.,ORT1888-art-001611,crn,ORT1888-cand-001611,machine_derived,false
ORT1888-art-001612-s1,Takéti.,ORT1888-art-001612,crn,ORT1888-cand-001612,machine_derived,false
ORT1888-art-001613-s1,Vcait.,ORT1888-art-001613,crn,ORT1888-cand-001613,machine_derived,false
ORT1888-art-001614-s1,Coujet.,ORT1888-art-001614,crn,ORT1888-cand-001614,machine_derived,false
ORT1888-art-001615-s1,Busca coa.,ORT1888-art-001615,crn,ORT1888-cand-001615,machine_derived,false
ORT1888-art-001616-s1,Caraihuáriti,ORT1888-art-001616,crn,ORT1888-cand-001616,machine_derived,false
ORT1888-art-001617-s1,Aniuet.,ORT1888-art-001617,crn,ORT1888-cand-001617,machine_derived,false
ORT1888-art-001618-s1,Mué. Metí.,ORT1888-art-001618,crn,ORT1888-cand-001618,machine_derived,false
ORT1888-art-001619-s1,Hamuit.,ORT1888-art-001619,crn,ORT1888-cand-001619,machine_derived,false
ORT1888-art-001620-s1,Xáyet.,ORT1888-art-001620,crn,ORT1888-cand-001620,machine_derived,false
ORT1888-art-001621-s1,Ai teauhá. Neiteuhá,ORT1888-art-001621,crn,ORT1888-cand-001621,machine_derived,false
ORT1888-art-001622-s1,Taziti.,ORT1888-art-001622,crn,ORT1888-cand-001622,machine_derived,false
ORT1888-art-001623-s1,Ahuaraví. N.,ORT1888-art-001623,crn,ORT1888-cand-001623,machine_derived,false
ORT1888-art-001624-s1,Huavinie.,ORT1888-art-001624,crn,ORT1888-cand-001624,machine_derived,false
ORT1888-art-001625-s1,Huáorit.,ORT1888-art-001625,crn,ORT1888-cand-001625,machine_derived,false
ORT1888-art-001626-s1,TVz/puatzi.,ORT1888-art-001626,crn,ORT1888-cand-001626,machine_derived,false
ORT1888-art-001627-s1,Yüxarit.,ORT1888-art-001627,crn,ORT1888-cand-001627,machine_derived,false
ORT1888-art-001628-s1,Aeineita?,ORT1888-art-001628,crn,ORT1888-cand-001628,machine_derived,false
ORT1888-art-001629-s1,Ache. N.,ORT1888-art-001629,crn,ORT1888-cand-001629,machine_derived,false
ORT1888-art-001630-s1,Huatécha. Natéchax.,ORT1888-art-001630,crn,ORT1888-cand-001630,machine_derived,false
ORT1888-art-001631-s1,Taxa.,ORT1888-art-001631,crn,ORT1888-cand-001631,machine_derived,false
ORT1888-art-001632-s1,Huacéhri. Naircé.,ORT1888-art-001632,crn,ORT1888-cand-001632,machine_derived,false
ORT1888-art-001633-s1,Apucuputeacanéri. Apuennuteaca-,ORT1888-art-001633,crn,ORT1888-cand-001633,machine_derived,false
ORT1888-art-001634-s1,^Vxápuamecheá.,ORT1888-art-001634,crn,ORT1888-cand-001634,machine_derived,false
ORT1888-art-001635-s1,Capí.,ORT1888-art-001635,crn,ORT1888-cand-001635,machine_derived,false
ORT1888-art-001636-s1,Nuecaréme. pl. tzi.,ORT1888-art-001636,crn,ORT1888-cand-001636,machine_derived,false
ORT1888-art-001637-s1,Nue. Neti,ORT1888-art-001637,crn,ORT1888-cand-001637,machine_derived,false
ORT1888-art-001638-s1,Tiihuá.,ORT1888-art-001638,crn,ORT1888-cand-001638,machine_derived,false
ORT1888-art-001639-s1,"Xahta. Neti,",ORT1888-art-001639,crn,ORT1888-cand-001639,machine_derived,false
ORT1888-art-001640-s1,Tara.,ORT1888-art-001640,crn,ORT1888-cand-001640,machine_derived,false
ORT1888-art-001641-s1,Tixaxatame. pl. tzi.,ORT1888-art-001641,crn,ORT1888-cand-001641,machine_derived,false
ORT1888-art-001642-s1,Xuxut. pascua.,ORT1888-art-001642,crn,ORT1888-cand-001642,machine_derived,false
ORT1888-art-001643-s1,"Nuca, pascua.",ORT1888-art-001643,crn,ORT1888-cand-001643,machine_derived,false
ORT1888-art-001644-s1,Atné. N.,ORT1888-art-001644,crn,ORT1888-cand-001644,machine_derived,false
ORT1888-art-001645-s1,Anáhao. N,ORT1888-art-001645,crn,ORT1888-cand-001645,machine_derived,false
ORT1888-art-001646-s1,Amuáheyite.,ORT1888-art-001646,crn,ORT1888-cand-001646,machine_derived,false
ORT1888-art-001647-s1,"Antahaú. N. >,",ORT1888-art-001647,crn,ORT1888-cand-001647,machine_derived,false
ORT1888-art-001648-s1,Anta. N.,ORT1888-art-001648,crn,ORT1888-cand-001648,machine_derived,false
ORT1888-art-001649-s1,NAhévezt. N.,ORT1888-art-001649,crn,ORT1888-cand-001649,machine_derived,false
ORT1888-art-001650-s1,Yeuxa. Neti.,ORT1888-art-001650,crn,ORT1888-cand-001650,machine_derived,false
ORT1888-art-001651-s1,Pazeárubí.,ORT1888-art-001651,crn,ORT1888-cand-001651,machine_derived,false
ORT1888-art-001652-s1,Puáihtzit.,ORT1888-art-001652,crn,ORT1888-cand-001652,machine_derived,false
ORT1888-art-001653-s1,Euxixht'i.,ORT1888-art-001653,crn,ORT1888-cand-001653,machine_derived,false
ORT1888-art-001654-s1,Hu^ü/xatá.,ORT1888-art-001654,crn,ORT1888-cand-001654,machine_derived,false
ORT1888-art-001655-s1,"AAuzcarutzá,",ORT1888-art-001655,crn,ORT1888-cand-001655,machine_derived,false
ORT1888-art-001656-s1,Antayéic.,ORT1888-art-001656,crn,ORT1888-cand-001656,machine_derived,false
ORT1888-art-001657-s1,Moarúi. pl. tzi.,ORT1888-art-001657,crn,ORT1888-cand-001657,machine_derived,false
ORT1888-art-001658-s1,Busca adarba.,ORT1888-art-001658,crn,ORT1888-cand-001658,machine_derived,false
ORT1888-art-001659-s1,Busca ave.,ORT1888-art-001659,crn,ORT1888-cand-001659,machine_derived,false
ORT1888-art-001660-s1,Busca ofensa.,ORT1888-art-001660,crn,ORT1888-cand-001660,machine_derived,false
ORT1888-art-001661-s1,Busca ofensor.,ORT1888-art-001661,crn,ORT1888-cand-001661,machine_derived,false
ORT1888-art-001662-s1,Busca ofender.,ORT1888-art-001662,crn,ORT1888-cand-001662,machine_derived,false
ORT1888-art-001663-s1,Hucat,ORT1888-art-001663,crn,ORT1888-cand-001663,machine_derived,false
ORT1888-art-001664-s1,Pitzicai.,ORT1888-art-001664,crn,ORT1888-cand-001664,machine_derived,false
ORT1888-art-001665-s1,Teaca,ORT1888-art-001665,crn,ORT1888-cand-001665,machine_derived,false
ORT1888-art-001666-s1,Huaviya. Neti.,ORT1888-art-001666,crn,ORT1888-cand-001666,machine_derived,false
ORT1888-art-001667-s1,Earipúzte,ORT1888-art-001667,crn,ORT1888-cand-001667,machine_derived,false
ORT1888-art-001668-s1,Earit.,ORT1888-art-001668,crn,ORT1888-cand-001668,machine_derived,false
ORT1888-art-001669-s1,Eá. Nea.,ORT1888-art-001669,crn,ORT1888-cand-001669,machine_derived,false
ORT1888-art-001670-s1,Bite. Neteu.,ORT1888-art-001670,crn,ORT1888-cand-001670,machine_derived,false
ORT1888-art-001671-s1,Vbácatzi.,ORT1888-art-001671,crn,ORT1888-cand-001671,machine_derived,false
ORT1888-art-001672-s1,NCatze. Neti.,ORT1888-art-001672,crn,ORT1888-cand-001672,machine_derived,false
ORT1888-art-001673-s1,Busca escobeta.,ORT1888-art-001673,crn,ORT1888-cand-001673,machine_derived,false
ORT1888-art-001674-s1,Caye. Neti.,ORT1888-art-001674,crn,ORT1888-cand-001674,machine_derived,false
ORT1888-art-001675-s1,Busca desplumar,ORT1888-art-001675,crn,ORT1888-cand-001675,machine_derived,false
ORT1888-art-001676-s1,Mua. Neti.,ORT1888-art-001676,crn,ORT1888-cand-001676,machine_derived,false
ORT1888-art-001677-s1,Apiri é. Netipmé.,ORT1888-art-001677,crn,ORT1888-cand-001677,machine_derived,false
ORT1888-art-001678-s1,Nauérit.,ORT1888-art-001678,crn,ORT1888-cand-001678,machine_derived,false
ORT1888-art-001679-s1,Navit.,ORT1888-art-001679,crn,ORT1888-cand-001679,machine_derived,false
ORT1888-art-001680-s1,^Xetzina. Neti.,ORT1888-art-001680,crn,ORT1888-cand-001680,machine_derived,false
ORT1888-art-001681-s1,Xetzineat.,ORT1888-art-001681,crn,ORT1888-cand-001681,machine_derived,false
ORT1888-art-001682-s1,sKepoáti,ORT1888-art-001682,crn,ORT1888-cand-001682,machine_derived,false
ORT1888-art-001683-s1,Cayemihua.,ORT1888-art-001683,crn,ORT1888-cand-001683,machine_derived,false
ORT1888-art-001684-s1,Teúra.,ORT1888-art-001684,crn,ORT1888-cand-001684,machine_derived,false
ORT1888-art-001685-s1,Poayhzit.,ORT1888-art-001685,crn,ORT1888-cand-001685,machine_derived,false
ORT1888-art-001686-s1,Xeupoáhite.Netimpoaihte.,ORT1888-art-001686,crn,ORT1888-cand-001686,machine_derived,false
ORT1888-art-001687-s1,Mu veri t.,ORT1888-art-001687,crn,ORT1888-cand-001687,machine_derived,false
ORT1888-art-001688-s1,Moaihti.,ORT1888-art-001688,crn,ORT1888-cand-001688,machine_derived,false
ORT1888-art-001689-s1,",Múatze. Neti.",ORT1888-art-001689,crn,ORT1888-cand-001689,machine_derived,false
ORT1888-art-001690-s1,Muatziat.,ORT1888-art-001690,crn,ORT1888-cand-001690,machine_derived,false
ORT1888-art-001691-s1,Aitn.,ORT1888-art-001691,crn,ORT1888-cand-001691,machine_derived,false
ORT1888-art-001692-s1,"Atziti,",ORT1888-art-001692,crn,ORT1888-cand-001692,machine_derived,false
ORT1888-art-001693-s1,sPitzica.,ORT1888-art-001693,crn,ORT1888-cand-001693,machine_derived,false
ORT1888-art-001694-s1,NAübet. Ne.,ORT1888-art-001694,crn,ORT1888-cand-001694,machine_derived,false
ORT1888-art-001695-s1,Vniat.,ORT1888-art-001695,crn,ORT1888-cand-001695,machine_derived,false
ORT1888-art-001696-s1,AtaaMiiire. Neti.,ORT1888-art-001696,crn,ORT1888-cand-001696,machine_derived,false
ORT1888-art-001697-s1,Busca perdonar la injuria.,ORT1888-art-001697,crn,ORT1888-cand-001697,machine_derived,false
ORT1888-art-001698-s1,Capuanac. etzéni.,ORT1888-art-001698,crn,ORT1888-cand-001698,machine_derived,false
ORT1888-art-001699-s1,Vnav ¡a t.,ORT1888-art-001699,crn,ORT1888-cand-001699,machine_derived,false
ORT1888-art-001700-s1,' Vnavizt. pl. tzi.,ORT1888-art-001700,crn,ORT1888-cand-001700,machine_derived,false
ORT1888-art-001701-s1,Vnavé. Neti.,ORT1888-art-001701,crn,ORT1888-cand-001701,machine_derived,false
ORT1888-art-001702-s1,Auchehuátehbe.,ORT1888-art-001702,crn,ORT1888-cand-001702,machine_derived,false
ORT1888-art-001703-s1,Celiámoe. Neti.,ORT1888-art-001703,crn,ORT1888-cand-001703,machine_derived,false
ORT1888-art-001704-s1,Cehaiiat.,ORT1888-art-001704,crn,ORT1888-cand-001704,machine_derived,false
ORT1888-art-001705-s1,vTzewk. pl. Tzittkaurí,ORT1888-art-001705,crn,ORT1888-cand-001705,machine_derived,false
ORT1888-art-001706-s1,Tevifc. pl. Teaiteri.,ORT1888-art-001706,crn,ORT1888-cand-001706,machine_derived,false
ORT1888-art-001707-s1,Atzáne. Netin.,ORT1888-art-001707,crn,ORT1888-cand-001707,machine_derived,false
ORT1888-art-001708-s1,Tohé. Neti.,ORT1888-art-001708,crn,ORT1888-cand-001708,machine_derived,false
ORT1888-art-001709-s1,Tiheti.,ORT1888-art-001709,crn,ORT1888-cand-001709,machine_derived,false
ORT1888-art-001710-s1,Xamuchreat.,ORT1888-art-001710,crn,ORT1888-cand-001710,machine_derived,false
ORT1888-art-001711-s1,Pezuvi. Neti.,ORT1888-art-001711,crn,ORT1888-cand-001711,machine_derived,false
ORT1888-art-001712-s1,Hucat. pl. Hucaitéri.,ORT1888-art-001712,crn,ORT1888-cand-001712,machine_derived,false
ORT1888-art-001713-s1,Busca anzuelo.,ORT1888-art-001713,crn,ORT1888-cand-001713,machine_derived,false
ORT1888-art-001714-s1,Keupihti.,ORT1888-art-001714,crn,ORT1888-cand-001714,machine_derived,false
ORT1888-art-001715-s1,Ceákerit.,ORT1888-art-001715,crn,ORT1888-cand-001715,machine_derived,false
ORT1888-art-001716-s1,sBusca menear los párpados.,ORT1888-art-001716,crn,ORT1888-cand-001716,machine_derived,false
ORT1888-art-001717-s1,Teticui.,ORT1888-art-001717,crn,ORT1888-cand-001717,machine_derived,false
ORT1888-art-001718-s1,Tzetziat,ORT1888-art-001718,crn,ORT1888-cand-001718,machine_derived,false
ORT1888-art-001719-s1,Che. Mete,ORT1888-art-001719,crn,ORT1888-cand-001719,machine_derived,false
ORT1888-art-001720-s1,Cheitziat,ORT1888-art-001720,crn,ORT1888-cand-001720,machine_derived,false
ORT1888-art-001721-s1,-Béhehi. Neti.,ORT1888-art-001721,crn,ORT1888-cand-001721,machine_derived,false
ORT1888-art-001722-s1,Yxeti.,ORT1888-art-001722,crn,ORT1888-cand-001722,machine_derived,false
ORT1888-art-001723-s1,Chapoariti.,ORT1888-art-001723,crn,ORT1888-cand-001723,machine_derived,false
ORT1888-art-001724-s1,Teten. Teteti.,ORT1888-art-001724,crn,ORT1888-cand-001724,machine_derived,false
ORT1888-art-001725-s1,Muatáti,ORT1888-art-001725,crn,ORT1888-cand-001725,machine_derived,false
ORT1888-art-001726-s1,Busca pellejo.,ORT1888-art-001726,crn,ORT1888-cand-001726,machine_derived,false
ORT1888-art-001727-s1,Ocótn. Ocóti.,ORT1888-art-001727,crn,ORT1888-cand-001727,machine_derived,false
ORT1888-art-001728-s1,Ocótzáta.,ORT1888-art-001728,crn,ORT1888-cand-001728,machine_derived,false
ORT1888-art-001729-s1,.Xúxa. Neti.,ORT1888-art-001729,crn,ORT1888-cand-001729,machine_derived,false
ORT1888-art-001730-s1,Tiyúxame. pl. tzi.,ORT1888-art-001730,crn,ORT1888-cand-001730,machine_derived,false
ORT1888-art-001731-s1,Yuxare.,ORT1888-art-001731,crn,ORT1888-cand-001731,machine_derived,false
ORT1888-art-001732-s1,Yúzeat.,ORT1888-art-001732,crn,ORT1888-cand-001732,machine_derived,false
ORT1888-art-001733-s1,Moatzahtí.,ORT1888-art-001733,crn,ORT1888-cand-001733,machine_derived,false
ORT1888-art-001734-s1,"Atete, pl. Atétzi",ORT1888-art-001734,crn,ORT1888-cand-001734,machine_derived,false
ORT1888-art-001735-s1,Tzina. Neti.,ORT1888-art-001735,crn,ORT1888-cand-001735,machine_derived,false
ORT1888-art-001736-s1,Bétze. Nete.,ORT1888-art-001736,crn,ORT1888-cand-001736,machine_derived,false
ORT1888-art-001737-s1,Acuait.,ORT1888-art-001737,crn,ORT1888-cand-001737,machine_derived,false
ORT1888-art-001738-s1,Vhuatehuaca N.,ORT1888-art-001738,crn,ORT1888-cand-001738,machine_derived,false
ORT1888-art-001739-s1,Yéaru. pl. tzi.,ORT1888-art-001739,crn,ORT1888-cand-001739,machine_derived,false
ORT1888-art-001740-s1,Moara.,ORT1888-art-001740,crn,ORT1888-cand-001740,machine_derived,false
ORT1888-art-001741-s1,Bike. Ne.,ORT1888-art-001741,crn,ORT1888-cand-001741,machine_derived,false
ORT1888-art-001742-s1,Muáxe Ne.,ORT1888-art-001742,crn,ORT1888-cand-001742,machine_derived,false
ORT1888-art-001743-s1,Busca pié,ORT1888-art-001743,crn,ORT1888-cand-001743,machine_derived,false
ORT1888-art-001744-s1,Hixte. Neti.,ORT1888-art-001744,crn,ORT1888-cand-001744,machine_derived,false
ORT1888-art-001745-s1,Busca parlar.,ORT1888-art-001745,crn,ORT1888-cand-001745,machine_derived,false
ORT1888-art-001746-s1,Xahtzit.,ORT1888-art-001746,crn,ORT1888-cand-001746,machine_derived,false
ORT1888-art-001747-s1,Xánarit.,ORT1888-art-001747,crn,ORT1888-cand-001747,machine_derived,false
ORT1888-art-001748-s1,Busca gozo.,ORT1888-art-001748,crn,ORT1888-cand-001748,machine_derived,false
ORT1888-art-001749-s1,Ateihteri. Ne.,ORT1888-art-001749,crn,ORT1888-cand-001749,machine_derived,false
ORT1888-art-001750-s1,Busca fruncir.,ORT1888-art-001750,crn,ORT1888-cand-001750,machine_derived,false
ORT1888-art-001751-s1,Maucúbua.,ORT1888-art-001751,crn,ORT1888-cand-001751,machine_derived,false
ORT1888-art-001752-s1,Atratz.,ORT1888-art-001752,crn,ORT1888-cand-001752,machine_derived,false
ORT1888-art-001753-s1,Busca penacho.,ORT1888-art-001753,crn,ORT1888-cand-001753,machine_derived,false
ORT1888-art-001754-s1,Nempúeheké. nenuehke.,ORT1888-art-001754,crn,ORT1888-cand-001754,machine_derived,false
ORT1888-art-001755-s1,Atzú.,ORT1888-art-001755,crn,ORT1888-cand-001755,machine_derived,false
ORT1888-art-001756-s1,"Busca, no ha mucho.",ORT1888-art-001756,crn,ORT1888-cand-001756,machine_derived,false
ORT1888-art-001757-s1,Atzüpoamáxu,ORT1888-art-001757,crn,ORT1888-cand-001757,machine_derived,false
ORT1888-art-001758-s1,> Xah ten.,ORT1888-art-001758,crn,ORT1888-cand-001758,machine_derived,false
ORT1888-art-001759-s1,Behche. Neti.,ORT1888-art-001759,crn,ORT1888-cand-001759,machine_derived,false
ORT1888-art-001760-s1,Huata^/riat.,ORT1888-art-001760,crn,ORT1888-cand-001760,machine_derived,false
ORT1888-art-001761-s1,Huatap/hbe. Hatacihbe,ORT1888-art-001761,crn,ORT1888-cand-001761,machine_derived,false
ORT1888-art-001762-s1,Busca materia.,ORT1888-art-001762,crn,ORT1888-cand-001762,machine_derived,false
ORT1888-art-001763-s1,Petné. Ne.,ORT1888-art-001763,crn,ORT1888-cand-001763,machine_derived,false
ORT1888-art-001764-s1,Tipenitéhahuame. pl. tzi.,ORT1888-art-001764,crn,ORT1888-cand-001764,machine_derived,false
ORT1888-art-001765-s1,Chuehti,ORT1888-art-001765,crn,ORT1888-cand-001765,machine_derived,false
ORT1888-art-001766-s1,Busca gallina.,ORT1888-art-001766,crn,ORT1888-cand-001766,machine_derived,false
ORT1888-art-001767-s1,^ Ye púa-. Yenüa.,ORT1888-art-001767,crn,ORT1888-cand-001767,machine_derived,false
ORT1888-art-001768-s1,Nuí. Neti.,ORT1888-art-001768,crn,ORT1888-cand-001768,machine_derived,false
ORT1888-art-001769-s1,Yepuateáte. yenateate.,ORT1888-art-001769,crn,ORT1888-cand-001769,machine_derived,false
ORT1888-art-001770-s1,Keme.,ORT1888-art-001770,crn,ORT1888-cand-001770,machine_derived,false
ORT1888-art-001771-s1,-Ne.,ORT1888-art-001771,crn,ORT1888-cand-001771,machine_derived,false
ORT1888-art-001772-s1,>Aeineitta?,ORT1888-art-001772,crn,ORT1888-cand-001772,machine_derived,false
ORT1888-art-001773-s1,Aeineitta?,ORT1888-art-001773,crn,ORT1888-cand-001773,machine_derived,false
ORT1888-art-001774-s1,Cheaé. Neti.,ORT1888-art-001774,crn,ORT1888-cand-001774,machine_derived,false
ORT1888-art-001775-s1,Tetécüne.,ORT1888-art-001775,crn,ORT1888-cand-001775,machine_derived,false
ORT1888-art-001776-s1,Muaté. Neti,ORT1888-art-001776,crn,ORT1888-cand-001776,machine_derived,false
ORT1888-art-001777-s1,Timuateahuame. pl. tzi.,ORT1888-art-001777,crn,ORT1888-cand-001777,machine_derived,false
ORT1888-art-001778-s1,Muatihat.,ORT1888-art-001778,crn,ORT1888-cand-001778,machine_derived,false
ORT1888-art-001779-s1,Hihhua. Neti.,ORT1888-art-001779,crn,ORT1888-cand-001779,machine_derived,false
ORT1888-art-001780-s1,Huavirit.,ORT1888-art-001780,crn,ORT1888-cand-001780,machine_derived,false
ORT1888-art-001781-s1,Tacare. Nete.,ORT1888-art-001781,crn,ORT1888-cand-001781,machine_derived,false
ORT1888-art-001782-s1,Ahtanezim.,ORT1888-art-001782,crn,ORT1888-cand-001782,machine_derived,false
ORT1888-art-001783-s1,"Hutza, Ne.",ORT1888-art-001783,crn,ORT1888-cand-001783,machine_derived,false
ORT1888-art-001784-s1,Nehte. Neteu,ORT1888-art-001784,crn,ORT1888-cand-001784,machine_derived,false
ORT1888-art-001785-s1,Üiyétat.,ORT1888-art-001785,crn,ORT1888-cand-001785,machine_derived,false
ORT1888-art-001786-s1,Busca negro.,ORT1888-art-001786,crn,ORT1888-cand-001786,machine_derived,false
ORT1888-art-001787-s1,Ahcuata.,ORT1888-art-001787,crn,ORT1888-cand-001787,machine_derived,false
ORT1888-art-001788-s1,Ti hu tz i,ORT1888-art-001788,crn,ORT1888-cand-001788,machine_derived,false
ORT1888-art-001789-s1,"Tihát/i,",ORT1888-art-001789,crn,ORT1888-cand-001789,machine_derived,false
ORT1888-art-001790-s1,Yxate. Neteu.,ORT1888-art-001790,crn,ORT1888-cand-001790,machine_derived,false
ORT1888-art-001791-s1,Purhuaohé,ORT1888-art-001791,crn,ORT1888-cand-001791,machine_derived,false
ORT1888-art-001792-s1,Muat/é. Neti.,ORT1888-art-001792,crn,ORT1888-cand-001792,machine_derived,false
ORT1888-art-001793-s1,Haxeite.,ORT1888-art-001793,crn,ORT1888-cand-001793,machine_derived,false
ORT1888-art-001794-s1,Tühuá. pl. Tühuamoa.,ORT1888-art-001794,crn,ORT1888-cand-001794,machine_derived,false
ORT1888-art-001795-s1,Moarérihua.,ORT1888-art-001795,crn,ORT1888-cand-001795,machine_derived,false
ORT1888-art-001796-s1,M^/oceihre.,ORT1888-art-001796,crn,ORT1888-cand-001796,machine_derived,false
ORT1888-art-001797-s1,Tean tahét.,ORT1888-art-001797,crn,ORT1888-cand-001797,machine_derived,false
ORT1888-art-001798-s1,Tuíno,ORT1888-art-001798,crn,ORT1888-cand-001798,machine_derived,false
ORT1888-art-001799-s1,Teapuit. pl. t/i.,ORT1888-art-001799,crn,ORT1888-cand-001799,machine_derived,false
ORT1888-art-001800-s1,Chauhrit.,ORT1888-art-001800,crn,ORT1888-cand-001800,machine_derived,false
ORT1888-art-001801-s1,Tzet. Neteu.,ORT1888-art-001801,crn,ORT1888-cand-001801,machine_derived,false
ORT1888-art-001802-s1,Antipitní,ORT1888-art-001802,crn,ORT1888-cand-001802,machine_derived,false
ORT1888-art-001803-s1,Antipitnihwe. Neu.,ORT1888-art-001803,crn,ORT1888-cand-001803,machine_derived,false
ORT1888-art-001804-s1,Apuxuachye,ORT1888-art-001804,crn,ORT1888-cand-001804,machine_derived,false
ORT1888-art-001805-s1,Titane?,ORT1888-art-001805,crn,ORT1888-cand-001805,machine_derived,false
ORT1888-art-001806-s1,Tapoa. Neteu.,ORT1888-art-001806,crn,ORT1888-cand-001806,machine_derived,false
ORT1888-art-001807-s1,Busca ofender,ORT1888-art-001807,crn,ORT1888-cand-001807,machine_derived,false
ORT1888-art-001808-s1,. Antinácheca.,ORT1888-art-001808,crn,ORT1888-cand-001808,machine_derived,false
ORT1888-art-001809-s1,Huateáhtua. Neteahtua.,ORT1888-art-001809,crn,ORT1888-cand-001809,machine_derived,false
ORT1888-art-001810-s1,NB visca sobrar.,ORT1888-art-001810,crn,ORT1888-cand-001810,machine_derived,false
ORT1888-art-001811-s1,Taiya. Neti.,ORT1888-art-001811,crn,ORT1888-cand-001811,machine_derived,false
ORT1888-art-001812-s1,Tairiat.,ORT1888-art-001812,crn,ORT1888-cand-001812,machine_derived,false
ORT1888-art-001813-s1,Huataixe. Natáixe.,ORT1888-art-001813,crn,ORT1888-cand-001813,machine_derived,false
ORT1888-art-001814-s1,Xébe. Neti.,ORT1888-art-001814,crn,ORT1888-cand-001814,machine_derived,false
ORT1888-art-001815-s1,Teutaxáhtaca. Ne.,ORT1888-art-001815,crn,ORT1888-cand-001815,machine_derived,false
ORT1888-art-001816-s1,Tiaxahtziri-,ORT1888-art-001816,crn,ORT1888-cand-001816,machine_derived,false
ORT1888-art-001817-s1,Hico.,ORT1888-art-001817,crn,ORT1888-cand-001817,machine_derived,false
ORT1888-art-001818-s1,Atena?,ORT1888-art-001818,crn,ORT1888-cand-001818,machine_derived,false
ORT1888-art-001819-s1,Atenapepéne?,ORT1888-art-001819,crn,ORT1888-cand-001819,machine_derived,false
ORT1888-art-001820-s1,Atenecepéne?,ORT1888-art-001820,crn,ORT1888-cand-001820,machine_derived,false
ORT1888-art-001821-s1,Atanepuéne?,ORT1888-art-001821,crn,ORT1888-cand-001821,machine_derived,false
ORT1888-art-001822-s1,Atanemepene?,ORT1888-art-001822,crn,ORT1888-cand-001822,machine_derived,false
ORT1888-art-001823-s1,Tea. Neti.,ORT1888-art-001823,crn,ORT1888-cand-001823,machine_derived,false
ORT1888-art-001824-s1,Anahairi. Nete.,ORT1888-art-001824,crn,ORT1888-cand-001824,machine_derived,false
ORT1888-art-001825-s1,Aytfí?hrit.,ORT1888-art-001825,crn,ORT1888-cand-001825,machine_derived,false
ORT1888-art-001826-s1,Ket> apoati.,ORT1888-art-001826,crn,ORT1888-cand-001826,machine_derived,false
ORT1888-art-001827-s1,Ketzapóati.,ORT1888-art-001827,crn,ORT1888-cand-001827,machine_derived,false
ORT1888-art-001828-s1,Cazizá. Neti.,ORT1888-art-001828,crn,ORT1888-cand-001828,machine_derived,false
ORT1888-art-001829-s1,Yhte. Neti.,ORT1888-art-001829,crn,ORT1888-cand-001829,machine_derived,false
ORT1888-art-001830-s1,Nanat.,ORT1888-art-001830,crn,ORT1888-cand-001830,machine_derived,false
ORT1888-art-001831-s1,^Aziztara. Ne.,ORT1888-art-001831,crn,ORT1888-cand-001831,machine_derived,false
ORT1888-art-001832-s1,Emuapéte.,ORT1888-art-001832,crn,ORT1888-cand-001832,machine_derived,false
ORT1888-art-001833-s1,Piznári.,ORT1888-art-001833,crn,ORT1888-cand-001833,machine_derived,false
ORT1888-art-001834-s1,Capuuhmuahche.,ORT1888-art-001834,crn,ORT1888-cand-001834,machine_derived,false
ORT1888-art-001835-s1,Antanenéca.,ORT1888-art-001835,crn,ORT1888-cand-001835,machine_derived,false
ORT1888-art-001836-s1,"Xeucuat, pl. tzi.",ORT1888-art-001836,crn,ORT1888-cand-001836,machine_derived,false
ORT1888-art-001837-s1,Busca raer.,ORT1888-art-001837,crn,ORT1888-cand-001837,machine_derived,false
ORT1888-art-001838-s1,Cíirácache. Neteu.,ORT1888-art-001838,crn,ORT1888-cand-001838,machine_derived,false
ORT1888-art-001839-s1,Abénelui.,ORT1888-art-001839,crn,ORT1888-cand-001839,machine_derived,false
ORT1888-art-001840-s1,Cúina. Neti.,ORT1888-art-001840,crn,ORT1888-cand-001840,machine_derived,false
ORT1888-art-001841-s1,"^Tza, Neteu.",ORT1888-art-001841,crn,ORT1888-cand-001841,machine_derived,false
ORT1888-art-001842-s1,Acuracuina. Nete.,ORT1888-art-001842,crn,ORT1888-cand-001842,machine_derived,false
ORT1888-art-001843-s1,Atv/hehui. Neti.,ORT1888-art-001843,crn,ORT1888-cand-001843,machine_derived,false
ORT1888-art-001844-s1,Yaliué. Ni.,ORT1888-art-001844,crn,ORT1888-cand-001844,machine_derived,false
ORT1888-art-001845-s1,Naicat. pl. tzi,ORT1888-art-001845,crn,ORT1888-cand-001845,machine_derived,false
ORT1888-art-001846-s1,Teácuai. pl tzi.,ORT1888-art-001846,crn,ORT1888-cand-001846,machine_derived,false
ORT1888-art-001847-s1,Vyaniúca. pl. tzi.,ORT1888-art-001847,crn,ORT1888-cand-001847,machine_derived,false
ORT1888-art-001848-s1,Cirh. pl Cirútze.,ORT1888-art-001848,crn,ORT1888-cand-001848,machine_derived,false
ORT1888-art-001849-s1,Huanahuáire. Nete.,ORT1888-art-001849,crn,ORT1888-cand-001849,machine_derived,false
ORT1888-art-001850-s1,Huanahuáireat.,ORT1888-art-001850,crn,ORT1888-cand-001850,machine_derived,false
ORT1888-art-001851-s1,Autatzá. N.,ORT1888-art-001851,crn,ORT1888-cand-001851,machine_derived,false
ORT1888-art-001852-s1,Huataxota.,ORT1888-art-001852,crn,ORT1888-cand-001852,machine_derived,false
ORT1888-art-001853-s1,IZeux. Ne.,ORT1888-art-001853,crn,ORT1888-cand-001853,machine_derived,false
ORT1888-art-001854-s1,Vhiré. Ncniré.,ORT1888-art-001854,crn,ORT1888-cand-001854,machine_derived,false
ORT1888-art-001855-s1,Busca mesclar.,ORT1888-art-001855,crn,ORT1888-cand-001855,machine_derived,false
ORT1888-art-001856-s1,■Ceflíiehre. Neti.,ORT1888-art-001856,crn,ORT1888-cand-001856,machine_derived,false
ORT1888-art-001857-s1,Y raima.,ORT1888-art-001857,crn,ORT1888-cand-001857,machine_derived,false
ORT1888-art-001858-s1,■ Anteukénie. Nantiukeme.,ORT1888-art-001858,crn,ORT1888-cand-001858,machine_derived,false
ORT1888-art-001859-s1,Thuáritacáine. Nehuáritancáme,ORT1888-art-001859,crn,ORT1888-cand-001859,machine_derived,false
ORT1888-art-001860-s1,Atatu.,ORT1888-art-001860,crn,ORT1888-cand-001860,machine_derived,false
ORT1888-art-001861-s1,Anáha. Nete.,ORT1888-art-001861,crn,ORT1888-cand-001861,machine_derived,false
ORT1888-art-001862-s1,Teanahanárae. pl. tzi.,ORT1888-art-001862,crn,ORT1888-cand-001862,machine_derived,false
ORT1888-art-001863-s1,Cikeuva. Neti.,ORT1888-art-001863,crn,ORT1888-cand-001863,machine_derived,false
ORT1888-art-001864-s1,Cxkeura.,ORT1888-art-001864,crn,ORT1888-cand-001864,machine_derived,false
ORT1888-art-001865-s1,Teaxe. Neti.,ORT1888-art-001865,crn,ORT1888-cand-001865,machine_derived,false
ORT1888-art-001866-s1,IV^xat.,ORT1888-art-001866,crn,ORT1888-cand-001866,machine_derived,false
ORT1888-art-001867-s1,"Yhpoa. Neti,",ORT1888-art-001867,crn,ORT1888-cand-001867,machine_derived,false
ORT1888-art-001868-s1,Busca rayar.,ORT1888-art-001868,crn,ORT1888-cand-001868,machine_derived,false
ORT1888-art-001869-s1,Tarróhua . Ne,ORT1888-art-001869,crn,ORT1888-cand-001869,machine_derived,false
ORT1888-art-001870-s1,Tarcahueat.,ORT1888-art-001870,crn,ORT1888-cand-001870,machine_derived,false
ORT1888-art-001871-s1,Nana. Neananá.,ORT1888-art-001871,crn,ORT1888-cand-001871,machine_derived,false
ORT1888-art-001872-s1,.Busca parecerse.,ORT1888-art-001872,crn,ORT1888-cand-001872,machine_derived,false
ORT1888-art-001873-s1,Bibpua. Neti.,ORT1888-art-001873,crn,ORT1888-cand-001873,machine_derived,false
ORT1888-art-001874-s1,Uné. Neti.,ORT1888-art-001874,crn,ORT1888-cand-001874,machine_derived,false
ORT1888-art-001875-s1,Puatatá Neti.,ORT1888-art-001875,crn,ORT1888-cand-001875,machine_derived,false
ORT1888-art-001876-s1,xHahcuare. Neti,ORT1888-art-001876,crn,ORT1888-cand-001876,machine_derived,false
ORT1888-art-001877-s1,Busca Regañar.,ORT1888-art-001877,crn,ORT1888-cand-001877,machine_derived,false
ORT1888-art-001878-s1,Huatzane. Neti,ORT1888-art-001878,crn,ORT1888-cand-001878,machine_derived,false
ORT1888-art-001879-s1,Atañüre. Ne.,ORT1888-art-001879,crn,ORT1888-cand-001879,machine_derived,false
ORT1888-art-001880-s1,Busca.,ORT1888-art-001880,crn,ORT1888-cand-001880,machine_derived,false
ORT1888-art-001881-s1,Antiputzi. Neti,ORT1888-art-001881,crn,ORT1888-cand-001881,machine_derived,false
ORT1888-art-001882-s1,Tiyéye. Nehyéye.,ORT1888-art-001882,crn,ORT1888-cand-001882,machine_derived,false
ORT1888-art-001883-s1,Yzuméti.,ORT1888-art-001883,crn,ORT1888-cand-001883,machine_derived,false
ORT1888-art-001884-s1,Eá. Neti.,ORT1888-art-001884,crn,ORT1888-cand-001884,machine_derived,false
ORT1888-art-001885-s1,Eát.,ORT1888-art-001885,crn,ORT1888-cand-001885,machine_derived,false
ORT1888-art-001886-s1,Hna/>. Nenó. Ache. N.,ORT1888-art-001886,crn,ORT1888-cand-001886,machine_derived,false
ORT1888-art-001887-s1,"Mea mué. Teatamue, es })rimera persona,",ORT1888-art-001887,crn,ORT1888-cand-001887,machine_derived,false
ORT1888-art-001888-s1,Bevite Nete.,ORT1888-art-001888,crn,ORT1888-cand-001888,machine_derived,false
ORT1888-art-001889-s1,NHuataó.,ORT1888-art-001889,crn,ORT1888-cand-001889,machine_derived,false
ORT1888-art-001890-s1,Mu ate. Neti.,ORT1888-art-001890,crn,ORT1888-cand-001890,machine_derived,false
ORT1888-art-001891-s1,Busca orilla,ORT1888-art-001891,crn,ORT1888-cand-001891,machine_derived,false
ORT1888-art-001892-s1,Aráru. Ne.,ORT1888-art-001892,crn,ORT1888-cand-001892,machine_derived,false
ORT1888-art-001893-s1,Até.,ORT1888-art-001893,crn,ORT1888-cand-001893,machine_derived,false
ORT1888-art-001894-s1,Moanimehtzé,ORT1888-art-001894,crn,ORT1888-cand-001894,machine_derived,false
ORT1888-art-001895-s1,Nanaihti.,ORT1888-art-001895,crn,ORT1888-cand-001895,machine_derived,false
ORT1888-art-001896-s1,Busca hurtar,ORT1888-art-001896,crn,ORT1888-cand-001896,machine_derived,false
ORT1888-art-001897-s1,Busca peñasco.,ORT1888-art-001897,crn,ORT1888-cand-001897,machine_derived,false
ORT1888-art-001898-s1,Huahaacareatá.,ORT1888-art-001898,crn,ORT1888-cand-001898,machine_derived,false
ORT1888-art-001899-s1,Taapútzi. Neteu.,ORT1888-art-001899,crn,ORT1888-cand-001899,machine_derived,false
ORT1888-art-001900-s1,Huátáohiri. Natanire.,ORT1888-art-001900,crn,ORT1888-cand-001900,machine_derived,false
ORT1888-art-001901-s1,N Busca adarga.,ORT1888-art-001901,crn,ORT1888-cand-001901,machine_derived,false
ORT1888-art-001902-s1,Tunúti.,ORT1888-art-001902,crn,ORT1888-cand-001902,machine_derived,false
ORT1888-art-001903-s1,-Vcubé. Neancubé.,ORT1888-art-001903,crn,ORT1888-cand-001903,machine_derived,false
ORT1888-art-001904-s1,Muucaziti.,ORT1888-art-001904,crn,ORT1888-cand-001904,machine_derived,false
ORT1888-art-001905-s1,Busca rasgar.,ORT1888-art-001905,crn,ORT1888-cand-001905,machine_derived,false
ORT1888-art-001906-s1,Moaníihua Ne.,ORT1888-art-001906,crn,ORT1888-cand-001906,machine_derived,false
ORT1888-art-001907-s1,Ateánare. N.,ORT1888-art-001907,crn,ORT1888-cand-001907,machine_derived,false
ORT1888-art-001908-s1,Yeixeréne. Ne.,ORT1888-art-001908,crn,ORT1888-cand-001908,machine_derived,false
ORT1888-art-001909-s1,Taziti.,ORT1888-art-001909,crn,ORT1888-cand-001909,machine_derived,false
ORT1888-art-001910-s1,> Busca cara.,ORT1888-art-001910,crn,ORT1888-cand-001910,machine_derived,false
ORT1888-art-001911-s1,Busca redonda cosa.,ORT1888-art-001911,crn,ORT1888-cand-001911,machine_derived,false
ORT1888-art-001912-s1,Euve. Neti. Muarere. Neti,ORT1888-art-001912,crn,ORT1888-cand-001912,machine_derived,false
ORT1888-art-001913-s1,Tieuhve pl. MetiVwhre.,ORT1888-art-001913,crn,ORT1888-cand-001913,machine_derived,false
ORT1888-art-001914-s1,Moatziat. Euhrihtzite.,ORT1888-art-001914,crn,ORT1888-cand-001914,machine_derived,false
ORT1888-art-001915-s1,"Euhripoatát?,",ORT1888-art-001915,crn,ORT1888-cand-001915,machine_derived,false
ORT1888-art-001916-s1,Vbehepua. Nete.,ORT1888-art-001916,crn,ORT1888-cand-001916,machine_derived,false
ORT1888-art-001917-s1,TVáeare. Nete.,ORT1888-art-001917,crn,ORT1888-cand-001917,machine_derived,false
ORT1888-art-001918-s1,Tiyátza. Ne,ORT1888-art-001918,crn,ORT1888-cand-001918,machine_derived,false
ORT1888-art-001919-s1,Taha. Nete.,ORT1888-art-001919,crn,ORT1888-cand-001919,machine_derived,false
ORT1888-art-001920-s1,..Huaitahána.,ORT1888-art-001920,crn,ORT1888-cand-001920,machine_derived,false
ORT1888-art-001921-s1,Teácatze. Neteu.,ORT1888-art-001921,crn,ORT1888-cand-001921,machine_derived,false
ORT1888-art-001922-s1,"Emit],",ORT1888-art-001922,crn,ORT1888-cand-001922,machine_derived,false
ORT1888-art-001923-s1,Ketziviat.,ORT1888-art-001923,crn,ORT1888-cand-001923,machine_derived,false
ORT1888-art-001924-s1,Unnti.,ORT1888-art-001924,crn,ORT1888-cand-001924,machine_derived,false
ORT1888-art-001925-s1,Unamoa. Neti..,ORT1888-art-001925,crn,ORT1888-cand-001925,machine_derived,false
ORT1888-art-001926-s1,Nahchitérit.,ORT1888-art-001926,crn,ORT1888-cand-001926,machine_derived,false
ORT1888-art-001927-s1,Vbéme. N.,ORT1888-art-001927,crn,ORT1888-cand-001927,machine_derived,false
ORT1888-art-001928-s1,V?*.**,ORT1888-art-001928,crn,ORT1888-cand-001928,machine_derived,false
ORT1888-art-001929-s1,Busca brincar.,ORT1888-art-001929,crn,ORT1888-cand-001929,machine_derived,false
ORT1888-art-001930-s1,Teáuhte. Neti,ORT1888-art-001930,crn,ORT1888-cand-001930,machine_derived,false
ORT1888-art-001931-s1,Bi,ORT1888-art-001931,crn,ORT1888-cand-001931,machine_derived,false
ORT1888-art-001932-s1,Chúihnete. pl. Chúihnetzi.,ORT1888-art-001932,crn,ORT1888-cand-001932,machine_derived,false
ORT1888-art-001933-s1,Acacúnata. Ne.,ORT1888-art-001933,crn,ORT1888-cand-001933,machine_derived,false
ORT1888-art-001934-s1,Teacúzt. ],ORT1888-art-001934,crn,ORT1888-cand-001934,machine_derived,false
ORT1888-art-001935-s1,At/áti.,ORT1888-art-001935,crn,ORT1888-cand-001935,machine_derived,false
ORT1888-art-001936-s1,Hi,ORT1888-art-001936,crn,ORT1888-cand-001936,machine_derived,false
ORT1888-art-001937-s1,Busca madura estar,ORT1888-art-001937,crn,ORT1888-cand-001937,machine_derived,false
ORT1888-art-001938-s1,Imwcat.,ORT1888-art-001938,crn,ORT1888-cand-001938,machine_derived,false
ORT1888-art-001939-s1,Imue N<,ORT1888-art-001939,crn,ORT1888-cand-001939,machine_derived,false
ORT1888-art-001940-s1,Tabt,ORT1888-art-001940,crn,ORT1888-cand-001940,machine_derived,false
ORT1888-art-001941-s1,At/a. Neti.,ORT1888-art-001941,crn,ORT1888-cand-001941,machine_derived,false
ORT1888-art-001942-s1,Ihte. Net,ORT1888-art-001942,crn,ORT1888-cand-001942,machine_derived,false
ORT1888-art-001943-s1,H u át ú at.,ORT1888-art-001943,crn,ORT1888-cand-001943,machine_derived,false
ORT1888-art-001944-s1,Busca al fin.,ORT1888-art-001944,crn,ORT1888-cand-001944,machine_derived,false
ORT1888-art-001945-s1,Mué. Nefci.,ORT1888-art-001945,crn,ORT1888-cand-001945,machine_derived,false
ORT1888-art-001946-s1,Muéat.,ORT1888-art-001946,crn,ORT1888-cand-001946,machine_derived,false
ORT1888-art-001947-s1,Muchuxeti.,ORT1888-art-001947,crn,ORT1888-cand-001947,machine_derived,false
ORT1888-art-001948-s1,Te/ehuit.,ORT1888-art-001948,crn,ORT1888-cand-001948,machine_derived,false
ORT1888-art-001949-s1,E. tánénat. aviat.,ORT1888-art-001949,crn,ORT1888-cand-001949,machine_derived,false
ORT1888-art-001950-s1,Tepoac.,ORT1888-art-001950,crn,ORT1888-cand-001950,machine_derived,false
ORT1888-art-001951-s1,Hüihma. huihma.,ORT1888-art-001951,crn,ORT1888-cand-001951,machine_derived,false
ORT1888-art-001952-s1,Zizcheméti,ORT1888-art-001952,crn,ORT1888-cand-001952,machine_derived,false
ORT1888-art-001953-s1,-Busca monte.,ORT1888-art-001953,crn,ORT1888-cand-001953,machine_derived,false
ORT1888-art-001954-s1,CimuUité.,ORT1888-art-001954,crn,ORT1888-cand-001954,machine_derived,false
ORT1888-art-001955-s1,Acá vité. Nacamité.,ORT1888-art-001955,crn,ORT1888-cand-001955,machine_derived,false
ORT1888-art-001956-s1,Sirn. vel. Eupuárit.,ORT1888-art-001956,crn,ORT1888-cand-001956,machine_derived,false
ORT1888-art-001957-s1,Busca semilla.,ORT1888-art-001957,crn,ORT1888-cand-001957,machine_derived,false
ORT1888-art-001958-s1,Tepoaccai.,ORT1888-art-001958,crn,ORT1888-cand-001958,machine_derived,false
ORT1888-art-001959-s1,>Yhtzicuarifc.,ORT1888-art-001959,crn,ORT1888-cand-001959,machine_derived,false
ORT1888-art-001960-s1,Busca quedar.,ORT1888-art-001960,crn,ORT1888-cand-001960,machine_derived,false
ORT1888-art-001961-s1,Apoan.,ORT1888-art-001961,crn,ORT1888-cand-001961,machine_derived,false
ORT1888-art-001962-s1,Amuaeheyite. Nete.,ORT1888-art-001962,crn,ORT1888-cand-001962,machine_derived,false
ORT1888-art-001963-s1,Tinaozi. pl. moatitata. pl. tai.,ORT1888-art-001963,crn,ORT1888-cand-001963,machine_derived,false
ORT1888-art-001964-s1,"Busca ayudar,",ORT1888-art-001964,crn,ORT1888-cand-001964,machine_derived,false
ORT1888-art-001965-s1,"Xewcat. Decirle. Tayoappa, es idolatrar, porque de-",ORT1888-art-001965,crn,ORT1888-cand-001965,machine_derived,false
ORT1888-art-001966-s1,Antenbite.,ORT1888-art-001966,crn,ORT1888-cand-001966,machine_derived,false
ORT1888-art-001967-s1,Tátoa. Neteu.,ORT1888-art-001967,crn,ORT1888-cand-001967,machine_derived,false
ORT1888-art-001968-s1,Témuávi.,ORT1888-art-001968,crn,ORT1888-cand-001968,machine_derived,false
ORT1888-art-001969-s1,"Oaciniat,",ORT1888-art-001969,crn,ORT1888-cand-001969,machine_derived,false
ORT1888-art-001970-s1,Canamuercána. N.,ORT1888-art-001970,crn,ORT1888-cand-001970,machine_derived,false
ORT1888-art-001971-s1,Mocotzit,ORT1888-art-001971,crn,ORT1888-cand-001971,machine_derived,false
ORT1888-art-001972-s1,Mocotzata.,ORT1888-art-001972,crn,ORT1888-cand-001972,machine_derived,false
ORT1888-art-001973-s1,Táhuane. Ne.,ORT1888-art-001973,crn,ORT1888-cand-001973,machine_derived,false
ORT1888-art-001974-s1,Busca limpiar.,ORT1888-art-001974,crn,ORT1888-cand-001974,machine_derived,false
ORT1888-art-001975-s1,Maca. Neteu.,ORT1888-art-001975,crn,ORT1888-cand-001975,machine_derived,false
ORT1888-art-001976-s1,Cúhmuave.,ORT1888-art-001976,crn,ORT1888-cand-001976,machine_derived,false
ORT1888-art-001977-s1,"Ipuetza, Ne.",ORT1888-art-001977,crn,ORT1888-cand-001977,machine_derived,false
ORT1888-art-001978-s1,Tpútziat.,ORT1888-art-001978,crn,ORT1888-cand-001978,machine_derived,false
ORT1888-art-001979-s1,Capuiteanamoá.,ORT1888-art-001979,crn,ORT1888-cand-001979,machine_derived,false
ORT1888-art-001980-s1,Xurai pihua. Neti.,ORT1888-art-001980,crn,ORT1888-cand-001980,machine_derived,false
ORT1888-art-001981-s1,", Méchea.",ORT1888-art-001981,crn,ORT1888-cand-001981,machine_derived,false
ORT1888-art-001982-s1,", Antea. N.",ORT1888-art-001982,crn,ORT1888-cand-001982,machine_derived,false
ORT1888-art-001983-s1,"Mitoa, Neti.",ORT1888-art-001983,crn,ORT1888-cand-001983,machine_derived,false
ORT1888-art-001984-s1,"Poa tata, Neti.",ORT1888-art-001984,crn,ORT1888-cand-001984,machine_derived,false
ORT1888-art-001985-s1,Taixe. Ne.,ORT1888-art-001985,crn,ORT1888-cand-001985,machine_derived,false
ORT1888-art-001986-s1,Taixeat.,ORT1888-art-001986,crn,ORT1888-cand-001986,machine_derived,false
ORT1888-art-001987-s1,Itaaiti.,ORT1888-art-001987,crn,ORT1888-cand-001987,machine_derived,false
ORT1888-art-001988-s1,Tim ún i.,ORT1888-art-001988,crn,ORT1888-cand-001988,machine_derived,false
ORT1888-art-001989-s1,-Tirnuní.,ORT1888-art-001989,crn,ORT1888-cand-001989,machine_derived,false
ORT1888-art-001990-s1,Chuata.,ORT1888-art-001990,crn,ORT1888-cand-001990,machine_derived,false
ORT1888-art-001991-s1,"Busca paciencia, tener.",ORT1888-art-001991,crn,ORT1888-cand-001991,machine_derived,false
ORT1888-art-001992-s1,Ateahuipicbe. N.,ORT1888-art-001992,crn,ORT1888-cand-001992,machine_derived,false
ORT1888-art-001993-s1,Ateahupíi. N.,ORT1888-art-001993,crn,ORT1888-cand-001993,machine_derived,false
ORT1888-art-001994-s1,Chuámoa.,ORT1888-art-001994,crn,ORT1888-cand-001994,machine_derived,false
ORT1888-art-001995-s1,Chuámoarcat,ORT1888-art-001995,crn,ORT1888-cand-001995,machine_derived,false
ORT1888-art-001996-s1,Carápozi.,ORT1888-art-001996,crn,ORT1888-cand-001996,machine_derived,false
ORT1888-art-001997-s1,Tabézim. N,ORT1888-art-001997,crn,ORT1888-cand-001997,machine_derived,false
ORT1888-art-001998-s1,Chatzoriti.,ORT1888-art-001998,crn,ORT1888-cand-001998,machine_derived,false
ORT1888-art-001999-s1,Acta.,ORT1888-art-001999,crn,ORT1888-cand-001999,machine_derived,false
ORT1888-art-002000-s1,", Muuxo.",ORT1888-art-002000,crn,ORT1888-cand-002000,machine_derived,false
ORT1888-art-002001-s1,^Bána. Net©-.,ORT1888-art-002001,crn,ORT1888-cand-002001,machine_derived,false
ORT1888-art-002002-s1,Itúpuáme.,ORT1888-art-002002,crn,ORT1888-cand-002002,machine_derived,false
ORT1888-art-002003-s1,C h u m áa na.,ORT1888-art-002003,crn,ORT1888-cand-002003,machine_derived,false
ORT1888-art-002004-s1,",Arü pl. tzi.",ORT1888-art-002004,crn,ORT1888-cand-002004,machine_derived,false
ORT1888-art-002005-s1,Utzite.,ORT1888-art-002005,crn,ORT1888-cand-002005,machine_derived,false
ORT1888-art-002006-s1,Chive. Ne.,ORT1888-art-002006,crn,ORT1888-cand-002006,machine_derived,false
ORT1888-art-002007-s1,B en n a vé be .,ORT1888-art-002007,crn,ORT1888-cand-002007,machine_derived,false
ORT1888-art-002008-s1,Vbibé. Nenebibé.,ORT1888-art-002008,crn,ORT1888-cand-002008,machine_derived,false
ORT1888-art-002009-s1,Huatahuax.,ORT1888-art-002009,crn,ORT1888-cand-002009,machine_derived,false
ORT1888-art-002010-s1,Huataubivaxa.,ORT1888-art-002010,crn,ORT1888-cand-002010,machine_derived,false
ORT1888-art-002011-s1,Tzc//ne. Neti.,ORT1888-art-002011,crn,ORT1888-cand-002011,machine_derived,false
ORT1888-art-002012-s1,Tzéuniat.,ORT1888-art-002012,crn,ORT1888-cand-002012,machine_derived,false
ORT1888-art-002013-s1,Catné. Neti.,ORT1888-art-002013,crn,ORT1888-cand-002013,machine_derived,false
ORT1888-art-002014-s1,Arcapoáco. .',ORT1888-art-002014,crn,ORT1888-cand-002014,machine_derived,false
ORT1888-art-002015-s1,-Tábtf/azt. Neten.- .,ORT1888-art-002015,crn,ORT1888-cand-002015,machine_derived,false
ORT1888-art-002016-s1,Iay^/xazt. Neten.,ORT1888-art-002016,crn,ORT1888-cand-002016,machine_derived,false
ORT1888-art-002017-s1,Busca agarrar.,ORT1888-art-002017,crn,ORT1888-cand-002017,machine_derived,false
ORT1888-art-002018-s1,"Busca, amble.",ORT1888-art-002018,crn,ORT1888-cand-002018,machine_derived,false
ORT1888-art-002019-s1,Busca sed tener.,ORT1888-art-002019,crn,ORT1888-cand-002019,machine_derived,false
ORT1888-art-002020-s1,Nuépe. Neti.,ORT1888-art-002020,crn,ORT1888-cand-002020,machine_derived,false
ORT1888-art-002021-s1,Busca paipai-.,ORT1888-art-002021,crn,ORT1888-cand-002021,machine_derived,false
ORT1888-art-002022-s1,Iihua. Neti.,ORT1888-art-002022,crn,ORT1888-cand-002022,machine_derived,false
ORT1888-art-002023-s1,T/^wnive.,ORT1888-art-002023,crn,ORT1888-cand-002023,machine_derived,false
ORT1888-art-002024-s1,Tziméti.,ORT1888-art-002024,crn,ORT1888-cand-002024,machine_derived,false
ORT1888-art-002025-s1,Itza. Neti.,ORT1888-art-002025,crn,ORT1888-cand-002025,machine_derived,false
ORT1888-art-002026-s1,Titata. Tinaózi.,ORT1888-art-002026,crn,ORT1888-cand-002026,machine_derived,false
ORT1888-art-002027-s1,Te vi.,ORT1888-art-002027,crn,ORT1888-cand-002027,machine_derived,false
ORT1888-art-002028-s1,Chuéhti,ORT1888-art-002028,crn,ORT1888-cand-002028,machine_derived,false
ORT1888-art-002029-s1,Xarit.,ORT1888-art-002029,crn,ORT1888-cand-002029,machine_derived,false
ORT1888-art-002030-s1,Te x urna vi.,ORT1888-art-002030,crn,ORT1888-cand-002030,machine_derived,false
ORT1888-art-002031-s1,> Vteahaché. Vnteahachg.,ORT1888-art-002031,crn,ORT1888-cand-002031,machine_derived,false
ORT1888-art-002032-s1,VteahaayrtHe.,ORT1888-art-002032,crn,ORT1888-cand-002032,machine_derived,false
ORT1888-art-002033-s1,Busca estirar.,ORT1888-art-002033,crn,ORT1888-cand-002033,machine_derived,false
ORT1888-art-002034-s1,VitE Ne.,ORT1888-art-002034,crn,ORT1888-cand-002034,machine_derived,false
ORT1888-art-002035-s1,Xámue. Ne.,ORT1888-art-002035,crn,ORT1888-cand-002035,machine_derived,false
ORT1888-art-002036-s1,Yamoámmet.,ORT1888-art-002036,crn,ORT1888-cand-002036,machine_derived,false
ORT1888-art-002037-s1,Auéhmua. Nete,ORT1888-art-002037,crn,ORT1888-cand-002037,machine_derived,false
ORT1888-art-002038-s1,Busca tinta.,ORT1888-art-002038,crn,ORT1888-cand-002038,machine_derived,false
ORT1888-art-002039-s1,Tait.,ORT1888-art-002039,crn,ORT1888-cand-002039,machine_derived,false
ORT1888-art-002040-s1,Busca palpar.,ORT1888-art-002040,crn,ORT1888-cand-002040,machine_derived,false
ORT1888-art-002041-s1,Naeiinie. pl. Manaiéeic.,ORT1888-art-002041,crn,ORT1888-cand-002041,machine_derived,false
ORT1888-art-002042-s1,Tazime. Neti.,ORT1888-art-002042,crn,ORT1888-cand-002042,machine_derived,false
ORT1888-art-002043-s1,Náhehe. Neti.,ORT1888-art-002043,crn,ORT1888-cand-002043,machine_derived,false
ORT1888-art-002044-s1,Busca escarabajo.,ORT1888-art-002044,crn,ORT1888-cand-002044,machine_derived,false
ORT1888-art-002045-s1,Ancuána. Ne.,ORT1888-art-002045,crn,ORT1888-cand-002045,machine_derived,false
ORT1888-art-002046-s1,Acate.,ORT1888-art-002046,crn,ORT1888-cand-002046,machine_derived,false
ORT1888-art-002047-s1,Huateahtahuai.,ORT1888-art-002047,crn,ORT1888-cand-002047,machine_derived,false
ORT1888-art-002048-s1,A. Neti.,ORT1888-art-002048,crn,ORT1888-cand-002048,machine_derived,false
ORT1888-art-002049-s1,Hamuit.,ORT1888-art-002049,crn,ORT1888-cand-002049,machine_derived,false
ORT1888-art-002050-s1,",Tzapuzt. pl. Tzapuzi.",ORT1888-art-002050,crn,ORT1888-cand-002050,machine_derived,false
ORT1888-art-002051-s1,Moíirizti. pl. Moarizi.,ORT1888-art-002051,crn,ORT1888-cand-002051,machine_derived,false
ORT1888-art-002052-s1,Caz tda.h mu'i ti.,ORT1888-art-002052,crn,ORT1888-cand-002052,machine_derived,false
ORT1888-art-002053-s1,Casteahuariti.,ORT1888-art-002053,crn,ORT1888-cand-002053,machine_derived,false
ORT1888-art-002054-s1,Eré. Neti.,ORT1888-art-002054,crn,ORT1888-cand-002054,machine_derived,false
ORT1888-art-002055-s1,Xáxche. Neti.,ORT1888-art-002055,crn,ORT1888-cand-002055,machine_derived,false
ORT1888-art-002056-s1,> Mué rit.,ORT1888-art-002056,crn,ORT1888-cand-002056,machine_derived,false
ORT1888-art-002057-s1,Mué. Neti.,ORT1888-art-002057,crn,ORT1888-cand-002057,machine_derived,false
ORT1888-art-002058-s1,Huateceácaz.,ORT1888-art-002058,crn,ORT1888-cand-002058,machine_derived,false
ORT1888-art-002059-s1,Vhychehui. Vuychehuy.,ORT1888-art-002059,crn,ORT1888-cand-002059,machine_derived,false
ORT1888-art-002060-s1,Vh-,ORT1888-art-002060,crn,ORT1888-cand-002060,machine_derived,false
ORT1888-art-002061-s1,">,Vn-",ORT1888-art-002061,crn,ORT1888-cand-002061,machine_derived,false
ORT1888-art-002062-s1,Vy aoze z in. Vn .,ORT1888-art-002062,crn,ORT1888-cand-002062,machine_derived,false
ORT1888-art-002063-s1,Cánariti.,ORT1888-art-002063,crn,ORT1888-cand-002063,machine_derived,false
ORT1888-art-002064-s1,Tihuarita.,ORT1888-art-002064,crn,ORT1888-cand-002064,machine_derived,false
ORT1888-art-002065-s1,Busca plantar.,ORT1888-art-002065,crn,ORT1888-cand-002065,machine_derived,false
ORT1888-art-002066-s1,Toya moa. Neti,ORT1888-art-002066,crn,ORT1888-cand-002066,machine_derived,false
ORT1888-art-002067-s1,Chetzina. Nete.,ORT1888-art-002067,crn,ORT1888-cand-002067,machine_derived,false
ORT1888-art-002068-s1,Chuitoriti.,ORT1888-art-002068,crn,ORT1888-cand-002068,machine_derived,false
ORT1888-art-002069-s1,Xa muehri teat.,ORT1888-art-002069,crn,ORT1888-cand-002069,machine_derived,false
ORT1888-art-002070-s1,Vxainuchriti. Nema.,ORT1888-art-002070,crn,ORT1888-cand-002070,machine_derived,false
ORT1888-art-002071-s1,Vméte. neuca.,ORT1888-art-002071,crn,ORT1888-cand-002071,machine_derived,false
ORT1888-art-002072-s1,"Tatziné, Ne.",ORT1888-art-002072,crn,ORT1888-cand-002072,machine_derived,false
ORT1888-art-002073-s1,An teu xu x cá. Nanti n x u x cá,ORT1888-art-002073,crn,ORT1888-cand-002073,machine_derived,false
ORT1888-art-002074-s1,Cha uliri t.,ORT1888-art-002074,crn,ORT1888-cand-002074,machine_derived,false
ORT1888-art-002075-s1,Arihcrtt. pl. tzi.,ORT1888-art-002075,crn,ORT1888-cand-002075,machine_derived,false
ORT1888-art-002076-s1,Nah pirará.,ORT1888-art-002076,crn,ORT1888-cand-002076,machine_derived,false
ORT1888-art-002077-s1,Acune.,ORT1888-art-002077,crn,ORT1888-cand-002077,machine_derived,false
ORT1888-art-002078-s1,Tútano.,ORT1888-art-002078,crn,ORT1888-cand-002078,machine_derived,false
ORT1888-art-002079-s1,Naca ti.,ORT1888-art-002079,crn,ORT1888-cand-002079,machine_derived,false
ORT1888-art-002080-s1,Te iuxat. pl. tzi.,ORT1888-art-002080,crn,ORT1888-cand-002080,machine_derived,false
ORT1888-art-002081-s1,Cari ti.,ORT1888-art-002081,crn,ORT1888-cand-002081,machine_derived,false
ORT1888-art-002082-s1,ento.V^Airataidt:,ORT1888-art-002082,crn,ORT1888-cand-002082,machine_derived,false
ORT1888-art-002083-s1,X^í/teti.,ORT1888-art-002083,crn,ORT1888-cand-002083,machine_derived,false
ORT1888-art-002084-s1,"Huate. Neti,",ORT1888-art-002084,crn,ORT1888-cand-002084,machine_derived,false
ORT1888-art-002085-s1,Hutfona. Neti.,ORT1888-art-002085,crn,ORT1888-cand-002085,machine_derived,false
ORT1888-art-002086-s1,Xéhrihua. Neti.,ORT1888-art-002086,crn,ORT1888-cand-002086,machine_derived,false
ORT1888-art-002087-s1,Muávi. Ne. - -,ORT1888-art-002087,crn,ORT1888-cand-002087,machine_derived,false
ORT1888-art-002088-s1,-Busca pasar el rio por vado,ORT1888-art-002088,crn,ORT1888-cand-002088,machine_derived,false
ORT1888-art-002089-s1,Tianahche.,ORT1888-art-002089,crn,ORT1888-cand-002089,machine_derived,false
ORT1888-art-002090-s1,Captitzewne,ORT1888-art-002090,crn,ORT1888-cand-002090,machine_derived,false
ORT1888-art-002091-s1,Captitz«wniat.,ORT1888-art-002091,crn,ORT1888-cand-002091,machine_derived,false
ORT1888-art-002092-s1,Vhuamué,ORT1888-art-002092,crn,ORT1888-cand-002092,machine_derived,false
ORT1888-art-002093-s1,Piznari.,ORT1888-art-002093,crn,ORT1888-cand-002093,machine_derived,false
ORT1888-art-002094-s1,Curevia. Neti.,ORT1888-art-002094,crn,ORT1888-cand-002094,machine_derived,false
ORT1888-art-002095-s1,Teata. pl. Teteácari.,ORT1888-art-002095,crn,ORT1888-cand-002095,machine_derived,false
ORT1888-art-002096-s1,Caitzat,ORT1888-art-002096,crn,ORT1888-cand-002096,machine_derived,false
ORT1888-art-002097-s1,Xaériti,ORT1888-art-002097,crn,ORT1888-cand-002097,machine_derived,false
ORT1888-art-002098-s1,Oéfia. Neti.,ORT1888-art-002098,crn,ORT1888-cand-002098,machine_derived,false
ORT1888-art-002099-s1,Vxafc.,ORT1888-art-002099,crn,ORT1888-cand-002099,machine_derived,false
ORT1888-art-002100-s1,Tátat.,ORT1888-art-002100,crn,ORT1888-cand-002100,machine_derived,false
ORT1888-art-002101-s1,Muaxati. pl. eri.,ORT1888-art-002101,crn,ORT1888-cand-002101,machine_derived,false
ORT1888-art-002102-s1,Muáriti. pl. Muáritzi,ORT1888-art-002102,crn,ORT1888-cand-002102,machine_derived,false
ORT1888-art-002103-s1,Tavicuaéie. Neteu.,ORT1888-art-002103,crn,ORT1888-cand-002103,machine_derived,false
ORT1888-art-002104-s1,Huatavicuareat.,ORT1888-art-002104,crn,ORT1888-cand-002104,machine_derived,false
ORT1888-art-002105-s1,A Toa Neti.,ORT1888-art-002105,crn,ORT1888-cand-002105,machine_derived,false
ORT1888-art-002106-s1,Titoanie. pl. tzi.,ORT1888-art-002106,crn,ORT1888-cand-002106,machine_derived,false
ORT1888-art-002107-s1,Toirit.,ORT1888-art-002107,crn,ORT1888-cand-002107,machine_derived,false
ORT1888-art-002108-s1,Ahróhue. Neahuanaé.,ORT1888-art-002108,crn,ORT1888-cand-002108,machine_derived,false
ORT1888-art-002109-s1,Yahué. Neteahué.,ORT1888-art-002109,crn,ORT1888-cand-002109,machine_derived,false
ORT1888-art-002110-s1,Huáberit.,ORT1888-art-002110,crn,ORT1888-cand-002110,machine_derived,false
ORT1888-art-002111-s1,Titáhuaite.,ORT1888-art-002111,crn,ORT1888-cand-002111,machine_derived,false
ORT1888-art-002112-s1,Mepebéme. Yembeme.,ORT1888-art-002112,crn,ORT1888-cand-002112,machine_derived,false
ORT1888-art-002113-s1,Xuxcatrí.,ORT1888-art-002113,crn,ORT1888-cand-002113,machine_derived,false
ORT1888-art-002114-s1,Euhv'i.,ORT1888-art-002114,crn,ORT1888-cand-002114,machine_derived,false
ORT1888-art-002115-s1,Huaravi.,ORT1888-art-002115,crn,ORT1888-cand-002115,machine_derived,false
ORT1888-art-002116-s1,Nacarixa.,ORT1888-art-002116,crn,ORT1888-cand-002116,machine_derived,false
ORT1888-art-002117-s1,Taviaketi.,ORT1888-art-002117,crn,ORT1888-cand-002117,machine_derived,false
ORT1888-art-002118-s1,-Tévia. Neti.,ORT1888-art-002118,crn,ORT1888-cand-002118,machine_derived,false
ORT1888-art-002119-s1,Acbéhte. Neti.,ORT1888-art-002119,crn,ORT1888-cand-002119,machine_derived,false
ORT1888-art-002120-s1,sChemiat.,ORT1888-art-002120,crn,ORT1888-cand-002120,machine_derived,false
ORT1888-art-002121-s1,>Huriat.,ORT1888-art-002121,crn,ORT1888-cand-002121,machine_derived,false
ORT1888-art-002122-s1,Húri. Ne.,ORT1888-art-002122,crn,ORT1888-cand-002122,machine_derived,false
ORT1888-art-002123-s1,Busca anciano.,ORT1888-art-002123,crn,ORT1888-cand-002123,machine_derived,false
ORT1888-art-002124-s1,Busca aire.,ORT1888-art-002124,crn,ORT1888-cand-002124,machine_derived,false
ORT1888-art-002125-s1,Canári.,ORT1888-art-002125,crn,ORT1888-cand-002125,machine_derived,false
ORT1888-art-002126-s1,Nahuáti.,ORT1888-art-002126,crn,ORT1888-cand-002126,machine_derived,false
ORT1888-art-002127-s1,Tituiú.,ORT1888-art-002127,crn,ORT1888-cand-002127,machine_derived,false
ORT1888-art-002128-s1,Tituiú.,ORT1888-art-002128,crn,ORT1888-cand-002128,machine_derived,false
ORT1888-art-002129-s1,Téze. Neteu.,ORT1888-art-002129,crn,ORT1888-cand-002129,machine_derived,false
ORT1888-art-002130-s1,Céhriat.,ORT1888-art-002130,crn,ORT1888-cand-002130,machine_derived,false
ORT1888-art-002131-s1,-Xéhviat.,ORT1888-art-002131,crn,ORT1888-cand-002131,machine_derived,false
ORT1888-art-002132-s1,Ha. Neti,ORT1888-art-002132,crn,ORT1888-cand-002132,machine_derived,false
ORT1888-art-002133-s1,Vret.,ORT1888-art-002133,crn,ORT1888-cand-002133,machine_derived,false
ORT1888-art-002134-s1,Trafcza. JNeti.,ORT1888-art-002134,crn,ORT1888-cand-002134,machine_derived,false
ORT1888-art-002135-s1,Teatzacat.,ORT1888-art-002135,crn,ORT1888-cand-002135,machine_derived,false
ORT1888-art-002136-s1,Arachuihti. pl. Arachuizi.,ORT1888-art-002136,crn,ORT1888-cand-002136,machine_derived,false
ORT1888-art-002137-s1,Eupiht. pl. tzi.,ORT1888-art-002137,crn,ORT1888-cand-002137,machine_derived,false
ORT1888-art-002138-s1,TJhhuána,ORT1888-art-002138,crn,ORT1888-cand-002138,machine_derived,false
ORT1888-art-002139-s1,Vcaxana.,ORT1888-art-002139,crn,ORT1888-cand-002139,machine_derived,false
ORT1888-art-002140-s1,Uhhuána.,ORT1888-art-002140,crn,ORT1888-cand-002140,machine_derived,false
